5.0	8.0	9.0	10.0	14.0	18.0	27.0	35.0	41.0	53.0	62.0	75.0	90.0	102.0	120.0	139.0	164.0	192.0	232.0	273.0	308.0	357.0	408.0	485.0	563.0	657.0	776.0	899.0	1061.0	1267.0	1478.0	1747.0	2029.0	2371.0	2762.0	3264.0	3785.0	4395.0	5085.0	5904.0	6835.0	7935.0	9167.0	10604.0	12284.0	14272.0	16505.0	19090.0	21938.0	25181.0	28996.0	33265.0	35367.0	37604.0	39869.0	42150.0	44434.0	46657.0	48802.0	50914.0	52947.0	55003.0	57041.0	58983.0	60895.0	62714.0	64504.0	66318.0	67966.0	69630.0	71267.0	72872.0	74350.0	75879.0	77357.0	78805.0	80208.0	81540.0	82793.0	84025.0	85217.0	86371.0	87490.0	88537.0	89538.0	90478.0	91361.0	92249.0	93129.0	93984.0	94781.0	95552.0	96261.0	96940.0	97638.0	98287.0	98945.0	99521.0	100090.0	100658.0	101172.0	101684.0	102176.0	102608.0	103014.0	103411.0	103854.0	104223.0	104547.0	104851.0	105172.0	105478.0	105766.0
5.0	5.0	5.0	6.0	6.0	7.0	8.0	8.0	8.0	8.0	9.0	10.0	14.0	15.0	17.0	19.0	24.0	31.0	38.0	42.0	51.0	60.0	70.0	80.0	93.0	105.0	123.0	144.0	163.0	191.0	221.0	249.0	297.0	342.0	387.0	458.0	531.0	622.0	725.0	842.0	996.0	1170.0	1365.0	1612.0	1882.0	2191.0	2529.0	2933.0	3405.0	3958.0	4573.0	5319.0	5708.0	6114.0	6512.0	6959.0	7370.0	7797.0	8243.0	8685.0	9146.0	9591.0	10087.0	10553.0	11041.0	11506.0	11980.0	12477.0	12982.0	13523.0	14025.0	14511.0	15006.0	15500.0	16042.0	16567.0	17057.0	17566.0	18062.0	18589.0	19082.0	19644.0	20142.0	20695.0	21165.0	21676.0	22241.0	22791.0	23355.0	23881.0	24470.0	25038.0	25580.0	26160.0	26751.0	27322.0	27873.0	28449.0	29033.0	29579.0	30151.0	30720.0	31290.0	31820.0	32397.0	32979.0	33527.0	34093.0	34657.0	35240.0	35751.0	36249.0	36757.0
5.0	6.0	6.0	7.0	10.0	12.0	15.0	17.0	18.0	20.0	23.0	28.0	37.0	41.0	46.0	52.0	60.0	76.0	91.0	101.0	120.0	130.0	156.0	189.0	214.0	250.0	286.0	342.0	398.0	459.0	544.0	641.0	740.0	846.0	981.0	1147.0	1344.0	1551.0	1798.0	2050.0	2351.0	2693.0	3083.0	3589.0	4153.0	4839.0	5612.0	6531.0	7560.0	8794.0	10134.0	11744.0	12571.0	13448.0	14310.0	15214.0	16082.0	17027.0	17926.0	18846.0	19724.0	20634.0	21549.0	22439.0	23316.0	24233.0	25160.0	26098.0	26985.0	27867.0	28820.0	29758.0	30689.0	31580.0	32494.0	33433.0	34293.0	35189.0	36025.0	36878.0	37719.0	38604.0	39496.0	40386.0	41226.0	42075.0	42926.0	43728.0	44524.0	45314.0	46080.0	46918.0	47724.0	48462.0	49191.0	49939.0	50652.0	51367.0	52072.0	52806.0	53490.0	54208.0	54886.0	55596.0	56290.0	56936.0	57573.0	58157.0	58767.0	59340.0	59922.0	60476.0	61027.0
5.0	6.0	9.0	10.0	12.0	13.0	13.0	15.0	16.0	17.0	19.0	23.0	25.0	27.0	32.0	36.0	42.0	49.0	54.0	65.0	76.0	84.0	92.0	105.0	122.0	151.0	175.0	197.0	231.0	272.0	333.0	392.0	469.0	561.0	666.0	789.0	920.0	1078.0	1252.0	1486.0	1756.0	2080.0	2454.0	2880.0	3376.0	3894.0	4536.0	5285.0	6158.0	7162.0	8281.0	9550.0	10214.0	10911.0	11626.0	12327.0	13061.0	13802.0	14524.0	15260.0	15985.0	16719.0	17486.0	18207.0	18920.0	19647.0	20380.0	21045.0	21780.0	22519.0	23295.0	24041.0	24814.0	25547.0	26295.0	27038.0	27765.0	28503.0	29246.0	30019.0	30757.0	31476.0	32158.0	32916.0	33628.0	34392.0	35123.0	35843.0	36605.0	37345.0	38054.0	38768.0	39470.0	40188.0	40865.0	41566.0	42244.0	42934.0	43616.0	44254.0	44886.0	45550.0	46160.0	46761.0	47410.0	48059.0	48674.0	49302.0	49932.0	50550.0	51134.0	51723.0	52334.0
5.0	5.0	6.0	7.0	9.0	10.0	11.0	13.0	16.0	19.0	23.0	28.0	30.0	36.0	45.0	51.0	59.0	71.0	79.0	92.0	108.0	126.0	149.0	168.0	202.0	228.0	263.0	307.0	357.0	412.0	481.0	565.0	673.0	802.0	924.0	1072.0	1274.0	1468.0	1732.0	2005.0	2352.0	2733.0	3245.0	3819.0	4473.0	5176.0	6003.0	7025.0	8132.0	9478.0	11083.0	12883.0	13731.0	14723.0	15699.0	16638.0	17700.0	18702.0	19738.0	20735.0	21704.0	22695.0	23673.0	24655.0	25648.0	26636.0	27646.0	28584.0	29568.0	30566.0	31526.0	32463.0	33395.0	34348.0	35355.0	36337.0	37328.0	38269.0	39210.0	40175.0	41103.0	42084.0	42938.0	43832.0	44690.0	45582.0	46417.0	47224.0	48038.0	48828.0	49635.0	50479.0	51250.0	52031.0	52788.0	53539.0	54291.0	55000.0	55713.0	56439.0	57135.0	57821.0	58432.0	59080.0	59724.0	60361.0	60987.0	61554.0	62114.0	62689.0	63240.0	63818.0	64334.0
5.0	7.0	8.0	10.0	12.0	13.0	17.0	20.0	25.0	28.0	31.0	35.0	44.0	47.0	54.0	64.0	71.0	84.0	99.0	114.0	131.0	151.0	166.0	192.0	217.0	264.0	313.0	369.0	428.0	503.0	586.0	682.0	791.0	911.0	1052.0	1255.0	1495.0	1739.0	2038.0	2393.0	2785.0	3278.0	3837.0	4480.0	5214.0	6069.0	7023.0	8186.0	9419.0	10863.0	12600.0	14570.0	15552.0	16594.0	17643.0	18721.0	19777.0	20872.0	21920.0	22937.0	23972.0	25047.0	26047.0	27075.0	28085.0	29148.0	30192.0	31268.0	32281.0	33347.0	34414.0	35446.0	36487.0	37589.0	38642.0	39645.0	40675.0	41657.0	42697.0	43670.0	44683.0	45611.0	46586.0	47479.0	48462.0	49409.0	50289.0	51188.0	52083.0	52955.0	53834.0	54703.0	55573.0	56413.0	57244.0	58052.0	58825.0	59564.0	60332.0	61053.0	61790.0	62488.0	63138.0	63819.0	64459.0	65056.0	65651.0	66224.0	66757.0	67313.0	67894.0	68447.0	69027.0
5.0	6.0	6.0	8.0	10.0	10.0	13.0	15.0	20.0	20.0	25.0	31.0	35.0	40.0	47.0	53.0	64.0	78.0	90.0	104.0	119.0	128.0	146.0	161.0	180.0	201.0	237.0	271.0	304.0	360.0	415.0	482.0	555.0	646.0	736.0	852.0	980.0	1134.0	1310.0	1527.0	1798.0	2080.0	2444.0	2828.0	3297.0	3903.0	4519.0	5276.0	6127.0	7132.0	8352.0	9731.0	10436.0	11142.0	11916.0	12697.0	13510.0	14210.0	14936.0	15691.0	16391.0	17165.0	17871.0	18619.0	19336.0	20130.0	20863.0	21589.0	22303.0	23061.0	23853.0	24630.0	25380.0	26129.0	26907.0	27701.0	28463.0	29209.0	30006.0	30853.0	31670.0	32505.0	33286.0	34083.0	34890.0	35701.0	36480.0	37243.0	37996.0	38769.0	39515.0	40255.0	40991.0	41746.0	42445.0	43151.0	43869.0	44598.0	45301.0	46008.0	46665.0	47348.0	47974.0	48616.0	49297.0	49895.0	50512.0	51113.0	51736.0	52367.0	52940.0	53477.0	54021.0
5.0	6.0	9.0	11.0	13.0	14.0	19.0	21.0	27.0	30.0	37.0	41.0	50.0	56.0	64.0	70.0	83.0	95.0	110.0	121.0	135.0	156.0	179.0	211.0	246.0	279.0	326.0	385.0	447.0	532.0	610.0	724.0	844.0	980.0	1147.0	1366.0	1611.0	1863.0	2168.0	2496.0	2866.0	3322.0	3835.0	4453.0	5164.0	5981.0	6924.0	8021.0	9313.0	10831.0	12546.0	14509.0	15525.0	16593.0	17678.0	18724.0	19840.0	20950.0	22065.0	23212.0	24340.0	25395.0	26446.0	27552.0	28619.0	29750.0	30867.0	31960.0	33025.0	34090.0	35194.0	36267.0	37320.0	38375.0	39409.0	40449.0	41475.0	42451.0	43430.0	44444.0	45431.0	46391.0	47391.0	48364.0	49243.0	50143.0	51030.0	51936.0	52805.0	53660.0	54543.0	55371.0	56145.0	56934.0	57764.0	58538.0	59278.0	60025.0	60760.0	61490.0	62208.0	62906.0	63594.0	64244.0	64876.0	65503.0	66124.0	66736.0	67359.0	67917.0	68462.0	69036.0	69548.0
5.0	8.0	9.0	11.0	14.0	16.0	18.0	18.0	21.0	24.0	29.0	31.0	34.0	37.0	45.0	51.0	58.0	65.0	77.0	86.0	98.0	116.0	131.0	146.0	168.0	191.0	223.0	259.0	303.0	354.0	412.0	475.0	555.0	642.0	745.0	885.0	1041.0	1199.0	1418.0	1655.0	1898.0	2201.0	2572.0	2979.0	3447.0	4020.0	4654.0	5400.0	6304.0	7275.0	8402.0	9681.0	10432.0	11130.0	11840.0	12532.0	13334.0	14084.0	14778.0	15527.0	16259.0	16956.0	17731.0	18428.0	19226.0	19958.0	20682.0	21437.0	22157.0	22900.0	23669.0	24462.0	25206.0	25953.0	26707.0	27413.0	28190.0	28963.0	29737.0	30508.0	31303.0	32105.0	32885.0	33643.0	34447.0	35249.0	36054.0	36774.0	37544.0	38351.0	39092.0	39851.0	40604.0	41318.0	42025.0	42746.0	43450.0	44145.0	44870.0	45582.0	46241.0	46883.0	47558.0	48274.0	48956.0	49585.0	50210.0	50855.0	51493.0	52100.0	52715.0	53271.0	53844.0
5.0	7.0	9.0	12.0	13.0	17.0	19.0	24.0	30.0	37.0	43.0	49.0	63.0	71.0	87.0	107.0	124.0	146.0	171.0	206.0	251.0	303.0	364.0	430.0	509.0	582.0	680.0	782.0	920.0	1061.0	1251.0	1442.0	1665.0	1959.0	2307.0	2688.0	3110.0	3623.0	4214.0	4853.0	5637.0	6489.0	7534.0	8742.0	10165.0	11723.0	13565.0	15701.0	18135.0	20950.0	24134.0	27791.0	29552.0	31398.0	33320.0	35327.0	37387.0	39314.0	41188.0	43074.0	44967.0	46747.0	48457.0	50251.0	52030.0	53682.0	55273.0	56848.0	58403.0	59938.0	61494.0	62936.0	64464.0	65896.0	67357.0	68757.0	70140.0	71529.0	72851.0	74087.0	75334.0	76538.0	77784.0	78877.0	79982.0	81057.0	82063.0	83058.0	84027.0	84927.0	85791.0	86647.0	87518.0	88315.0	89120.0	89892.0	90588.0	91264.0	91970.0	92662.0	93299.0	93907.0	94462.0	95020.0	95591.0	96100.0	96598.0	97030.0	97474.0	97921.0	98318.0	98647.0	98995.0
5.0	7.0	7.0	10.0	10.0	10.0	15.0	19.0	20.0	24.0	28.0	32.0	37.0	41.0	45.0	51.0	65.0	79.0	93.0	104.0	119.0	138.0	165.0	195.0	232.0	280.0	331.0	388.0	448.0	517.0	616.0	744.0	858.0	996.0	1170.0	1357.0	1565.0	1815.0	2114.0	2477.0	2882.0	3350.0	3901.0	4558.0	5315.0	6223.0	7258.0	8417.0	9826.0	11446.0	13235.0	15315.0	16366.0	17479.0	18594.0	19758.0	20914.0	22063.0	23146.0	24210.0	25372.0	26445.0	27550.0	28636.0	29713.0	30834.0	31852.0	32934.0	33976.0	35014.0	36055.0	37077.0	38057.0	39119.0	40097.0	41110.0	42138.0	43143.0	44092.0	45076.0	46068.0	46975.0	47927.0	48849.0	49747.0	50661.0	51583.0	52432.0	53332.0	54190.0	54998.0	55845.0	56689.0	57493.0	58284.0	59066.0	59849.0	60624.0	61392.0	62105.0	62786.0	63481.0	64176.0	64848.0	65513.0	66137.0	66766.0	67367.0	67951.0	68529.0	69062.0	69595.0	70121.0
5.0	6.0	8.0	9.0	9.0	10.0	12.0	13.0	14.0	16.0	19.0	24.0	28.0	30.0	35.0	39.0	44.0	50.0	57.0	64.0	73.0	83.0	98.0	114.0	138.0	160.0	183.0	217.0	249.0	300.0	350.0	407.0	490.0	584.0	707.0	836.0	985.0	1166.0	1390.0	1648.0	1944.0	2269.0	2670.0	3150.0	3754.0	4348.0	5108.0	5997.0	7017.0	8177.0	9535.0	11063.0	11887.0	12710.0	13546.0	14396.0	15273.0	16124.0	17001.0	17887.0	18775.0	19670.0	20580.0	21410.0	22261.0	23125.0	23985.0	24898.0	25792.0	26649.0	27525.0	28395.0	29275.0	30178.0	31075.0	31940.0	32773.0	33599.0	34461.0	35331.0	36177.0	37011.0	37901.0	38716.0	39574.0	40424.0	41268.0	42051.0	42861.0	43714.0	44491.0	45275.0	46119.0	46911.0	47668.0	48454.0	49214.0	49938.0	50699.0	51450.0	52201.0	52893.0	53614.0	54335.0	55037.0	55678.0	56325.0	57009.0	57660.0	58271.0	58891.0	59450.0	60020.0
5.0	8.0	11.0	13.0	15.0	20.0	25.0	33.0	36.0	49.0	61.0	73.0	82.0	94.0	106.0	125.0	144.0	162.0	182.0	222.0	262.0	303.0	354.0	411.0	476.0	552.0	642.0	749.0	858.0	997.0	1131.0	1325.0	1529.0	1790.0	2086.0	2401.0	2792.0	3242.0	3764.0	4397.0	5082.0	5904.0	6844.0	7911.0	9209.0	10653.0	12326.0	14218.0	16343.0	18840.0	21630.0	24903.0	26624.0	28344.0	30078.0	31777.0	33510.0	35244.0	36956.0	38730.0	40345.0	41987.0	43612.0	45134.0	46746.0	48249.0	49749.0	51291.0	52801.0	54280.0	55775.0	57178.0	58537.0	59933.0	61265.0	62657.0	63988.0	65255.0	66512.0	67772.0	68943.0	70035.0	71186.0	72310.0	73409.0	74468.0	75469.0	76438.0	77360.0	78312.0	79248.0	80182.0	81034.0	81852.0	82674.0	83443.0	84202.0	84925.0	85599.0	86275.0	86931.0	87562.0	88157.0	88715.0	89279.0	89782.0	90294.0	90804.0	91275.0	91745.0	92146.0	92532.0	92944.0
5.0	5.0	7.0	8.0	8.0	9.0	13.0	15.0	20.0	27.0	30.0	38.0	48.0	55.0	65.0	76.0	96.0	115.0	134.0	162.0	192.0	228.0	270.0	319.0	377.0	436.0	502.0	591.0	700.0	833.0	992.0	1146.0	1341.0	1588.0	1883.0	2232.0	2618.0	3066.0	3579.0	4178.0	4839.0	5646.0	6603.0	7702.0	8992.0	10415.0	12029.0	13964.0	16178.0	18758.0	21615.0	24973.0	26661.0	28433.0	30235.0	32014.0	33836.0	35569.0	37361.0	39054.0	40772.0	42462.0	44069.0	45647.0	47205.0	48777.0	50276.0	51848.0	53372.0	54848.0	56322.0	57767.0	59214.0	60640.0	62044.0	63397.0	64684.0	65965.0	67228.0	68402.0	69605.0	70832.0	71995.0	73103.0	74170.0	75218.0	76217.0	77222.0	78159.0	79064.0	79958.0	80837.0	81700.0	82536.0	83330.0	84051.0	84789.0	85508.0	86185.0	86791.0	87442.0	88090.0	88655.0	89234.0	89785.0	90300.0	90807.0	91278.0	91790.0	92232.0	92646.0	93096.0	93533.0
5.0	7.0	11.0	12.0	16.0	23.0	32.0	39.0	43.0	53.0	61.0	73.0	87.0	103.0	120.0	152.0	187.0	222.0	259.0	300.0	358.0	415.0	493.0	584.0	683.0	795.0	900.0	1055.0	1233.0	1428.0	1638.0	1907.0	2206.0	2569.0	2973.0	3444.0	3988.0	4610.0	5327.0	6152.0	7160.0	8233.0	9526.0	11005.0	12765.0	14865.0	17072.0	19663.0	22714.0	26130.0	30043.0	34460.0	36647.0	38879.0	41205.0	43446.0	45661.0	47844.0	50001.0	52084.0	54099.0	56173.0	58221.0	60129.0	62046.0	63930.0	65697.0	67500.0	69193.0	70889.0	72543.0	74144.0	75679.0	77153.0	78576.0	80095.0	81476.0	82783.0	84070.0	85349.0	86518.0	87623.0	88803.0	89869.0	90931.0	91933.0	92896.0	93823.0	94743.0	95594.0	96436.0	97266.0	98063.0	98757.0	99429.0	100107.0	100710.0	101339.0	101965.0	102501.0	103059.0	103589.0	104095.0	104559.0	105005.0	105399.0	105809.0	106191.0	106546.0	106881.0	107195.0	107522.0	107782.0
5.0	7.0	8.0	9.0	11.0	13.0	14.0	18.0	25.0	32.0	45.0	52.0	63.0	74.0	86.0	104.0	123.0	149.0	178.0	215.0	255.0	302.0	360.0	436.0	507.0	592.0	694.0	804.0	924.0	1072.0	1258.0	1482.0	1726.0	1987.0	2333.0	2704.0	3176.0	3725.0	4343.0	5083.0	5848.0	6808.0	7930.0	9177.0	10677.0	12429.0	14400.0	16657.0	19277.0	22172.0	25601.0	29361.0	31226.0	33146.0	35148.0	37033.0	39066.0	41038.0	42958.0	44806.0	46672.0	48415.0	50254.0	52052.0	53857.0	55632.0	57291.0	58974.0	60610.0	62208.0	63744.0	65244.0	66752.0	68234.0	69682.0	71053.0	72406.0	73695.0	74929.0	76177.0	77360.0	78508.0	79631.0	80788.0	81850.0	82875.0	83905.0	84873.0	85812.0	86735.0	87568.0	88398.0	89190.0	89979.0	90702.0	91443.0	92138.0	92823.0	93488.0	94139.0	94732.0	95293.0	95824.0	96362.0	96916.0	97401.0	97911.0	98360.0	98767.0	99191.0	99588.0	99948.0	100325.0
5.0	6.0	9.0	10.0	11.0	16.0	18.0	23.0	27.0	32.0	43.0	58.0	66.0	79.0	98.0	116.0	133.0	156.0	188.0	218.0	252.0	291.0	363.0	433.0	513.0	600.0	692.0	820.0	957.0	1117.0	1294.0	1502.0	1764.0	2044.0	2391.0	2776.0	3223.0	3728.0	4349.0	5042.0	5865.0	6819.0	7911.0	9165.0	10640.0	12370.0	14322.0	16542.0	19085.0	22067.0	25379.0	29196.0	31119.0	33126.0	35248.0	37246.0	39250.0	41303.0	43301.0	45359.0	47254.0	49143.0	50959.0	52723.0	54575.0	56267.0	57982.0	59633.0	61327.0	62861.0	64464.0	65989.0	67450.0	68939.0	70341.0	71722.0	73085.0	74351.0	75675.0	76892.0	78022.0	79205.0	80306.0	81452.0	82514.0	83528.0	84466.0	85425.0	86332.0	87167.0	88088.0	88910.0	89684.0	90448.0	91194.0	91884.0	92527.0	93126.0	93762.0	94355.0	94895.0	95445.0	95940.0	96425.0	96917.0	97371.0	97780.0	98178.0	98552.0	98922.0	99274.0	99614.0	99898.0
5.0	8.0	10.0	12.0	18.0	22.0	25.0	25.0	31.0	34.0	43.0	55.0	65.0	76.0	91.0	105.0	133.0	153.0	170.0	198.0	222.0	258.0	302.0	345.0	395.0	456.0	515.0	600.0	698.0	795.0	918.0	1076.0	1232.0	1420.0	1644.0	1904.0	2182.0	2562.0	2970.0	3444.0	3994.0	4634.0	5373.0	6200.0	7148.0	8232.0	9553.0	11038.0	12792.0	14798.0	17135.0	19872.0	21238.0	22552.0	23889.0	25340.0	26741.0	28242.0	29710.0	31108.0	32525.0	33856.0	35194.0	36536.0	37954.0	39297.0	40632.0	41922.0	43256.0	44563.0	45833.0	47053.0	48296.0	49447.0	50686.0	51784.0	52912.0	54021.0	55118.0	56204.0	57290.0	58284.0	59287.0	60268.0	61164.0	62092.0	62990.0	63858.0	64747.0	65551.0	66344.0	67135.0	67858.0	68610.0	69321.0	69976.0	70683.0	71295.0	71915.0	72547.0	73196.0	73782.0	74375.0	74910.0	75431.0	75935.0	76458.0	76954.0	77431.0	77905.0	78323.0	78723.0	79108.0
5.0	7.0	10.0	11.0	13.0	15.0	17.0	23.0	28.0	31.0	36.0	47.0	61.0	74.0	94.0	109.0	131.0	154.0	178.0	205.0	235.0	276.0	328.0	383.0	436.0	519.0	615.0	716.0	834.0	975.0	1149.0	1338.0	1553.0	1802.0	2120.0	2474.0	2911.0	3407.0	3965.0	4609.0	5347.0	6240.0	7214.0	8396.0	9776.0	11383.0	13149.0	15265.0	17670.0	20471.0	23654.0	27221.0	29079.0	30918.0	32823.0	34779.0	36720.0	38663.0	40526.0	42350.0	44246.0	46039.0	47819.0	49546.0	51214.0	52890.0	54554.0	56153.0	57705.0	59301.0	60804.0	62312.0	63823.0	65221.0	66622.0	68001.0	69333.0	70709.0	71994.0	73265.0	74528.0	75763.0	76904.0	77964.0	79057.0	80174.0	81208.0	82242.0	83199.0	84109.0	84979.0	85788.0	86598.0	87387.0	88193.0	88902.0	89638.0	90310.0	90940.0	91569.0	92190.0	92774.0	93324.0	93872.0	94406.0	94939.0	95467.0	95930.0	96394.0	96841.0	97254.0	97660.0	98024.0
5.0	5.0	5.0	5.0	6.0	6.0	6.0	7.0	8.0	9.0	10.0	11.0	12.0	12.0	12.0	13.0	16.0	18.0	21.0	23.0	25.0	31.0	36.0	43.0	60.0	68.0	80.0	97.0	110.0	130.0	148.0	171.0	190.0	220.0	261.0	307.0	353.0	426.0	502.0	592.0	701.0	818.0	946.0	1108.0	1283.0	1472.0	1754.0	2074.0	2431.0	2821.0	3286.0	3814.0	4077.0	4371.0	4672.0	5009.0	5347.0	5664.0	6020.0	6337.0	6670.0	7001.0	7356.0	7708.0	8087.0	8459.0	8836.0	9219.0	9578.0	9938.0	10331.0	10714.0	11124.0	11508.0	11907.0	12373.0	12818.0	13273.0	13733.0	14147.0	14573.0	15058.0	15529.0	15984.0	16442.0	16889.0	17320.0	17768.0	18244.0	18728.0	19210.0	19688.0	20188.0	20646.0	21133.0	21626.0	22128.0	22604.0	23084.0	23539.0	24026.0	24503.0	25004.0	25482.0	25953.0	26450.0	26941.0	27414.0	27871.0	28341.0	28792.0	29269.0	29751.0
5.0	5.0	8.0	10.0	13.0	14.0	16.0	20.0	22.0	27.0	30.0	33.0	39.0	45.0	56.0	71.0	90.0	102.0	119.0	133.0	151.0	165.0	186.0	211.0	239.0	263.0	303.0	338.0	383.0	437.0	485.0	554.0	629.0	724.0	844.0	999.0	1179.0	1347.0	1543.0	1790.0	2075.0	2426.0	2820.0	3230.0	3740.0	4335.0	5068.0	5894.0	6886.0	7892.0	9117.0	10550.0	11242.0	12004.0	12777.0	13575.0	14466.0	15287.0	16084.0	16938.0	17768.0	18591.0	19367.0	20207.0	20988.0	21808.0	22641.0	23478.0	24303.0	25137.0	26040.0	26863.0	27704.0	28527.0	29369.0	30237.0	31084.0	31903.0	32752.0	33578.0	34442.0	35214.0	36005.0	36785.0	37608.0	38376.0	39180.0	39995.0	40774.0	41563.0	42323.0	43090.0	43812.0	44580.0	45316.0	45991.0	46754.0	47462.0	48203.0	48923.0	49674.0	50373.0	51086.0	51716.0	52393.0	53039.0	53671.0	54344.0	54943.0	55562.0	56138.0	56729.0	57250.0
5.0	6.0	8.0	11.0	14.0	14.0	19.0	22.0	24.0	26.0	31.0	36.0	43.0	55.0	70.0	86.0	99.0	109.0	125.0	143.0	166.0	186.0	216.0	243.0	278.0	313.0	358.0	423.0	490.0	569.0	655.0	754.0	855.0	1005.0	1194.0	1376.0	1605.0	1854.0	2165.0	2516.0	2914.0	3342.0	3882.0	4497.0	5192.0	6041.0	6936.0	8023.0	9308.0	10798.0	12544.0	14489.0	15473.0	16513.0	17576.0	18675.0	19758.0	20850.0	21949.0	23028.0	24099.0	25188.0	26221.0	27291.0	28298.0	29340.0	30360.0	31421.0	32481.0	33487.0	34489.0	35506.0	36513.0	37520.0	38562.0	39591.0	40604.0	41579.0	42595.0	43592.0	44551.0	45529.0	46466.0	47449.0	48404.0	49345.0	50263.0	51147.0	52020.0	52907.0	53743.0	54558.0	55389.0	56222.0	56982.0	57773.0	58505.0	59248.0	59942.0	60636.0	61285.0	61969.0	62617.0	63254.0	63855.0	64494.0	65067.0	65630.0	66183.0	66790.0	67350.0	67858.0	68383.0
5.0	5.0	5.0	6.0	8.0	8.0	9.0	13.0	17.0	18.0	23.0	31.0	35.0	40.0	50.0	57.0	65.0	76.0	84.0	102.0	120.0	145.0	175.0	209.0	241.0	288.0	337.0	378.0	449.0	527.0	627.0	738.0	879.0	1048.0	1218.0	1425.0	1667.0	1973.0	2309.0	2687.0	3127.0	3635.0	4237.0	4893.0	5722.0	6715.0	7796.0	9026.0	10549.0	12231.0	14182.0	16450.0	17586.0	18695.0	19898.0	21112.0	22381.0	23695.0	24911.0	26136.0	27341.0	28572.0	29846.0	31044.0	32265.0	33513.0	34644.0	35806.0	36981.0	38131.0	39280.0	40463.0	41591.0	42764.0	43864.0	44952.0	46003.0	47094.0	48170.0	49244.0	50357.0	51444.0	52492.0	53556.0	54541.0	55551.0	56466.0	57415.0	58334.0	59290.0	60215.0	61098.0	61984.0	62803.0	63598.0	64373.0	65224.0	66019.0	66749.0	67509.0	68227.0	68919.0	69580.0	70221.0	70854.0	71497.0	72092.0	72664.0	73238.0	73787.0	74341.0	74857.0	75364.0
5.0	5.0	6.0	7.0	9.0	10.0	14.0	19.0	21.0	24.0	28.0	29.0	33.0	41.0	42.0	46.0	55.0	64.0	78.0	90.0	104.0	117.0	138.0	160.0	193.0	228.0	268.0	312.0	363.0	423.0	495.0	582.0	669.0	781.0	901.0	1075.0	1265.0	1474.0	1732.0	2018.0	2356.0	2721.0	3155.0	3693.0	4291.0	5029.0	5843.0	6823.0	7916.0	9233.0	10832.0	12568.0	13427.0	14273.0	15217.0	16264.0	17233.0	18182.0	19175.0	20159.0	21132.0	22074.0	23039.0	24045.0	25036.0	26004.0	26977.0	27960.0	28913.0	29857.0	30835.0	31720.0	32684.0	33635.0	34531.0	35483.0	36466.0	37359.0	38310.0	39246.0	40102.0	40980.0	41881.0	42700.0	43557.0	44398.0	45265.0	46139.0	46970.0	47774.0	48555.0	49391.0	50175.0	50938.0	51735.0	52486.0	53251.0	53999.0	54725.0	55437.0	56195.0	56890.0	57607.0	58300.0	58972.0	59587.0	60199.0	60774.0	61397.0	62020.0	62620.0	63223.0	63779.0
5.0	5.0	5.0	5.0	7.0	7.0	8.0	8.0	10.0	12.0	12.0	14.0	16.0	19.0	23.0	25.0	27.0	34.0	40.0	54.0	60.0	68.0	81.0	103.0	119.0	140.0	160.0	189.0	240.0	307.0	363.0	435.0	525.0	628.0	732.0	895.0	1076.0	1268.0	1499.0	1761.0	2071.0	2435.0	2890.0	3441.0	4007.0	4718.0	5524.0	6438.0	7468.0	8673.0	10115.0	11753.0	12568.0	13450.0	14365.0	15257.0	16124.0	17012.0	17945.0	18847.0	19748.0	20598.0	21512.0	22389.0	23282.0	24174.0	25068.0	25938.0	26830.0	27737.0	28641.0	29560.0	30420.0	31307.0	32213.0	33083.0	33939.0	34862.0	35771.0	36681.0	37581.0	38423.0	39260.0	40106.0	40969.0	41810.0	42633.0	43460.0	44241.0	45045.0	45851.0	46622.0	47376.0	48165.0	48906.0	49611.0	50318.0	51008.0	51711.0	52428.0	53080.0	53802.0	54476.0	55159.0	55814.0	56444.0	57140.0	57701.0	58299.0	58895.0	59474.0	60046.0	60638.0
5.0	5.0	7.0	13.0	16.0	18.0	23.0	28.0	41.0	54.0	67.0	84.0	105.0	125.0	149.0	179.0	212.0	251.0	306.0	366.0	430.0	507.0	613.0	722.0	851.0	994.0	1163.0	1359.0	1602.0	1848.0	2145.0	2517.0	2968.0	3469.0	4030.0	4644.0	5418.0	6302.0	7262.0	8445.0	9789.0	11303.0	13062.0	15086.0	17361.0	19975.0	23105.0	26569.0	30536.0	35072.0	40093.0	45688.0	48467.0	51249.0	54013.0	56834.0	59627.0	62313.0	64996.0	67488.0	70000.0	72384.0	74608.0	76897.0	79033.0	81142.0	83153.0	85083.0	87010.0	88818.0	90551.0	92285.0	93948.0	95516.0	97018.0	98445.0	99849.0	101203.0	102381.0	103575.0	104740.0	105814.0	106895.0	107915.0	108897.0	109842.0	110692.0	111542.0	112306.0	113074.0	113789.0	114447.0	115094.0	115712.0	116273.0	116823.0	117350.0	117866.0	118322.0	118776.0	119262.0	119649.0	120011.0	120383.0	120738.0	121080.0	121404.0	121716.0	122009.0	122261.0	122521.0	122751.0	122987.0
5.0	7.0	9.0	12.0	15.0	19.0	22.0	26.0	28.0	30.0	34.0	41.0	49.0	55.0	61.0	68.0	78.0	89.0	107.0	124.0	145.0	176.0	205.0	250.0	284.0	334.0	395.0	465.0	541.0	629.0	719.0	826.0	987.0	1160.0	1340.0	1559.0	1807.0	2091.0	2432.0	2810.0	3289.0	3864.0	4537.0	5280.0	6186.0	7169.0	8348.0	9646.0	11221.0	13023.0	15049.0	17323.0	18518.0	19746.0	21052.0	22381.0	23650.0	24950.0	26264.0	27549.0	28854.0	30153.0	31398.0	32626.0	33843.0	35078.0	36275.0	37501.0	38700.0	39899.0	41145.0	42314.0	43445.0	44524.0	45656.0	46704.0	47752.0	48850.0	49901.0	50994.0	52051.0	53028.0	54057.0	55052.0	56010.0	57004.0	57932.0	58880.0	59756.0	60630.0	61495.0	62303.0	63135.0	63978.0	64782.0	65537.0	66336.0	67066.0	67758.0	68415.0	69135.0	69769.0	70417.0	71078.0	71698.0	72264.0	72837.0	73393.0	73920.0	74447.0	74995.0	75476.0	75982.0
5.0	6.0	6.0	7.0	10.0	11.0	12.0	14.0	19.0	23.0	28.0	35.0	40.0	47.0	60.0	74.0	84.0	96.0	114.0	136.0	161.0	192.0	233.0	267.0	309.0	361.0	423.0	508.0	601.0	710.0	829.0	947.0	1106.0	1276.0	1486.0	1725.0	2033.0	2374.0	2749.0	3182.0	3696.0	4279.0	4959.0	5738.0	6651.0	7759.0	9037.0	10519.0	12239.0	14160.0	16304.0	18833.0	20145.0	21415.0	22761.0	24080.0	25432.0	26864.0	28307.0	29658.0	31072.0	32384.0	33739.0	35112.0	36465.0	37804.0	39112.0	40477.0	41784.0	43055.0	44400.0	45657.0	46904.0	48127.0	49330.0	50499.0	51752.0	52906.0	54085.0	55187.0	56355.0	57436.0	58632.0	59645.0	60667.0	61672.0	62673.0	63645.0	64554.0	65462.0	66342.0	67180.0	68040.0	68911.0	69680.0	70462.0	71255.0	71979.0	72702.0	73455.0	74127.0	74822.0	75436.0	76053.0	76692.0	77306.0	77851.0	78428.0	78927.0	79429.0	79899.0	80390.0	80884.0
5.0	6.0	7.0	10.0	11.0	15.0	16.0	18.0	20.0	23.0	27.0	35.0	37.0	46.0	50.0	55.0	66.0	72.0	84.0	96.0	106.0	122.0	149.0	179.0	202.0	237.0	279.0	327.0	383.0	447.0	533.0	610.0	720.0	837.0	986.0	1154.0	1331.0	1566.0	1822.0	2121.0	2489.0	2876.0	3342.0	3887.0	4504.0	5191.0	5997.0	6938.0	8029.0	9331.0	10826.0	12500.0	13308.0	14204.0	15160.0	16065.0	17023.0	17964.0	18931.0	19917.0	20883.0	21801.0	22741.0	23608.0	24516.0	25486.0	26424.0	27326.0	28239.0	29213.0	30124.0	31097.0	32015.0	32942.0	33885.0	34788.0	35762.0	36703.0	37640.0	38581.0	39513.0	40419.0	41284.0	42203.0	43088.0	43958.0	44809.0	45709.0	46567.0	47435.0	48211.0	49007.0	49826.0	50630.0	51395.0	52209.0	52991.0	53815.0	54584.0	55286.0	55966.0	56638.0	57307.0	57973.0	58596.0	59287.0	59887.0	60478.0	61031.0	61632.0	62214.0	62774.0	63303.0
5.0	6.0	7.0	11.0	13.0	14.0	17.0	20.0	25.0	31.0	38.0	45.0	57.0	70.0	87.0	107.0	129.0	148.0	162.0	190.0	235.0	281.0	324.0	374.0	428.0	506.0	582.0	691.0	794.0	913.0	1072.0	1244.0	1456.0	1699.0	1956.0	2287.0	2675.0	3110.0	3600.0	4174.0	4867.0	5693.0	6612.0	7726.0	8888.0	10266.0	11894.0	13787.0	15901.0	18425.0	21285.0	24479.0	26142.0	27854.0	29518.0	31261.0	33003.0	34692.0	36377.0	38080.0	39738.0	41347.0	42976.0	44549.0	46135.0	47648.0	49165.0	50639.0	52070.0	53432.0	54817.0	56268.0	57644.0	58968.0	60251.0	61515.0	62772.0	64008.0	65192.0	66393.0	67542.0	68681.0	69783.0	70888.0	71915.0	72855.0	73829.0	74759.0	75646.0	76535.0	77409.0	78239.0	79074.0	79862.0	80591.0	81325.0	82049.0	82723.0	83367.0	84013.0	84626.0	85265.0	85848.0	86451.0	86990.0	87537.0	88062.0	88529.0	89020.0	89461.0	89880.0	90295.0	90699.0
5.0	7.0	11.0	15.0	17.0	20.0	28.0	36.0	41.0	49.0	56.0	72.0	86.0	101.0	122.0	141.0	172.0	202.0	234.0	271.0	313.0	371.0	438.0	522.0	627.0	725.0	843.0	987.0	1166.0	1380.0	1606.0	1889.0	2223.0	2583.0	3030.0	3562.0	4162.0	4861.0	5674.0	6660.0	7778.0	9078.0	10593.0	12328.0	14374.0	16713.0	19360.0	22417.0	25907.0	29858.0	34401.0	39485.0	42008.0	44546.0	47193.0	49773.0	52381.0	54823.0	57289.0	59725.0	62081.0	64358.0	66458.0	68586.0	70571.0	72540.0	74488.0	76355.0	78214.0	79923.0	81629.0	83318.0	84930.0	86508.0	88080.0	89492.0	90884.0	92184.0	93528.0	94760.0	95924.0	97121.0	98270.0	99312.0	100331.0	101334.0	102274.0	103099.0	103958.0	104779.0	105547.0	106293.0	106952.0	107617.0	108272.0	108900.0	109490.0	110044.0	110582.0	111084.0	111512.0	111974.0	112411.0	112835.0	113216.0	113584.0	113908.0	114230.0	114531.0	114848.0	115131.0	115404.0	115658.0
5.0	5.0	6.0	8.0	9.0	13.0	17.0	20.0	27.0	34.0	40.0	49.0	59.0	68.0	79.0	95.0	110.0	129.0	153.0	171.0	206.0	246.0	293.0	337.0	394.0	457.0	520.0	613.0	697.0	824.0	969.0	1128.0	1305.0	1499.0	1726.0	1979.0	2274.0	2613.0	3012.0	3495.0	4049.0	4656.0	5384.0	6196.0	7184.0	8371.0	9605.0	11114.0	12875.0	14908.0	17223.0	19876.0	21220.0	22604.0	24015.0	25495.0	26901.0	28380.0	29842.0	31255.0	32630.0	34044.0	35459.0	36776.0	38167.0	39464.0	40810.0	42164.0	43528.0	44838.0	46162.0	47433.0	48700.0	49958.0	51192.0	52410.0	53630.0	54858.0	55996.0	57146.0	58290.0	59420.0	60509.0	61578.0	62638.0	63665.0	64701.0	65665.0	66662.0	67599.0	68495.0	69397.0	70230.0	71060.0	71827.0	72650.0	73385.0	74130.0	74805.0	75476.0	76129.0	76824.0	77453.0	78063.0	78639.0	79227.0	79848.0	80388.0	80915.0	81433.0	81891.0	82383.0	82849.0
5.0	6.0	8.0	12.0	16.0	19.0	25.0	30.0	41.0	53.0	69.0	77.0	92.0	112.0	133.0	151.0	181.0	210.0	243.0	279.0	318.0	364.0	427.0	496.0	580.0	686.0	793.0	920.0	1059.0	1221.0	1414.0	1671.0	1983.0	2286.0	2643.0	3084.0	3580.0	4185.0	4854.0	5662.0	6573.0	7668.0	8929.0	10372.0	12018.0	13905.0	16108.0	18638.0	21478.0	24782.0	28487.0	32618.0	34671.0	36810.0	39010.0	41117.0	43255.0	45404.0	47556.0	49586.0	51580.0	53504.0	55522.0	57456.0	59288.0	61095.0	62832.0	64521.0	66191.0	67932.0	69559.0	71255.0	72801.0	74350.0	75825.0	77240.0	78654.0	79940.0	81258.0	82545.0	83710.0	84917.0	86101.0	87244.0	88245.0	89188.0	90151.0	91128.0	91990.0	92887.0	93717.0	94529.0	95275.0	96041.0	96772.0	97475.0	98141.0	98791.0	99422.0	100030.0	100589.0	101142.0	101674.0	102169.0	102647.0	103089.0	103528.0	103945.0	104357.0	104719.0	105059.0	105383.0	105680.0
5.0	5.0	7.0	10.0	12.0	12.0	15.0	19.0	21.0	28.0	34.0	40.0	51.0	60.0	78.0	89.0	105.0	117.0	142.0	162.0	206.0	241.0	282.0	325.0	389.0	446.0	515.0	611.0	707.0	803.0	921.0	1067.0	1272.0	1467.0	1707.0	2022.0	2374.0	2754.0	3193.0	3696.0	4317.0	5069.0	5938.0	6867.0	8008.0	9390.0	10927.0	12647.0	14567.0	16849.0	19424.0	22523.0	24077.0	25641.0	27331.0	28940.0	30523.0	32153.0	33694.0	35258.0	36795.0	38318.0	39867.0	41454.0	42900.0	44368.0	45961.0	47423.0	48874.0	50350.0	51790.0	53179.0	54558.0	55881.0	57233.0	58557.0	59856.0	61131.0	62382.0	63639.0	64906.0	66081.0	67238.0	68404.0	69510.0	70589.0	71615.0	72598.0	73567.0	74538.0	75431.0	76341.0	77263.0	78098.0	78883.0	79672.0	80419.0	81145.0	81821.0	82501.0	83151.0	83758.0	84338.0	84872.0	85417.0	85982.0	86497.0	86995.0	87436.0	87881.0	88339.0	88746.0	89150.0
5.0	7.0	8.0	9.0	10.0	12.0	18.0	23.0	26.0	29.0	33.0	37.0	44.0	52.0	60.0	72.0	83.0	95.0	108.0	121.0	137.0	165.0	185.0	203.0	230.0	266.0	298.0	342.0	394.0	453.0	518.0	597.0	674.0	777.0	910.0	1041.0	1209.0	1394.0	1606.0	1855.0	2128.0	2439.0	2813.0	3268.0	3830.0	4432.0	5136.0	5950.0	6905.0	8027.0	9252.0	10678.0	11403.0	12121.0	12845.0	13589.0	14338.0	15112.0	15873.0	16621.0	17368.0	18154.0	18969.0	19768.0	20542.0	21327.0	22119.0	22907.0	23692.0	24514.0	25333.0	26106.0	26870.0	27693.0	28500.0	29322.0	30107.0	30906.0	31716.0	32486.0	33284.0	34098.0	34882.0	35660.0	36410.0	37170.0	37964.0	38727.0	39456.0	40184.0	40951.0	41688.0	42342.0	43043.0	43718.0	44435.0	45110.0	45769.0	46415.0	47052.0	47641.0	48262.0	48889.0	49546.0	50190.0	50784.0	51410.0	51992.0	52562.0	53120.0	53687.0	54249.0	54767.0
5.0	5.0	6.0	8.0	9.0	11.0	12.0	16.0	18.0	21.0	25.0	27.0	33.0	41.0	50.0	58.0	76.0	98.0	118.0	146.0	169.0	195.0	225.0	272.0	327.0	376.0	455.0	547.0	653.0	769.0	884.0	1032.0	1182.0	1392.0	1669.0	1936.0	2250.0	2673.0	3166.0	3676.0	4332.0	5104.0	5964.0	6958.0	8149.0	9584.0	11235.0	13080.0	15264.0	17752.0	20523.0	23720.0	25366.0	27050.0	28697.0	30448.0	32200.0	33987.0	35696.0	37372.0	39001.0	40653.0	42301.0	43924.0	45447.0	46998.0	48544.0	50002.0	51485.0	52926.0	54407.0	55839.0	57222.0	58578.0	59996.0	61247.0	62498.0	63767.0	64901.0	66084.0	67334.0	68503.0	69672.0	70764.0	71807.0	72823.0	73798.0	74765.0	75741.0	76682.0	77604.0	78478.0	79291.0	80089.0	80856.0	81589.0	82377.0	83067.0	83774.0	84452.0	85075.0	85647.0	86223.0	86790.0	87307.0	87845.0	88317.0	88794.0	89265.0	89718.0	90137.0	90553.0	90944.0
5.0	5.0	5.0	8.0	8.0	10.0	14.0	16.0	21.0	27.0	29.0	33.0	37.0	48.0	61.0	71.0	81.0	90.0	109.0	125.0	137.0	162.0	190.0	219.0	258.0	308.0	348.0	403.0	459.0	518.0	596.0	682.0	782.0	902.0	1064.0	1268.0	1467.0	1688.0	1978.0	2302.0	2656.0	3067.0	3552.0	4126.0	4787.0	5566.0	6453.0	7456.0	8664.0	10028.0	11559.0	13394.0	14346.0	15282.0	16236.0	17237.0	18275.0	19342.0	20365.0	21387.0	22399.0	23409.0	24404.0	25398.0	26354.0	27336.0	28396.0	29438.0	30446.0	31420.0	32456.0	33493.0	34481.0	35484.0	36495.0	37443.0	38424.0	39463.0	40441.0	41478.0	42517.0	43465.0	44414.0	45328.0	46323.0	47247.0	48147.0	49056.0	49949.0	50855.0	51711.0	52592.0	53451.0	54305.0	55120.0	55946.0	56768.0	57574.0	58357.0	59091.0	59825.0	60567.0	61262.0	61904.0	62568.0	63245.0	63908.0	64548.0	65141.0	65768.0	66370.0	66975.0	67566.0
5.0	6.0	6.0	9.0	9.0	10.0	15.0	17.0	20.0	26.0	33.0	37.0	44.0	53.0	63.0	75.0	90.0	102.0	119.0	143.0	165.0	186.0	212.0	244.0	281.0	316.0	382.0	455.0	535.0	624.0	741.0	869.0	1025.0	1194.0	1447.0	1714.0	2000.0	2336.0	2714.0	3186.0	3726.0	4368.0	5051.0	5904.0	6830.0	7968.0	9289.0	10750.0	12469.0	14526.0	16828.0	19423.0	20784.0	22151.0	23527.0	24952.0	26368.0	27819.0	29253.0	30657.0	32064.0	33443.0	34832.0	36156.0	37518.0	38898.0	40266.0	41595.0	42917.0	44241.0	45609.0	46927.0	48189.0	49410.0	50637.0	51879.0	53106.0	54325.0	55485.0	56605.0	57787.0	58970.0	60052.0	61122.0	62195.0	63238.0	64202.0	65120.0	66069.0	67025.0	67934.0	68858.0	69722.0	70576.0	71393.0	72239.0	73007.0	73779.0	74542.0	75326.0	76014.0	76649.0	77304.0	77949.0	78545.0	79117.0	79708.0	80282.0	80833.0	81343.0	81849.0	82327.0	82803.0
5.0	5.0	7.0	8.0	10.0	13.0	14.0	16.0	18.0	23.0	27.0	33.0	41.0	52.0	58.0	71.0	83.0	95.0	122.0	140.0	161.0	192.0	231.0	268.0	313.0	374.0	437.0	503.0	585.0	691.0	809.0	943.0	1104.0	1306.0	1542.0	1782.0	2088.0	2431.0	2811.0	3290.0	3841.0	4495.0	5237.0	6128.0	7164.0	8344.0	9783.0	11394.0	13273.0	15302.0	17809.0	20641.0	22104.0	23565.0	25007.0	26523.0	28086.0	29604.0	31178.0	32669.0	34078.0	35538.0	37029.0	38444.0	39836.0	41253.0	42630.0	43990.0	45310.0	46666.0	47994.0	49244.0	50483.0	51744.0	53024.0	54258.0	55437.0	56612.0	57840.0	58988.0	60135.0	61218.0	62334.0	63388.0	64380.0	65408.0	66430.0	67376.0	68337.0	69314.0	70197.0	71081.0	71935.0	72723.0	73567.0	74332.0	75101.0	75846.0	76537.0	77238.0	77944.0	78607.0	79234.0	79851.0	80471.0	81070.0	81636.0	82180.0	82692.0	83198.0	83677.0	84145.0	84580.0
5.0	6.0	8.0	8.0	10.0	11.0	14.0	17.0	17.0	22.0	29.0	35.0	37.0	46.0	52.0	61.0	70.0	79.0	92.0	118.0	135.0	156.0	175.0	211.0	249.0	301.0	361.0	428.0	497.0	578.0	683.0	793.0	933.0	1095.0	1257.0	1480.0	1718.0	1982.0	2315.0	2693.0	3097.0	3661.0	4236.0	4959.0	5778.0	6668.0	7751.0	9006.0	10444.0	12130.0	14048.0	16268.0	17344.0	18519.0	19738.0	20935.0	22103.0	23282.0	24445.0	25647.0	26836.0	28029.0	29185.0	30352.0	31565.0	32724.0	33852.0	35135.0	36282.0	37439.0	38562.0	39697.0	40835.0	42068.0	43206.0	44327.0	45408.0	46446.0	47527.0	48586.0	49636.0	50682.0	51731.0	52799.0	53813.0	54797.0	55812.0	56795.0	57678.0	58585.0	59468.0	60342.0	61219.0	62043.0	62848.0	63651.0	64443.0	65185.0	65924.0	66622.0	67360.0	68012.0	68649.0	69276.0	69912.0	70531.0	71123.0	71722.0	72345.0	72895.0	73433.0	73925.0	74422.0
5.0	5.0	5.0	7.0	9.0	11.0	13.0	16.0	20.0	22.0	26.0	27.0	29.0	32.0	34.0	40.0	42.0	47.0	53.0	59.0	66.0	73.0	84.0	99.0	113.0	125.0	143.0	167.0	191.0	210.0	233.0	258.0	300.0	351.0	410.0	467.0	525.0	601.0	691.0	828.0	929.0	1071.0	1253.0	1452.0	1677.0	1946.0	2251.0	2609.0	3044.0	3521.0	4079.0	4775.0	5126.0	5478.0	5875.0	6239.0	6640.0	7038.0	7469.0	7885.0	8293.0	8685.0	9134.0	9529.0	9971.0	10397.0	10858.0	11311.0	11803.0	12278.0	12752.0	13228.0	13739.0	14243.0	14728.0	15226.0	15685.0	16186.0	16672.0	17223.0	17729.0	18252.0	18764.0	19295.0	19807.0	20344.0	20856.0	21393.0	21938.0	22462.0	23012.0	23530.0	24118.0	24705.0	25213.0	25762.0	26263.0	26810.0	27355.0	27927.0	28445.0	28993.0	29519.0	30057.0	30602.0	31150.0	31672.0	32250.0	32810.0	33330.0	33855.0	34393.0	34932.0
5.0	6.0	10.0	10.0	10.0	11.0	13.0	15.0	17.0	25.0	30.0	33.0	42.0	51.0	59.0	65.0	77.0	86.0	105.0	119.0	135.0	154.0	177.0	212.0	236.0	279.0	329.0	394.0	454.0	532.0	604.0	702.0	815.0	951.0	1093.0	1270.0	1479.0	1684.0	1961.0	2285.0	2655.0	3085.0	3598.0	4165.0	4805.0	5591.0	6523.0	7546.0	8725.0	10039.0	11609.0	13416.0	14304.0	15223.0	16169.0	17189.0	18185.0	19207.0	20171.0	21153.0	22139.0	23127.0	24077.0	25103.0	26051.0	27057.0	28013.0	29012.0	30075.0	31126.0	32116.0	33123.0	34146.0	35134.0	36108.0	37061.0	38018.0	38995.0	39934.0	40866.0	41770.0	42668.0	43568.0	44486.0	45372.0	46211.0	47045.0	47898.0	48696.0	49536.0	50393.0	51171.0	51902.0	52597.0	53349.0	54037.0	54789.0	55507.0	56204.0	56908.0	57557.0	58233.0	58881.0	59552.0	60218.0	60831.0	61424.0	62028.0	62594.0	63178.0	63753.0	64288.0	64790.0
5.0	6.0	8.0	9.0	13.0	16.0	20.0	26.0	29.0	36.0	42.0	49.0	53.0	62.0	75.0	86.0	103.0	120.0	142.0	166.0	197.0	233.0	285.0	334.0	382.0	460.0	546.0	645.0	747.0	867.0	1024.0	1190.0	1415.0	1661.0	1922.0	2236.0	2606.0	3034.0	3564.0	4135.0	4800.0	5536.0	6479.0	7571.0	8831.0	10233.0	11836.0	13651.0	15774.0	18208.0	21078.0	24350.0	25967.0	27612.0	29275.0	30957.0	32694.0	34407.0	36024.0	37661.0	39234.0	40831.0	42403.0	43950.0	45496.0	47005.0	48493.0	49979.0	51423.0	52865.0	54296.0	55676.0	57037.0	58316.0	59631.0	60978.0	62297.0	63528.0	64826.0	66080.0	67285.0	68447.0	69567.0	70663.0	71725.0	72746.0	73722.0	74744.0	75737.0	76706.0	77605.0	78491.0	79423.0	80225.0	81024.0	81815.0	82596.0	83325.0	84028.0	84755.0	85424.0	86053.0	86673.0	87276.0	87872.0	88419.0	88987.0	89508.0	90050.0	90541.0	90977.0	91445.0	91937.0
5.0	6.0	10.0	12.0	15.0	17.0	22.0	29.0	34.0	41.0	46.0	56.0	69.0	80.0	91.0	106.0	126.0	148.0	170.0	203.0	233.0	265.0	311.0	366.0	411.0	482.0	561.0	653.0	776.0	904.0	1084.0	1272.0	1500.0	1749.0	2030.0	2369.0	2763.0	3207.0	3730.0	4343.0	5083.0	5939.0	6970.0	8079.0	9368.0	10928.0	12716.0	14713.0	17049.0	19748.0	22733.0	26202.0	27945.0	29749.0	31544.0	33335.0	35117.0	36927.0	38740.0	40443.0	42218.0	43968.0	45624.0	47286.0	48837.0	50427.0	52028.0	53570.0	55088.0	56570.0	58044.0	59524.0	60945.0	62311.0	63673.0	65018.0	66339.0	67648.0	68841.0	69985.0	71172.0	72357.0	73435.0	74502.0	75568.0	76536.0	77567.0	78499.0	79460.0	80365.0	81271.0	82085.0	82926.0	83701.0	84483.0	85190.0	85890.0	86541.0	87230.0	87871.0	88536.0	89143.0	89692.0	90223.0	90765.0	91313.0	91773.0	92250.0	92685.0	93135.0	93554.0	93953.0	94347.0
5.0	6.0	6.0	6.0	8.0	9.0	10.0	12.0	15.0	16.0	18.0	19.0	26.0	29.0	34.0	44.0	56.0	76.0	86.0	110.0	137.0	164.0	197.0	232.0	271.0	317.0	368.0	422.0	485.0	561.0	644.0	746.0	869.0	996.0	1146.0	1328.0	1548.0	1789.0	2076.0	2422.0	2842.0	3331.0	3892.0	4543.0	5273.0	6123.0	7118.0	8272.0	9566.0	11083.0	12859.0	14896.0	15936.0	16986.0	18115.0	19286.0	20286.0	21436.0	22619.0	23708.0	24837.0	25931.0	27086.0	28197.0	29293.0	30364.0	31406.0	32492.0	33617.0	34729.0	35850.0	36950.0	38039.0	39151.0	40219.0	41313.0	42413.0	43486.0	44532.0	45560.0	46612.0	47663.0	48683.0	49665.0	50658.0	51631.0	52615.0	53559.0	54442.0	55398.0	56320.0	57186.0	58074.0	58971.0	59800.0	60592.0	61345.0	62032.0	62805.0	63482.0	64170.0	64905.0	65650.0	66306.0	66946.0	67549.0	68158.0	68748.0	69377.0	69939.0	70501.0	71010.0	71504.0
5.0	5.0	5.0	8.0	12.0	14.0	14.0	17.0	23.0	26.0	34.0	38.0	47.0	58.0	74.0	81.0	91.0	108.0	126.0	151.0	176.0	199.0	230.0	265.0	303.0	352.0	404.0	466.0	543.0	622.0	724.0	852.0	989.0	1152.0	1358.0	1584.0	1866.0	2142.0	2527.0	2915.0	3400.0	3954.0	4615.0	5345.0	6183.0	7196.0	8326.0	9619.0	11145.0	12891.0	14924.0	17213.0	18411.0	19682.0	20927.0	22243.0	23509.0	24774.0	26093.0	27348.0	28589.0	29855.0	31100.0	32299.0	33547.0	34760.0	35990.0	37238.0	38453.0	39584.0	40770.0	41919.0	43077.0	44202.0	45317.0	46473.0	47560.0	48643.0	49720.0	50810.0	51891.0	52957.0	53989.0	54967.0	55950.0	56881.0	57861.0	58810.0	59713.0	60589.0	61423.0	62257.0	63074.0	63917.0	64729.0	65467.0	66252.0	67008.0	67759.0	68475.0	69179.0	69889.0	70505.0	71113.0	71773.0	72353.0	72930.0	73521.0	74060.0	74601.0	75140.0	75645.0	76135.0
5.0	8.0	9.0	15.0	20.0	23.0	27.0	34.0	46.0	59.0	67.0	81.0	102.0	116.0	134.0	162.0	182.0	210.0	255.0	304.0	344.0	401.0	468.0	549.0	647.0	782.0	900.0	1074.0	1263.0	1468.0	1725.0	2051.0	2385.0	2772.0	3241.0	3735.0	4377.0	5061.0	5918.0	6900.0	7909.0	9152.0	10614.0	12356.0	14311.0	16582.0	19101.0	22061.0	25418.0	29186.0	33575.0	38428.0	40878.0	43341.0	45773.0	48207.0	50604.0	53021.0	55337.0	57580.0	59889.0	62065.0	64167.0	66160.0	68115.0	70048.0	71946.0	73795.0	75578.0	77280.0	78966.0	80608.0	82225.0	83753.0	85186.0	86645.0	87984.0	89228.0	90521.0	91748.0	92947.0	94063.0	95201.0	96244.0	97264.0	98270.0	99231.0	100094.0	101036.0	101835.0	102624.0	103373.0	104034.0	104723.0	105346.0	105960.0	106583.0	107130.0	107634.0	108152.0	108604.0	109079.0	109510.0	109915.0	110308.0	110662.0	111008.0	111369.0	111674.0	112011.0	112311.0	112591.0	112827.0
5.0	6.0	6.0	9.0	11.0	13.0	14.0	18.0	20.0	25.0	33.0	40.0	45.0	57.0	64.0	70.0	84.0	98.0	118.0	136.0	156.0	175.0	200.0	231.0	266.0	304.0	357.0	405.0	477.0	553.0	648.0	770.0	893.0	1046.0	1239.0	1458.0	1724.0	2006.0	2351.0	2719.0	3138.0	3638.0	4242.0	4916.0	5728.0	6630.0	7719.0	8926.0	10363.0	12037.0	13935.0	16153.0	17315.0	18481.0	19583.0	20759.0	21941.0	23168.0	24367.0	25513.0	26658.0	27882.0	29046.0	30249.0	31371.0	32517.0	33646.0	34751.0	35842.0	36999.0	38120.0	39228.0	40321.0	41419.0	42488.0	43577.0	44629.0	45688.0	46741.0	47767.0	48727.0	49710.0	50700.0	51687.0	52590.0	53537.0	54476.0	55392.0	56291.0	57143.0	57959.0	58789.0	59586.0	60365.0	61185.0	61981.0	62671.0	63421.0	64115.0	64783.0	65431.0	66055.0	66685.0	67308.0	67909.0	68504.0	69070.0	69607.0	70122.0	70625.0	71130.0	71597.0	72044.0
5.0	7.0	9.0	11.0	12.0	14.0	18.0	21.0	27.0	32.0	40.0	50.0	63.0	78.0	96.0	115.0	131.0	156.0	181.0	228.0	269.0	318.0	367.0	425.0	486.0	573.0	681.0	791.0	919.0	1062.0	1228.0	1444.0	1673.0	1928.0	2234.0	2603.0	3015.0	3490.0	4077.0	4836.0	5611.0	6533.0	7611.0	8827.0	10221.0	11855.0	13755.0	15938.0	18458.0	21307.0	24662.0	28351.0	30212.0	32037.0	33939.0	35874.0	37847.0	39765.0	41628.0	43505.0	45333.0	47078.0	48905.0	50664.0	52403.0	54003.0	55652.0	57312.0	58904.0	60444.0	61966.0	63440.0	64961.0	66344.0	67818.0	69229.0	70590.0	71864.0	73157.0	74397.0	75580.0	76727.0	77802.0	78859.0	79865.0	80908.0	81881.0	82835.0	83735.0	84630.0	85514.0	86354.0	87161.0	87940.0	88651.0	89383.0	90091.0	90749.0	91379.0	92014.0	92585.0	93153.0	93713.0	94273.0	94812.0	95262.0	95744.0	96187.0	96603.0	97030.0	97417.0	97790.0	98141.0
5.0	7.0	9.0	10.0	11.0	14.0	15.0	22.0	27.0	29.0	38.0	46.0	53.0	64.0	73.0	85.0	95.0	115.0	138.0	162.0	198.0	233.0	266.0	313.0	377.0	448.0	528.0	631.0	725.0	860.0	1035.0	1228.0	1428.0	1691.0	1992.0	2304.0	2713.0	3169.0	3736.0	4317.0	5034.0	5884.0	6853.0	7999.0	9274.0	10761.0	12433.0	14354.0	16622.0	19219.0	22193.0	25537.0	27220.0	28960.0	30717.0	32416.0	34245.0	36025.0	37748.0	39473.0	41198.0	42943.0	44576.0	46326.0	48006.0	49613.0	51212.0	52815.0	54369.0	55882.0	57365.0	58793.0	60093.0	61422.0	62797.0	64110.0	65413.0	66678.0	67897.0	69081.0	70251.0	71419.0	72570.0	73640.0	74711.0	75701.0	76673.0	77639.0	78600.0	79542.0	80472.0	81305.0	82134.0	82966.0	83737.0	84486.0	85226.0	85918.0	86620.0	87319.0	87991.0	88585.0	89237.0	89796.0	90381.0	90864.0	91397.0	91904.0	92359.0	92854.0	93333.0	93765.0	94182.0
5.0	7.0	9.0	10.0	11.0	13.0	15.0	15.0	17.0	19.0	21.0	26.0	32.0	36.0	41.0	47.0	55.0	65.0	75.0	86.0	94.0	106.0	119.0	140.0	157.0	182.0	214.0	253.0	297.0	343.0	392.0	462.0	537.0	613.0	735.0	859.0	1005.0	1174.0	1386.0	1609.0	1877.0	2194.0	2578.0	3025.0	3518.0	4104.0	4798.0	5614.0	6595.0	7668.0	8911.0	10322.0	11080.0	11835.0	12635.0	13384.0	14256.0	15061.0	15827.0	16626.0	17478.0	18305.0	19069.0	19937.0	20711.0	21547.0	22341.0	23188.0	23970.0	24782.0	25559.0	26378.0	27217.0	28033.0	28868.0	29670.0	30474.0	31279.0	32119.0	32946.0	33760.0	34585.0	35427.0	36277.0	37135.0	37975.0	38779.0	39509.0	40331.0	41110.0	41957.0	42733.0	43489.0	44263.0	45018.0	45817.0	46529.0	47287.0	47980.0	48754.0	49429.0	50093.0	50786.0	51481.0	52105.0	52742.0	53370.0	53967.0	54545.0	55187.0	55767.0	56322.0	56891.0
5.0	7.0	8.0	10.0	15.0	18.0	23.0	25.0	28.0	32.0	36.0	41.0	51.0	58.0	73.0	94.0	112.0	130.0	153.0	179.0	203.0	231.0	266.0	309.0	359.0	413.0	475.0	536.0	625.0	713.0	810.0	931.0	1051.0	1220.0	1442.0	1697.0	1997.0	2340.0	2696.0	3148.0	3654.0	4260.0	4976.0	5808.0	6725.0	7818.0	9066.0	10517.0	12210.0	14139.0	16271.0	18784.0	20112.0	21511.0	22795.0	24159.0	25579.0	26951.0	28283.0	29604.0	30955.0	32196.0	33474.0	34749.0	36087.0	37313.0	38611.0	39833.0	41069.0	42327.0	43511.0	44689.0	45852.0	47064.0	48236.0	49426.0	50563.0	51721.0	52853.0	53945.0	55000.0	56076.0	57094.0	58177.0	59247.0	60252.0	61200.0	62125.0	63068.0	64001.0	64888.0	65748.0	66626.0	67475.0	68284.0	69098.0	69869.0	70652.0	71336.0	72050.0	72785.0	73473.0	74192.0	74902.0	75533.0	76211.0	76823.0	77434.0	77987.0	78547.0	79076.0	79605.0	80126.0
5.0	7.0	9.0	12.0	15.0	20.0	22.0	27.0	38.0	45.0	58.0	72.0	85.0	105.0	122.0	151.0	173.0	212.0	252.0	302.0	367.0	440.0	522.0	602.0	688.0	806.0	936.0	1095.0	1264.0	1458.0	1682.0	1965.0	2256.0	2671.0	3112.0	3641.0	4232.0	4938.0	5757.0	6754.0	7830.0	9106.0	10549.0	12320.0	14321.0	16620.0	19259.0	22181.0	25567.0	29398.0	33850.0	38909.0	41402.0	43839.0	46390.0	48951.0	51484.0	54046.0	56417.0	58726.0	60974.0	63098.0	65273.0	67365.0	69416.0	71360.0	73282.0	75201.0	77048.0	78794.0	80540.0	82276.0	83893.0	85495.0	87032.0	88477.0	89848.0	91159.0	92533.0	93803.0	94974.0	96148.0	97195.0	98206.0	99184.0	100103.0	101027.0	101850.0	102695.0	103534.0	104319.0	105074.0	105732.0	106398.0	107034.0	107627.0	108191.0	108724.0	109246.0	109734.0	110223.0	110665.0	111068.0	111503.0	111876.0	112243.0	112620.0	112970.0	113309.0	113607.0	113911.0	114200.0	114435.0
5.0	6.0	8.0	10.0	11.0	16.0	20.0	28.0	36.0	43.0	51.0	58.0	64.0	77.0	88.0	107.0	119.0	137.0	162.0	185.0	220.0	262.0	298.0	355.0	410.0	468.0	548.0	650.0	738.0	871.0	1012.0	1190.0	1398.0	1659.0	1935.0	2269.0	2623.0	3040.0	3529.0	4093.0	4805.0	5617.0	6568.0	7708.0	8973.0	10413.0	12083.0	13984.0	16180.0	18659.0	21522.0	24858.0	26486.0	28207.0	29934.0	31687.0	33408.0	35213.0	36915.0	38658.0	40325.0	42054.0	43665.0	45283.0	46890.0	48515.0	50057.0	51577.0	53058.0	54484.0	55875.0	57324.0	58715.0	60117.0	61472.0	62819.0	64123.0	65392.0	66624.0	67756.0	68944.0	70010.0	71112.0	72205.0	73235.0	74306.0	75229.0	76177.0	77098.0	78056.0	78912.0	79802.0	80628.0	81441.0	82222.0	82946.0	83652.0	84334.0	85011.0	85659.0	86236.0	86811.0	87377.0	87926.0	88446.0	88890.0	89350.0	89808.0	90281.0	90737.0	91141.0	91570.0	91945.0
5.0	6.0	6.0	7.0	8.0	10.0	11.0	13.0	16.0	17.0	22.0	22.0	25.0	28.0	32.0	36.0	38.0	45.0	53.0	58.0	66.0	73.0	78.0	86.0	95.0	117.0	137.0	151.0	168.0	201.0	237.0	272.0	314.0	357.0	418.0	475.0	547.0	640.0	739.0	836.0	956.0	1107.0	1273.0	1473.0	1718.0	2004.0	2353.0	2763.0	3180.0	3689.0	4277.0	4931.0	5242.0	5591.0	5925.0	6315.0	6718.0	7112.0	7533.0	7938.0	8328.0	8700.0	9122.0	9534.0	9940.0	10387.0	10812.0	11239.0	11684.0	12167.0	12599.0	13054.0	13485.0	13991.0	14465.0	14926.0	15402.0	15864.0	16347.0	16832.0	17342.0	17840.0	18374.0	18872.0	19380.0	19855.0	20416.0	20934.0	21471.0	21998.0	22516.0	23060.0	23620.0	24142.0	24724.0	25248.0	25792.0	26336.0	26858.0	27397.0	27916.0	28475.0	29014.0	29586.0	30173.0	30724.0	31293.0	31858.0	32387.0	32969.0	33543.0	34093.0	34633.0
5.0	7.0	9.0	11.0	12.0	13.0	18.0	22.0	26.0	31.0	35.0	39.0	48.0	55.0	59.0	64.0	72.0	88.0	99.0	113.0	129.0	152.0	165.0	186.0	208.0	243.0	280.0	306.0	350.0	392.0	454.0	512.0	575.0	660.0	765.0	865.0	975.0	1094.0	1267.0	1474.0	1690.0	1941.0	2230.0	2574.0	2955.0	3404.0	3939.0	4531.0	5210.0	6032.0	6940.0	8055.0	8598.0	9164.0	9709.0	10322.0	10929.0	11535.0	12182.0	12806.0	13412.0	13995.0	14607.0	15235.0	15821.0	16419.0	17020.0	17624.0	18266.0	18862.0	19536.0	20198.0	20834.0	21432.0	22079.0	22705.0	23379.0	24047.0	24705.0	25395.0	26092.0	26780.0	27490.0	28160.0	28798.0	29492.0	30201.0	30895.0	31590.0	32270.0	32939.0	33604.0	34264.0	34966.0	35690.0	36402.0	37122.0	37812.0	38481.0	39149.0	39830.0	40452.0	41108.0	41731.0	42327.0	42979.0	43606.0	44253.0	44829.0	45412.0	45992.0	46573.0	47171.0
5.0	6.0	7.0	9.0	9.0	9.0	12.0	13.0	17.0	22.0	29.0	37.0	47.0	57.0	67.0	82.0	93.0	111.0	136.0	160.0	193.0	224.0	254.0	312.0	370.0	432.0	506.0	582.0	666.0	770.0	883.0	994.0	1174.0	1376.0	1597.0	1821.0	2118.0	2450.0	2829.0	3269.0	3810.0	4473.0	5183.0	5979.0	6874.0	7964.0	9267.0	10801.0	12514.0	14410.0	16638.0	19204.0	20455.0	21830.0	23153.0	24526.0	25855.0	27214.0	28583.0	29934.0	31263.0	32666.0	33986.0	35275.0	36579.0	37899.0	39227.0	40501.0	41760.0	42987.0	44259.0	45456.0	46668.0	47838.0	49111.0	50304.0	51449.0	52590.0	53718.0	54822.0	55875.0	56901.0	57943.0	58903.0	59939.0	60885.0	61826.0	62747.0	63672.0	64532.0	65455.0	66272.0	67141.0	67967.0	68739.0	69465.0	70193.0	70933.0	71647.0	72338.0	72992.0	73628.0	74265.0	74862.0	75446.0	76011.0	76568.0	77078.0	77574.0	78052.0	78532.0	79001.0	79414.0
5.0	6.0	8.0	9.0	11.0	13.0	18.0	23.0	26.0	28.0	35.0	36.0	40.0	43.0	53.0	58.0	64.0	70.0	75.0	81.0	89.0	96.0	103.0	117.0	128.0	137.0	149.0	163.0	188.0	214.0	247.0	277.0	318.0	370.0	423.0	484.0	557.0	641.0	734.0	828.0	952.0	1080.0	1253.0	1449.0	1660.0	1916.0	2215.0	2588.0	3052.0	3552.0	4128.0	4746.0	5076.0	5447.0	5816.0	6151.0	6524.0	6878.0	7241.0	7610.0	7986.0	8341.0	8720.0	9084.0	9453.0	9829.0	10242.0	10645.0	11074.0	11487.0	11903.0	12292.0	12715.0	13129.0	13523.0	13945.0	14402.0	14857.0	15296.0	15759.0	16190.0	16616.0	17081.0	17536.0	18016.0	18482.0	18957.0	19383.0	19842.0	20288.0	20750.0	21257.0	21768.0	22271.0	22746.0	23234.0	23736.0	24242.0	24720.0	25228.0	25690.0	26174.0	26664.0	27157.0	27635.0	28178.0	28684.0	29172.0	29664.0	30170.0	30656.0	31155.0	31640.0
5.0	7.0	7.0	9.0	13.0	17.0	19.0	23.0	28.0	33.0	37.0	46.0	56.0	67.0	79.0	102.0	126.0	149.0	178.0	207.0	240.0	280.0	342.0	399.0	470.0	539.0	619.0	704.0	843.0	982.0	1156.0	1346.0	1536.0	1804.0	2094.0	2455.0	2892.0	3377.0	3931.0	4579.0	5334.0	6215.0	7262.0	8405.0	9735.0	11215.0	12997.0	14979.0	17351.0	19913.0	22916.0	26355.0	28100.0	29906.0	31742.0	33531.0	35350.0	37176.0	38995.0	40847.0	42618.0	44373.0	46166.0	47912.0	49592.0	51230.0	52869.0	54483.0	56135.0	57659.0	59091.0	60578.0	61897.0	63301.0	64733.0	66079.0	67408.0	68652.0	69877.0	71127.0	72329.0	73521.0	74619.0	75700.0	76776.0	77772.0	78733.0	79696.0	80619.0	81497.0	82336.0	83144.0	83897.0	84654.0	85410.0	86135.0	86846.0	87502.0	88122.0	88680.0	89283.0	89871.0	90410.0	90898.0	91414.0	91861.0	92342.0	92774.0	93256.0	93604.0	94032.0	94376.0	94729.0
5.0	7.0	10.0	10.0	11.0	13.0	13.0	13.0	13.0	14.0	19.0	22.0	24.0	28.0	34.0	36.0	40.0	44.0	49.0	59.0	65.0	72.0	81.0	99.0	116.0	135.0	158.0	191.0	237.0	271.0	324.0	380.0	462.0	529.0	625.0	723.0	861.0	1013.0	1165.0	1338.0	1541.0	1787.0	2103.0	2443.0	2839.0	3276.0	3851.0	4508.0	5251.0	6143.0	7194.0	8353.0	8938.0	9563.0	10186.0	10840.0	11511.0	12226.0	12904.0	13570.0	14250.0	14948.0	15680.0	16376.0	17087.0	17811.0	18542.0	19319.0	20022.0	20770.0	21523.0	22284.0	23056.0	23821.0	24561.0	25307.0	26078.0	26832.0	27580.0	28323.0	29100.0	29863.0	30621.0	31340.0	32160.0	32897.0	33640.0	34402.0	35137.0	35899.0	36632.0	37360.0	38083.0	38748.0	39412.0	40109.0	40797.0	41491.0	42180.0	42848.0	43510.0	44164.0	44808.0	45453.0	46110.0	46791.0	47441.0	48074.0	48716.0	49337.0	49932.0	50508.0	51110.0
5.0	6.0	8.0	10.0	10.0	12.0	15.0	19.0	23.0	27.0	31.0	35.0	44.0	50.0	59.0	68.0	85.0	90.0	115.0	132.0	160.0	185.0	213.0	251.0	298.0	343.0	408.0	465.0	551.0	664.0	778.0	909.0	1052.0	1229.0	1439.0	1647.0	1925.0	2258.0	2628.0	3034.0	3520.0	4123.0	4782.0	5530.0	6425.0	7459.0	8692.0	10094.0	11754.0	13624.0	15721.0	18163.0	19344.0	20565.0	21903.0	23188.0	24537.0	25909.0	27249.0	28571.0	29847.0	31098.0	32392.0	33680.0	34927.0	36196.0	37430.0	38680.0	39920.0	41141.0	42330.0	43533.0	44687.0	45902.0	47092.0	48260.0	49397.0	50522.0	51717.0	52890.0	54006.0	55059.0	56087.0	57088.0	58148.0	59148.0	60191.0	61163.0	62119.0	63055.0	63959.0	64849.0	65716.0	66559.0	67372.0	68187.0	69002.0	69774.0	70541.0	71290.0	71984.0	72684.0	73343.0	73990.0	74595.0	75198.0	75845.0	76437.0	77001.0	77585.0	78134.0	78672.0	79142.0
5.0	6.0	7.0	8.0	11.0	12.0	13.0	17.0	22.0	28.0	32.0	38.0	43.0	57.0	65.0	76.0	88.0	105.0	118.0	141.0	166.0	204.0	245.0	293.0	360.0	421.0	503.0	612.0	728.0	854.0	956.0	1121.0	1307.0	1529.0	1792.0	2092.0	2418.0	2830.0	3298.0	3846.0	4484.0	5187.0	6026.0	7014.0	8129.0	9445.0	10909.0	12599.0	14547.0	16751.0	19359.0	22261.0	23765.0	25262.0	26853.0	28456.0	30098.0	31657.0	33194.0	34711.0	36208.0	37731.0	39120.0	40629.0	42109.0	43471.0	44827.0	46151.0	47499.0	48813.0	50148.0	51452.0	52680.0	53908.0	55058.0	56252.0	57380.0	58480.0	59560.0	60671.0	61660.0	62742.0	63748.0	64746.0	65723.0	66631.0	67625.0	68511.0	69354.0	70269.0	71150.0	71966.0	72788.0	73556.0	74344.0	75061.0	75817.0	76527.0	77188.0	77834.0	78443.0	79069.0	79672.0	80268.0	80817.0	81403.0	81925.0	82436.0	82925.0	83422.0	83850.0	84317.0	84758.0
5.0	6.0	7.0	7.0	8.0	10.0	13.0	14.0	17.0	20.0	21.0	23.0	25.0	29.0	31.0	34.0	38.0	41.0	45.0	51.0	62.0	74.0	83.0	97.0	118.0	138.0	168.0	208.0	246.0	286.0	341.0	400.0	468.0	539.0	640.0	749.0	877.0	1034.0	1197.0	1398.0	1646.0	1920.0	2231.0	2603.0	3049.0	3573.0	4134.0	4811.0	5575.0	6465.0	7579.0	8768.0	9377.0	10073.0	10715.0	11377.0	12067.0	12750.0	13394.0	14098.0	14737.0	15431.0	16129.0	16784.0	17463.0	18140.0	18878.0	19568.0	20237.0	20870.0	21515.0	22224.0	22920.0	23566.0	24249.0	24904.0	25578.0	26256.0	26929.0	27612.0	28274.0	28944.0	29599.0	30225.0	30881.0	31554.0	32194.0	32816.0	33481.0	34149.0	34826.0	35464.0	36098.0	36745.0	37347.0	38013.0	38655.0	39277.0	39882.0	40490.0	41103.0	41702.0	42336.0	42947.0	43568.0	44119.0	44686.0	45234.0	45811.0	46344.0	46852.0	47414.0	47948.0
5.0	5.0	6.0	8.0	10.0	12.0	13.0	20.0	24.0	31.0	37.0	48.0	65.0	80.0	95.0	116.0	139.0	167.0	190.0	228.0	262.0	303.0	351.0	406.0	472.0	558.0	651.0	756.0	897.0	1069.0	1258.0	1442.0	1669.0	1949.0	2278.0	2686.0	3146.0	3688.0	4298.0	4992.0	5769.0	6700.0	7801.0	9041.0	10431.0	12146.0	14097.0	16232.0	18847.0	21755.0	25042.0	28890.0	30777.0	32671.0	34604.0	36597.0	38578.0	40534.0	42522.0	44431.0	46359.0	48268.0	50114.0	51918.0	53688.0	55362.0	57068.0	58702.0	60306.0	61860.0	63393.0	64901.0	66408.0	67838.0	69195.0	70515.0	71889.0	73171.0	74428.0	75637.0	76757.0	77917.0	79016.0	80099.0	81199.0	82209.0	83196.0	84155.0	85094.0	85987.0	86863.0	87694.0	88471.0	89241.0	89927.0	90680.0	91326.0	91961.0	92601.0	93245.0	93819.0	94387.0	94903.0	95397.0	95868.0	96356.0	96778.0	97189.0	97608.0	98005.0	98371.0	98720.0	99078.0
5.0	6.0	6.0	8.0	10.0	14.0	17.0	20.0	23.0	29.0	36.0	43.0	49.0	55.0	62.0	72.0	84.0	97.0	110.0	129.0	152.0	179.0	209.0	247.0	290.0	354.0	399.0	474.0	551.0	642.0	757.0	912.0	1084.0	1255.0	1457.0	1681.0	1957.0	2289.0	2677.0	3141.0	3726.0	4372.0	5091.0	5946.0	6904.0	7996.0	9331.0	10765.0	12477.0	14446.0	16718.0	19412.0	20771.0	22124.0	23482.0	24896.0	26289.0	27718.0	29076.0	30495.0	31896.0	33257.0	34595.0	36033.0	37408.0	38784.0	40192.0	41546.0	42850.0	44250.0	45548.0	46786.0	47985.0	49277.0	50509.0	51739.0	52937.0	54122.0	55343.0	56474.0	57544.0	58587.0	59648.0	60747.0	61824.0	62867.0	63859.0	64814.0	65760.0	66665.0	67598.0	68492.0	69368.0	70229.0	71005.0	71777.0	72560.0	73298.0	74021.0	74694.0	75406.0	76099.0	76738.0	77328.0	77934.0	78519.0	79111.0	79631.0	80169.0	80667.0	81147.0	81631.0	82143.0
5.0	5.0	9.0	12.0	17.0	20.0	24.0	28.0	36.0	39.0	41.0	48.0	54.0	66.0	81.0	92.0	102.0	122.0	142.0	167.0	193.0	219.0	263.0	300.0	356.0	415.0	477.0	553.0	636.0	722.0	829.0	952.0	1123.0	1311.0	1543.0	1807.0	2080.0	2420.0	2830.0	3270.0	3799.0	4428.0	5135.0	5962.0	6960.0	8156.0	9453.0	10960.0	12641.0	14639.0	16932.0	19707.0	21028.0	22475.0	23872.0	25350.0	26845.0	28326.0	29796.0	31253.0	32667.0	34075.0	35459.0	36772.0	38146.0	39522.0	40866.0	42220.0	43565.0	44876.0	46083.0	47368.0	48608.0	49885.0	51063.0	52237.0	53432.0	54584.0	55722.0	56858.0	57897.0	59029.0	60060.0	61073.0	62090.0	63087.0	64066.0	65083.0	65972.0	66916.0	67759.0	68659.0	69474.0	70315.0	71100.0	71872.0	72632.0	73387.0	74105.0	74826.0	75531.0	76243.0	76881.0	77475.0	78056.0	78682.0	79234.0	79781.0	80312.0	80856.0	81356.0	81848.0	82317.0
5.0	5.0	5.0	5.0	5.0	6.0	6.0	6.0	7.0	7.0	7.0	8.0	9.0	10.0	11.0	12.0	14.0	16.0	19.0	20.0	25.0	28.0	36.0	44.0	57.0	65.0	76.0	90.0	107.0	121.0	136.0	156.0	185.0	223.0	262.0	305.0	359.0	413.0	488.0	599.0	712.0	831.0	980.0	1133.0	1359.0	1574.0	1857.0	2179.0	2552.0	2974.0	3459.0	4036.0	4326.0	4634.0	4966.0	5328.0	5657.0	6003.0	6353.0	6653.0	6994.0	7367.0	7781.0	8166.0	8557.0	8929.0	9290.0	9652.0	10052.0	10483.0	10866.0	11257.0	11695.0	12147.0	12596.0	13063.0	13478.0	13921.0	14335.0	14815.0	15294.0	15742.0	16198.0	16694.0	17184.0	17663.0	18170.0	18672.0	19193.0	19637.0	20131.0	20633.0	21147.0	21665.0	22186.0	22715.0	23243.0	23770.0	24318.0	24855.0	25349.0	25886.0	26425.0	26960.0	27433.0	27994.0	28539.0	29015.0	29499.0	30009.0	30547.0	31095.0	31597.0
5.0	5.0	5.0	6.0	7.0	8.0	8.0	9.0	9.0	11.0	12.0	14.0	20.0	23.0	26.0	31.0	36.0	41.0	48.0	53.0	60.0	73.0	89.0	100.0	116.0	130.0	151.0	170.0	189.0	212.0	235.0	262.0	292.0	343.0	397.0	464.0	541.0	622.0	711.0	812.0	919.0	1064.0	1207.0	1394.0	1598.0	1821.0	2100.0	2416.0	2758.0	3115.0	3555.0	4069.0	4372.0	4649.0	4951.0	5240.0	5541.0	5809.0	6127.0	6446.0	6766.0	7097.0	7379.0	7724.0	8049.0	8367.0	8692.0	9021.0	9354.0	9680.0	10012.0	10391.0	10757.0	11109.0	11484.0	11889.0	12280.0	12685.0	13082.0	13461.0	13882.0	14292.0	14722.0	15141.0	15616.0	16063.0	16477.0	16932.0	17360.0	17815.0	18232.0	18685.0	19134.0	19577.0	20022.0	20423.0	20878.0	21289.0	21756.0	22157.0	22613.0	23053.0	23521.0	23961.0	24403.0	24818.0	25221.0	25652.0	26114.0	26559.0	27003.0	27439.0	27872.0
5.0	5.0	6.0	9.0	9.0	9.0	11.0	16.0	16.0	21.0	25.0	26.0	30.0	32.0	38.0	44.0	51.0	56.0	62.0	71.0	80.0	89.0	106.0	121.0	137.0	159.0	180.0	210.0	245.0	284.0	345.0	404.0	474.0	559.0	655.0	765.0	888.0	1046.0	1217.0	1396.0	1646.0	1914.0	2233.0	2602.0	3030.0	3521.0	4086.0	4708.0	5462.0	6366.0	7439.0	8635.0	9236.0	9868.0	10503.0	11182.0	11838.0	12499.0	13204.0	13878.0	14561.0	15209.0	15834.0	16482.0	17129.0	17772.0	18460.0	19134.0	19828.0	20456.0	21149.0	21818.0	22509.0	23156.0	23860.0	24548.0	25240.0	25907.0	26603.0	27268.0	27974.0	28593.0	29267.0	29937.0	30597.0	31254.0	31893.0	32588.0	33256.0	33933.0	34618.0	35262.0	35908.0	36567.0	37213.0	37824.0	38479.0	39119.0	39797.0	40446.0	41087.0	41736.0	42356.0	42981.0	43595.0	44215.0	44828.0	45454.0	46062.0	46642.0	47191.0	47777.0	48304.0
5.0	5.0	7.0	7.0	8.0	8.0	8.0	8.0	9.0	11.0	12.0	14.0	16.0	17.0	20.0	21.0	21.0	21.0	23.0	23.0	27.0	29.0	33.0	40.0	44.0	49.0	63.0	73.0	82.0	93.0	121.0	149.0	174.0	203.0	225.0	260.0	292.0	322.0	380.0	439.0	494.0	594.0	683.0	792.0	916.0	1066.0	1220.0	1411.0	1660.0	1951.0	2293.0	2680.0	2893.0	3075.0	3286.0	3498.0	3707.0	3919.0	4156.0	4378.0	4638.0	4866.0	5129.0	5368.0	5627.0	5883.0	6144.0	6381.0	6651.0	6943.0	7210.0	7479.0	7772.0	8062.0	8355.0	8657.0	8962.0	9278.0	9569.0	9901.0	10212.0	10563.0	10887.0	11248.0	11587.0	11936.0	12304.0	12666.0	13039.0	13400.0	13790.0	14188.0	14567.0	14958.0	15351.0	15774.0	16175.0	16604.0	16997.0	17407.0	17843.0	18279.0	18733.0	19136.0	19566.0	19975.0	20421.0	20864.0	21343.0	21799.0	22255.0	22721.0	23189.0
5.0	6.0	6.0	8.0	10.0	11.0	12.0	15.0	20.0	25.0	29.0	31.0	31.0	35.0	40.0	49.0	58.0	66.0	70.0	84.0	96.0	110.0	124.0	152.0	172.0	202.0	234.0	270.0	309.0	364.0	414.0	500.0	579.0	663.0	763.0	883.0	1027.0	1196.0	1387.0	1603.0	1877.0	2210.0	2561.0	3012.0	3525.0	4050.0	4706.0	5469.0	6334.0	7352.0	8640.0	10072.0	10760.0	11493.0	12208.0	12947.0	13715.0	14437.0	15271.0	16031.0	16830.0	17611.0	18378.0	19169.0	19957.0	20738.0	21566.0	22372.0	23191.0	23977.0	24757.0	25521.0	26345.0	27128.0	27892.0	28719.0	29486.0	30295.0	31072.0	31907.0	32698.0	33468.0	34277.0	35059.0	35848.0	36615.0	37389.0	38147.0	38949.0	39688.0	40470.0	41160.0	41907.0	42619.0	43327.0	44044.0	44745.0	45406.0	46065.0	46729.0	47405.0	48075.0	48758.0	49403.0	50090.0	50746.0	51372.0	51976.0	52639.0	53236.0	53846.0	54394.0	54943.0
5.0	6.0	6.0	6.0	6.0	7.0	7.0	7.0	7.0	8.0	8.0	8.0	9.0	9.0	9.0	9.0	9.0	9.0	9.0	10.0	10.0	10.0	10.0	11.0	11.0	11.0	11.0	11.0	11.0	11.0	11.0	11.0	11.0	11.0	11.0	11.0	11.0	11.0	11.0	11.0	11.0	11.0	11.0	11.0	11.0	11.0	11.0	11.0	11.0	11.0	11.0	11.0	11.0	11.0	11.0	11.0	11.0	11.0	11.0	11.0	11.0	11.0	11.0	11.0	11.0	11.0	11.0	11.0	11.0	11.0	11.0	11.0	11.0	11.0	11.0	11.0	11.0	11.0	11.0	11.0	11.0	11.0	11.0	11.0	11.0	11.0	11.0	11.0	11.0	11.0	11.0	11.0	11.0	11.0	11.0	11.0	11.0	11.0	11.0	11.0	11.0	11.0	11.0	11.0	11.0	11.0	11.0	11.0	11.0	11.0	11.0	11.0	11.0
5.0	8.0	8.0	8.0	9.0	10.0	14.0	18.0	20.0	21.0	25.0	27.0	37.0	47.0	60.0	67.0	81.0	93.0	113.0	134.0	158.0	181.0	208.0	265.0	320.0	380.0	440.0	521.0	605.0	715.0	837.0	984.0	1156.0	1380.0	1611.0	1903.0	2216.0	2590.0	3031.0	3540.0	4140.0	4848.0	5652.0	6542.0	7594.0	8837.0	10308.0	11890.0	13870.0	16091.0	18598.0	21456.0	22878.0	24316.0	25862.0	27416.0	28912.0	30485.0	32054.0	33574.0	35111.0	36603.0	38097.0	39550.0	41017.0	42471.0	43911.0	45347.0	46763.0	48222.0	49603.0	50971.0	52329.0	53696.0	55036.0	56328.0	57575.0	58806.0	60018.0	61217.0	62365.0	63497.0	64578.0	65700.0	66791.0	67805.0	68809.0	69812.0	70788.0	71725.0	72604.0	73482.0	74358.0	75198.0	76008.0	76805.0	77557.0	78330.0	79026.0	79738.0	80461.0	81100.0	81745.0	82405.0	83008.0	83571.0	84164.0	84693.0	85226.0	85703.0	86214.0	86702.0	87192.0
5.0	6.0	7.0	9.0	9.0	10.0	11.0	13.0	14.0	19.0	21.0	24.0	25.0	27.0	34.0	37.0	43.0	46.0	53.0	58.0	63.0	69.0	85.0	96.0	113.0	132.0	150.0	171.0	189.0	224.0	257.0	290.0	331.0	388.0	441.0	513.0	603.0	701.0	808.0	920.0	1058.0	1243.0	1421.0	1644.0	1891.0	2217.0	2564.0	2980.0	3455.0	3986.0	4658.0	5432.0	5796.0	6173.0	6589.0	7008.0	7418.0	7845.0	8291.0	8718.0	9114.0	9552.0	9999.0	10423.0	10856.0	11283.0	11753.0	12207.0	12658.0	13117.0	13581.0	14043.0	14512.0	14988.0	15420.0	15862.0	16325.0	16763.0	17232.0	17678.0	18177.0	18631.0	19150.0	19655.0	20165.0	20641.0	21108.0	21591.0	22097.0	22611.0	23100.0	23614.0	24108.0	24579.0	25064.0	25593.0	26119.0	26589.0	27084.0	27605.0	28162.0	28656.0	29184.0	29652.0	30149.0	30665.0	31185.0	31662.0	32134.0	32620.0	33118.0	33609.0	34128.0
5.0	6.0	8.0	9.0	11.0	12.0	16.0	21.0	28.0	33.0	38.0	42.0	51.0	58.0	70.0	85.0	100.0	119.0	136.0	159.0	196.0	225.0	264.0	296.0	350.0	407.0	489.0	581.0	668.0	771.0	890.0	1049.0	1251.0	1460.0	1710.0	1981.0	2285.0	2643.0	3047.0	3565.0	4152.0	4803.0	5570.0	6502.0	7495.0	8680.0	10016.0	11639.0	13501.0	15605.0	18103.0	20922.0	22380.0	23832.0	25338.0	26878.0	28393.0	29914.0	31442.0	32893.0	34277.0	35718.0	37141.0	38573.0	40016.0	41373.0	42753.0	44096.0	45456.0	46774.0	48123.0	49416.0	50776.0	52062.0	53337.0	54577.0	55746.0	56964.0	58048.0	59240.0	60414.0	61547.0	62577.0	63630.0	64704.0	65732.0	66707.0	67685.0	68659.0	69622.0	70528.0	71429.0	72283.0	73137.0	74013.0	74785.0	75577.0	76312.0	77037.0	77772.0	78467.0	79123.0	79749.0	80328.0	80913.0	81476.0	82038.0	82559.0	83084.0	83605.0	84103.0	84595.0	85044.0
5.0	6.0	9.0	12.0	16.0	21.0	26.0	34.0	40.0	49.0	59.0	72.0	80.0	96.0	114.0	128.0	149.0	170.0	203.0	239.0	280.0	325.0	381.0	441.0	527.0	620.0	719.0	837.0	969.0	1118.0	1306.0	1540.0	1776.0	2036.0	2342.0	2703.0	3117.0	3644.0	4252.0	4920.0	5722.0	6603.0	7683.0	8910.0	10325.0	11900.0	13772.0	15900.0	18328.0	21141.0	24387.0	28058.0	29899.0	31763.0	33751.0	35713.0	37662.0	39633.0	41502.0	43378.0	45267.0	47023.0	48860.0	50665.0	52365.0	54145.0	55823.0	57467.0	59167.0	60784.0	62316.0	63836.0	65338.0	66793.0	68232.0	69695.0	71043.0	72387.0	73709.0	75025.0	76221.0	77476.0	78698.0	79808.0	80890.0	81993.0	83027.0	84002.0	84974.0	85908.0	86831.0	87720.0	88564.0	89371.0	90165.0	90933.0	91652.0	92338.0	93023.0	93677.0	94251.0	94867.0	95408.0	95922.0	96436.0	96908.0	97396.0	97893.0	98341.0	98749.0	99145.0	99575.0	99921.0
5.0	7.0	7.0	7.0	8.0	10.0	14.0	16.0	18.0	20.0	23.0	29.0	36.0	46.0	51.0	61.0	76.0	91.0	101.0	121.0	140.0	162.0	190.0	222.0	265.0	305.0	353.0	409.0	470.0	555.0	646.0	762.0	879.0	1015.0	1178.0	1366.0	1588.0	1821.0	2132.0	2480.0	2880.0	3340.0	3858.0	4504.0	5246.0	6074.0	7082.0	8235.0	9579.0	11085.0	12915.0	14903.0	15916.0	16921.0	17961.0	19025.0	20107.0	21301.0	22398.0	23450.0	24600.0	25669.0	26706.0	27783.0	28810.0	29864.0	30940.0	31942.0	33016.0	34110.0	35137.0	36137.0	37154.0	38221.0	39235.0	40307.0	41300.0	42318.0	43326.0	44363.0	45410.0	46460.0	47443.0	48424.0	49334.0	50246.0	51212.0	52119.0	53054.0	53907.0	54759.0	55668.0	56452.0	57258.0	58016.0	58814.0	59638.0	60412.0	61161.0	61949.0	62655.0	63402.0	64053.0	64724.0	65370.0	66003.0	66616.0	67214.0	67796.0	68370.0	68930.0	69472.0	69986.0
5.0	7.0	8.0	12.0	14.0	18.0	24.0	28.0	32.0	36.0	44.0	51.0	56.0	65.0	79.0	97.0	119.0	148.0	167.0	207.0	244.0	285.0	330.0	385.0	443.0	523.0	610.0	720.0	858.0	994.0	1158.0	1334.0	1545.0	1794.0	2077.0	2438.0	2860.0	3327.0	3904.0	4562.0	5306.0	6176.0	7192.0	8349.0	9706.0	11206.0	13019.0	15141.0	17500.0	20171.0	23287.0	26811.0	28578.0	30373.0	32226.0	34043.0	35828.0	37694.0	39542.0	41337.0	43117.0	44860.0	46578.0	48297.0	50007.0	51549.0	53219.0	54816.0	56328.0	57807.0	59319.0	60760.0	62174.0	63574.0	64987.0	66331.0	67658.0	68996.0	70248.0	71439.0	72663.0	73899.0	75056.0	76130.0	77282.0	78329.0	79383.0	80422.0	81441.0	82377.0	83288.0	84175.0	85021.0	85845.0	86684.0	87503.0	88244.0	88936.0	89617.0	90304.0	90908.0	91538.0	92107.0	92685.0	93235.0	93738.0	94254.0	94739.0	95188.0	95635.0	96044.0	96446.0	96831.0
5.0	6.0	7.0	7.0	10.0	11.0	12.0	15.0	16.0	17.0	19.0	21.0	25.0	29.0	35.0	44.0	54.0	70.0	89.0	101.0	115.0	136.0	152.0	179.0	206.0	241.0	291.0	344.0	408.0	476.0	564.0	661.0	778.0	892.0	1060.0	1249.0	1449.0	1675.0	1963.0	2306.0	2691.0	3183.0	3707.0	4307.0	5016.0	5866.0	6787.0	7882.0	9134.0	10665.0	12385.0	14308.0	15279.0	16300.0	17330.0	18409.0	19532.0	20616.0	21669.0	22766.0	23807.0	24866.0	25921.0	26943.0	28033.0	29033.0	30118.0	31133.0	32154.0	33196.0	34222.0	35306.0	36337.0	37372.0	38443.0	39467.0	40493.0	41510.0	42475.0	43488.0	44510.0	45427.0	46366.0	47350.0	48268.0	49183.0	50110.0	50996.0	51881.0	52737.0	53607.0	54499.0	55322.0	56140.0	56947.0	57766.0	58543.0	59304.0	60056.0	60802.0	61532.0	62204.0	62897.0	63627.0	64297.0	64932.0	65603.0	66255.0	66875.0	67474.0	68033.0	68651.0	69209.0
5.0	6.0	6.0	8.0	11.0	12.0	14.0	16.0	23.0	26.0	32.0	35.0	45.0	59.0	75.0	84.0	101.0	116.0	135.0	160.0	183.0	206.0	246.0	279.0	341.0	406.0	470.0	551.0	646.0	761.0	872.0	1004.0	1171.0	1342.0	1581.0	1811.0	2130.0	2475.0	2849.0	3323.0	3852.0	4496.0	5215.0	6005.0	6968.0	8094.0	9396.0	10888.0	12590.0	14572.0	16802.0	19381.0	20692.0	22044.0	23473.0	24884.0	26302.0	27649.0	29101.0	30547.0	31906.0	33226.0	34532.0	35854.0	37187.0	38497.0	39795.0	41031.0	42250.0	43540.0	44752.0	45975.0	47216.0	48414.0	49648.0	50842.0	51976.0	53142.0	54298.0	55394.0	56542.0	57671.0	58727.0	59763.0	60802.0	61863.0	62851.0	63764.0	64725.0	65682.0	66623.0	67540.0	68443.0	69331.0	70220.0	71022.0	71798.0	72534.0	73304.0	74038.0	74781.0	75483.0	76127.0	76762.0	77365.0	77978.0	78558.0	79168.0	79692.0	80209.0	80757.0	81268.0	81793.0
5.0	5.0	5.0	6.0	6.0	8.0	8.0	10.0	11.0	14.0	15.0	16.0	18.0	18.0	19.0	21.0	26.0	29.0	35.0	41.0	48.0	57.0	68.0	74.0	88.0	111.0	130.0	149.0	180.0	212.0	252.0	303.0	361.0	431.0	487.0	580.0	675.0	799.0	926.0	1082.0	1262.0	1486.0	1766.0	2082.0	2421.0	2833.0	3293.0	3838.0	4478.0	5167.0	6035.0	7052.0	7558.0	8062.0	8642.0	9201.0	9722.0	10287.0	10866.0	11469.0	12079.0	12664.0	13254.0	13818.0	14399.0	14979.0	15556.0	16158.0	16713.0	17306.0	17953.0	18564.0	19180.0	19817.0	20394.0	21015.0	21593.0	22255.0	22896.0	23541.0	24222.0	24838.0	25487.0	26118.0	26765.0	27427.0	28061.0	28711.0	29338.0	29999.0	30601.0	31231.0	31871.0	32494.0	33165.0	33772.0	34414.0	35055.0	35637.0	36251.0	36843.0	37459.0	38079.0	38646.0	39227.0	39826.0	40391.0	40951.0	41522.0	42096.0	42659.0	43147.0	43692.0
5.0	8.0	10.0	11.0	15.0	22.0	28.0	38.0	46.0	56.0	68.0	84.0	92.0	111.0	127.0	151.0	178.0	205.0	241.0	289.0	344.0	399.0	469.0	547.0	632.0	731.0	843.0	961.0	1117.0	1288.0	1524.0	1763.0	2018.0	2328.0	2733.0	3186.0	3680.0	4254.0	4926.0	5668.0	6569.0	7626.0	8841.0	10221.0	11858.0	13703.0	15791.0	18224.0	20940.0	24077.0	27787.0	31864.0	33971.0	36093.0	38211.0	40337.0	42427.0	44528.0	46590.0	48551.0	50626.0	52537.0	54450.0	56333.0	58112.0	59916.0	61696.0	63375.0	65059.0	66619.0	68273.0	69765.0	71278.0	72728.0	74143.0	75629.0	76942.0	78277.0	79541.0	80762.0	81969.0	83151.0	84238.0	85292.0	86309.0	87276.0	88221.0	89127.0	90026.0	90865.0	91598.0	92389.0	93162.0	93910.0	94605.0	95330.0	96001.0	96636.0	97244.0	97827.0	98408.0	98963.0	99462.0	99912.0	100379.0	100800.0	101226.0	101654.0	102058.0	102418.0	102773.0	103092.0	103405.0
5.0	6.0	9.0	12.0	17.0	19.0	22.0	27.0	31.0	41.0	49.0	58.0	73.0	86.0	106.0	121.0	141.0	161.0	192.0	224.0	263.0	309.0	361.0	417.0	500.0	590.0	674.0	794.0	928.0	1079.0	1241.0	1439.0	1639.0	1898.0	2205.0	2555.0	2990.0	3505.0	4074.0	4735.0	5552.0	6421.0	7461.0	8638.0	10008.0	11609.0	13464.0	15643.0	18161.0	20987.0	24183.0	27846.0	29770.0	31602.0	33545.0	35583.0	37527.0	39464.0	41345.0	43173.0	44965.0	46794.0	48623.0	50318.0	52106.0	53793.0	55539.0	57138.0	58735.0	60341.0	61919.0	63393.0	64912.0	66425.0	67932.0	69324.0	70649.0	71998.0	73261.0	74543.0	75749.0	76968.0	78097.0	79214.0	80290.0	81304.0	82360.0	83308.0	84221.0	85120.0	85957.0	86814.0	87567.0	88329.0	89045.0	89772.0	90473.0	91130.0	91717.0	92306.0	92886.0	93453.0	93989.0	94562.0	95030.0	95507.0	95986.0	96433.0	96881.0	97299.0	97710.0	98066.0	98429.0
5.0	6.0	8.0	10.0	11.0	15.0	17.0	22.0	26.0	32.0	38.0	46.0	54.0	65.0	75.0	85.0	100.0	118.0	140.0	159.0	190.0	217.0	254.0	300.0	338.0	389.0	445.0	534.0	603.0	687.0	790.0	906.0	1045.0	1216.0	1428.0	1663.0	1925.0	2227.0	2604.0	3012.0	3514.0	4077.0	4696.0	5450.0	6336.0	7369.0	8566.0	9927.0	11536.0	13351.0	15410.0	17785.0	19002.0	20176.0	21399.0	22702.0	24023.0	25313.0	26595.0	27851.0	29100.0	30310.0	31488.0	32691.0	33909.0	35083.0	36213.0	37492.0	38730.0	39869.0	40991.0	42113.0	43242.0	44323.0	45444.0	46606.0	47659.0	48696.0	49845.0	50872.0	51943.0	52929.0	53971.0	54959.0	55953.0	56878.0	57826.0	58775.0	59651.0	60540.0	61438.0	62281.0	63203.0	64039.0	64813.0	65588.0	66330.0	67077.0	67796.0	68500.0	69219.0	69913.0	70575.0	71246.0	71870.0	72466.0	73017.0	73565.0	74061.0	74517.0	74999.0	75489.0	76005.0
5.0	10.0	11.0	14.0	17.0	30.0	39.0	52.0	57.0	67.0	84.0	94.0	111.0	134.0	162.0	189.0	221.0	257.0	305.0	362.0	420.0	494.0	559.0	651.0	756.0	893.0	1052.0	1232.0	1445.0	1663.0	1946.0	2241.0	2610.0	2991.0	3494.0	4046.0	4697.0	5430.0	6337.0	7341.0	8530.0	9929.0	11545.0	13378.0	15492.0	17944.0	20709.0	23872.0	27479.0	31557.0	36184.0	41468.0	44048.0	46645.0	49345.0	51987.0	54570.0	57118.0	59620.0	62090.0	64448.0	66766.0	68959.0	71104.0	73201.0	75282.0	77273.0	79108.0	80961.0	82718.0	84433.0	86094.0	87741.0	89281.0	90747.0	92136.0	93494.0	94849.0	96124.0	97293.0	98425.0	99507.0	100501.0	101520.0	102471.0	103424.0	104335.0	105233.0	106074.0	106859.0	107617.0	108329.0	108994.0	109659.0	110275.0	110854.0	111453.0	111987.0	112492.0	112995.0	113434.0	113878.0	114315.0	114707.0	115087.0	115444.0	115801.0	116096.0	116393.0	116674.0	116944.0	117212.0	117433.0
5.0	7.0	7.0	9.0	13.0	18.0	24.0	29.0	35.0	44.0	54.0	62.0	78.0	91.0	103.0	125.0	145.0	176.0	203.0	251.0	307.0	356.0	418.0	490.0	592.0	696.0	812.0	957.0	1095.0	1277.0	1513.0	1804.0	2118.0	2467.0	2883.0	3355.0	3945.0	4610.0	5366.0	6250.0	7254.0	8400.0	9757.0	11284.0	13092.0	15157.0	17539.0	20168.0	23263.0	26702.0	30630.0	34999.0	37196.0	39489.0	41687.0	43957.0	46251.0	48446.0	50631.0	52720.0	54870.0	56886.0	58958.0	60972.0	62864.0	64817.0	66659.0	68482.0	70218.0	71920.0	73646.0	75282.0	76913.0	78440.0	79953.0	81419.0	82835.0	84134.0	85449.0	86701.0	87916.0	89073.0	90178.0	91279.0	92335.0	93370.0	94361.0	95337.0	96269.0	97141.0	97979.0	98764.0	99533.0	100318.0	101024.0	101718.0	102322.0	102957.0	103574.0	104148.0	104689.0	105198.0	105704.0	106181.0	106619.0	107043.0	107430.0	107817.0	108176.0	108514.0	108853.0	109184.0	109497.0
5.0	5.0	7.0	9.0	9.0	12.0	15.0	17.0	20.0	23.0	25.0	28.0	35.0	43.0	57.0	68.0	75.0	86.0	105.0	124.0	150.0	172.0	201.0	242.0	291.0	332.0	391.0	453.0	522.0	600.0	690.0	801.0	926.0	1072.0	1262.0	1473.0	1675.0	1969.0	2316.0	2700.0	3143.0	3633.0	4206.0	4887.0	5660.0	6575.0	7620.0	8829.0	10257.0	11871.0	13833.0	15998.0	17112.0	18283.0	19404.0	20585.0	21823.0	23000.0	24207.0	25403.0	26565.0	27707.0	28885.0	30043.0	31212.0	32379.0	33529.0	34670.0	35874.0	37058.0	38162.0	39356.0	40476.0	41664.0	42850.0	43983.0	45160.0	46350.0	47490.0	48588.0	49686.0	50815.0	51899.0	52959.0	54004.0	55055.0	56092.0	57033.0	58027.0	59004.0	59972.0	60956.0	61877.0	62774.0	63672.0	64529.0	65405.0	66223.0	67066.0	67865.0	68639.0	69348.0	70073.0	70748.0	71418.0	72071.0	72677.0	73300.0	73882.0	74456.0	75030.0	75605.0	76198.0
5.0	6.0	6.0	8.0	8.0	8.0	8.0	8.0	8.0	8.0	8.0	8.0	9.0	10.0	12.0	13.0	13.0	14.0	14.0	17.0	18.0	23.0	26.0	30.0	33.0	36.0	38.0	46.0	50.0	55.0	61.0	77.0	82.0	97.0	110.0	127.0	141.0	162.0	190.0	224.0	275.0	308.0	358.0	418.0	470.0	554.0	628.0	739.0	872.0	1023.0	1199.0	1419.0	1513.0	1620.0	1727.0	1849.0	1943.0	2081.0	2209.0	2326.0	2441.0	2548.0	2688.0	2807.0	2931.0	3076.0	3237.0	3370.0	3518.0	3647.0	3790.0	3955.0	4128.0	4299.0	4464.0	4608.0	4765.0	4942.0	5116.0	5318.0	5481.0	5657.0	5853.0	6054.0	6244.0	6442.0	6648.0	6860.0	7079.0	7290.0	7508.0	7739.0	7950.0	8188.0	8410.0	8641.0	8895.0	9109.0	9346.0	9601.0	9846.0	10111.0	10346.0	10615.0	10870.0	11126.0	11392.0	11665.0	11932.0	12190.0	12460.0	12749.0	13026.0
5.0	6.0	6.0	6.0	9.0	11.0	13.0	14.0	18.0	20.0	27.0	31.0	35.0	45.0	60.0	77.0	90.0	108.0	131.0	158.0	182.0	203.0	231.0	277.0	333.0	381.0	450.0	531.0	615.0	701.0	801.0	962.0	1126.0	1298.0	1495.0	1727.0	1999.0	2311.0	2688.0	3095.0	3545.0	4094.0	4717.0	5424.0	6350.0	7360.0	8509.0	9775.0	11236.0	12930.0	14889.0	17132.0	18331.0	19542.0	20690.0	21947.0	23223.0	24411.0	25680.0	26895.0	28117.0	29316.0	30513.0	31682.0	32946.0	34093.0	35247.0	36373.0	37509.0	38667.0	39776.0	40890.0	41974.0	43062.0	44175.0	45233.0	46320.0	47371.0	48381.0	49392.0	50401.0	51364.0	52380.0	53320.0	54263.0	55169.0	56025.0	56923.0	57816.0	58709.0	59522.0	60367.0	61186.0	62009.0	62786.0	63505.0	64265.0	64978.0	65679.0	66393.0	67033.0	67710.0	68378.0	68996.0	69609.0	70232.0	70826.0	71399.0	71963.0	72491.0	73028.0	73552.0	74049.0
5.0	6.0	8.0	11.0	13.0	19.0	25.0	28.0	37.0	41.0	48.0	54.0	66.0	83.0	95.0	110.0	130.0	153.0	177.0	208.0	250.0	286.0	348.0	422.0	501.0	591.0	699.0	831.0	988.0	1139.0	1328.0	1554.0	1814.0	2116.0	2434.0	2787.0	3259.0	3781.0	4383.0	5126.0	5955.0	6890.0	7969.0	9211.0	10644.0	12244.0	14027.0	16241.0	18766.0	21643.0	24996.0	28748.0	30591.0	32475.0	34422.0	36394.0	38339.0	40295.0	42151.0	43998.0	45780.0	47617.0	49441.0	51169.0	52853.0	54495.0	56180.0	57795.0	59408.0	60919.0	62374.0	63872.0	65294.0	66686.0	68062.0	69399.0	70728.0	72030.0	73329.0	74527.0	75733.0	76967.0	78106.0	79246.0	80291.0	81318.0	82338.0	83360.0	84284.0	85209.0	86054.0	86925.0	87709.0	88503.0	89278.0	89999.0	90680.0	91334.0	92001.0	92630.0	93206.0	93762.0	94293.0	94799.0	95305.0	95776.0	96202.0	96618.0	97012.0	97437.0	97838.0	98168.0	98495.0
5.0	6.0	6.0	8.0	11.0	14.0	18.0	22.0	29.0	34.0	44.0	52.0	66.0	78.0	94.0	108.0	131.0	157.0	188.0	221.0	253.0	288.0	342.0	387.0	452.0	518.0	591.0	682.0	790.0	921.0	1078.0	1253.0	1440.0	1656.0	1931.0	2233.0	2570.0	2987.0	3491.0	4077.0	4747.0	5545.0	6464.0	7510.0	8760.0	10141.0	11760.0	13627.0	15798.0	18285.0	21162.0	24436.0	26061.0	27696.0	29437.0	31192.0	32934.0	34618.0	36324.0	38011.0	39689.0	41318.0	42974.0	44517.0	46062.0	47596.0	49120.0	50601.0	52065.0	53523.0	54948.0	56386.0	57775.0	59124.0	60407.0	61728.0	63021.0	64278.0	65567.0	66767.0	67908.0	69063.0	70147.0	71211.0	72254.0	73251.0	74233.0	75233.0	76184.0	77077.0	77880.0	78711.0	79582.0	80416.0	81190.0	81912.0	82603.0	83284.0	83991.0	84646.0	85270.0	85856.0	86431.0	86986.0	87492.0	87998.0	88454.0	88903.0	89380.0	89872.0	90275.0	90696.0	91095.0
5.0	6.0	6.0	7.0	8.0	8.0	8.0	10.0	11.0	14.0	16.0	19.0	22.0	25.0	33.0	39.0	47.0	52.0	57.0	67.0	72.0	80.0	90.0	98.0	110.0	126.0	140.0	167.0	196.0	234.0	265.0	326.0	377.0	437.0	529.0	616.0	714.0	811.0	935.0	1069.0	1231.0	1455.0	1690.0	1955.0	2276.0	2632.0	3062.0	3611.0	4192.0	4953.0	5802.0	6751.0	7235.0	7734.0	8249.0	8777.0	9283.0	9809.0	10346.0	10881.0	11439.0	11961.0	12488.0	13060.0	13596.0	14153.0	14715.0	15255.0	15807.0	16343.0	16897.0	17478.0	18073.0	18664.0	19251.0	19841.0	20459.0	21067.0	21679.0	22246.0	22833.0	23439.0	24101.0	24739.0	25346.0	25977.0	26576.0	27198.0	27801.0	28464.0	29109.0	29740.0	30328.0	30931.0	31616.0	32219.0	32810.0	33386.0	34012.0	34640.0	35229.0	35786.0	36400.0	36988.0	37531.0	38112.0	38715.0	39334.0	39967.0	40550.0	41115.0	41684.0	42251.0
5.0	5.0	7.0	8.0	11.0	14.0	17.0	22.0	22.0	25.0	27.0	31.0	40.0	50.0	56.0	60.0	73.0	80.0	88.0	104.0	127.0	154.0	178.0	209.0	243.0	279.0	324.0	382.0	452.0	513.0	587.0	677.0	765.0	891.0	1033.0	1184.0	1356.0	1534.0	1770.0	2056.0	2372.0	2750.0	3221.0	3718.0	4286.0	4950.0	5780.0	6683.0	7794.0	9050.0	10510.0	12184.0	13040.0	13949.0	14871.0	15819.0	16754.0	17707.0	18647.0	19631.0	20566.0	21544.0	22531.0	23485.0	24443.0	25363.0	26302.0	27302.0	28277.0	29248.0	30180.0	31163.0	32095.0	33022.0	33923.0	34907.0	35852.0	36789.0	37696.0	38655.0	39558.0	40478.0	41420.0	42302.0	43168.0	44055.0	44933.0	45816.0	46649.0	47504.0	48306.0	49094.0	49915.0	50733.0	51452.0	52208.0	52914.0	53624.0	54340.0	55043.0	55767.0	56479.0	57169.0	57806.0	58413.0	59018.0	59644.0	60265.0	60872.0	61499.0	62051.0	62562.0	63103.0
5.0	5.0	6.0	6.0	8.0	11.0	13.0	14.0	17.0	19.0	23.0	24.0	28.0	33.0	35.0	40.0	41.0	45.0	50.0	59.0	68.0	77.0	86.0	98.0	116.0	133.0	160.0	185.0	221.0	249.0	287.0	326.0	379.0	433.0	488.0	561.0	633.0	707.0	809.0	945.0	1092.0	1266.0	1487.0	1701.0	1981.0	2305.0	2674.0	3121.0	3596.0	4199.0	4903.0	5640.0	6040.0	6419.0	6852.0	7302.0	7731.0	8175.0	8638.0	9088.0	9574.0	10051.0	10537.0	11007.0	11509.0	12014.0	12511.0	13030.0	13557.0	14035.0	14549.0	15077.0	15625.0	16137.0	16716.0	17274.0	17843.0	18414.0	18964.0	19569.0	20121.0	20707.0	21312.0	21904.0	22465.0	23010.0	23631.0	24205.0	24825.0	25423.0	26014.0	26576.0	27192.0	27796.0	28357.0	28958.0	29556.0	30148.0	30759.0	31366.0	31970.0	32541.0	33136.0	33701.0	34319.0	34897.0	35472.0	36071.0	36661.0	37221.0	37776.0	38354.0	38910.0
5.0	8.0	9.0	10.0	12.0	13.0	14.0	16.0	18.0	19.0	21.0	22.0	23.0	25.0	27.0	33.0	34.0	38.0	40.0	41.0	48.0	52.0	59.0	64.0	78.0	87.0	96.0	109.0	130.0	143.0	161.0	191.0	214.0	248.0	289.0	333.0	383.0	448.0	511.0	600.0	708.0	810.0	939.0	1088.0	1277.0	1486.0	1709.0	2003.0	2323.0	2725.0	3166.0	3680.0	3968.0	4244.0	4536.0	4810.0	5125.0	5416.0	5740.0	6055.0	6334.0	6664.0	6979.0	7309.0	7656.0	7959.0	8274.0	8616.0	8983.0	9330.0	9659.0	9989.0	10338.0	10671.0	11029.0	11400.0	11770.0	12117.0	12467.0	12870.0	13245.0	13649.0	14036.0	14448.0	14864.0	15272.0	15676.0	16091.0	16531.0	16943.0	17392.0	17848.0	18272.0	18709.0	19198.0	19608.0	20092.0	20579.0	21019.0	21474.0	21946.0	22415.0	22858.0	23308.0	23736.0	24187.0	24636.0	25113.0	25582.0	26095.0	26550.0	27029.0	27517.0
5.0	8.0	11.0	14.0	20.0	24.0	33.0	41.0	52.0	65.0	74.0	88.0	105.0	117.0	141.0	165.0	201.0	236.0	288.0	342.0	401.0	491.0	589.0	694.0	809.0	953.0	1128.0	1330.0	1572.0	1830.0	2140.0	2519.0	2938.0	3447.0	4045.0	4707.0	5493.0	6430.0	7479.0	8684.0	10059.0	11578.0	13434.0	15551.0	18015.0	20804.0	23992.0	27704.0	31737.0	36478.0	41715.0	47506.0	50451.0	53462.0	56411.0	59361.0	62337.0	65223.0	68179.0	70966.0	73490.0	76020.0	78444.0	80840.0	83141.0	85315.0	87485.0	89594.0	91443.0	93316.0	95254.0	97011.0	98722.0	100370.0	101835.0	103319.0	104748.0	106073.0	107395.0	108585.0	109749.0	110872.0	111901.0	112851.0	113810.0	114716.0	115601.0	116393.0	117174.0	117888.0	118588.0	119278.0	119933.0	120550.0	121141.0	121683.0	122254.0	122740.0	123213.0	123650.0	124056.0	124444.0	124826.0	125193.0	125514.0	125813.0	126115.0	126380.0	126617.0	126855.0	127115.0	127339.0	127537.0
5.0	7.0	9.0	11.0	13.0	18.0	24.0	26.0	30.0	31.0	34.0	37.0	44.0	47.0	52.0	57.0	65.0	73.0	78.0	88.0	95.0	109.0	122.0	135.0	157.0	177.0	212.0	243.0	275.0	313.0	368.0	420.0	507.0	592.0	664.0	769.0	885.0	1024.0	1192.0	1390.0	1622.0	1875.0	2153.0	2487.0	2911.0	3390.0	3910.0	4530.0	5238.0	6058.0	7047.0	8269.0	8837.0	9465.0	10093.0	10702.0	11356.0	11942.0	12555.0	13152.0	13830.0	14491.0	15138.0	15786.0	16444.0	17080.0	17742.0	18447.0	19130.0	19821.0	20489.0	21201.0	21892.0	22581.0	23265.0	23984.0	24696.0	25397.0	26082.0	26828.0	27581.0	28349.0	29067.0	29829.0	30559.0	31288.0	32015.0	32777.0	33518.0	34268.0	35022.0	35720.0	36437.0	37115.0	37854.0	38570.0	39238.0	39963.0	40677.0	41398.0	42049.0	42712.0	43332.0	44010.0	44609.0	45220.0	45842.0	46488.0	47048.0	47636.0	48221.0	48779.0	49294.0
5.0	7.0	8.0	10.0	12.0	12.0	17.0	20.0	26.0	30.0	35.0	39.0	48.0	64.0	75.0	84.0	101.0	117.0	132.0	164.0	190.0	217.0	253.0	295.0	356.0	410.0	493.0	572.0	661.0	779.0	907.0	1037.0	1205.0	1408.0	1652.0	1915.0	2217.0	2594.0	3001.0	3480.0	4010.0	4640.0	5433.0	6290.0	7291.0	8426.0	9807.0	11308.0	13115.0	15021.0	17345.0	20008.0	21317.0	22726.0	24215.0	25686.0	27141.0	28610.0	30008.0	31421.0	32742.0	34087.0	35409.0	36713.0	38022.0	39302.0	40623.0	41916.0	43171.0	44430.0	45684.0	46935.0	48097.0	49332.0	50557.0	51685.0	52860.0	54036.0	55146.0	56326.0	57429.0	58498.0	59557.0	60578.0	61620.0	62622.0	63599.0	64600.0	65565.0	66504.0	67451.0	68324.0	69144.0	69984.0	70801.0	71547.0	72300.0	73071.0	73801.0	74488.0	75174.0	75848.0	76483.0	77094.0	77672.0	78256.0	78806.0	79372.0	79918.0	80447.0	80960.0	81476.0	81895.0
5.0	5.0	7.0	7.0	7.0	9.0	11.0	14.0	16.0	18.0	20.0	24.0	26.0	28.0	34.0	41.0	49.0	56.0	60.0	69.0	77.0	87.0	102.0	118.0	137.0	157.0	185.0	211.0	248.0	285.0	330.0	381.0	451.0	542.0	640.0	757.0	893.0	1050.0	1238.0	1412.0	1639.0	1889.0	2182.0	2564.0	2984.0	3422.0	3998.0	4664.0	5392.0	6261.0	7236.0	8369.0	8995.0	9628.0	10247.0	10895.0	11529.0	12228.0	12898.0	13564.0	14240.0	14922.0	15601.0	16286.0	16979.0	17627.0	18308.0	18954.0	19628.0	20344.0	21050.0	21819.0	22543.0	23275.0	23988.0	24712.0	25446.0	26192.0	26936.0	27638.0	28367.0	29076.0	29796.0	30518.0	31229.0	31976.0	32717.0	33425.0	34153.0	34798.0	35500.0	36160.0	36851.0	37508.0	38157.0	38835.0	39492.0	40134.0	40842.0	41528.0	42156.0	42740.0	43413.0	44026.0	44654.0	45291.0	45864.0	46489.0	47068.0	47640.0	48230.0	48820.0	49367.0
5.0	5.0	5.0	7.0	7.0	7.0	9.0	9.0	9.0	9.0	11.0	13.0	14.0	14.0	17.0	19.0	20.0	24.0	29.0	34.0	39.0	45.0	55.0	66.0	77.0	88.0	106.0	126.0	140.0	166.0	191.0	225.0	280.0	319.0	374.0	425.0	500.0	576.0	670.0	776.0	902.0	1045.0	1231.0	1421.0	1657.0	1900.0	2255.0	2625.0	3073.0	3582.0	4203.0	4896.0	5231.0	5576.0	5913.0	6325.0	6726.0	7086.0	7435.0	7828.0	8211.0	8606.0	8987.0	9353.0	9745.0	10127.0	10497.0	10889.0	11269.0	11663.0	12061.0	12461.0	12831.0	13254.0	13673.0	14071.0	14523.0	14967.0	15397.0	15846.0	16319.0	16793.0	17256.0	17704.0	18147.0	18624.0	19096.0	19596.0	20071.0	20524.0	21017.0	21512.0	22003.0	22506.0	22984.0	23479.0	24013.0	24571.0	25092.0	25593.0	26118.0	26659.0	27184.0	27716.0	28246.0	28775.0	29284.0	29830.0	30397.0	30933.0	31503.0	32002.0	32528.0
