5.0,6.0,9.0,12.0,11.0,11.0,18.0,22.0,26.0,28.0,34.0,33.0,44.0,50.0,60.0,66.0,73.0,95.0,128.0,144.0,170.0,211.0,259.0,304.0,349.0,426.0,516.0,583.0,679.0,781.0,921.0,1093.0,1290.0,1590.0,1904.0,2293.0,2681.0,3189.0,3767.0,4464.0,5177.0,6187.0,7166.0,8288.0,9743.0,11540.0,13471.0,12758.0,11747.0,10395.0,8939.0,7781.0,6829.0,6047.0,5362.0,4796.0,4288.0,3782.0,3297.0,2898.0,2547.0,2176.0,1865.0,1601.0,1408.0,1212.0,1051.0,889.0,768.0,660.0,563.0,473.0,415.0,341.0,302.0,264.0,232.0,192.0,173.0,151.0,133.0,107.0,92.0,79.0,67.0,53.0
5.0,6.0,5.0,5.0,5.0,4.0,3.0,4.0,3.0,3.0,3.0,6.0,6.0,5.0,4.0,4.0,6.0,5.0,8.0,11.0,11.0,11.0,10.0,11.0,16.0,23.0,26.0,26.0,33.0,37.0,42.0,53.0,55.0,71.0,92.0,107.0,114.0,135.0,146.0,173.0,197.0,245.0,282.0,335.0,387.0,444.0,522.0,493.0,453.0,422.0,362.0,334.0,288.0,243.0,221.0,206.0,179.0,154.0,136.0,121.0,103.0,90.0,74.0,75.0,66.0,60.0,51.0,39.0,38.0,31.0,28.0,23.0,20.0,17.0,17.0,18.0,17.0,17.0,12.0,8.0,6.0,4.0,2.0,2.0,3.0,3.0
5.0,8.0,7.0,9.0,11.0,11.0,12.0,12.0,15.0,18.0,26.0,27.0,35.0,39.0,41.0,42.0,53.0,64.0,78.0,98.0,114.0,138.0,159.0,184.0,216.0,256.0,299.0,367.0,443.0,505.0,581.0,689.0,841.0,988.0,1128.0,1360.0,1640.0,1974.0,2288.0,2697.0,3194.0,3720.0,4443.0,5314.0,6302.0,7488.0,8943.0,8486.0,7851.0,6929.0,5969.0,5197.0,4566.0,4017.0,3530.0,3097.0,2758.0,2405.0,2089.0,1821.0,1575.0,1378.0,1200.0,1028.0,904.0,781.0,688.0,591.0,524.0,472.0,414.0,383.0,327.0,277.0,253.0,235.0,195.0,172.0,153.0,121.0,100.0,85.0,81.0,78.0,68.0,58.0
5.0,7.0,7.0,8.0,9.0,9.0,8.0,12.0,14.0,17.0,22.0,24.0,29.0,32.0,39.0,45.0,46.0,57.0,65.0,80.0,111.0,121.0,140.0,173.0,212.0,229.0,288.0,336.0,401.0,466.0,536.0,632.0,753.0,893.0,1042.0,1201.0,1434.0,1711.0,1982.0,2357.0,2766.0,3310.0,3920.0,4585.0,5454.0,6438.0,7545.0,7067.0,6562.0,5799.0,5028.0,4351.0,3826.0,3377.0,2997.0,2715.0,2429.0,2131.0,1859.0,1596.0,1366.0,1217.0,1071.0,925.0,828.0,711.0,637.0,532.0,462.0,391.0,337.0,278.0,263.0,222.0,185.0,170.0,139.0,117.0,112.0,97.0,89.0,83.0,75.0,69.0,60.0,45.0
5.0,5.0,7.0,10.0,9.0,11.0,12.0,15.0,14.0,23.0,29.0,33.0,43.0,50.0,77.0,90.0,105.0,132.0,165.0,201.0,237.0,272.0,341.0,413.0,487.0,585.0,669.0,791.0,919.0,1071.0,1277.0,1563.0,1880.0,2249.0,2697.0,3260.0,3840.0,4599.0,5451.0,6359.0,7481.0,8790.0,10441.0,12206.0,14232.0,16587.0,19305.0,18260.0,16777.0,14812.0,12785.0,10968.0,9443.0,8276.0,7273.0,6443.0,5656.0,4961.0,4375.0,3799.0,3282.0,2902.0,2453.0,2106.0,1837.0,1571.0,1406.0,1177.0,1025.0,905.0,774.0,663.0,543.0,456.0,397.0,356.0,333.0,290.0,255.0,205.0,172.0,163.0,143.0,121.0,107.0,86.0
5.0,6.0,6.0,7.0,8.0,9.0,15.0,17.0,24.0,31.0,37.0,36.0,47.0,61.0,71.0,77.0,98.0,115.0,129.0,152.0,181.0,235.0,286.0,352.0,424.0,476.0,563.0,623.0,742.0,901.0,1075.0,1295.0,1531.0,1798.0,2120.0,2510.0,2949.0,3473.0,4106.0,4785.0,5575.0,6567.0,7788.0,9209.0,10874.0,12841.0,15109.0,14318.0,13159.0,11719.0,10245.0,8924.0,7764.0,6864.0,5970.0,5352.0,4738.0,4137.0,3645.0,3137.0,2714.0,2375.0,2049.0,1718.0,1515.0,1308.0,1132.0,978.0,869.0,765.0,648.0,564.0,492.0,425.0,384.0,340.0,276.0,243.0,209.0,193.0,162.0,138.0,106.0,93.0,84.0,68.0
5.0,6.0,8.0,7.0,7.0,6.0,10.0,13.0,14.0,20.0,29.0,34.0,33.0,41.0,50.0,60.0,74.0,95.0,106.0,118.0,145.0,164.0,199.0,233.0,297.0,338.0,405.0,471.0,583.0,663.0,829.0,1011.0,1221.0,1403.0,1662.0,1930.0,2294.0,2695.0,3152.0,3818.0,4508.0,5363.0,6417.0,7595.0,8970.0,10492.0,12309.0,11588.0,10645.0,9374.0,8086.0,7002.0,6116.0,5326.0,4767.0,4196.0,3703.0,3237.0,2837.0,2467.0,2181.0,1912.0,1616.0,1414.0,1215.0,1082.0,940.0,800.0,697.0,563.0,453.0,405.0,362.0,322.0,270.0,221.0,189.0,156.0,139.0,125.0,107.0,96.0,88.0,75.0,61.0,63.0
5.0,5.0,6.0,6.0,4.0,8.0,8.0,8.0,9.0,11.0,12.0,14.0,13.0,11.0,16.0,27.0,36.0,46.0,58.0,66.0,73.0,92.0,101.0,132.0,163.0,190.0,210.0,241.0,291.0,349.0,418.0,484.0,566.0,654.0,778.0,924.0,1095.0,1249.0,1473.0,1740.0,2062.0,2434.0,2888.0,3410.0,4067.0,4802.0,5692.0,5419.0,4998.0,4448.0,3911.0,3465.0,3005.0,2658.0,2358.0,2124.0,1849.0,1619.0,1395.0,1213.0,1059.0,940.0,809.0,687.0,603.0,512.0,462.0,391.0,330.0,285.0,237.0,216.0,182.0,154.0,140.0,122.0,114.0,94.0,86.0,78.0,66.0,57.0,48.0,45.0,40.0,34.0
5.0,7.0,9.0,11.0,12.0,13.0,14.0,18.0,19.0,20.0,20.0,23.0,30.0,33.0,42.0,47.0,47.0,58.0,62.0,77.0,88.0,107.0,132.0,160.0,190.0,215.0,267.0,319.0,377.0,442.0,518.0,618.0,744.0,875.0,1011.0,1199.0,1400.0,1667.0,1958.0,2334.0,2723.0,3207.0,3838.0,4531.0,5354.0,6280.0,7434.0,7099.0,6534.0,5846.0,5119.0,4439.0,3957.0,3489.0,3062.0,2725.0,2391.0,2105.0,1861.0,1629.0,1428.0,1263.0,1070.0,919.0,793.0,698.0,622.0,550.0,458.0,381.0,341.0,305.0,248.0,211.0,192.0,160.0,138.0,122.0,108.0,100.0,80.0,77.0,72.0,55.0,44.0,38.0
5.0,7.0,8.0,11.0,12.0,10.0,15.0,19.0,18.0,22.0,32.0,37.0,38.0,41.0,50.0,56.0,68.0,84.0,105.0,122.0,145.0,178.0,212.0,248.0,283.0,332.0,406.0,499.0,601.0,699.0,829.0,989.0,1199.0,1420.0,1669.0,1951.0,2330.0,2695.0,3271.0,3855.0,4572.0,5287.0,6131.0,7173.0,8437.0,9952.0,11714.0,11117.0,10276.0,9059.0,7986.0,6927.0,6124.0,5437.0,4752.0,4225.0,3807.0,3346.0,2972.0,2536.0,2201.0,1873.0,1602.0,1391.0,1220.0,1092.0,981.0,868.0,732.0,614.0,523.0,461.0,377.0,336.0,291.0,260.0,240.0,211.0,179.0,144.0,116.0,99.0,90.0,86.0,73.0,62.0
5.0,6.0,8.0,11.0,13.0,17.0,18.0,22.0,20.0,22.0,23.0,25.0,29.0,36.0,39.0,41.0,49.0,60.0,67.0,80.0,96.0,109.0,119.0,132.0,163.0,202.0,242.0,276.0,323.0,371.0,436.0,515.0,608.0,745.0,889.0,1086.0,1267.0,1453.0,1698.0,2005.0,2380.0,2802.0,3268.0,3926.0,4675.0,5501.0,6459.0,6135.0,5603.0,4929.0,4252.0,3709.0,3263.0,2899.0,2628.0,2328.0,2068.0,1836.0,1598.0,1424.0,1248.0,1128.0,1037.0,888.0,769.0,651.0,565.0,480.0,381.0,340.0,292.0,248.0,215.0,177.0,154.0,138.0,123.0,111.0,99.0,94.0,83.0,71.0,61.0,49.0,46.0,37.0
5.0,5.0,5.0,7.0,8.0,10.0,10.0,14.0,16.0,19.0,19.0,19.0,19.0,21.0,19.0,21.0,22.0,25.0,23.0,30.0,41.0,55.0,63.0,73.0,85.0,100.0,113.0,130.0,150.0,187.0,235.0,271.0,307.0,366.0,428.0,521.0,632.0,753.0,923.0,1092.0,1284.0,1531.0,1838.0,2157.0,2536.0,3037.0,3562.0,3402.0,3205.0,2823.0,2427.0,2122.0,1872.0,1663.0,1461.0,1290.0,1132.0,996.0,893.0,765.0,669.0,595.0,520.0,459.0,398.0,354.0,316.0,280.0,250.0,197.0,177.0,155.0,132.0,117.0,106.0,87.0,74.0,62.0,58.0,53.0,47.0,44.0,33.0,31.0,27.0,24.0
5.0,8.0,9.0,11.0,11.0,9.0,9.0,17.0,24.0,31.0,35.0,43.0,53.0,57.0,68.0,74.0,89.0,102.0,116.0,134.0,154.0,188.0,228.0,285.0,338.0,391.0,462.0,554.0,656.0,793.0,933.0,1079.0,1246.0,1478.0,1729.0,2028.0,2427.0,2820.0,3394.0,4031.0,4805.0,5658.0,6702.0,7830.0,9187.0,10754.0,12628.0,12039.0,11061.0,9895.0,8602.0,7483.0,6501.0,5667.0,5029.0,4544.0,4009.0,3553.0,3102.0,2737.0,2393.0,2072.0,1807.0,1565.0,1392.0,1216.0,1035.0,913.0,785.0,670.0,550.0,474.0,414.0,371.0,332.0,291.0,248.0,212.0,195.0,173.0,146.0,129.0,102.0,84.0,72.0,63.0
5.0,7.0,9.0,10.0,11.0,12.0,10.0,14.0,24.0,27.0,31.0,35.0,38.0,42.0,44.0,51.0,65.0,81.0,101.0,125.0,160.0,190.0,211.0,253.0,311.0,360.0,405.0,481.0,552.0,645.0,803.0,951.0,1143.0,1329.0,1575.0,1848.0,2153.0,2564.0,3046.0,3541.0,4227.0,5005.0,5973.0,7105.0,8395.0,9863.0,11505.0,10972.0,10040.0,8959.0,7713.0,6748.0,5810.0,5113.0,4544.0,3959.0,3517.0,3066.0,2696.0,2377.0,2055.0,1799.0,1542.0,1356.0,1198.0,1061.0,919.0,783.0,674.0,592.0,509.0,444.0,393.0,339.0,302.0,254.0,229.0,198.0,181.0,159.0,130.0,105.0,91.0,79.0,68.0,57.0
5.0,7.0,9.0,12.0,15.0,20.0,26.0,35.0,41.0,42.0,41.0,43.0,48.0,71.0,86.0,95.0,118.0,132.0,152.0,180.0,212.0,253.0,307.0,387.0,457.0,521.0,628.0,734.0,852.0,986.0,1173.0,1386.0,1680.0,1962.0,2387.0,2808.0,3355.0,4008.0,4725.0,5599.0,6616.0,7825.0,9136.0,10624.0,12483.0,14838.0,17281.0,16349.0,15024.0,13266.0,11519.0,10078.0,8767.0,7666.0,6727.0,5926.0,5179.0,4546.0,4013.0,3486.0,2992.0,2643.0,2298.0,2036.0,1810.0,1570.0,1363.0,1189.0,1033.0,914.0,804.0,686.0,623.0,550.0,483.0,405.0,336.0,272.0,223.0,173.0,149.0,151.0,140.0,125.0,105.0,89.0
5.0,6.0,7.0,8.0,9.0,11.0,12.0,15.0,17.0,20.0,26.0,32.0,36.0,43.0,55.0,78.0,92.0,105.0,105.0,124.0,165.0,193.0,228.0,255.0,304.0,360.0,432.0,503.0,596.0,700.0,806.0,970.0,1167.0,1415.0,1650.0,1988.0,2368.0,2815.0,3361.0,3908.0,4651.0,5493.0,6434.0,7670.0,8982.0,10580.0,12347.0,11727.0,10779.0,9611.0,8368.0,7241.0,6328.0,5569.0,4982.0,4409.0,3892.0,3412.0,3029.0,2605.0,2286.0,1964.0,1700.0,1499.0,1298.0,1130.0,964.0,857.0,736.0,613.0,511.0,414.0,370.0,307.0,274.0,233.0,202.0,179.0,150.0,133.0,107.0,94.0,80.0,66.0,57.0,49.0
5.0,6.0,6.0,8.0,7.0,7.0,7.0,10.0,14.0,21.0,28.0,32.0,40.0,46.0,46.0,49.0,63.0,89.0,115.0,141.0,159.0,197.0,230.0,266.0,302.0,344.0,432.0,504.0,597.0,721.0,850.0,1023.0,1201.0,1392.0,1675.0,1993.0,2384.0,2777.0,3305.0,3915.0,4630.0,5325.0,6207.0,7240.0,8505.0,9980.0,11713.0,11059.0,10194.0,9056.0,7778.0,6762.0,5947.0,5255.0,4748.0,4216.0,3752.0,3259.0,2823.0,2446.0,2120.0,1836.0,1626.0,1428.0,1247.0,1069.0,955.0,825.0,708.0,611.0,536.0,465.0,410.0,364.0,305.0,259.0,220.0,193.0,160.0,142.0,123.0,108.0,96.0,83.0,70.0,60.0
5.0,7.0,9.0,11.0,12.0,15.0,16.0,19.0,21.0,25.0,29.0,27.0,39.0,46.0,64.0,73.0,82.0,100.0,117.0,133.0,158.0,184.0,219.0,283.0,342.0,429.0,510.0,615.0,740.0,884.0,1038.0,1230.0,1444.0,1731.0,2066.0,2448.0,2913.0,3400.0,4029.0,4727.0,5500.0,6521.0,7662.0,9019.0,10650.0,12435.0,14516.0,13790.0,12550.0,11070.0,9548.0,8204.0,7116.0,6276.0,5537.0,4879.0,4300.0,3777.0,3329.0,2862.0,2512.0,2199.0,1905.0,1654.0,1411.0,1227.0,1070.0,915.0,816.0,699.0,612.0,530.0,475.0,406.0,352.0,321.0,276.0,236.0,205.0,170.0,155.0,122.0,105.0,100.0,91.0,80.0
5.0,7.0,8.0,8.0,10.0,12.0,18.0,21.0,18.0,22.0,32.0,45.0,55.0,76.0,95.0,117.0,134.0,155.0,183.0,229.0,287.0,335.0,421.0,501.0,574.0,688.0,773.0,904.0,1076.0,1297.0,1581.0,1922.0,2248.0,2638.0,3138.0,3708.0,4379.0,5116.0,5981.0,7100.0,8403.0,9869.0,11604.0,13622.0,15742.0,18262.0,21107.0,19854.0,18154.0,15970.0,13849.0,11876.0,10330.0,9016.0,7889.0,6937.0,6094.0,5345.0,4644.0,4023.0,3467.0,2986.0,2606.0,2255.0,1935.0,1686.0,1458.0,1225.0,1056.0,887.0,752.0,642.0,566.0,497.0,435.0,376.0,330.0,292.0,273.0,227.0,194.0,169.0,147.0,129.0,102.0,79.0
5.0,7.0,6.0,7.0,8.0,11.0,11.0,17.0,21.0,26.0,29.0,34.0,47.0,64.0,76.0,88.0,100.0,106.0,138.0,162.0,202.0,242.0,286.0,335.0,405.0,465.0,553.0,643.0,780.0,916.0,1116.0,1338.0,1576.0,1892.0,2182.0,2639.0,3154.0,3748.0,4490.0,5335.0,6251.0,7344.0,8516.0,10061.0,11759.0,13689.0,15856.0,15066.0,13802.0,12149.0,10502.0,9040.0,7866.0,6977.0,6130.0,5387.0,4660.0,4030.0,3615.0,3180.0,2729.0,2375.0,2051.0,1795.0,1506.0,1310.0,1141.0,969.0,836.0,727.0,620.0,539.0,470.0,426.0,366.0,322.0,282.0,250.0,212.0,179.0,151.0,128.0,107.0,88.0,74.0,63.0
5.0,6.0,11.0,14.0,13.0,14.0,14.0,15.0,17.0,20.0,25.0,28.0,32.0,39.0,54.0,67.0,83.0,99.0,124.0,137.0,168.0,188.0,227.0,274.0,317.0,395.0,491.0,572.0,696.0,834.0,986.0,1164.0,1383.0,1634.0,1896.0,2189.0,2591.0,3075.0,3648.0,4282.0,5086.0,5972.0,6958.0,8205.0,9653.0,11198.0,13192.0,12562.0,11632.0,10376.0,9031.0,7875.0,6867.0,6105.0,5419.0,4734.0,4132.0,3677.0,3179.0,2766.0,2400.0,2079.0,1811.0,1549.0,1358.0,1196.0,1020.0,909.0,784.0,656.0,560.0,475.0,386.0,340.0,300.0,265.0,231.0,181.0,157.0,134.0,109.0,102.0,81.0,77.0,66.0,51.0
5.0,7.0,9.0,12.0,14.0,15.0,20.0,27.0,34.0,39.0,46.0,63.0,72.0,78.0,87.0,105.0,121.0,148.0,162.0,184.0,211.0,241.0,289.0,353.0,408.0,467.0,547.0,648.0,752.0,893.0,1017.0,1245.0,1482.0,1741.0,2037.0,2400.0,2841.0,3402.0,4116.0,4803.0,5650.0,6593.0,7717.0,9004.0,10500.0,12323.0,14229.0,13435.0,12393.0,10970.0,9580.0,8295.0,7183.0,6326.0,5623.0,4937.0,4342.0,3829.0,3299.0,2844.0,2483.0,2137.0,1839.0,1604.0,1357.0,1159.0,996.0,862.0,754.0,663.0,585.0,516.0,442.0,386.0,312.0,288.0,246.0,208.0,194.0,164.0,140.0,126.0,122.0,102.0,99.0,89.0
5.0,7.0,9.0,10.0,11.0,11.0,14.0,19.0,25.0,33.0,38.0,45.0,57.0,68.0,83.0,89.0,104.0,127.0,149.0,187.0,221.0,276.0,324.0,369.0,441.0,512.0,623.0,754.0,897.0,1070.0,1301.0,1517.0,1766.0,2032.0,2408.0,2912.0,3556.0,4246.0,5009.0,5933.0,7086.0,8311.0,9717.0,11375.0,13382.0,15636.0,18022.0,16983.0,15602.0,13834.0,11963.0,10481.0,9131.0,8015.0,7052.0,6214.0,5488.0,4800.0,4129.0,3628.0,3195.0,2779.0,2384.0,2102.0,1853.0,1593.0,1346.0,1155.0,975.0,818.0,687.0,586.0,515.0,430.0,398.0,344.0,292.0,262.0,229.0,218.0,189.0,163.0,143.0,111.0,96.0,81.0
5.0,6.0,7.0,6.0,8.0,8.0,9.0,11.0,11.0,13.0,17.0,21.0,30.0,44.0,52.0,69.0,86.0,109.0,131.0,148.0,162.0,195.0,240.0,291.0,339.0,388.0,446.0,510.0,608.0,707.0,840.0,1017.0,1183.0,1415.0,1689.0,2050.0,2405.0,2816.0,3364.0,3933.0,4642.0,5426.0,6316.0,7448.0,8752.0,10252.0,12060.0,11463.0,10528.0,9351.0,8051.0,6940.0,6065.0,5383.0,4778.0,4223.0,3716.0,3259.0,2872.0,2583.0,2204.0,1931.0,1663.0,1444.0,1249.0,1074.0,913.0,794.0,683.0,585.0,520.0,437.0,387.0,331.0,280.0,258.0,233.0,203.0,173.0,162.0,138.0,118.0,98.0,86.0,72.0,64.0
5.0,9.0,12.0,17.0,20.0,22.0,25.0,27.0,32.0,43.0,53.0,73.0,87.0,102.0,122.0,151.0,157.0,169.0,197.0,237.0,297.0,364.0,442.0,518.0,615.0,740.0,854.0,1018.0,1195.0,1386.0,1670.0,1954.0,2278.0,2707.0,3166.0,3720.0,4376.0,5173.0,6134.0,7214.0,8482.0,9916.0,11585.0,13561.0,15797.0,18387.0,21462.0,20250.0,18470.0,16167.0,13917.0,12021.0,10503.0,9205.0,8190.0,7234.0,6369.0,5596.0,4899.0,4195.0,3619.0,3105.0,2705.0,2309.0,2002.0,1713.0,1470.0,1263.0,1101.0,898.0,761.0,681.0,621.0,545.0,454.0,371.0,315.0,275.0,259.0,217.0,188.0,155.0,134.0,115.0,100.0,90.0
5.0,5.0,7.0,7.0,6.0,5.0,6.0,5.0,7.0,9.0,10.0,10.0,12.0,12.0,13.0,18.0,24.0,26.0,30.0,38.0,48.0,62.0,75.0,88.0,99.0,120.0,129.0,151.0,181.0,208.0,238.0,271.0,317.0,383.0,484.0,577.0,704.0,838.0,1005.0,1199.0,1415.0,1688.0,2019.0,2368.0,2795.0,3300.0,3872.0,3684.0,3449.0,3126.0,2725.0,2387.0,2068.0,1828.0,1653.0,1451.0,1283.0,1163.0,1028.0,891.0,772.0,684.0,594.0,506.0,440.0,371.0,299.0,265.0,243.0,208.0,178.0,160.0,139.0,116.0,97.0,86.0,66.0,60.0,51.0,43.0,35.0,26.0,23.0,26.0,20.0,20.0
5.0,5.0,6.0,7.0,7.0,6.0,7.0,6.0,4.0,5.0,3.0,2.0,2.0,3.0,3.0,4.0,7.0,7.0,7.0,5.0,7.0,12.0,11.0,15.0,19.0,22.0,28.0,29.0,29.0,33.0,29.0,34.0,42.0,55.0,65.0,67.0,79.0,93.0,108.0,128.0,140.0,165.0,211.0,233.0,290.0,339.0,429.0,416.0,387.0,343.0,295.0,248.0,213.0,193.0,171.0,148.0,133.0,117.0,100.0,83.0,66.0,61.0,56.0,52.0,46.0,40.0,33.0,34.0,29.0,28.0,25.0,22.0,18.0,16.0,14.0,15.0,12.0,10.0,4.0,5.0,6.0,4.0,3.0,4.0,4.0,3.0
5.0,7.0,9.0,11.0,15.0,16.0,17.0,18.0,22.0,20.0,21.0,23.0,25.0,29.0,33.0,40.0,45.0,53.0,68.0,78.0,88.0,100.0,111.0,132.0,152.0,176.0,209.0,265.0,323.0,397.0,469.0,529.0,609.0,705.0,825.0,943.0,1149.0,1361.0,1604.0,1900.0,2304.0,2691.0,3177.0,3799.0,4432.0,5246.0,6267.0,5957.0,5538.0,4940.0,4333.0,3727.0,3230.0,2823.0,2491.0,2217.0,1966.0,1759.0,1522.0,1365.0,1212.0,1048.0,909.0,830.0,680.0,580.0,528.0,462.0,388.0,339.0,288.0,238.0,204.0,179.0,157.0,139.0,113.0,95.0,86.0,73.0,60.0,58.0,46.0,48.0,38.0,37.0
5.0,6.0,5.0,8.0,12.0,14.0,17.0,21.0,28.0,27.0,34.0,45.0,59.0,73.0,81.0,102.0,121.0,141.0,166.0,187.0,221.0,266.0,304.0,345.0,400.0,483.0,571.0,692.0,818.0,951.0,1105.0,1292.0,1573.0,1851.0,2209.0,2559.0,3095.0,3701.0,4370.0,5191.0,6097.0,7184.0,8463.0,9960.0,11754.0,13630.0,15896.0,15026.0,13736.0,12079.0,10494.0,9047.0,7968.0,7002.0,6207.0,5541.0,4893.0,4291.0,3736.0,3264.0,2868.0,2496.0,2170.0,1903.0,1647.0,1395.0,1191.0,1030.0,932.0,840.0,756.0,635.0,557.0,456.0,386.0,329.0,274.0,246.0,215.0,188.0,168.0,151.0,123.0,102.0,90.0,85.0
5.0,6.0,9.0,8.0,9.0,12.0,15.0,17.0,19.0,20.0,24.0,30.0,33.0,45.0,53.0,63.0,68.0,85.0,106.0,133.0,151.0,180.0,221.0,249.0,306.0,363.0,451.0,536.0,645.0,767.0,904.0,1071.0,1284.0,1527.0,1829.0,2148.0,2578.0,3051.0,3604.0,4334.0,5074.0,5942.0,6970.0,8228.0,9602.0,11218.0,13100.0,12470.0,11459.0,10200.0,8864.0,7599.0,6681.0,5861.0,5131.0,4573.0,4066.0,3571.0,3074.0,2655.0,2365.0,2065.0,1795.0,1527.0,1306.0,1117.0,970.0,861.0,751.0,651.0,578.0,495.0,424.0,360.0,320.0,263.0,227.0,182.0,171.0,141.0,123.0,102.0,79.0,64.0,60.0,55.0
5.0,7.0,10.0,11.0,12.0,16.0,17.0,21.0,21.0,29.0,30.0,37.0,48.0,60.0,76.0,89.0,105.0,126.0,147.0,177.0,210.0,245.0,274.0,314.0,375.0,435.0,504.0,612.0,703.0,836.0,1002.0,1157.0,1370.0,1624.0,1900.0,2252.0,2708.0,3162.0,3759.0,4474.0,5316.0,6244.0,7212.0,8533.0,10045.0,11764.0,13747.0,13046.0,11951.0,10457.0,9023.0,7812.0,6815.0,5978.0,5336.0,4737.0,4158.0,3671.0,3230.0,2851.0,2488.0,2192.0,1931.0,1650.0,1438.0,1274.0,1090.0,939.0,789.0,670.0,589.0,499.0,435.0,367.0,331.0,283.0,247.0,238.0,212.0,185.0,164.0,147.0,126.0,103.0,88.0,69.0
5.0,7.0,7.0,6.0,5.0,6.0,7.0,7.0,12.0,17.0,21.0,22.0,30.0,38.0,48.0,60.0,66.0,84.0,87.0,99.0,108.0,133.0,172.0,205.0,242.0,297.0,341.0,401.0,458.0,532.0,638.0,742.0,861.0,1004.0,1213.0,1466.0,1783.0,2118.0,2523.0,2960.0,3508.0,4210.0,5046.0,5913.0,6908.0,8060.0,9399.0,8946.0,8251.0,7299.0,6386.0,5569.0,4838.0,4300.0,3779.0,3362.0,2994.0,2651.0,2371.0,2070.0,1836.0,1591.0,1371.0,1189.0,1005.0,876.0,746.0,641.0,577.0,515.0,441.0,388.0,329.0,293.0,251.0,231.0,220.0,186.0,165.0,136.0,117.0,108.0,94.0,81.0,72.0,63.0
5.0,6.0,7.0,9.0,10.0,14.0,16.0,22.0,31.0,36.0,44.0,51.0,62.0,65.0,75.0,88.0,106.0,133.0,150.0,173.0,201.0,236.0,258.0,298.0,352.0,417.0,485.0,583.0,693.0,806.0,993.0,1173.0,1404.0,1643.0,1988.0,2329.0,2800.0,3323.0,3911.0,4620.0,5461.0,6464.0,7596.0,8935.0,10479.0,12416.0,14647.0,13841.0,12627.0,11254.0,9747.0,8457.0,7435.0,6612.0,5870.0,5127.0,4524.0,3981.0,3486.0,3044.0,2606.0,2300.0,1972.0,1734.0,1521.0,1327.0,1170.0,968.0,806.0,705.0,617.0,523.0,463.0,378.0,305.0,275.0,242.0,201.0,187.0,159.0,131.0,111.0,98.0,96.0,82.0,65.0
5.0,8.0,8.0,9.0,8.0,6.0,5.0,3.0,3.0,5.0,5.0,9.0,10.0,14.0,17.0,18.0,21.0,23.0,29.0,33.0,41.0,48.0,57.0,63.0,84.0,92.0,102.0,114.0,136.0,157.0,183.0,222.0,262.0,321.0,386.0,457.0,529.0,608.0,718.0,853.0,1007.0,1181.0,1411.0,1633.0,1924.0,2330.0,2785.0,2652.0,2449.0,2218.0,1911.0,1716.0,1517.0,1359.0,1218.0,1072.0,939.0,804.0,696.0,613.0,530.0,469.0,410.0,372.0,311.0,293.0,264.0,245.0,210.0,179.0,168.0,148.0,122.0,101.0,85.0,70.0,57.0,51.0,44.0,31.0,30.0,25.0,24.0,20.0,13.0,15.0
5.0,6.0,7.0,5.0,4.0,6.0,9.0,11.0,16.0,18.0,16.0,19.0,24.0,23.0,31.0,32.0,37.0,39.0,47.0,66.0,84.0,103.0,125.0,152.0,192.0,229.0,270.0,321.0,356.0,438.0,511.0,606.0,707.0,846.0,973.0,1166.0,1402.0,1720.0,2027.0,2356.0,2761.0,3188.0,3760.0,4403.0,5105.0,6037.0,7080.0,6777.0,6198.0,5590.0,4813.0,4200.0,3708.0,3294.0,2913.0,2566.0,2284.0,1981.0,1752.0,1515.0,1353.0,1169.0,1021.0,901.0,786.0,655.0,553.0,491.0,421.0,371.0,305.0,253.0,225.0,196.0,163.0,146.0,119.0,118.0,105.0,89.0,80.0,70.0,61.0,54.0,44.0,40.0
5.0,6.0,9.0,11.0,15.0,17.0,21.0,27.0,31.0,39.0,48.0,59.0,66.0,74.0,92.0,118.0,130.0,152.0,181.0,221.0,259.0,301.0,347.0,425.0,545.0,656.0,785.0,923.0,1071.0,1251.0,1477.0,1725.0,2010.0,2391.0,2895.0,3408.0,4047.0,4802.0,5637.0,6630.0,7832.0,9165.0,10747.0,12554.0,14747.0,17237.0,19993.0,18821.0,17142.0,15066.0,12971.0,11153.0,9709.0,8489.0,7477.0,6673.0,5861.0,5161.0,4522.0,3930.0,3397.0,2957.0,2546.0,2206.0,1875.0,1598.0,1299.0,1105.0,940.0,823.0,721.0,624.0,546.0,467.0,394.0,344.0,285.0,249.0,210.0,188.0,166.0,143.0,132.0,124.0,105.0,94.0
5.0,7.0,7.0,7.0,10.0,9.0,9.0,12.0,19.0,30.0,36.0,47.0,60.0,74.0,84.0,108.0,115.0,134.0,149.0,190.0,225.0,269.0,331.0,410.0,484.0,570.0,688.0,818.0,966.0,1152.0,1414.0,1730.0,2072.0,2451.0,2831.0,3339.0,3862.0,4617.0,5411.0,6417.0,7602.0,8926.0,10499.0,12242.0,14247.0,16665.0,19464.0,18259.0,16710.0,14623.0,12674.0,10910.0,9462.0,8368.0,7321.0,6510.0,5742.0,5029.0,4417.0,3868.0,3332.0,2864.0,2478.0,2150.0,1835.0,1591.0,1409.0,1194.0,1051.0,894.0,777.0,677.0,590.0,525.0,434.0,385.0,336.0,281.0,239.0,201.0,173.0,155.0,134.0,114.0,98.0,90.0
5.0,6.0,6.0,5.0,3.0,3.0,5.0,4.0,10.0,13.0,16.0,21.0,25.0,31.0,40.0,43.0,53.0,58.0,66.0,80.0,91.0,107.0,120.0,133.0,163.0,195.0,219.0,258.0,315.0,377.0,456.0,551.0,633.0,745.0,851.0,1022.0,1201.0,1429.0,1656.0,1968.0,2366.0,2796.0,3337.0,3915.0,4703.0,5542.0,6535.0,6196.0,5655.0,4976.0,4300.0,3715.0,3228.0,2868.0,2561.0,2306.0,2044.0,1825.0,1568.0,1403.0,1232.0,1046.0,906.0,791.0,680.0,609.0,515.0,448.0,391.0,329.0,290.0,266.0,228.0,203.0,202.0,177.0,152.0,145.0,119.0,108.0,89.0,76.0,64.0,58.0,46.0,40.0
5.0,7.0,6.0,9.0,12.0,11.0,15.0,23.0,32.0,39.0,50.0,53.0,63.0,77.0,90.0,112.0,147.0,176.0,192.0,240.0,299.0,370.0,440.0,533.0,600.0,705.0,850.0,1025.0,1234.0,1469.0,1726.0,2054.0,2445.0,2948.0,3468.0,4066.0,4739.0,5526.0,6485.0,7695.0,9111.0,10731.0,12634.0,14790.0,17211.0,20040.0,22937.0,21620.0,19646.0,17358.0,15054.0,12919.0,11242.0,9787.0,8631.0,7563.0,6680.0,5875.0,5123.0,4414.0,3846.0,3304.0,2753.0,2357.0,2056.0,1784.0,1554.0,1293.0,1136.0,980.0,846.0,737.0,654.0,572.0,484.0,405.0,334.0,287.0,246.0,219.0,189.0,170.0,155.0,133.0,115.0,98.0
5.0,6.0,9.0,11.0,13.0,12.0,13.0,18.0,26.0,28.0,32.0,36.0,51.0,61.0,76.0,87.0,102.0,131.0,155.0,187.0,232.0,275.0,313.0,372.0,460.0,521.0,610.0,750.0,896.0,1033.0,1279.0,1501.0,1722.0,2004.0,2351.0,2753.0,3260.0,3836.0,4559.0,5440.0,6465.0,7589.0,8882.0,10481.0,12244.0,14295.0,16573.0,15797.0,14452.0,12795.0,11015.0,9430.0,8089.0,7082.0,6300.0,5576.0,4958.0,4360.0,3815.0,3311.0,2849.0,2480.0,2159.0,1831.0,1629.0,1392.0,1215.0,1082.0,949.0,849.0,747.0,648.0,565.0,508.0,414.0,340.0,289.0,242.0,212.0,181.0,162.0,137.0,120.0,106.0,92.0,74.0
5.0,7.0,8.0,5.0,7.0,8.0,11.0,10.0,10.0,12.0,17.0,24.0,30.0,37.0,41.0,49.0,53.0,66.0,88.0,100.0,108.0,132.0,159.0,168.0,186.0,226.0,269.0,319.0,376.0,450.0,535.0,653.0,769.0,926.0,1086.0,1284.0,1498.0,1775.0,2111.0,2473.0,2890.0,3439.0,4103.0,4846.0,5756.0,6882.0,8028.0,7694.0,7153.0,6362.0,5540.0,4818.0,4234.0,3732.0,3329.0,2923.0,2569.0,2273.0,1972.0,1725.0,1490.0,1296.0,1116.0,973.0,848.0,716.0,626.0,540.0,465.0,406.0,337.0,293.0,271.0,230.0,204.0,180.0,161.0,135.0,101.0,84.0,79.0,75.0,67.0,55.0,52.0,50.0
5.0,5.0,7.0,6.0,4.0,6.0,6.0,8.0,9.0,8.0,10.0,11.0,14.0,18.0,19.0,22.0,24.0,29.0,32.0,36.0,39.0,48.0,54.0,62.0,66.0,82.0,82.0,89.0,96.0,110.0,134.0,155.0,194.0,225.0,261.0,323.0,363.0,435.0,496.0,594.0,713.0,863.0,1015.0,1171.0,1365.0,1587.0,1865.0,1782.0,1698.0,1487.0,1303.0,1119.0,962.0,827.0,732.0,669.0,609.0,521.0,439.0,374.0,318.0,275.0,236.0,202.0,180.0,154.0,147.0,132.0,111.0,101.0,93.0,77.0,66.0,63.0,55.0,56.0,49.0,42.0,32.0,24.0,22.0,19.0,15.0,11.0,10.0,7.0
5.0,5.0,5.0,4.0,5.0,4.0,4.0,1.0,4.0,7.0,11.0,16.0,20.0,21.0,27.0,27.0,29.0,40.0,46.0,54.0,72.0,89.0,118.0,139.0,171.0,202.0,233.0,272.0,325.0,383.0,459.0,571.0,664.0,776.0,907.0,1102.0,1282.0,1532.0,1795.0,2153.0,2570.0,3056.0,3572.0,4215.0,4990.0,5793.0,6761.0,6361.0,5815.0,5208.0,4530.0,3914.0,3441.0,3032.0,2734.0,2446.0,2194.0,1935.0,1721.0,1512.0,1303.0,1117.0,971.0,838.0,704.0,595.0,509.0,454.0,396.0,336.0,290.0,246.0,226.0,190.0,170.0,149.0,133.0,112.0,99.0,89.0,81.0,71.0,63.0,45.0,39.0,34.0
5.0,6.0,6.0,6.0,7.0,8.0,7.0,10.0,12.0,16.0,13.0,22.0,24.0,31.0,34.0,41.0,49.0,56.0,72.0,84.0,92.0,109.0,126.0,142.0,161.0,185.0,219.0,272.0,329.0,413.0,494.0,589.0,700.0,820.0,937.0,1093.0,1265.0,1504.0,1775.0,2130.0,2510.0,3001.0,3558.0,4204.0,4975.0,5808.0,6797.0,6451.0,5928.0,5226.0,4550.0,4009.0,3509.0,3126.0,2773.0,2435.0,2171.0,1936.0,1677.0,1492.0,1309.0,1165.0,990.0,814.0,718.0,631.0,562.0,505.0,433.0,380.0,321.0,272.0,239.0,213.0,184.0,158.0,137.0,117.0,109.0,96.0,89.0,78.0,65.0,44.0,39.0,36.0
5.0,7.0,13.0,15.0,15.0,17.0,23.0,25.0,33.0,43.0,45.0,53.0,55.0,66.0,93.0,106.0,125.0,153.0,185.0,237.0,284.0,329.0,389.0,460.0,561.0,696.0,818.0,955.0,1157.0,1325.0,1550.0,1858.0,2189.0,2679.0,3201.0,3792.0,4516.0,5279.0,6276.0,7461.0,8856.0,10424.0,12088.0,14029.0,16366.0,18974.0,21760.0,20455.0,18582.0,16351.0,14202.0,12295.0,10715.0,9340.0,8166.0,7253.0,6338.0,5545.0,4840.0,4311.0,3758.0,3322.0,2856.0,2413.0,2098.0,1808.0,1556.0,1326.0,1183.0,1022.0,879.0,777.0,679.0,591.0,496.0,419.0,382.0,336.0,289.0,273.0,246.0,219.0,196.0,162.0,142.0,121.0
5.0,5.0,5.0,5.0,4.0,4.0,4.0,3.0,5.0,6.0,9.0,10.0,14.0,17.0,18.0,23.0,39.0,47.0,50.0,66.0,70.0,76.0,90.0,106.0,138.0,157.0,199.0,242.0,279.0,344.0,409.0,508.0,596.0,712.0,861.0,1017.0,1210.0,1416.0,1641.0,1930.0,2306.0,2729.0,3247.0,3825.0,4594.0,5472.0,6380.0,6071.0,5572.0,4993.0,4381.0,3782.0,3278.0,2948.0,2597.0,2293.0,2025.0,1738.0,1517.0,1342.0,1166.0,1021.0,894.0,775.0,669.0,590.0,544.0,494.0,442.0,386.0,340.0,321.0,290.0,244.0,215.0,191.0,172.0,157.0,129.0,111.0,94.0,84.0,72.0,62.0,63.0,63.0
5.0,7.0,9.0,10.0,12.0,13.0,15.0,19.0,21.0,24.0,24.0,19.0,24.0,33.0,36.0,37.0,52.0,64.0,80.0,90.0,99.0,113.0,135.0,141.0,175.0,223.0,256.0,299.0,357.0,429.0,494.0,613.0,751.0,895.0,1068.0,1290.0,1492.0,1727.0,2088.0,2517.0,2981.0,3471.0,4095.0,4810.0,5654.0,6710.0,7939.0,7506.0,6906.0,6138.0,5322.0,4589.0,4033.0,3580.0,3207.0,2853.0,2525.0,2195.0,1946.0,1707.0,1489.0,1291.0,1110.0,967.0,859.0,753.0,672.0,567.0,497.0,440.0,382.0,332.0,287.0,256.0,228.0,203.0,180.0,154.0,134.0,127.0,105.0,96.0,85.0,71.0,74.0,69.0
5.0,5.0,5.0,4.0,2.0,2.0,2.0,2.0,3.0,2.0,3.0,2.0,3.0,3.0,6.0,6.0,6.0,9.0,9.0,7.0,7.0,5.0,7.0,8.0,9.0,7.0,10.0,13.0,13.0,15.0,15.0,12.0,18.0,26.0,31.0,43.0,49.0,62.0,71.0,89.0,110.0,118.0,137.0,159.0,189.0,218.0,264.0,254.0,230.0,207.0,192.0,164.0,152.0,127.0,122.0,114.0,99.0,86.0,69.0,65.0,55.0,54.0,49.0,43.0,36.0,30.0,32.0,31.0,30.0,27.0,24.0,21.0,18.0,16.0,12.0,10.0,6.0,6.0,5.0,5.0,4.0,3.0,2.0,2.0,0.0,0.0
5.0,7.0,8.0,9.0,10.0,13.0,11.0,10.0,11.0,17.0,23.0,32.0,38.0,44.0,58.0,73.0,76.0,85.0,101.0,121.0,142.0,168.0,184.0,216.0,264.0,328.0,387.0,452.0,512.0,605.0,729.0,894.0,1067.0,1304.0,1549.0,1827.0,2176.0,2570.0,3013.0,3643.0,4270.0,5115.0,6024.0,7042.0,8285.0,9708.0,11413.0,10823.0,9852.0,8819.0,7683.0,6559.0,5729.0,5055.0,4517.0,3971.0,3515.0,3102.0,2711.0,2389.0,2048.0,1766.0,1521.0,1335.0,1170.0,996.0,893.0,759.0,666.0,601.0,521.0,470.0,389.0,318.0,271.0,227.0,194.0,168.0,151.0,128.0,117.0,103.0,91.0,85.0,72.0,69.0
5.0,7.0,10.0,9.0,11.0,11.0,11.0,14.0,18.0,25.0,24.0,30.0,31.0,40.0,56.0,78.0,89.0,104.0,126.0,148.0,162.0,190.0,216.0,264.0,306.0,370.0,429.0,506.0,618.0,739.0,893.0,1026.0,1228.0,1422.0,1668.0,1917.0,2301.0,2727.0,3237.0,3841.0,4569.0,5483.0,6390.0,7486.0,8766.0,10260.0,12008.0,11415.0,10510.0,9269.0,8005.0,7006.0,6106.0,5355.0,4781.0,4210.0,3710.0,3284.0,2910.0,2593.0,2261.0,1988.0,1730.0,1475.0,1272.0,1074.0,954.0,848.0,769.0,682.0,603.0,525.0,450.0,391.0,325.0,278.0,233.0,214.0,173.0,138.0,133.0,108.0,103.0,77.0,60.0,49.0
5.0,7.0,7.0,5.0,5.0,5.0,4.0,3.0,3.0,2.0,5.0,5.0,8.0,11.0,10.0,11.0,10.0,12.0,17.0,24.0,25.0,30.0,35.0,36.0,44.0,51.0,58.0,74.0,85.0,98.0,116.0,137.0,159.0,194.0,223.0,260.0,318.0,365.0,440.0,535.0,613.0,691.0,813.0,945.0,1104.0,1295.0,1536.0,1461.0,1351.0,1223.0,1072.0,931.0,823.0,741.0,658.0,592.0,531.0,467.0,408.0,373.0,332.0,296.0,246.0,206.0,181.0,158.0,138.0,108.0,90.0,83.0,76.0,62.0,45.0,45.0,38.0,40.0,39.0,34.0,31.0,24.0,23.0,20.0,17.0,14.0,13.0,11.0
5.0,6.0,7.0,11.0,9.0,11.0,14.0,18.0,23.0,27.0,33.0,42.0,39.0,52.0,60.0,60.0,75.0,85.0,98.0,107.0,130.0,159.0,187.0,224.0,255.0,314.0,361.0,427.0,496.0,569.0,708.0,845.0,980.0,1143.0,1372.0,1636.0,1898.0,2203.0,2640.0,3120.0,3726.0,4375.0,5190.0,6162.0,7370.0,8600.0,10069.0,9412.0,8635.0,7694.0,6670.0,5882.0,5122.0,4548.0,4019.0,3527.0,3107.0,2766.0,2389.0,2110.0,1843.0,1607.0,1410.0,1230.0,1081.0,914.0,778.0,676.0,579.0,505.0,412.0,344.0,293.0,240.0,205.0,182.0,170.0,149.0,142.0,129.0,121.0,108.0,101.0,84.0,72.0,61.0
5.0,6.0,6.0,3.0,4.0,5.0,7.0,9.0,10.0,12.0,14.0,16.0,22.0,28.0,36.0,44.0,64.0,83.0,94.0,120.0,149.0,178.0,200.0,255.0,310.0,353.0,418.0,486.0,603.0,691.0,793.0,944.0,1110.0,1327.0,1546.0,1837.0,2211.0,2577.0,3033.0,3576.0,4313.0,5140.0,6072.0,7217.0,8549.0,10069.0,11834.0,11175.0,10233.0,9105.0,7911.0,6873.0,5958.0,5252.0,4617.0,4068.0,3574.0,3144.0,2781.0,2388.0,2069.0,1786.0,1541.0,1314.0,1153.0,1013.0,886.0,768.0,656.0,560.0,475.0,394.0,341.0,297.0,257.0,219.0,192.0,159.0,147.0,132.0,109.0,89.0,75.0,69.0,61.0,55.0
5.0,8.0,9.0,7.0,4.0,5.0,4.0,3.0,5.0,6.0,8.0,8.0,9.0,16.0,20.0,23.0,24.0,26.0,25.0,29.0,35.0,45.0,52.0,58.0,75.0,92.0,108.0,135.0,168.0,211.0,248.0,287.0,328.0,390.0,471.0,571.0,659.0,788.0,933.0,1103.0,1317.0,1594.0,1913.0,2244.0,2663.0,3217.0,3838.0,3637.0,3379.0,3005.0,2663.0,2321.0,2036.0,1796.0,1581.0,1394.0,1219.0,1075.0,965.0,849.0,769.0,689.0,597.0,527.0,467.0,397.0,340.0,289.0,259.0,224.0,192.0,173.0,153.0,134.0,111.0,93.0,79.0,67.0,58.0,43.0,36.0,24.0,24.0,26.0,27.0,24.0
5.0,5.0,6.0,6.0,6.0,5.0,6.0,7.0,9.0,12.0,16.0,21.0,20.0,24.0,28.0,28.0,34.0,36.0,48.0,49.0,58.0,65.0,86.0,110.0,141.0,168.0,202.0,237.0,277.0,349.0,398.0,477.0,559.0,652.0,768.0,923.0,1092.0,1314.0,1498.0,1740.0,2069.0,2494.0,2991.0,3606.0,4289.0,5092.0,5995.0,5722.0,5234.0,4683.0,4114.0,3623.0,3183.0,2839.0,2494.0,2205.0,1958.0,1692.0,1423.0,1259.0,1101.0,953.0,829.0,703.0,619.0,546.0,459.0,389.0,340.0,291.0,255.0,211.0,191.0,155.0,133.0,119.0,96.0,87.0,78.0,69.0,64.0,56.0,53.0,43.0,40.0,34.0
5.0,6.0,10.0,10.0,14.0,18.0,26.0,32.0,36.0,44.0,53.0,52.0,55.0,69.0,85.0,100.0,130.0,157.0,179.0,216.0,251.0,282.0,325.0,403.0,477.0,583.0,707.0,836.0,983.0,1145.0,1319.0,1585.0,1871.0,2260.0,2651.0,3171.0,3708.0,4379.0,5211.0,6113.0,7142.0,8334.0,9663.0,11304.0,13368.0,15457.0,18052.0,17064.0,15602.0,13780.0,11912.0,10351.0,9067.0,7943.0,6943.0,6149.0,5413.0,4749.0,4081.0,3617.0,3118.0,2744.0,2400.0,2068.0,1821.0,1605.0,1360.0,1155.0,1022.0,869.0,723.0,646.0,552.0,494.0,408.0,357.0,316.0,267.0,231.0,200.0,173.0,150.0,135.0,112.0,93.0,81.0
5.0,6.0,5.0,8.0,9.0,8.0,5.0,6.0,7.0,8.0,8.0,9.0,11.0,12.0,12.0,17.0,15.0,24.0,28.0,27.0,30.0,34.0,45.0,59.0,70.0,93.0,125.0,143.0,169.0,196.0,240.0,299.0,355.0,416.0,501.0,581.0,703.0,805.0,953.0,1121.0,1335.0,1584.0,1846.0,2212.0,2602.0,3122.0,3700.0,3570.0,3293.0,2956.0,2570.0,2186.0,1937.0,1717.0,1549.0,1384.0,1203.0,1077.0,927.0,825.0,710.0,618.0,540.0,457.0,386.0,325.0,262.0,238.0,214.0,187.0,165.0,147.0,121.0,107.0,93.0,86.0,69.0,57.0,44.0,39.0,37.0,32.0,25.0,21.0,18.0,16.0
5.0,6.0,6.0,7.0,8.0,8.0,8.0,8.0,7.0,7.0,8.0,12.0,17.0,24.0,27.0,32.0,33.0,36.0,45.0,49.0,57.0,64.0,76.0,87.0,112.0,133.0,149.0,177.0,201.0,241.0,290.0,336.0,405.0,454.0,562.0,670.0,820.0,980.0,1162.0,1377.0,1629.0,1916.0,2248.0,2733.0,3212.0,3815.0,4598.0,4425.0,4090.0,3648.0,3168.0,2747.0,2427.0,2102.0,1808.0,1641.0,1487.0,1358.0,1171.0,1006.0,912.0,791.0,716.0,607.0,523.0,435.0,380.0,331.0,286.0,254.0,214.0,185.0,156.0,135.0,123.0,98.0,90.0,72.0,64.0,56.0,46.0,42.0,39.0,41.0,36.0,32.0
5.0,7.0,8.0,6.0,8.0,10.0,12.0,17.0,19.0,24.0,29.0,31.0,25.0,29.0,29.0,31.0,35.0,42.0,49.0,56.0,66.0,86.0,99.0,142.0,161.0,207.0,251.0,305.0,365.0,421.0,461.0,534.0,640.0,750.0,895.0,1081.0,1281.0,1509.0,1798.0,2135.0,2532.0,2991.0,3510.0,4147.0,4816.0,5797.0,6874.0,6581.0,6059.0,5309.0,4626.0,4060.0,3578.0,3187.0,2834.0,2535.0,2266.0,2008.0,1785.0,1570.0,1393.0,1218.0,1075.0,909.0,785.0,700.0,613.0,539.0,483.0,421.0,364.0,320.0,273.0,251.0,214.0,184.0,180.0,154.0,128.0,112.0,95.0,73.0,64.0,60.0,41.0,33.0
5.0,7.0,8.0,13.0,13.0,16.0,22.0,28.0,32.0,44.0,48.0,58.0,72.0,87.0,104.0,118.0,131.0,155.0,188.0,235.0,293.0,371.0,415.0,488.0,555.0,682.0,813.0,955.0,1127.0,1331.0,1563.0,1861.0,2217.0,2631.0,3080.0,3618.0,4313.0,5074.0,5940.0,7020.0,8203.0,9566.0,11249.0,13180.0,15296.0,17739.0,20626.0,19489.0,17873.0,15765.0,13669.0,11794.0,10266.0,9091.0,7950.0,6905.0,6105.0,5420.0,4767.0,4123.0,3538.0,3012.0,2657.0,2306.0,2042.0,1808.0,1570.0,1344.0,1164.0,994.0,854.0,722.0,626.0,540.0,464.0,397.0,329.0,291.0,264.0,230.0,201.0,171.0,149.0,139.0,126.0,109.0
5.0,6.0,11.0,12.0,14.0,22.0,27.0,38.0,42.0,54.0,63.0,77.0,85.0,95.0,116.0,144.0,179.0,218.0,257.0,289.0,348.0,403.0,461.0,557.0,647.0,778.0,913.0,1087.0,1322.0,1581.0,1949.0,2277.0,2684.0,3240.0,3832.0,4495.0,5343.0,6292.0,7483.0,8750.0,10247.0,12034.0,14000.0,16480.0,19173.0,22186.0,25729.0,24175.0,22000.0,19365.0,16672.0,14271.0,12290.0,10724.0,9415.0,8310.0,7401.0,6507.0,5654.0,4945.0,4257.0,3729.0,3181.0,2723.0,2335.0,2034.0,1769.0,1547.0,1313.0,1136.0,931.0,787.0,686.0,602.0,510.0,442.0,380.0,329.0,275.0,235.0,207.0,185.0,170.0,148.0,122.0,107.0
5.0,5.0,7.0,6.0,5.0,9.0,10.0,11.0,14.0,15.0,23.0,28.0,27.0,34.0,40.0,53.0,59.0,66.0,84.0,99.0,105.0,129.0,155.0,182.0,232.0,259.0,290.0,352.0,451.0,539.0,634.0,732.0,817.0,1006.0,1189.0,1395.0,1636.0,1880.0,2247.0,2663.0,3119.0,3633.0,4282.0,5007.0,5990.0,7082.0,8327.0,7839.0,7198.0,6485.0,5683.0,4959.0,4281.0,3770.0,3329.0,2909.0,2539.0,2263.0,1983.0,1742.0,1551.0,1367.0,1221.0,1073.0,930.0,788.0,675.0,578.0,498.0,438.0,368.0,314.0,294.0,254.0,217.0,171.0,155.0,134.0,117.0,106.0,91.0,78.0,63.0,46.0,45.0,31.0
5.0,5.0,5.0,7.0,5.0,7.0,7.0,6.0,10.0,15.0,21.0,22.0,28.0,36.0,45.0,53.0,60.0,67.0,76.0,90.0,106.0,113.0,130.0,158.0,197.0,226.0,280.0,352.0,432.0,514.0,584.0,706.0,819.0,1010.0,1197.0,1400.0,1669.0,1980.0,2356.0,2795.0,3281.0,3913.0,4655.0,5538.0,6655.0,7846.0,9149.0,8672.0,8054.0,7169.0,6226.0,5446.0,4708.0,4192.0,3734.0,3305.0,2931.0,2609.0,2279.0,2000.0,1785.0,1523.0,1311.0,1129.0,977.0,856.0,776.0,686.0,572.0,532.0,480.0,421.0,376.0,325.0,296.0,248.0,213.0,177.0,158.0,134.0,119.0,100.0,93.0,67.0,57.0,52.0
5.0,5.0,5.0,6.0,2.0,2.0,4.0,5.0,8.0,9.0,11.0,14.0,17.0,20.0,24.0,32.0,38.0,48.0,53.0,61.0,75.0,92.0,115.0,149.0,175.0,195.0,230.0,269.0,320.0,390.0,470.0,573.0,661.0,782.0,902.0,1051.0,1226.0,1456.0,1687.0,1974.0,2322.0,2764.0,3238.0,3762.0,4578.0,5422.0,6421.0,6036.0,5600.0,5014.0,4360.0,3787.0,3288.0,2916.0,2553.0,2303.0,2036.0,1821.0,1621.0,1434.0,1254.0,1107.0,987.0,877.0,765.0,657.0,568.0,468.0,391.0,368.0,323.0,305.0,266.0,235.0,207.0,180.0,164.0,133.0,120.0,101.0,88.0,78.0,63.0,57.0,46.0,38.0
5.0,7.0,8.0,10.0,10.0,10.0,10.0,12.0,16.0,17.0,21.0,32.0,36.0,38.0,51.0,60.0,65.0,72.0,88.0,95.0,97.0,117.0,134.0,158.0,188.0,213.0,276.0,338.0,390.0,456.0,524.0,662.0,799.0,931.0,1128.0,1339.0,1549.0,1788.0,2113.0,2484.0,2974.0,3542.0,4177.0,4944.0,5750.0,6688.0,7890.0,7468.0,6873.0,6139.0,5411.0,4846.0,4218.0,3700.0,3268.0,2932.0,2579.0,2271.0,2003.0,1791.0,1575.0,1384.0,1212.0,1072.0,939.0,806.0,696.0,597.0,509.0,448.0,389.0,339.0,302.0,277.0,249.0,220.0,199.0,166.0,138.0,126.0,113.0,94.0,78.0,59.0,55.0,40.0
5.0,7.0,6.0,8.0,8.0,9.0,9.0,8.0,12.0,18.0,24.0,27.0,29.0,35.0,42.0,54.0,66.0,83.0,92.0,111.0,114.0,131.0,160.0,199.0,242.0,291.0,355.0,417.0,481.0,581.0,690.0,775.0,914.0,1082.0,1281.0,1499.0,1771.0,2117.0,2477.0,2876.0,3397.0,4054.0,4830.0,5766.0,6777.0,7940.0,9194.0,8622.0,7870.0,6917.0,6011.0,5243.0,4610.0,4000.0,3553.0,3188.0,2794.0,2464.0,2155.0,1876.0,1630.0,1421.0,1220.0,1039.0,896.0,794.0,673.0,589.0,515.0,457.0,405.0,354.0,304.0,271.0,238.0,208.0,194.0,156.0,126.0,116.0,103.0,99.0,84.0,76.0,57.0,52.0
5.0,6.0,9.0,9.0,10.0,13.0,13.0,14.0,17.0,19.0,22.0,25.0,30.0,40.0,55.0,60.0,73.0,97.0,122.0,145.0,156.0,180.0,222.0,265.0,325.0,359.0,426.0,530.0,630.0,758.0,880.0,1035.0,1211.0,1485.0,1708.0,2037.0,2383.0,2848.0,3366.0,3942.0,4669.0,5557.0,6537.0,7609.0,8990.0,10517.0,12282.0,11591.0,10635.0,9413.0,8187.0,7089.0,6118.0,5350.0,4803.0,4278.0,3786.0,3446.0,3017.0,2612.0,2231.0,1919.0,1655.0,1454.0,1268.0,1075.0,946.0,818.0,712.0,613.0,541.0,482.0,414.0,369.0,323.0,276.0,245.0,213.0,177.0,138.0,112.0,95.0,85.0,78.0,60.0,51.0
5.0,6.0,8.0,9.0,5.0,7.0,8.0,12.0,13.0,21.0,23.0,31.0,33.0,40.0,43.0,45.0,60.0,71.0,88.0,106.0,127.0,143.0,176.0,202.0,243.0,292.0,344.0,411.0,479.0,563.0,669.0,798.0,899.0,1054.0,1293.0,1568.0,1837.0,2217.0,2675.0,3217.0,3806.0,4472.0,5328.0,6167.0,7220.0,8505.0,9982.0,9472.0,8691.0,7712.0,6706.0,5725.0,5063.0,4392.0,3905.0,3478.0,3091.0,2759.0,2424.0,2094.0,1821.0,1585.0,1392.0,1207.0,1050.0,888.0,791.0,690.0,608.0,543.0,477.0,408.0,347.0,323.0,272.0,238.0,213.0,170.0,149.0,133.0,115.0,99.0,86.0,72.0,72.0,63.0
5.0,5.0,6.0,7.0,6.0,6.0,8.0,8.0,10.0,10.0,12.0,12.0,9.0,10.0,14.0,15.0,15.0,14.0,20.0,22.0,27.0,33.0,45.0,56.0,70.0,67.0,75.0,86.0,100.0,125.0,151.0,181.0,204.0,235.0,275.0,322.0,377.0,455.0,534.0,630.0,740.0,881.0,1041.0,1227.0,1423.0,1729.0,2057.0,2008.0,1863.0,1663.0,1474.0,1312.0,1189.0,1039.0,946.0,809.0,694.0,631.0,577.0,494.0,435.0,374.0,313.0,279.0,225.0,193.0,172.0,147.0,127.0,107.0,103.0,83.0,74.0,59.0,52.0,44.0,38.0,34.0,33.0,23.0,16.0,16.0,16.0,18.0,17.0,12.0
5.0,8.0,10.0,12.0,17.0,21.0,26.0,31.0,36.0,45.0,47.0,55.0,61.0,71.0,90.0,101.0,117.0,129.0,150.0,175.0,190.0,246.0,303.0,373.0,446.0,520.0,611.0,710.0,846.0,1035.0,1272.0,1511.0,1711.0,2023.0,2359.0,2795.0,3267.0,3898.0,4656.0,5485.0,6500.0,7594.0,9000.0,10537.0,12385.0,14468.0,16771.0,15811.0,14429.0,12740.0,11042.0,9656.0,8320.0,7306.0,6427.0,5637.0,4985.0,4332.0,3799.0,3291.0,2840.0,2442.0,2138.0,1876.0,1642.0,1413.0,1234.0,1058.0,910.0,775.0,671.0,593.0,542.0,473.0,423.0,343.0,302.0,260.0,216.0,188.0,147.0,129.0,112.0,105.0,86.0,77.0
5.0,5.0,9.0,10.0,11.0,10.0,9.0,9.0,11.0,16.0,19.0,22.0,28.0,30.0,33.0,38.0,51.0,63.0,86.0,100.0,115.0,141.0,167.0,197.0,224.0,268.0,323.0,379.0,438.0,522.0,618.0,724.0,840.0,976.0,1163.0,1386.0,1640.0,1930.0,2278.0,2684.0,3125.0,3738.0,4391.0,5176.0,6069.0,7203.0,8537.0,8115.0,7447.0,6555.0,5694.0,4927.0,4239.0,3781.0,3338.0,2987.0,2636.0,2315.0,2047.0,1841.0,1634.0,1433.0,1249.0,1067.0,902.0,773.0,686.0,594.0,522.0,469.0,404.0,359.0,314.0,272.0,233.0,221.0,202.0,175.0,144.0,135.0,109.0,92.0,87.0,75.0,69.0,66.0
5.0,6.0,8.0,10.0,13.0,16.0,19.0,21.0,23.0,26.0,27.0,33.0,44.0,50.0,52.0,62.0,74.0,81.0,100.0,123.0,144.0,159.0,183.0,204.0,227.0,268.0,311.0,378.0,457.0,548.0,651.0,799.0,943.0,1114.0,1314.0,1562.0,1857.0,2214.0,2593.0,3114.0,3618.0,4259.0,5075.0,6009.0,7085.0,8379.0,9801.0,9382.0,8657.0,7609.0,6562.0,5664.0,5055.0,4473.0,3961.0,3539.0,3098.0,2709.0,2336.0,2047.0,1764.0,1535.0,1317.0,1121.0,985.0,847.0,724.0,624.0,535.0,440.0,392.0,336.0,300.0,274.0,236.0,212.0,188.0,169.0,145.0,132.0,119.0,107.0,89.0,80.0,60.0,60.0
5.0,8.0,9.0,10.0,13.0,14.0,16.0,20.0,24.0,23.0,28.0,36.0,40.0,48.0,52.0,53.0,62.0,73.0,97.0,124.0,156.0,193.0,235.0,275.0,330.0,380.0,452.0,550.0,665.0,812.0,987.0,1186.0,1390.0,1657.0,1993.0,2450.0,2916.0,3439.0,4047.0,4725.0,5524.0,6531.0,7790.0,9147.0,10666.0,12436.0,14499.0,13739.0,12603.0,11110.0,9719.0,8440.0,7376.0,6514.0,5706.0,5049.0,4446.0,3902.0,3467.0,3062.0,2676.0,2320.0,2050.0,1756.0,1529.0,1286.0,1123.0,953.0,840.0,722.0,643.0,569.0,505.0,454.0,391.0,360.0,303.0,268.0,216.0,182.0,157.0,132.0,122.0,112.0,103.0,101.0
5.0,7.0,7.0,7.0,6.0,5.0,4.0,4.0,5.0,6.0,9.0,9.0,11.0,8.0,9.0,11.0,12.0,15.0,14.0,16.0,22.0,26.0,28.0,33.0,44.0,56.0,65.0,72.0,94.0,105.0,139.0,172.0,202.0,246.0,294.0,360.0,425.0,504.0,619.0,730.0,895.0,1015.0,1182.0,1408.0,1679.0,2015.0,2436.0,2335.0,2138.0,1901.0,1684.0,1454.0,1281.0,1141.0,1015.0,888.0,774.0,687.0,621.0,555.0,499.0,440.0,364.0,326.0,282.0,244.0,220.0,202.0,173.0,149.0,129.0,104.0,84.0,75.0,59.0,52.0,48.0,37.0,37.0,39.0,36.0,27.0,25.0,26.0,23.0,20.0
5.0,6.0,8.0,9.0,10.0,9.0,9.0,10.0,12.0,13.0,15.0,14.0,19.0,21.0,27.0,34.0,37.0,45.0,57.0,70.0,84.0,110.0,134.0,162.0,191.0,222.0,275.0,314.0,353.0,401.0,483.0,594.0,712.0,853.0,1029.0,1220.0,1435.0,1733.0,2075.0,2453.0,2996.0,3573.0,4252.0,5058.0,5943.0,7025.0,8284.0,7853.0,7222.0,6348.0,5580.0,4760.0,4181.0,3684.0,3282.0,2912.0,2640.0,2363.0,2091.0,1816.0,1578.0,1397.0,1224.0,1044.0,894.0,760.0,658.0,598.0,523.0,444.0,383.0,335.0,281.0,248.0,205.0,184.0,168.0,142.0,122.0,95.0,82.0,80.0,72.0,59.0,48.0,37.0
5.0,6.0,6.0,7.0,8.0,7.0,9.0,11.0,11.0,14.0,16.0,23.0,20.0,26.0,35.0,53.0,67.0,79.0,97.0,108.0,124.0,150.0,180.0,211.0,247.0,324.0,396.0,460.0,544.0,649.0,789.0,942.0,1096.0,1279.0,1510.0,1798.0,2128.0,2541.0,3018.0,3553.0,4173.0,4856.0,5800.0,6795.0,7981.0,9411.0,10968.0,10448.0,9603.0,8572.0,7425.0,6429.0,5623.0,4925.0,4340.0,3847.0,3373.0,2924.0,2601.0,2241.0,1932.0,1708.0,1450.0,1258.0,1094.0,935.0,839.0,733.0,625.0,525.0,456.0,381.0,326.0,262.0,228.0,193.0,161.0,152.0,135.0,120.0,105.0,96.0,86.0,73.0,64.0,60.0
5.0,6.0,8.0,10.0,10.0,10.0,13.0,15.0,14.0,18.0,28.0,29.0,37.0,46.0,58.0,75.0,90.0,111.0,130.0,138.0,150.0,172.0,201.0,224.0,262.0,308.0,363.0,438.0,512.0,602.0,711.0,869.0,1070.0,1255.0,1508.0,1820.0,2140.0,2578.0,3000.0,3512.0,4101.0,4871.0,5719.0,6701.0,7861.0,9167.0,10765.0,10226.0,9345.0,8285.0,7232.0,6367.0,5539.0,4926.0,4335.0,3811.0,3424.0,3014.0,2639.0,2269.0,1909.0,1678.0,1496.0,1302.0,1129.0,957.0,868.0,758.0,666.0,575.0,483.0,418.0,366.0,323.0,288.0,247.0,202.0,181.0,153.0,141.0,127.0,116.0,102.0,82.0,72.0,61.0
5.0,5.0,5.0,6.0,4.0,9.0,9.0,9.0,12.0,16.0,16.0,17.0,20.0,28.0,44.0,54.0,65.0,76.0,88.0,108.0,120.0,139.0,168.0,198.0,226.0,272.0,319.0,390.0,459.0,543.0,643.0,761.0,900.0,1075.0,1287.0,1510.0,1788.0,2094.0,2522.0,2949.0,3419.0,4055.0,4847.0,5679.0,6719.0,7949.0,9327.0,8921.0,8163.0,7192.0,6148.0,5401.0,4685.0,4120.0,3669.0,3209.0,2831.0,2479.0,2133.0,1866.0,1598.0,1416.0,1242.0,1077.0,925.0,836.0,718.0,613.0,540.0,467.0,395.0,345.0,290.0,259.0,227.0,188.0,172.0,142.0,123.0,114.0,99.0,81.0,71.0,62.0,56.0,50.0
5.0,5.0,5.0,5.0,4.0,6.0,8.0,8.0,16.0,19.0,19.0,26.0,24.0,39.0,41.0,55.0,70.0,74.0,87.0,111.0,140.0,164.0,198.0,244.0,287.0,345.0,398.0,470.0,545.0,657.0,781.0,922.0,1129.0,1327.0,1542.0,1846.0,2187.0,2607.0,3093.0,3672.0,4312.0,5035.0,5909.0,7022.0,8247.0,9660.0,11328.0,10628.0,9758.0,8666.0,7570.0,6575.0,5745.0,5069.0,4519.0,4020.0,3550.0,3138.0,2718.0,2391.0,2056.0,1758.0,1533.0,1370.0,1187.0,1001.0,863.0,745.0,659.0,568.0,489.0,432.0,393.0,344.0,290.0,253.0,212.0,192.0,162.0,152.0,129.0,106.0,88.0,76.0,68.0,56.0
5.0,5.0,7.0,8.0,11.0,12.0,10.0,13.0,13.0,12.0,11.0,13.0,15.0,20.0,25.0,26.0,34.0,39.0,46.0,59.0,72.0,84.0,99.0,116.0,135.0,163.0,212.0,246.0,298.0,343.0,414.0,473.0,536.0,661.0,794.0,978.0,1146.0,1325.0,1618.0,1910.0,2273.0,2670.0,3180.0,3766.0,4415.0,5130.0,6085.0,5758.0,5286.0,4747.0,4099.0,3564.0,3136.0,2796.0,2433.0,2148.0,1885.0,1664.0,1452.0,1302.0,1149.0,1030.0,919.0,776.0,652.0,593.0,505.0,435.0,379.0,337.0,318.0,268.0,252.0,224.0,193.0,158.0,142.0,123.0,103.0,94.0,81.0,71.0,61.0,51.0,39.0,33.0
5.0,5.0,7.0,9.0,11.0,17.0,20.0,26.0,34.0,36.0,46.0,49.0,60.0,76.0,78.0,93.0,105.0,118.0,132.0,161.0,200.0,254.0,311.0,356.0,436.0,497.0,577.0,671.0,824.0,1003.0,1241.0,1502.0,1800.0,2153.0,2547.0,2999.0,3521.0,4161.0,4937.0,5787.0,6762.0,8034.0,9433.0,10985.0,12927.0,15148.0,17623.0,16642.0,15119.0,13296.0,11555.0,10004.0,8690.0,7625.0,6704.0,5934.0,5224.0,4596.0,3971.0,3437.0,3026.0,2602.0,2248.0,1933.0,1699.0,1491.0,1288.0,1126.0,960.0,832.0,721.0,613.0,530.0,428.0,367.0,310.0,268.0,229.0,188.0,160.0,154.0,147.0,129.0,100.0,93.0,72.0
5.0,5.0,6.0,7.0,10.0,13.0,18.0,19.0,18.0,21.0,27.0,29.0,40.0,42.0,43.0,52.0,61.0,79.0,90.0,110.0,135.0,161.0,195.0,231.0,286.0,365.0,446.0,534.0,610.0,756.0,938.0,1107.0,1302.0,1507.0,1719.0,2082.0,2470.0,2901.0,3398.0,4117.0,4845.0,5730.0,6774.0,7996.0,9464.0,11100.0,13031.0,12472.0,11527.0,10146.0,8790.0,7634.0,6624.0,5865.0,5211.0,4644.0,4119.0,3538.0,3131.0,2711.0,2347.0,2004.0,1711.0,1500.0,1319.0,1184.0,1035.0,901.0,782.0,668.0,562.0,499.0,442.0,397.0,320.0,275.0,247.0,210.0,189.0,157.0,133.0,113.0,95.0,76.0,72.0,59.0
5.0,5.0,6.0,7.0,8.0,10.0,13.0,18.0,24.0,27.0,32.0,38.0,45.0,53.0,64.0,74.0,90.0,87.0,100.0,107.0,134.0,157.0,193.0,235.0,287.0,337.0,388.0,414.0,454.0,549.0,662.0,808.0,942.0,1122.0,1349.0,1615.0,1868.0,2252.0,2657.0,3203.0,3789.0,4425.0,5220.0,6133.0,7251.0,8526.0,9891.0,9409.0,8689.0,7727.0,6663.0,5830.0,5058.0,4526.0,4016.0,3554.0,3147.0,2806.0,2493.0,2124.0,1833.0,1572.0,1374.0,1212.0,1063.0,964.0,827.0,728.0,646.0,537.0,464.0,378.0,335.0,306.0,278.0,252.0,228.0,183.0,169.0,148.0,134.0,110.0,99.0,84.0,78.0,67.0
5.0,6.0,7.0,7.0,7.0,7.0,8.0,8.0,10.0,12.0,10.0,11.0,15.0,17.0,20.0,22.0,22.0,25.0,31.0,38.0,48.0,67.0,71.0,77.0,89.0,99.0,114.0,137.0,167.0,196.0,233.0,257.0,313.0,388.0,474.0,562.0,665.0,788.0,961.0,1140.0,1324.0,1561.0,1873.0,2268.0,2750.0,3216.0,3821.0,3654.0,3394.0,3033.0,2603.0,2245.0,1982.0,1734.0,1523.0,1333.0,1184.0,1015.0,885.0,775.0,672.0,563.0,494.0,437.0,374.0,323.0,289.0,243.0,218.0,198.0,177.0,154.0,134.0,117.0,102.0,96.0,82.0,69.0,60.0,56.0,50.0,52.0,41.0,39.0,33.0,24.0
5.0,7.0,7.0,6.0,7.0,11.0,13.0,13.0,17.0,17.0,22.0,29.0,39.0,54.0,58.0,73.0,91.0,109.0,121.0,146.0,169.0,198.0,224.0,289.0,324.0,416.0,483.0,537.0,628.0,763.0,904.0,1099.0,1308.0,1572.0,1892.0,2138.0,2545.0,3050.0,3686.0,4368.0,5132.0,6111.0,7193.0,8516.0,9984.0,11663.0,13613.0,12867.0,11756.0,10420.0,9066.0,7854.0,6886.0,6007.0,5247.0,4695.0,4108.0,3629.0,3213.0,2815.0,2447.0,2112.0,1810.0,1558.0,1373.0,1213.0,1075.0,953.0,836.0,741.0,658.0,575.0,505.0,448.0,393.0,340.0,299.0,266.0,228.0,193.0,161.0,140.0,112.0,105.0,101.0,86.0
5.0,6.0,8.0,11.0,14.0,16.0,20.0,18.0,18.0,22.0,25.0,29.0,38.0,41.0,47.0,55.0,64.0,70.0,86.0,94.0,108.0,121.0,155.0,174.0,213.0,264.0,320.0,371.0,445.0,509.0,577.0,654.0,754.0,898.0,1047.0,1207.0,1391.0,1655.0,1939.0,2294.0,2741.0,3241.0,3806.0,4504.0,5317.0,6248.0,7309.0,6926.0,6375.0,5683.0,4940.0,4299.0,3817.0,3358.0,3014.0,2639.0,2338.0,2037.0,1804.0,1599.0,1394.0,1180.0,1015.0,865.0,739.0,659.0,558.0,503.0,441.0,381.0,322.0,279.0,233.0,201.0,165.0,131.0,104.0,100.0,83.0,72.0,58.0,51.0,46.0,43.0,38.0,37.0
5.0,7.0,11.0,17.0,21.0,27.0,32.0,41.0,44.0,46.0,45.0,52.0,61.0,75.0,92.0,109.0,129.0,143.0,163.0,201.0,251.0,293.0,350.0,405.0,484.0,597.0,712.0,859.0,993.0,1173.0,1402.0,1680.0,1980.0,2347.0,2743.0,3251.0,3751.0,4437.0,5248.0,6199.0,7374.0,8640.0,10261.0,12050.0,14212.0,16502.0,19113.0,17914.0,16382.0,14581.0,12622.0,10948.0,9551.0,8402.0,7448.0,6592.0,5783.0,5050.0,4430.0,3855.0,3314.0,2933.0,2481.0,2136.0,1842.0,1562.0,1363.0,1186.0,1034.0,879.0,754.0,632.0,550.0,478.0,393.0,332.0,281.0,242.0,200.0,161.0,137.0,126.0,106.0,102.0,90.0,80.0
5.0,5.0,6.0,7.0,7.0,9.0,15.0,19.0,19.0,17.0,20.0,26.0,32.0,37.0,47.0,65.0,82.0,98.0,119.0,139.0,164.0,202.0,239.0,282.0,328.0,373.0,438.0,535.0,628.0,738.0,844.0,1005.0,1202.0,1403.0,1680.0,2005.0,2385.0,2811.0,3361.0,3915.0,4594.0,5461.0,6519.0,7647.0,8992.0,10618.0,12485.0,11833.0,10798.0,9606.0,8309.0,7170.0,6239.0,5561.0,4912.0,4252.0,3817.0,3345.0,2965.0,2584.0,2257.0,1992.0,1748.0,1505.0,1315.0,1182.0,1016.0,867.0,743.0,640.0,578.0,495.0,412.0,352.0,317.0,275.0,256.0,215.0,188.0,154.0,124.0,104.0,97.0,95.0,86.0,74.0
5.0,7.0,8.0,8.0,8.0,7.0,8.0,9.0,13.0,19.0,24.0,26.0,26.0,31.0,34.0,37.0,45.0,51.0,67.0,82.0,103.0,133.0,154.0,181.0,200.0,233.0,275.0,320.0,391.0,460.0,538.0,618.0,773.0,922.0,1073.0,1283.0,1471.0,1759.0,2101.0,2447.0,2861.0,3357.0,4004.0,4790.0,5619.0,6623.0,7876.0,7569.0,6972.0,6229.0,5475.0,4745.0,4117.0,3622.0,3208.0,2853.0,2507.0,2197.0,1939.0,1681.0,1469.0,1305.0,1141.0,1005.0,884.0,799.0,700.0,603.0,515.0,446.0,385.0,335.0,303.0,263.0,218.0,190.0,159.0,148.0,135.0,118.0,101.0,82.0,71.0,67.0,63.0,59.0
5.0,7.0,9.0,9.0,9.0,9.0,11.0,13.0,15.0,10.0,12.0,14.0,20.0,19.0,22.0,25.0,32.0,37.0,50.0,67.0,74.0,80.0,89.0,100.0,127.0,165.0,191.0,229.0,259.0,308.0,357.0,435.0,492.0,581.0,684.0,796.0,949.0,1100.0,1282.0,1552.0,1861.0,2259.0,2646.0,3177.0,3824.0,4495.0,5374.0,5131.0,4755.0,4199.0,3683.0,3202.0,2784.0,2490.0,2234.0,2012.0,1767.0,1598.0,1433.0,1256.0,1120.0,956.0,859.0,735.0,665.0,578.0,505.0,442.0,384.0,340.0,291.0,251.0,230.0,208.0,192.0,164.0,154.0,136.0,119.0,99.0,84.0,68.0,67.0,51.0,44.0,48.0
5.0,7.0,8.0,10.0,14.0,15.0,15.0,16.0,24.0,27.0,31.0,32.0,33.0,40.0,45.0,51.0,58.0,78.0,90.0,115.0,147.0,162.0,191.0,231.0,260.0,313.0,369.0,434.0,525.0,644.0,807.0,981.0,1137.0,1354.0,1605.0,1921.0,2233.0,2712.0,3252.0,3823.0,4557.0,5358.0,6299.0,7450.0,8640.0,10098.0,11829.0,11164.0,10361.0,9147.0,7950.0,6909.0,6057.0,5295.0,4698.0,4186.0,3786.0,3321.0,2924.0,2525.0,2224.0,1946.0,1677.0,1448.0,1262.0,1062.0,915.0,814.0,688.0,592.0,504.0,460.0,402.0,344.0,288.0,259.0,227.0,195.0,170.0,153.0,126.0,117.0,92.0,77.0,74.0,68.0
5.0,5.0,6.0,6.0,6.0,7.0,7.0,12.0,13.0,17.0,20.0,20.0,24.0,23.0,24.0,31.0,44.0,54.0,62.0,74.0,97.0,119.0,150.0,176.0,204.0,242.0,290.0,373.0,471.0,561.0,666.0,775.0,899.0,1081.0,1246.0,1475.0,1798.0,2175.0,2613.0,3035.0,3567.0,4218.0,4956.0,5868.0,6915.0,8056.0,9511.0,9028.0,8269.0,7252.0,6317.0,5530.0,4819.0,4222.0,3707.0,3272.0,2927.0,2604.0,2286.0,1997.0,1713.0,1446.0,1246.0,1102.0,956.0,837.0,710.0,605.0,504.0,434.0,379.0,324.0,299.0,263.0,238.0,209.0,168.0,149.0,139.0,129.0,105.0,91.0,80.0,64.0,59.0,51.0
5.0,5.0,8.0,9.0,11.0,15.0,14.0,15.0,15.0,16.0,21.0,23.0,29.0,36.0,40.0,44.0,65.0,81.0,97.0,110.0,128.0,148.0,185.0,223.0,264.0,328.0,407.0,501.0,564.0,658.0,772.0,890.0,1082.0,1300.0,1570.0,1859.0,2205.0,2582.0,3110.0,3687.0,4334.0,5120.0,6048.0,7161.0,8466.0,9993.0,11802.0,11227.0,10308.0,9097.0,7897.0,6802.0,5950.0,5267.0,4725.0,4168.0,3695.0,3224.0,2830.0,2513.0,2187.0,1924.0,1675.0,1470.0,1277.0,1119.0,953.0,825.0,722.0,642.0,538.0,472.0,426.0,355.0,308.0,274.0,250.0,221.0,194.0,174.0,153.0,137.0,118.0,104.0,88.0,70.0
5.0,8.0,11.0,14.0,14.0,20.0,19.0,24.0,24.0,30.0,39.0,41.0,43.0,54.0,73.0,79.0,98.0,112.0,133.0,149.0,183.0,213.0,250.0,299.0,376.0,429.0,498.0,616.0,720.0,837.0,998.0,1178.0,1441.0,1727.0,2069.0,2455.0,2959.0,3502.0,4106.0,4870.0,5659.0,6626.0,7840.0,9214.0,10811.0,12606.0,14813.0,13989.0,12849.0,11405.0,9891.0,8634.0,7494.0,6647.0,5822.0,5083.0,4542.0,3985.0,3552.0,3097.0,2664.0,2350.0,2055.0,1742.0,1511.0,1311.0,1119.0,999.0,842.0,749.0,641.0,546.0,471.0,399.0,331.0,292.0,263.0,230.0,217.0,182.0,163.0,151.0,135.0,123.0,104.0,96.0
5.0,6.0,7.0,9.0,13.0,19.0,22.0,23.0,19.0,21.0,22.0,26.0,31.0,36.0,40.0,46.0,58.0,78.0,87.0,92.0,116.0,139.0,151.0,179.0,211.0,248.0,310.0,371.0,427.0,529.0,647.0,790.0,931.0,1095.0,1346.0,1593.0,1914.0,2241.0,2606.0,3060.0,3590.0,4291.0,5037.0,5906.0,6988.0,8259.0,9720.0,9290.0,8488.0,7499.0,6634.0,5700.0,4971.0,4447.0,3915.0,3431.0,3039.0,2663.0,2337.0,2048.0,1820.0,1585.0,1381.0,1207.0,1030.0,906.0,771.0,654.0,551.0,484.0,426.0,371.0,313.0,301.0,263.0,240.0,184.0,162.0,144.0,131.0,122.0,106.0,101.0,87.0,80.0,65.0
5.0,5.0,6.0,6.0,8.0,10.0,8.0,9.0,11.0,13.0,18.0,21.0,25.0,35.0,47.0,61.0,85.0,106.0,134.0,154.0,180.0,215.0,245.0,286.0,329.0,401.0,470.0,532.0,627.0,797.0,941.0,1113.0,1331.0,1621.0,1935.0,2269.0,2649.0,3060.0,3572.0,4281.0,5075.0,6104.0,7220.0,8479.0,9964.0,11602.0,13444.0,12715.0,11641.0,10335.0,8976.0,7844.0,6831.0,6055.0,5364.0,4784.0,4242.0,3762.0,3233.0,2797.0,2475.0,2155.0,1879.0,1645.0,1419.0,1220.0,1069.0,892.0,785.0,689.0,592.0,522.0,476.0,396.0,337.0,295.0,257.0,220.0,190.0,178.0,161.0,144.0,119.0,101.0,82.0,75.0
5.0,10.0,14.0,15.0,15.0,18.0,25.0,33.0,42.0,45.0,48.0,63.0,79.0,91.0,111.0,136.0,170.0,205.0,246.0,281.0,328.0,372.0,435.0,515.0,587.0,680.0,837.0,1005.0,1195.0,1392.0,1658.0,1980.0,2386.0,2800.0,3325.0,3995.0,4706.0,5586.0,6639.0,7742.0,9116.0,10738.0,12519.0,14575.0,16912.0,19510.0,22322.0,20843.0,19063.0,16808.0,14628.0,12710.0,11047.0,9684.0,8470.0,7563.0,6659.0,5852.0,5102.0,4455.0,3874.0,3298.0,2872.0,2423.0,2079.0,1776.0,1540.0,1316.0,1115.0,972.0,823.0,711.0,612.0,506.0,426.0,392.0,335.0,286.0,252.0,230.0,199.0,186.0,171.0,130.0,119.0,106.0
5.0,5.0,6.0,9.0,10.0,8.0,7.0,9.0,14.0,16.0,19.0,25.0,29.0,28.0,27.0,25.0,28.0,34.0,40.0,46.0,52.0,76.0,85.0,94.0,109.0,124.0,153.0,184.0,212.0,241.0,287.0,348.0,421.0,511.0,618.0,741.0,896.0,1070.0,1237.0,1450.0,1734.0,2089.0,2471.0,2961.0,3516.0,4173.0,4899.0,4666.0,4321.0,3748.0,3321.0,2848.0,2517.0,2208.0,1976.0,1772.0,1594.0,1428.0,1259.0,1068.0,940.0,852.0,748.0,673.0,585.0,531.0,445.0,389.0,350.0,313.0,262.0,217.0,197.0,173.0,153.0,120.0,110.0,93.0,83.0,70.0,59.0,44.0,39.0,30.0,33.0,31.0
5.0,8.0,10.0,9.0,11.0,11.0,11.0,12.0,15.0,19.0,24.0,25.0,26.0,32.0,38.0,46.0,57.0,72.0,86.0,99.0,112.0,130.0,155.0,178.0,211.0,254.0,320.0,396.0,443.0,522.0,614.0,733.0,866.0,1024.0,1221.0,1466.0,1751.0,2050.0,2444.0,2919.0,3437.0,4105.0,4852.0,5803.0,6779.0,8042.0,9373.0,8933.0,8260.0,7347.0,6398.0,5572.0,4868.0,4370.0,3821.0,3313.0,2922.0,2568.0,2226.0,1920.0,1718.0,1525.0,1311.0,1128.0,971.0,841.0,722.0,617.0,532.0,459.0,395.0,351.0,311.0,273.0,229.0,194.0,177.0,153.0,123.0,111.0,82.0,68.0,64.0,54.0,48.0,40.0
5.0,5.0,6.0,7.0,10.0,10.0,9.0,9.0,14.0,17.0,22.0,30.0,36.0,38.0,40.0,44.0,51.0,65.0,76.0,85.0,100.0,123.0,147.0,167.0,196.0,221.0,261.0,317.0,382.0,454.0,544.0,597.0,705.0,832.0,961.0,1144.0,1362.0,1630.0,1891.0,2262.0,2703.0,3181.0,3680.0,4322.0,5126.0,5957.0,7069.0,6747.0,6216.0,5570.0,4926.0,4288.0,3718.0,3319.0,2953.0,2604.0,2325.0,2046.0,1807.0,1592.0,1392.0,1198.0,1052.0,914.0,808.0,728.0,648.0,577.0,493.0,434.0,373.0,342.0,288.0,244.0,207.0,189.0,173.0,148.0,128.0,113.0,105.0,92.0,93.0,82.0,69.0,68.0
