0.0,0.0,0.0,0.0,0.0,0.0,0.0,1.0,1.0,2.0,2.0,3.0,4.0,5.0,6.0,7.0,7.0,9.0,11.0,14.0,18.0,28.0,41.0,45.0,56.0,66.0,77.0,89.0,103.0,123.0,148.0,172.0,212.0,241.0,292.0,342.0,390.0,452.0,503.0,562.0,622.0,683.0,746.0,805.0,869.0,926.0,977.0,1025.0,1081.0,1131.0,1177.0,1222.0,1260.0,1300.0,1358.0,1401.0,1430.0,1455.0,1499.0,1529.0,1558.0,1593.0,1618.0,1641.0,1664.0,1689.0,1706.0,1720.0,1740.0,1752.0
0.0,0.0,0.0,0.0,0.0,0.0,0.0,0.0,0.0,0.0,0.0,1.0,1.0,3.0,3.0,3.0,3.0,4.0,4.0,5.0,6.0,7.0,8.0,12.0,13.0,17.0,22.0,23.0,27.0,30.0,35.0,42.0,51.0,60.0,68.0,78.0,84.0,95.0,108.0,118.0,130.0,146.0,158.0,164.0,174.0,186.0,195.0,209.0,218.0,226.0,234.0,240.0,249.0,261.0,268.0,276.0,288.0,290.0,295.0,300.0,305.0,311.0,315.0,318.0,327.0,329.0,335.0,339.0,340.0,341.0
0.0,0.0,0.0,0.0,0.0,1.0,1.0,1.0,1.0,2.0,3.0,3.0,3.0,6.0,6.0,6.0,6.0,6.0,6.0,7.0,11.0,13.0,15.0,18.0,19.0,20.0,22.0,23.0,27.0,31.0,38.0,41.0,51.0,60.0,71.0,84.0,98.0,111.0,121.0,130.0,140.0,154.0,171.0,179.0,199.0,213.0,222.0,232.0,242.0,256.0,270.0,278.0,291.0,299.0,307.0,318.0,321.0,330.0,338.0,344.0,353.0,359.0,366.0,372.0,376.0,383.0,388.0,394.0,397.0,400.0
0.0,0.0,0.0,0.0,0.0,0.0,0.0,0.0,1.0,2.0,2.0,2.0,2.0,2.0,5.0,10.0,10.0,11.0,12.0,15.0,18.0,23.0,25.0,27.0,37.0,39.0,44.0,48.0,57.0,66.0,72.0,88.0,98.0,114.0,134.0,150.0,170.0,191.0,209.0,230.0,254.0,279.0,297.0,330.0,342.0,369.0,385.0,415.0,442.0,458.0,478.0,500.0,513.0,529.0,550.0,568.0,577.0,589.0,597.0,609.0,621.0,632.0,643.0,659.0,666.0,675.0,683.0,692.0,695.0,701.0
0.0,0.0,0.0,0.0,0.0,0.0,0.0,0.0,1.0,3.0,3.0,3.0,5.0,5.0,6.0,6.0,7.0,9.0,14.0,16.0,20.0,24.0,27.0,34.0,41.0,54.0,68.0,81.0,101.0,111.0,121.0,137.0,158.0,194.0,239.0,299.0,355.0,403.0,456.0,497.0,550.0,580.0,636.0,682.0,730.0,791.0,830.0,866.0,904.0,955.0,989.0,1030.0,1063.0,1102.0,1125.0,1152.0,1189.0,1217.0,1241.0,1284.0,1314.0,1336.0,1356.0,1376.0,1389.0,1406.0,1423.0,1442.0,1457.0,1471.0
0.0,0.0,0.0,0.0,0.0,0.0,0.0,0.0,0.0,0.0,1.0,1.0,3.0,5.0,7.0,10.0,12.0,15.0,17.0,20.0,21.0,25.0,31.0,38.0,46.0,54.0,65.0,79.0,89.0,103.0,113.0,128.0,149.0,169.0,196.0,224.0,258.0,298.0,340.0,369.0,415.0,448.0,480.0,527.0,571.0,596.0,627.0,657.0,685.0,708.0,741.0,769.0,788.0,811.0,837.0,858.0,880.0,898.0,913.0,934.0,951.0,969.0,986.0,1004.0,1019.0,1033.0,1044.0,1052.0,1065.0,1073.0
0.0,0.0,0.0,0.0,0.0,0.0,0.0,1.0,1.0,2.0,2.0,2.0,3.0,7.0,8.0,8.0,11.0,11.0,13.0,16.0,20.0,23.0,28.0,29.0,30.0,33.0,39.0,42.0,49.0,54.0,60.0,70.0,79.0,85.0,95.0,112.0,128.0,140.0,150.0,166.0,178.0,192.0,210.0,227.0,238.0,258.0,276.0,286.0,301.0,318.0,343.0,351.0,359.0,369.0,375.0,385.0,397.0,403.0,409.0,418.0,420.0,428.0,435.0,442.0,446.0,448.0,456.0,457.0,461.0,469.0
0.0,0.0,0.0,0.0,0.0,0.0,0.0,0.0,0.0,0.0,0.0,0.0,1.0,1.0,1.0,3.0,5.0,6.0,7.0,9.0,11.0,12.0,15.0,16.0,19.0,27.0,30.0,34.0,41.0,50.0,65.0,82.0,89.0,105.0,121.0,144.0,157.0,177.0,198.0,214.0,241.0,260.0,280.0,300.0,327.0,349.0,365.0,377.0,391.0,411.0,431.0,446.0,461.0,470.0,478.0,489.0,505.0,510.0,521.0,532.0,536.0,545.0,550.0,562.0,568.0,575.0,580.0,583.0,592.0,598.0
0.0,0.0,0.0,0.0,1.0,1.0,1.0,1.0,1.0,1.0,2.0,4.0,6.0,6.0,6.0,8.0,9.0,10.0,12.0,14.0,17.0,19.0,24.0,30.0,35.0,43.0,45.0,54.0,65.0,76.0,91.0,100.0,119.0,142.0,160.0,181.0,211.0,241.0,273.0,303.0,327.0,360.0,389.0,425.0,460.0,490.0,530.0,558.0,584.0,606.0,639.0,661.0,682.0,703.0,722.0,748.0,767.0,786.0,799.0,810.0,824.0,839.0,858.0,869.0,883.0,897.0,905.0,915.0,922.0,927.0
0.0,0.0,0.0,0.0,1.0,1.0,1.0,1.0,2.0,2.0,4.0,4.0,4.0,6.0,6.0,6.0,6.0,7.0,7.0,8.0,8.0,10.0,14.0,16.0,21.0,26.0,33.0,43.0,52.0,65.0,71.0,82.0,95.0,111.0,120.0,134.0,151.0,167.0,190.0,208.0,227.0,249.0,273.0,289.0,310.0,325.0,343.0,356.0,369.0,383.0,402.0,418.0,428.0,443.0,451.0,468.0,478.0,488.0,496.0,505.0,520.0,525.0,530.0,540.0,550.0,553.0,557.0,561.0,568.0,573.0
0.0,0.0,0.0,0.0,0.0,0.0,1.0,2.0,2.0,2.0,4.0,5.0,7.0,11.0,11.0,12.0,13.0,15.0,17.0,18.0,19.0,24.0,29.0,31.0,39.0,44.0,47.0,55.0,61.0,65.0,81.0,94.0,108.0,119.0,137.0,156.0,175.0,198.0,228.0,252.0,275.0,290.0,317.0,333.0,369.0,390.0,408.0,426.0,441.0,462.0,485.0,504.0,525.0,539.0,556.0,567.0,580.0,594.0,611.0,625.0,644.0,654.0,663.0,673.0,680.0,686.0,691.0,696.0,700.0,706.0
0.0,0.0,0.0,0.0,0.0,0.0,0.0,0.0,0.0,0.0,0.0,1.0,2.0,3.0,6.0,6.0,8.0,8.0,9.0,9.0,9.0,12.0,14.0,16.0,17.0,18.0,26.0,31.0,36.0,41.0,44.0,53.0,64.0,81.0,100.0,114.0,132.0,150.0,162.0,177.0,199.0,220.0,232.0,242.0,263.0,281.0,289.0,305.0,312.0,328.0,339.0,354.0,367.0,371.0,380.0,386.0,399.0,409.0,415.0,422.0,428.0,440.0,449.0,450.0,453.0,458.0,463.0,466.0,471.0,475.0
0.0,0.0,0.0,0.0,0.0,0.0,0.0,3.0,4.0,4.0,4.0,4.0,4.0,5.0,6.0,6.0,10.0,13.0,17.0,17.0,21.0,27.0,34.0,39.0,53.0,61.0,71.0,83.0,97.0,122.0,145.0,177.0,199.0,236.0,274.0,314.0,366.0,414.0,476.0,529.0,596.0,652.0,711.0,756.0,815.0,877.0,939.0,992.0,1024.0,1073.0,1110.0,1152.0,1192.0,1239.0,1284.0,1307.0,1342.0,1372.0,1404.0,1429.0,1465.0,1488.0,1513.0,1532.0,1544.0,1562.0,1585.0,1609.0,1633.0,1645.0
0.0,0.0,0.0,0.0,0.0,0.0,0.0,0.0,0.0,1.0,2.0,4.0,4.0,7.0,7.0,9.0,10.0,13.0,15.0,18.0,20.0,23.0,24.0,27.0,30.0,31.0,33.0,39.0,51.0,65.0,74.0,81.0,100.0,114.0,136.0,149.0,177.0,199.0,218.0,236.0,258.0,280.0,302.0,323.0,345.0,365.0,384.0,400.0,420.0,435.0,453.0,469.0,493.0,514.0,530.0,538.0,547.0,556.0,568.0,577.0,585.0,594.0,604.0,611.0,622.0,628.0,634.0,640.0,645.0,652.0
0.0,0.0,0.0,0.0,0.0,0.0,0.0,1.0,1.0,2.0,3.0,3.0,5.0,8.0,10.0,13.0,15.0,19.0,28.0,37.0,44.0,49.0,59.0,69.0,81.0,97.0,113.0,130.0,154.0,176.0,217.0,264.0,322.0,373.0,432.0,484.0,545.0,623.0,695.0,765.0,842.0,925.0,1013.0,1080.0,1149.0,1215.0,1277.0,1324.0,1398.0,1459.0,1525.0,1577.0,1626.0,1670.0,1719.0,1767.0,1815.0,1851.0,1881.0,1921.0,1949.0,1981.0,2021.0,2047.0,2076.0,2100.0,2114.0,2139.0,2160.0,2172.0
0.0,0.0,0.0,0.0,0.0,0.0,0.0,1.0,3.0,3.0,5.0,6.0,6.0,6.0,7.0,9.0,11.0,13.0,16.0,17.0,21.0,23.0,26.0,30.0,34.0,44.0,50.0,58.0,66.0,76.0,87.0,97.0,108.0,120.0,138.0,165.0,186.0,202.0,221.0,244.0,264.0,288.0,308.0,337.0,350.0,373.0,388.0,405.0,429.0,452.0,468.0,484.0,505.0,521.0,531.0,546.0,556.0,564.0,578.0,591.0,604.0,619.0,626.0,634.0,645.0,655.0,670.0,679.0,686.0,693.0
0.0,0.0,0.0,1.0,1.0,1.0,1.0,1.0,1.0,1.0,2.0,2.0,4.0,5.0,5.0,8.0,9.0,9.0,9.0,13.0,14.0,21.0,22.0,28.0,32.0,40.0,46.0,54.0,59.0,66.0,76.0,96.0,107.0,139.0,158.0,180.0,205.0,232.0,263.0,289.0,302.0,332.0,353.0,381.0,398.0,426.0,442.0,472.0,485.0,499.0,521.0,541.0,555.0,571.0,586.0,603.0,622.0,640.0,652.0,666.0,685.0,693.0,704.0,716.0,729.0,738.0,749.0,758.0,763.0,771.0
0.0,0.0,0.0,0.0,0.0,0.0,0.0,0.0,0.0,2.0,3.0,3.0,4.0,4.0,6.0,7.0,7.0,8.0,8.0,10.0,11.0,12.0,14.0,16.0,16.0,18.0,21.0,24.0,27.0,29.0,31.0,32.0,35.0,43.0,46.0,48.0,57.0,62.0,73.0,80.0,85.0,93.0,100.0,112.0,120.0,125.0,133.0,136.0,138.0,141.0,147.0,149.0,154.0,158.0,162.0,166.0,171.0,173.0,173.0,174.0,179.0,186.0,186.0,188.0,190.0,191.0,194.0,194.0,200.0,202.0
0.0,0.0,0.0,0.0,0.0,0.0,0.0,0.0,0.0,2.0,4.0,5.0,6.0,7.0,8.0,10.0,14.0,18.0,20.0,23.0,28.0,32.0,36.0,47.0,65.0,82.0,101.0,122.0,148.0,169.0,208.0,240.0,285.0,337.0,383.0,440.0,501.0,573.0,642.0,721.0,794.0,860.0,944.0,1009.0,1081.0,1140.0,1216.0,1269.0,1325.0,1367.0,1429.0,1472.0,1519.0,1561.0,1613.0,1662.0,1707.0,1745.0,1780.0,1820.0,1845.0,1874.0,1905.0,1923.0,1946.0,1963.0,1986.0,2005.0,2025.0,2053.0
0.0,0.0,0.0,0.0,0.0,0.0,0.0,1.0,1.0,1.0,2.0,3.0,4.0,4.0,6.0,8.0,10.0,16.0,18.0,19.0,25.0,30.0,33.0,36.0,44.0,54.0,60.0,74.0,88.0,106.0,126.0,147.0,171.0,193.0,220.0,262.0,303.0,342.0,400.0,453.0,495.0,539.0,584.0,634.0,686.0,733.0,777.0,811.0,855.0,902.0,941.0,969.0,1000.0,1030.0,1051.0,1082.0,1114.0,1140.0,1161.0,1180.0,1191.0,1218.0,1237.0,1256.0,1270.0,1284.0,1293.0,1311.0,1324.0,1330.0
0.0,0.0,0.0,0.0,0.0,0.0,1.0,3.0,3.0,4.0,4.0,6.0,6.0,7.0,9.0,11.0,13.0,20.0,23.0,25.0,30.0,35.0,39.0,51.0,63.0,74.0,85.0,94.0,109.0,129.0,146.0,167.0,194.0,220.0,256.0,296.0,338.0,377.0,420.0,474.0,514.0,558.0,603.0,649.0,704.0,735.0,773.0,806.0,843.0,882.0,929.0,967.0,995.0,1023.0,1050.0,1077.0,1109.0,1129.0,1159.0,1187.0,1201.0,1221.0,1238.0,1254.0,1274.0,1286.0,1301.0,1314.0,1325.0,1337.0
0.0,0.0,0.0,0.0,0.0,0.0,0.0,0.0,0.0,1.0,2.0,2.0,3.0,4.0,5.0,6.0,7.0,12.0,15.0,20.0,24.0,33.0,39.0,46.0,57.0,67.0,81.0,98.0,111.0,123.0,145.0,170.0,193.0,220.0,248.0,285.0,326.0,358.0,390.0,441.0,487.0,529.0,561.0,606.0,641.0,669.0,707.0,742.0,782.0,821.0,865.0,901.0,930.0,956.0,978.0,1003.0,1019.0,1037.0,1058.0,1078.0,1093.0,1106.0,1125.0,1139.0,1152.0,1165.0,1177.0,1186.0,1196.0,1206.0
0.0,0.0,0.0,0.0,0.0,0.0,0.0,0.0,0.0,1.0,1.0,2.0,2.0,3.0,5.0,6.0,7.0,7.0,8.0,10.0,12.0,17.0,18.0,21.0,27.0,29.0,40.0,46.0,52.0,58.0,68.0,78.0,92.0,102.0,119.0,130.0,150.0,170.0,192.0,216.0,246.0,266.0,301.0,317.0,339.0,365.0,378.0,402.0,420.0,439.0,461.0,474.0,484.0,494.0,511.0,524.0,535.0,548.0,554.0,569.0,578.0,591.0,597.0,605.0,611.0,619.0,623.0,631.0,634.0,640.0
0.0,0.0,0.0,0.0,0.0,0.0,0.0,0.0,1.0,1.0,1.0,1.0,1.0,1.0,2.0,4.0,6.0,9.0,10.0,12.0,13.0,14.0,15.0,18.0,18.0,21.0,29.0,32.0,37.0,47.0,53.0,69.0,82.0,95.0,110.0,118.0,131.0,153.0,178.0,205.0,227.0,253.0,264.0,281.0,298.0,311.0,325.0,343.0,356.0,375.0,389.0,398.0,417.0,430.0,445.0,460.0,483.0,489.0,497.0,512.0,518.0,525.0,537.0,545.0,556.0,560.0,567.0,571.0,579.0,586.0
0.0,0.0,0.0,0.0,0.0,0.0,0.0,1.0,2.0,2.0,3.0,4.0,4.0,8.0,9.0,12.0,17.0,20.0,26.0,32.0,37.0,49.0,53.0,63.0,76.0,87.0,104.0,126.0,151.0,180.0,220.0,254.0,297.0,348.0,411.0,489.0,577.0,673.0,768.0,859.0,951.0,1053.0,1139.0,1228.0,1323.0,1401.0,1477.0,1535.0,1618.0,1696.0,1764.0,1835.0,1907.0,1965.0,2017.0,2067.0,2116.0,2164.0,2214.0,2249.0,2293.0,2346.0,2380.0,2425.0,2456.0,2493.0,2518.0,2538.0,2562.0,2593.0
0.0,0.0,0.0,0.0,0.0,0.0,0.0,0.0,1.0,1.0,1.0,1.0,2.0,2.0,2.0,4.0,7.0,7.0,9.0,12.0,15.0,21.0,24.0,27.0,30.0,38.0,44.0,57.0,66.0,80.0,100.0,111.0,128.0,154.0,175.0,201.0,230.0,260.0,299.0,327.0,348.0,382.0,403.0,434.0,464.0,500.0,539.0,555.0,580.0,607.0,637.0,662.0,683.0,700.0,716.0,730.0,747.0,761.0,774.0,791.0,805.0,820.0,833.0,850.0,856.0,861.0,871.0,878.0,890.0,901.0
0.0,0.0,0.0,0.0,0.0,0.0,0.0,0.0,0.0,0.0,0.0,1.0,3.0,4.0,5.0,6.0,7.0,8.0,10.0,11.0,14.0,14.0,16.0,23.0,26.0,29.0,35.0,38.0,48.0,53.0,60.0,74.0,81.0,99.0,116.0,137.0,152.0,172.0,200.0,225.0,248.0,262.0,281.0,300.0,320.0,336.0,351.0,374.0,397.0,422.0,439.0,457.0,473.0,496.0,509.0,522.0,538.0,550.0,569.0,583.0,601.0,609.0,616.0,624.0,634.0,645.0,655.0,669.0,672.0,676.0
0.0,0.0,0.0,0.0,0.0,0.0,0.0,1.0,2.0,2.0,4.0,5.0,5.0,7.0,8.0,12.0,13.0,18.0,24.0,28.0,34.0,35.0,39.0,46.0,53.0,65.0,73.0,91.0,102.0,124.0,148.0,178.0,203.0,242.0,281.0,334.0,395.0,451.0,486.0,537.0,586.0,661.0,706.0,756.0,818.0,883.0,938.0,980.0,1026.0,1065.0,1107.0,1168.0,1207.0,1243.0,1273.0,1302.0,1339.0,1372.0,1401.0,1421.0,1456.0,1477.0,1503.0,1518.0,1538.0,1560.0,1581.0,1594.0,1607.0,1621.0
0.0,0.0,0.0,0.0,0.0,0.0,0.0,0.0,1.0,1.0,1.0,1.0,1.0,2.0,2.0,2.0,3.0,4.0,6.0,12.0,16.0,20.0,26.0,30.0,36.0,40.0,52.0,66.0,80.0,93.0,105.0,120.0,141.0,167.0,198.0,229.0,267.0,302.0,342.0,375.0,407.0,450.0,485.0,522.0,556.0,578.0,614.0,645.0,669.0,703.0,730.0,763.0,786.0,814.0,835.0,855.0,868.0,886.0,904.0,916.0,932.0,946.0,959.0,973.0,993.0,1000.0,1004.0,1014.0,1025.0,1031.0
0.0,0.0,0.0,0.0,1.0,1.0,1.0,1.0,2.0,2.0,2.0,2.0,3.0,4.0,4.0,6.0,6.0,7.0,9.0,13.0,15.0,19.0,26.0,29.0,31.0,38.0,43.0,48.0,54.0,67.0,76.0,89.0,111.0,135.0,155.0,182.0,221.0,240.0,273.0,308.0,339.0,373.0,397.0,437.0,470.0,503.0,534.0,575.0,594.0,614.0,633.0,652.0,666.0,689.0,711.0,730.0,744.0,767.0,787.0,807.0,831.0,843.0,862.0,881.0,895.0,907.0,920.0,928.0,942.0,951.0
0.0,0.0,0.0,1.0,1.0,1.0,2.0,2.0,2.0,4.0,6.0,6.0,8.0,9.0,13.0,16.0,19.0,21.0,29.0,37.0,39.0,47.0,55.0,66.0,86.0,102.0,117.0,131.0,153.0,186.0,217.0,256.0,308.0,345.0,423.0,498.0,571.0,650.0,733.0,813.0,900.0,972.0,1049.0,1135.0,1204.0,1267.0,1330.0,1405.0,1477.0,1544.0,1609.0,1656.0,1713.0,1756.0,1807.0,1853.0,1906.0,1945.0,1989.0,2025.0,2060.0,2088.0,2113.0,2150.0,2178.0,2198.0,2224.0,2244.0,2262.0,2281.0
0.0,0.0,0.0,0.0,0.0,0.0,0.0,0.0,1.0,1.0,1.0,1.0,2.0,4.0,4.0,4.0,4.0,5.0,6.0,7.0,10.0,11.0,13.0,14.0,16.0,19.0,22.0,28.0,33.0,37.0,41.0,49.0,55.0,59.0,71.0,87.0,111.0,127.0,145.0,163.0,178.0,197.0,212.0,225.0,241.0,251.0,267.0,280.0,293.0,310.0,324.0,331.0,338.0,350.0,360.0,370.0,378.0,386.0,400.0,408.0,415.0,424.0,427.0,436.0,441.0,445.0,454.0,459.0,465.0,470.0
0.0,0.0,0.0,0.0,0.0,0.0,0.0,0.0,0.0,0.0,2.0,2.0,2.0,2.0,2.0,4.0,4.0,6.0,10.0,11.0,16.0,22.0,23.0,27.0,28.0,31.0,38.0,44.0,54.0,67.0,80.0,99.0,123.0,141.0,165.0,183.0,217.0,247.0,274.0,306.0,335.0,369.0,406.0,433.0,462.0,493.0,519.0,546.0,569.0,601.0,626.0,648.0,674.0,701.0,719.0,741.0,757.0,769.0,789.0,809.0,824.0,838.0,850.0,859.0,876.0,884.0,891.0,903.0,908.0,914.0
0.0,0.0,0.0,0.0,0.0,0.0,0.0,0.0,0.0,3.0,4.0,4.0,4.0,4.0,5.0,7.0,7.0,7.0,8.0,8.0,8.0,8.0,11.0,13.0,16.0,19.0,21.0,24.0,28.0,34.0,36.0,41.0,52.0,60.0,68.0,72.0,86.0,93.0,101.0,108.0,123.0,136.0,146.0,154.0,159.0,167.0,182.0,190.0,198.0,215.0,227.0,239.0,247.0,253.0,257.0,265.0,272.0,276.0,280.0,288.0,293.0,299.0,306.0,310.0,313.0,318.0,323.0,328.0,332.0,337.0
0.0,0.0,0.0,0.0,1.0,1.0,3.0,3.0,3.0,3.0,3.0,3.0,3.0,3.0,4.0,4.0,4.0,6.0,7.0,8.0,9.0,11.0,13.0,16.0,18.0,26.0,32.0,45.0,53.0,58.0,69.0,85.0,96.0,110.0,126.0,148.0,175.0,204.0,228.0,252.0,284.0,302.0,321.0,341.0,371.0,391.0,418.0,438.0,457.0,470.0,494.0,515.0,529.0,546.0,557.0,575.0,589.0,600.0,618.0,632.0,640.0,653.0,665.0,680.0,688.0,698.0,709.0,714.0,722.0,730.0
0.0,0.0,0.0,0.0,0.0,0.0,0.0,1.0,1.0,1.0,3.0,4.0,7.0,9.0,11.0,13.0,16.0,23.0,29.0,32.0,40.0,43.0,50.0,59.0,73.0,91.0,111.0,123.0,153.0,181.0,204.0,247.0,303.0,367.0,439.0,510.0,590.0,684.0,781.0,874.0,971.0,1057.0,1160.0,1251.0,1352.0,1442.0,1533.0,1620.0,1707.0,1780.0,1852.0,1932.0,2001.0,2048.0,2105.0,2169.0,2236.0,2295.0,2350.0,2398.0,2445.0,2485.0,2519.0,2555.0,2592.0,2627.0,2665.0,2687.0,2705.0,2725.0
0.0,0.0,0.0,0.0,0.0,0.0,0.0,0.0,0.0,0.0,0.0,0.0,2.0,2.0,3.0,4.0,6.0,6.0,8.0,8.0,11.0,15.0,22.0,29.0,35.0,43.0,49.0,58.0,72.0,84.0,97.0,122.0,141.0,165.0,197.0,232.0,268.0,305.0,348.0,384.0,422.0,469.0,503.0,554.0,594.0,628.0,665.0,703.0,733.0,765.0,799.0,830.0,860.0,880.0,916.0,950.0,983.0,996.0,1018.0,1038.0,1058.0,1075.0,1097.0,1116.0,1130.0,1146.0,1160.0,1172.0,1180.0,1192.0
0.0,0.0,0.0,0.0,0.0,1.0,1.0,1.0,1.0,1.0,1.0,2.0,2.0,3.0,3.0,5.0,6.0,6.0,10.0,12.0,12.0,19.0,19.0,20.0,22.0,30.0,33.0,35.0,42.0,45.0,50.0,61.0,70.0,83.0,99.0,110.0,121.0,136.0,151.0,170.0,186.0,198.0,210.0,228.0,235.0,248.0,260.0,276.0,289.0,307.0,321.0,338.0,354.0,363.0,370.0,384.0,390.0,400.0,407.0,415.0,423.0,427.0,434.0,441.0,450.0,456.0,460.0,462.0,466.0,471.0
0.0,0.0,0.0,0.0,0.0,0.0,0.0,0.0,1.0,1.0,1.0,1.0,2.0,6.0,8.0,11.0,12.0,17.0,19.0,23.0,24.0,34.0,44.0,54.0,73.0,84.0,96.0,105.0,121.0,151.0,178.0,201.0,236.0,269.0,325.0,394.0,460.0,522.0,594.0,669.0,730.0,790.0,870.0,927.0,989.0,1062.0,1123.0,1207.0,1278.0,1348.0,1400.0,1445.0,1500.0,1556.0,1608.0,1644.0,1691.0,1730.0,1760.0,1787.0,1831.0,1863.0,1891.0,1919.0,1956.0,1980.0,2012.0,2041.0,2065.0,2085.0
0.0,0.0,0.0,0.0,0.0,0.0,0.0,0.0,1.0,2.0,2.0,3.0,5.0,10.0,10.0,11.0,13.0,17.0,22.0,28.0,30.0,37.0,46.0,57.0,71.0,86.0,102.0,121.0,147.0,177.0,206.0,242.0,275.0,324.0,387.0,468.0,532.0,627.0,705.0,777.0,864.0,952.0,1032.0,1109.0,1198.0,1288.0,1356.0,1425.0,1502.0,1555.0,1628.0,1686.0,1741.0,1789.0,1838.0,1888.0,1939.0,1985.0,2030.0,2068.0,2104.0,2138.0,2166.0,2195.0,2229.0,2256.0,2276.0,2304.0,2328.0,2347.0
0.0,0.0,0.0,0.0,0.0,1.0,2.0,3.0,3.0,3.0,4.0,4.0,5.0,5.0,6.0,9.0,9.0,10.0,11.0,13.0,18.0,21.0,26.0,31.0,37.0,43.0,53.0,63.0,68.0,85.0,102.0,122.0,151.0,167.0,193.0,233.0,272.0,306.0,336.0,381.0,427.0,469.0,506.0,538.0,582.0,614.0,646.0,678.0,707.0,739.0,776.0,800.0,826.0,852.0,884.0,908.0,936.0,954.0,974.0,987.0,1012.0,1024.0,1039.0,1059.0,1079.0,1093.0,1099.0,1111.0,1119.0,1130.0
0.0,0.0,0.0,0.0,0.0,1.0,1.0,2.0,2.0,2.0,2.0,3.0,3.0,3.0,4.0,5.0,5.0,5.0,5.0,5.0,8.0,12.0,15.0,16.0,19.0,22.0,29.0,35.0,41.0,51.0,62.0,75.0,94.0,111.0,125.0,154.0,176.0,201.0,228.0,262.0,283.0,316.0,349.0,367.0,390.0,408.0,432.0,453.0,475.0,501.0,521.0,542.0,572.0,593.0,608.0,623.0,638.0,643.0,654.0,667.0,684.0,697.0,709.0,716.0,723.0,731.0,737.0,740.0,748.0,752.0
0.0,0.0,0.0,0.0,0.0,0.0,0.0,0.0,1.0,1.0,1.0,1.0,2.0,2.0,2.0,2.0,2.0,2.0,2.0,2.0,4.0,7.0,8.0,10.0,14.0,14.0,14.0,17.0,18.0,24.0,28.0,30.0,36.0,42.0,50.0,62.0,75.0,96.0,108.0,118.0,136.0,151.0,159.0,170.0,178.0,190.0,204.0,218.0,234.0,244.0,254.0,266.0,274.0,288.0,297.0,311.0,318.0,323.0,329.0,334.0,338.0,342.0,346.0,354.0,356.0,360.0,364.0,371.0,375.0,377.0
0.0,0.0,0.0,0.0,0.0,1.0,1.0,1.0,2.0,3.0,5.0,6.0,8.0,10.0,13.0,14.0,14.0,14.0,15.0,15.0,16.0,17.0,22.0,27.0,33.0,37.0,41.0,50.0,62.0,71.0,87.0,99.0,113.0,138.0,159.0,175.0,202.0,230.0,256.0,285.0,316.0,346.0,385.0,412.0,437.0,455.0,474.0,501.0,523.0,539.0,561.0,588.0,605.0,622.0,642.0,663.0,683.0,696.0,714.0,724.0,736.0,756.0,766.0,774.0,785.0,793.0,802.0,812.0,820.0,825.0
0.0,0.0,0.0,0.0,0.0,0.0,0.0,0.0,0.0,1.0,2.0,2.0,4.0,7.0,9.0,13.0,15.0,21.0,28.0,33.0,38.0,45.0,54.0,67.0,84.0,93.0,108.0,129.0,145.0,169.0,194.0,221.0,268.0,314.0,368.0,426.0,489.0,551.0,606.0,659.0,736.0,796.0,867.0,919.0,977.0,1041.0,1103.0,1153.0,1221.0,1286.0,1332.0,1375.0,1421.0,1464.0,1500.0,1539.0,1572.0,1611.0,1646.0,1680.0,1703.0,1735.0,1753.0,1778.0,1795.0,1814.0,1843.0,1866.0,1886.0,1903.0
0.0,0.0,0.0,0.0,0.0,0.0,1.0,1.0,2.0,2.0,2.0,2.0,3.0,3.0,3.0,4.0,4.0,5.0,5.0,5.0,7.0,7.0,7.0,9.0,9.0,10.0,11.0,13.0,19.0,23.0,26.0,27.0,30.0,32.0,37.0,42.0,48.0,57.0,61.0,66.0,71.0,83.0,88.0,98.0,101.0,114.0,120.0,128.0,133.0,137.0,141.0,147.0,152.0,157.0,162.0,166.0,170.0,175.0,175.0,176.0,177.0,177.0,182.0,182.0,190.0,191.0,191.0,192.0,197.0,199.0
0.0,0.0,0.0,0.0,0.0,0.0,0.0,0.0,2.0,2.0,3.0,3.0,6.0,7.0,7.0,10.0,10.0,12.0,14.0,18.0,24.0,26.0,29.0,33.0,35.0,44.0,50.0,57.0,64.0,70.0,80.0,94.0,110.0,126.0,152.0,174.0,205.0,225.0,249.0,280.0,301.0,319.0,356.0,379.0,399.0,416.0,441.0,463.0,490.0,517.0,538.0,551.0,573.0,582.0,601.0,618.0,634.0,657.0,667.0,677.0,685.0,697.0,707.0,715.0,724.0,738.0,750.0,756.0,758.0,765.0
0.0,0.0,0.0,0.0,0.0,0.0,0.0,2.0,2.0,2.0,3.0,3.0,5.0,5.0,5.0,5.0,5.0,5.0,5.0,5.0,5.0,5.0,5.0,5.0,5.0,5.0,5.0,5.0,5.0,5.0,5.0,7.0,8.0,8.0,8.0,8.0,8.0,8.0,8.0,8.0,8.0,8.0,8.0,8.0,8.0,8.0,8.0,8.0,8.0,8.0,8.0,8.0,8.0,8.0,8.0,8.0,8.0,8.0,8.0,8.0,8.0,8.0,8.0,8.0,8.0,8.0,8.0,8.0,8.0,8.0
0.0,0.0,0.0,0.0,0.0,0.0,0.0,0.0,1.0,1.0,2.0,2.0,2.0,2.0,3.0,4.0,6.0,7.0,11.0,19.0,23.0,25.0,31.0,34.0,43.0,50.0,61.0,68.0,79.0,94.0,109.0,126.0,147.0,170.0,205.0,237.0,280.0,317.0,358.0,406.0,449.0,488.0,531.0,579.0,616.0,649.0,681.0,723.0,753.0,786.0,814.0,855.0,884.0,911.0,946.0,983.0,1013.0,1028.0,1047.0,1069.0,1087.0,1108.0,1129.0,1149.0,1166.0,1176.0,1187.0,1195.0,1207.0,1220.0
0.0,0.0,0.0,0.0,0.0,0.0,0.0,0.0,0.0,0.0,1.0,1.0,4.0,4.0,6.0,7.0,9.0,9.0,11.0,13.0,15.0,16.0,19.0,24.0,28.0,34.0,44.0,52.0,60.0,72.0,81.0,94.0,116.0,145.0,171.0,198.0,216.0,242.0,279.0,306.0,341.0,376.0,407.0,431.0,459.0,479.0,520.0,541.0,564.0,584.0,605.0,618.0,641.0,659.0,678.0,696.0,713.0,729.0,746.0,762.0,780.0,793.0,800.0,804.0,814.0,825.0,835.0,844.0,852.0,863.0
0.0,0.0,0.0,0.0,1.0,1.0,1.0,1.0,1.0,1.0,1.0,1.0,1.0,1.0,1.0,1.0,3.0,4.0,4.0,4.0,5.0,5.0,6.0,7.0,10.0,13.0,17.0,17.0,20.0,23.0,25.0,29.0,32.0,39.0,47.0,49.0,58.0,68.0,72.0,84.0,95.0,103.0,111.0,120.0,130.0,143.0,147.0,156.0,168.0,182.0,190.0,196.0,201.0,211.0,220.0,230.0,236.0,240.0,247.0,254.0,258.0,262.0,263.0,265.0,270.0,273.0,278.0,279.0,284.0,285.0
0.0,0.0,0.0,0.0,0.0,0.0,1.0,2.0,3.0,4.0,5.0,5.0,5.0,5.0,5.0,6.0,8.0,11.0,13.0,16.0,17.0,18.0,19.0,23.0,34.0,46.0,57.0,69.0,81.0,98.0,117.0,138.0,154.0,180.0,209.0,243.0,273.0,302.0,345.0,378.0,420.0,467.0,504.0,547.0,582.0,616.0,645.0,682.0,724.0,756.0,791.0,813.0,841.0,867.0,883.0,908.0,936.0,966.0,986.0,1009.0,1024.0,1042.0,1054.0,1076.0,1092.0,1106.0,1115.0,1129.0,1145.0,1155.0
0.0,0.0,0.0,0.0,0.0,0.0,1.0,2.0,2.0,3.0,4.0,5.0,5.0,5.0,5.0,7.0,9.0,9.0,9.0,10.0,16.0,19.0,19.0,21.0,24.0,26.0,34.0,36.0,42.0,46.0,54.0,62.0,70.0,87.0,102.0,119.0,138.0,155.0,186.0,213.0,241.0,271.0,292.0,304.0,332.0,355.0,377.0,396.0,422.0,441.0,463.0,478.0,491.0,513.0,527.0,549.0,563.0,577.0,590.0,601.0,617.0,627.0,635.0,642.0,648.0,655.0,661.0,671.0,680.0,683.0
0.0,0.0,0.0,0.0,0.0,0.0,0.0,0.0,0.0,1.0,1.0,2.0,2.0,3.0,4.0,5.0,7.0,7.0,8.0,8.0,8.0,11.0,12.0,12.0,15.0,18.0,21.0,24.0,26.0,31.0,40.0,41.0,51.0,59.0,68.0,75.0,89.0,101.0,113.0,129.0,142.0,152.0,164.0,177.0,187.0,199.0,209.0,214.0,225.0,230.0,242.0,252.0,266.0,273.0,280.0,288.0,293.0,297.0,303.0,309.0,314.0,317.0,323.0,327.0,332.0,332.0,334.0,339.0,342.0,347.0
0.0,0.0,0.0,0.0,0.0,0.0,0.0,0.0,0.0,0.0,0.0,1.0,1.0,2.0,3.0,4.0,9.0,9.0,9.0,10.0,11.0,12.0,14.0,16.0,21.0,24.0,28.0,30.0,35.0,42.0,44.0,48.0,51.0,58.0,65.0,73.0,79.0,90.0,101.0,112.0,131.0,144.0,150.0,159.0,177.0,186.0,194.0,202.0,212.0,221.0,233.0,240.0,252.0,257.0,266.0,272.0,278.0,281.0,289.0,297.0,305.0,312.0,315.0,318.0,322.0,324.0,331.0,334.0,338.0,341.0
0.0,0.0,0.0,0.0,0.0,0.0,1.0,1.0,1.0,2.0,3.0,3.0,4.0,8.0,14.0,16.0,20.0,23.0,30.0,34.0,40.0,51.0,58.0,70.0,82.0,91.0,111.0,128.0,145.0,176.0,204.0,247.0,279.0,340.0,393.0,460.0,520.0,600.0,663.0,739.0,804.0,875.0,947.0,1027.0,1088.0,1163.0,1232.0,1287.0,1357.0,1413.0,1461.0,1533.0,1597.0,1643.0,1679.0,1723.0,1780.0,1825.0,1867.0,1903.0,1936.0,1972.0,1995.0,2017.0,2051.0,2080.0,2106.0,2134.0,2164.0,2178.0
0.0,0.0,0.0,0.0,1.0,1.0,1.0,1.0,2.0,4.0,4.0,5.0,7.0,7.0,7.0,8.0,10.0,10.0,10.0,13.0,13.0,15.0,16.0,16.0,18.0,20.0,22.0,23.0,26.0,34.0,37.0,42.0,48.0,62.0,72.0,86.0,93.0,99.0,105.0,119.0,127.0,141.0,145.0,152.0,165.0,170.0,183.0,194.0,201.0,212.0,221.0,231.0,238.0,251.0,262.0,265.0,270.0,275.0,279.0,285.0,292.0,293.0,298.0,301.0,303.0,309.0,314.0,317.0,318.0,319.0
0.0,0.0,0.0,0.0,0.0,1.0,1.0,2.0,2.0,2.0,3.0,4.0,5.0,6.0,6.0,7.0,8.0,9.0,9.0,9.0,9.0,10.0,12.0,15.0,16.0,18.0,20.0,23.0,28.0,33.0,34.0,40.0,45.0,52.0,58.0,66.0,75.0,85.0,99.0,112.0,131.0,147.0,162.0,171.0,185.0,194.0,205.0,217.0,223.0,227.0,241.0,247.0,263.0,270.0,280.0,284.0,294.0,306.0,312.0,320.0,327.0,332.0,338.0,344.0,344.0,349.0,354.0,358.0,360.0,365.0
0.0,0.0,0.0,0.0,1.0,1.0,1.0,1.0,1.0,1.0,1.0,3.0,3.0,6.0,7.0,8.0,13.0,16.0,18.0,21.0,28.0,30.0,31.0,38.0,40.0,50.0,56.0,63.0,71.0,79.0,85.0,99.0,112.0,126.0,150.0,181.0,206.0,227.0,256.0,283.0,303.0,344.0,371.0,400.0,426.0,446.0,476.0,501.0,519.0,535.0,554.0,572.0,598.0,610.0,622.0,643.0,662.0,679.0,697.0,708.0,717.0,733.0,741.0,755.0,762.0,770.0,776.0,781.0,786.0,794.0
0.0,0.0,0.0,0.0,0.0,0.0,0.0,1.0,1.0,1.0,1.0,2.0,2.0,3.0,3.0,7.0,7.0,8.0,11.0,14.0,20.0,25.0,29.0,36.0,43.0,50.0,58.0,71.0,78.0,96.0,113.0,129.0,149.0,171.0,202.0,234.0,270.0,308.0,346.0,378.0,423.0,461.0,505.0,542.0,586.0,625.0,655.0,686.0,714.0,746.0,779.0,803.0,834.0,857.0,883.0,913.0,938.0,962.0,989.0,1007.0,1039.0,1061.0,1077.0,1092.0,1110.0,1124.0,1138.0,1143.0,1156.0,1173.0
0.0,0.0,0.0,0.0,0.0,0.0,0.0,0.0,2.0,2.0,3.0,3.0,4.0,4.0,7.0,9.0,13.0,14.0,20.0,27.0,33.0,39.0,50.0,65.0,74.0,92.0,117.0,132.0,159.0,192.0,230.0,270.0,327.0,389.0,457.0,535.0,620.0,711.0,794.0,893.0,987.0,1074.0,1161.0,1235.0,1318.0,1398.0,1475.0,1543.0,1623.0,1701.0,1772.0,1838.0,1894.0,1958.0,2023.0,2084.0,2142.0,2200.0,2253.0,2293.0,2339.0,2375.0,2413.0,2448.0,2477.0,2510.0,2540.0,2561.0,2589.0,2610.0
0.0,0.0,0.0,0.0,0.0,0.0,0.0,0.0,0.0,0.0,1.0,2.0,4.0,4.0,7.0,7.0,7.0,11.0,15.0,18.0,20.0,24.0,28.0,31.0,34.0,37.0,40.0,50.0,59.0,72.0,83.0,91.0,106.0,118.0,139.0,158.0,179.0,206.0,233.0,264.0,286.0,311.0,335.0,358.0,378.0,394.0,421.0,439.0,459.0,482.0,502.0,516.0,535.0,551.0,567.0,577.0,589.0,601.0,608.0,617.0,629.0,641.0,652.0,659.0,670.0,679.0,691.0,698.0,708.0,715.0
0.0,0.0,0.0,0.0,0.0,0.0,0.0,1.0,1.0,1.0,1.0,1.0,2.0,3.0,3.0,3.0,4.0,4.0,6.0,8.0,9.0,12.0,15.0,19.0,22.0,25.0,29.0,33.0,42.0,53.0,65.0,70.0,90.0,104.0,118.0,137.0,153.0,175.0,201.0,230.0,256.0,278.0,309.0,332.0,358.0,379.0,407.0,424.0,439.0,465.0,482.0,503.0,523.0,543.0,555.0,574.0,587.0,602.0,614.0,628.0,642.0,655.0,670.0,683.0,689.0,695.0,703.0,709.0,717.0,722.0
0.0,0.0,0.0,0.0,0.0,1.0,1.0,1.0,1.0,1.0,1.0,2.0,2.0,3.0,3.0,3.0,4.0,4.0,5.0,6.0,6.0,9.0,9.0,14.0,14.0,19.0,23.0,26.0,34.0,36.0,42.0,49.0,55.0,61.0,72.0,88.0,101.0,119.0,132.0,149.0,160.0,172.0,190.0,201.0,220.0,241.0,251.0,271.0,287.0,299.0,314.0,327.0,342.0,353.0,366.0,371.0,380.0,392.0,405.0,414.0,425.0,433.0,437.0,441.0,447.0,449.0,454.0,457.0,460.0,465.0
0.0,0.0,0.0,0.0,0.0,1.0,1.0,2.0,2.0,3.0,4.0,4.0,7.0,8.0,11.0,11.0,12.0,13.0,17.0,20.0,20.0,26.0,33.0,38.0,45.0,53.0,63.0,68.0,77.0,83.0,101.0,124.0,136.0,157.0,176.0,210.0,246.0,280.0,322.0,358.0,397.0,436.0,478.0,505.0,533.0,564.0,601.0,628.0,658.0,686.0,712.0,736.0,761.0,792.0,821.0,840.0,870.0,885.0,904.0,924.0,936.0,952.0,970.0,985.0,998.0,1004.0,1018.0,1031.0,1045.0,1053.0
0.0,0.0,0.0,0.0,0.0,0.0,0.0,0.0,0.0,0.0,0.0,1.0,1.0,2.0,3.0,3.0,3.0,7.0,8.0,9.0,11.0,13.0,16.0,19.0,22.0,26.0,31.0,34.0,42.0,48.0,57.0,66.0,77.0,91.0,104.0,116.0,140.0,155.0,175.0,206.0,224.0,242.0,270.0,287.0,309.0,328.0,347.0,369.0,384.0,405.0,423.0,432.0,449.0,468.0,479.0,491.0,505.0,516.0,533.0,543.0,556.0,570.0,587.0,597.0,605.0,610.0,617.0,624.0,629.0,641.0
0.0,0.0,0.0,0.0,0.0,0.0,0.0,0.0,1.0,2.0,2.0,2.0,3.0,4.0,4.0,4.0,5.0,6.0,8.0,9.0,14.0,20.0,21.0,28.0,40.0,49.0,63.0,73.0,84.0,104.0,130.0,152.0,185.0,220.0,272.0,328.0,379.0,440.0,496.0,555.0,625.0,691.0,754.0,809.0,874.0,937.0,999.0,1046.0,1092.0,1149.0,1205.0,1251.0,1283.0,1331.0,1370.0,1416.0,1445.0,1472.0,1491.0,1521.0,1548.0,1581.0,1604.0,1628.0,1645.0,1661.0,1684.0,1702.0,1726.0,1743.0
0.0,0.0,0.0,0.0,0.0,0.0,1.0,2.0,2.0,2.0,2.0,4.0,4.0,4.0,4.0,4.0,4.0,4.0,4.0,5.0,6.0,10.0,11.0,12.0,13.0,17.0,24.0,31.0,35.0,37.0,41.0,46.0,53.0,57.0,66.0,74.0,85.0,96.0,104.0,112.0,122.0,129.0,140.0,147.0,156.0,161.0,169.0,174.0,179.0,186.0,192.0,200.0,208.0,214.0,220.0,226.0,229.0,230.0,237.0,242.0,246.0,248.0,249.0,254.0,257.0,260.0,261.0,263.0,265.0,268.0
0.0,0.0,0.0,0.0,0.0,0.0,0.0,0.0,0.0,0.0,0.0,0.0,1.0,1.0,4.0,5.0,6.0,7.0,8.0,8.0,8.0,10.0,10.0,11.0,14.0,17.0,17.0,19.0,25.0,29.0,31.0,36.0,44.0,48.0,52.0,60.0,68.0,76.0,85.0,95.0,104.0,110.0,115.0,124.0,131.0,135.0,142.0,155.0,163.0,171.0,176.0,183.0,192.0,197.0,202.0,204.0,210.0,215.0,220.0,221.0,224.0,225.0,227.0,230.0,232.0,235.0,236.0,236.0,236.0,236.0
0.0,0.0,0.0,0.0,0.0,0.0,0.0,0.0,0.0,0.0,1.0,1.0,4.0,6.0,10.0,11.0,13.0,15.0,17.0,26.0,34.0,39.0,45.0,57.0,73.0,85.0,101.0,120.0,138.0,169.0,214.0,249.0,292.0,328.0,389.0,456.0,533.0,600.0,677.0,733.0,811.0,880.0,958.0,1042.0,1117.0,1187.0,1261.0,1345.0,1404.0,1465.0,1523.0,1581.0,1639.0,1698.0,1748.0,1780.0,1818.0,1863.0,1901.0,1937.0,1970.0,1987.0,2022.0,2051.0,2086.0,2101.0,2138.0,2156.0,2180.0,2202.0
0.0,0.0,0.0,0.0,0.0,0.0,0.0,0.0,1.0,1.0,1.0,1.0,1.0,1.0,2.0,4.0,8.0,11.0,12.0,13.0,16.0,17.0,20.0,27.0,33.0,43.0,43.0,51.0,64.0,76.0,87.0,111.0,124.0,139.0,165.0,185.0,213.0,237.0,269.0,311.0,351.0,384.0,419.0,446.0,474.0,495.0,518.0,546.0,561.0,586.0,609.0,634.0,663.0,686.0,705.0,733.0,758.0,774.0,784.0,799.0,815.0,831.0,842.0,854.0,861.0,873.0,877.0,887.0,897.0,905.0
0.0,0.0,0.0,0.0,0.0,0.0,1.0,1.0,1.0,1.0,1.0,1.0,2.0,4.0,5.0,6.0,7.0,7.0,9.0,13.0,17.0,21.0,26.0,32.0,41.0,52.0,74.0,90.0,110.0,131.0,148.0,186.0,212.0,258.0,313.0,363.0,425.0,484.0,554.0,615.0,679.0,755.0,817.0,877.0,953.0,1014.0,1092.0,1140.0,1187.0,1247.0,1308.0,1351.0,1393.0,1448.0,1498.0,1544.0,1591.0,1628.0,1660.0,1694.0,1726.0,1754.0,1780.0,1810.0,1837.0,1865.0,1885.0,1910.0,1924.0,1944.0
0.0,0.0,0.0,0.0,0.0,0.0,0.0,0.0,0.0,1.0,3.0,3.0,4.0,6.0,10.0,12.0,13.0,13.0,14.0,16.0,21.0,22.0,28.0,33.0,37.0,42.0,45.0,55.0,72.0,78.0,91.0,104.0,115.0,130.0,144.0,166.0,189.0,225.0,247.0,273.0,297.0,322.0,345.0,370.0,394.0,422.0,449.0,470.0,488.0,503.0,520.0,544.0,559.0,575.0,590.0,604.0,615.0,633.0,639.0,658.0,676.0,688.0,708.0,720.0,731.0,739.0,747.0,757.0,763.0,767.0
0.0,0.0,0.0,0.0,0.0,0.0,0.0,0.0,2.0,2.0,2.0,4.0,4.0,5.0,5.0,6.0,6.0,6.0,6.0,8.0,8.0,10.0,10.0,12.0,12.0,13.0,14.0,16.0,19.0,23.0,26.0,31.0,39.0,52.0,61.0,73.0,85.0,97.0,105.0,121.0,130.0,137.0,145.0,154.0,164.0,170.0,179.0,187.0,193.0,202.0,210.0,216.0,223.0,228.0,238.0,243.0,248.0,257.0,262.0,270.0,277.0,280.0,282.0,283.0,287.0,292.0,298.0,303.0,308.0,313.0
0.0,0.0,0.0,0.0,0.0,0.0,0.0,1.0,1.0,1.0,1.0,2.0,3.0,3.0,3.0,5.0,6.0,7.0,8.0,10.0,14.0,18.0,20.0,22.0,26.0,29.0,34.0,38.0,45.0,53.0,58.0,64.0,76.0,90.0,105.0,124.0,140.0,158.0,172.0,191.0,207.0,229.0,250.0,265.0,280.0,294.0,313.0,335.0,342.0,356.0,371.0,378.0,386.0,399.0,409.0,414.0,427.0,433.0,445.0,455.0,465.0,471.0,479.0,488.0,493.0,498.0,507.0,509.0,516.0,519.0
0.0,0.0,0.0,0.0,0.0,0.0,0.0,1.0,1.0,1.0,1.0,2.0,2.0,2.0,3.0,4.0,7.0,9.0,11.0,14.0,16.0,19.0,22.0,31.0,35.0,40.0,52.0,63.0,67.0,85.0,112.0,127.0,151.0,169.0,212.0,251.0,281.0,330.0,379.0,433.0,483.0,528.0,578.0,621.0,676.0,719.0,758.0,801.0,842.0,874.0,906.0,942.0,976.0,1015.0,1053.0,1097.0,1119.0,1150.0,1182.0,1211.0,1245.0,1267.0,1293.0,1313.0,1327.0,1341.0,1351.0,1370.0,1386.0,1398.0
0.0,0.0,0.0,0.0,0.0,0.0,0.0,0.0,0.0,0.0,0.0,1.0,2.0,2.0,5.0,8.0,10.0,12.0,16.0,20.0,22.0,24.0,27.0,31.0,35.0,39.0,42.0,50.0,62.0,76.0,84.0,96.0,102.0,116.0,126.0,145.0,171.0,189.0,205.0,225.0,249.0,262.0,277.0,291.0,306.0,321.0,336.0,356.0,372.0,386.0,404.0,427.0,442.0,451.0,473.0,486.0,493.0,507.0,515.0,530.0,538.0,546.0,555.0,562.0,572.0,583.0,586.0,590.0,598.0,603.0
0.0,0.0,0.0,0.0,0.0,0.0,0.0,0.0,0.0,0.0,1.0,2.0,2.0,4.0,4.0,5.0,8.0,12.0,13.0,13.0,15.0,20.0,21.0,27.0,32.0,35.0,45.0,53.0,64.0,74.0,89.0,97.0,114.0,137.0,156.0,178.0,206.0,240.0,273.0,300.0,334.0,365.0,396.0,423.0,453.0,479.0,517.0,543.0,563.0,585.0,616.0,635.0,659.0,676.0,696.0,714.0,731.0,749.0,764.0,781.0,797.0,811.0,827.0,838.0,851.0,858.0,867.0,878.0,887.0,896.0
0.0,0.0,0.0,0.0,1.0,1.0,2.0,2.0,2.0,3.0,3.0,4.0,5.0,5.0,5.0,6.0,6.0,6.0,6.0,7.0,7.0,8.0,10.0,14.0,14.0,17.0,20.0,22.0,28.0,38.0,46.0,54.0,64.0,73.0,85.0,103.0,113.0,128.0,147.0,171.0,191.0,210.0,228.0,237.0,250.0,263.0,277.0,292.0,304.0,318.0,334.0,347.0,360.0,371.0,384.0,394.0,406.0,416.0,427.0,431.0,439.0,449.0,454.0,456.0,466.0,471.0,472.0,474.0,481.0,485.0
0.0,0.0,0.0,0.0,0.0,0.0,0.0,1.0,1.0,1.0,1.0,1.0,1.0,3.0,3.0,4.0,7.0,7.0,9.0,10.0,13.0,14.0,14.0,18.0,21.0,27.0,35.0,43.0,52.0,57.0,69.0,84.0,101.0,119.0,138.0,156.0,187.0,210.0,237.0,257.0,283.0,308.0,339.0,363.0,381.0,398.0,418.0,440.0,460.0,482.0,507.0,526.0,542.0,557.0,572.0,594.0,613.0,629.0,651.0,669.0,681.0,693.0,705.0,716.0,740.0,749.0,763.0,775.0,788.0,797.0
0.0,0.0,0.0,0.0,0.0,0.0,0.0,1.0,2.0,2.0,2.0,3.0,5.0,6.0,6.0,6.0,8.0,12.0,14.0,16.0,16.0,23.0,28.0,30.0,34.0,42.0,45.0,57.0,62.0,75.0,88.0,107.0,118.0,140.0,155.0,180.0,198.0,223.0,244.0,274.0,296.0,332.0,354.0,390.0,419.0,436.0,458.0,479.0,498.0,515.0,537.0,556.0,577.0,596.0,609.0,623.0,635.0,650.0,663.0,677.0,683.0,693.0,702.0,716.0,732.0,738.0,742.0,747.0,756.0,761.0
0.0,0.0,0.0,0.0,0.0,0.0,0.0,1.0,1.0,1.0,2.0,3.0,4.0,5.0,7.0,13.0,14.0,17.0,18.0,19.0,21.0,24.0,24.0,30.0,35.0,36.0,43.0,50.0,54.0,60.0,71.0,79.0,97.0,128.0,152.0,174.0,193.0,210.0,238.0,265.0,298.0,322.0,358.0,386.0,411.0,440.0,463.0,480.0,499.0,515.0,536.0,552.0,570.0,585.0,601.0,614.0,633.0,645.0,657.0,667.0,669.0,683.0,694.0,698.0,710.0,721.0,728.0,734.0,742.0,744.0
0.0,0.0,0.0,0.0,0.0,0.0,1.0,1.0,2.0,2.0,3.0,4.0,5.0,7.0,8.0,8.0,8.0,9.0,9.0,12.0,14.0,15.0,16.0,21.0,24.0,26.0,28.0,32.0,36.0,46.0,52.0,62.0,69.0,80.0,88.0,102.0,123.0,148.0,165.0,188.0,209.0,223.0,236.0,257.0,272.0,292.0,311.0,330.0,346.0,359.0,375.0,382.0,398.0,412.0,426.0,431.0,439.0,448.0,459.0,466.0,473.0,478.0,483.0,486.0,492.0,498.0,506.0,509.0,513.0,523.0
0.0,0.0,0.0,0.0,0.0,0.0,0.0,0.0,0.0,0.0,0.0,0.0,2.0,3.0,5.0,5.0,9.0,10.0,11.0,13.0,19.0,20.0,28.0,33.0,36.0,43.0,51.0,58.0,65.0,74.0,88.0,100.0,116.0,133.0,153.0,173.0,203.0,233.0,263.0,285.0,314.0,344.0,368.0,390.0,425.0,449.0,478.0,502.0,522.0,538.0,556.0,574.0,581.0,590.0,606.0,620.0,634.0,647.0,658.0,670.0,678.0,688.0,697.0,707.0,713.0,720.0,730.0,735.0,742.0,749.0
0.0,0.0,0.0,0.0,0.0,1.0,1.0,1.0,1.0,1.0,1.0,2.0,2.0,2.0,2.0,4.0,7.0,7.0,8.0,11.0,17.0,20.0,26.0,32.0,34.0,37.0,43.0,51.0,57.0,63.0,69.0,80.0,92.0,109.0,128.0,158.0,172.0,197.0,227.0,254.0,279.0,312.0,335.0,353.0,377.0,395.0,410.0,427.0,453.0,475.0,490.0,506.0,522.0,533.0,545.0,559.0,577.0,585.0,597.0,605.0,612.0,622.0,631.0,635.0,643.0,651.0,656.0,667.0,670.0,675.0
0.0,0.0,0.0,0.0,0.0,0.0,0.0,0.0,1.0,2.0,2.0,3.0,3.0,6.0,7.0,10.0,10.0,10.0,17.0,17.0,21.0,27.0,35.0,40.0,48.0,70.0,77.0,90.0,113.0,129.0,151.0,176.0,216.0,250.0,289.0,330.0,375.0,442.0,500.0,551.0,608.0,662.0,722.0,775.0,836.0,886.0,935.0,979.0,1029.0,1079.0,1133.0,1181.0,1225.0,1266.0,1321.0,1359.0,1388.0,1417.0,1451.0,1487.0,1511.0,1530.0,1554.0,1574.0,1594.0,1610.0,1623.0,1639.0,1662.0,1670.0
0.0,0.0,0.0,0.0,0.0,1.0,2.0,3.0,3.0,3.0,3.0,3.0,4.0,5.0,6.0,8.0,10.0,10.0,13.0,15.0,20.0,23.0,28.0,34.0,39.0,45.0,52.0,65.0,77.0,89.0,112.0,126.0,140.0,166.0,191.0,221.0,251.0,280.0,311.0,360.0,395.0,427.0,459.0,491.0,513.0,544.0,575.0,604.0,635.0,664.0,696.0,721.0,746.0,758.0,781.0,797.0,814.0,831.0,850.0,869.0,892.0,914.0,927.0,940.0,956.0,963.0,974.0,977.0,986.0,994.0
0.0,0.0,0.0,0.0,0.0,0.0,0.0,1.0,1.0,1.0,3.0,6.0,6.0,7.0,8.0,10.0,10.0,13.0,15.0,17.0,20.0,21.0,26.0,33.0,39.0,47.0,52.0,59.0,66.0,82.0,96.0,111.0,135.0,145.0,163.0,190.0,215.0,244.0,271.0,298.0,330.0,357.0,394.0,427.0,459.0,494.0,531.0,560.0,583.0,613.0,648.0,680.0,709.0,728.0,758.0,780.0,807.0,831.0,851.0,869.0,888.0,905.0,923.0,935.0,945.0,959.0,963.0,975.0,985.0,987.0
0.0,0.0,0.0,0.0,0.0,0.0,2.0,2.0,2.0,2.0,3.0,3.0,4.0,4.0,4.0,6.0,6.0,8.0,10.0,15.0,18.0,19.0,22.0,29.0,31.0,34.0,39.0,43.0,55.0,65.0,82.0,96.0,114.0,132.0,160.0,188.0,226.0,258.0,286.0,329.0,362.0,389.0,423.0,457.0,494.0,520.0,543.0,569.0,599.0,630.0,655.0,683.0,706.0,722.0,743.0,768.0,789.0,806.0,821.0,844.0,856.0,867.0,882.0,890.0,897.0,908.0,915.0,918.0,933.0,938.0
0.0,0.0,0.0,0.0,0.0,0.0,0.0,0.0,0.0,0.0,0.0,1.0,3.0,5.0,6.0,7.0,12.0,15.0,17.0,22.0,25.0,28.0,30.0,35.0,48.0,50.0,59.0,72.0,87.0,106.0,122.0,143.0,188.0,223.0,259.0,295.0,333.0,378.0,421.0,457.0,510.0,545.0,593.0,640.0,684.0,712.0,766.0,814.0,848.0,885.0,919.0,952.0,983.0,1009.0,1031.0,1053.0,1089.0,1122.0,1147.0,1172.0,1189.0,1218.0,1234.0,1253.0,1274.0,1290.0,1305.0,1315.0,1331.0,1342.0
0.0,0.0,0.0,0.0,0.0,0.0,0.0,0.0,0.0,2.0,3.0,3.0,6.0,9.0,9.0,12.0,15.0,17.0,20.0,23.0,29.0,36.0,39.0,44.0,53.0,63.0,72.0,83.0,94.0,109.0,122.0,142.0,161.0,186.0,219.0,254.0,283.0,322.0,357.0,392.0,427.0,475.0,504.0,531.0,561.0,605.0,641.0,672.0,695.0,728.0,758.0,777.0,802.0,825.0,839.0,860.0,881.0,907.0,922.0,948.0,965.0,986.0,998.0,1013.0,1022.0,1035.0,1044.0,1055.0,1065.0,1073.0
0.0,0.0,0.0,0.0,0.0,0.0,0.0,0.0,0.0,0.0,0.0,0.0,1.0,3.0,4.0,7.0,8.0,11.0,14.0,15.0,16.0,23.0,26.0,28.0,34.0,44.0,57.0,69.0,80.0,97.0,112.0,128.0,139.0,161.0,182.0,207.0,232.0,261.0,289.0,317.0,356.0,384.0,418.0,439.0,466.0,496.0,524.0,556.0,580.0,608.0,634.0,652.0,672.0,691.0,708.0,724.0,738.0,751.0,770.0,786.0,800.0,814.0,819.0,832.0,843.0,853.0,862.0,873.0,884.0,892.0
0.0,0.0,0.0,0.0,0.0,0.0,0.0,0.0,0.0,1.0,2.0,2.0,3.0,4.0,4.0,6.0,8.0,8.0,16.0,19.0,23.0,29.0,34.0,45.0,46.0,54.0,61.0,68.0,80.0,96.0,111.0,130.0,155.0,174.0,198.0,224.0,252.0,307.0,343.0,376.0,408.0,438.0,472.0,500.0,529.0,564.0,592.0,627.0,652.0,672.0,700.0,725.0,752.0,768.0,787.0,805.0,820.0,842.0,857.0,871.0,883.0,898.0,910.0,927.0,932.0,940.0,951.0,963.0,976.0,983.0
0.0,0.0,0.0,0.0,0.0,0.0,1.0,1.0,2.0,2.0,3.0,3.0,3.0,5.0,7.0,9.0,12.0,16.0,20.0,21.0,26.0,29.0,37.0,43.0,56.0,64.0,74.0,86.0,104.0,123.0,143.0,160.0,189.0,220.0,241.0,280.0,330.0,374.0,409.0,462.0,512.0,565.0,615.0,662.0,717.0,770.0,827.0,862.0,898.0,932.0,978.0,1027.0,1058.0,1103.0,1138.0,1169.0,1201.0,1218.0,1242.0,1272.0,1288.0,1304.0,1323.0,1347.0,1368.0,1381.0,1391.0,1406.0,1420.0,1428.0
0.0,0.0,0.0,0.0,0.0,0.0,0.0,0.0,0.0,1.0,2.0,2.0,3.0,5.0,6.0,8.0,9.0,10.0,11.0,11.0,14.0,15.0,18.0,23.0,28.0,31.0,37.0,41.0,47.0,60.0,78.0,91.0,107.0,122.0,148.0,174.0,202.0,232.0,261.0,296.0,319.0,344.0,367.0,388.0,417.0,447.0,469.0,499.0,522.0,543.0,567.0,591.0,613.0,633.0,653.0,667.0,688.0,700.0,711.0,729.0,742.0,750.0,768.0,785.0,794.0,805.0,820.0,826.0,838.0,844.0
0.0,0.0,0.0,0.0,0.0,0.0,0.0,1.0,1.0,1.0,1.0,1.0,4.0,4.0,4.0,5.0,5.0,5.0,5.0,5.0,5.0,5.0,6.0,7.0,7.0,8.0,9.0,10.0,10.0,15.0,15.0,19.0,20.0,21.0,27.0,32.0,35.0,36.0,41.0,50.0,54.0,59.0,62.0,66.0,73.0,77.0,78.0,83.0,86.0,92.0,95.0,96.0,97.0,101.0,102.0,104.0,108.0,111.0,112.0,114.0,116.0,116.0,118.0,118.0,118.0,119.0,121.0,122.0,123.0,123.0
0.0,0.0,0.0,0.0,0.0,0.0,0.0,1.0,3.0,3.0,3.0,4.0,5.0,8.0,10.0,14.0,16.0,20.0,28.0,39.0,57.0,64.0,81.0,96.0,114.0,140.0,160.0,185.0,228.0,258.0,308.0,351.0,417.0,475.0,548.0,612.0,702.0,805.0,911.0,1015.0,1117.0,1219.0,1322.0,1417.0,1523.0,1602.0,1697.0,1793.0,1882.0,1966.0,2042.0,2112.0,2169.0,2247.0,2310.0,2376.0,2423.0,2471.0,2525.0,2578.0,2623.0,2672.0,2715.0,2756.0,2794.0,2824.0,2862.0,2896.0,2927.0,2953.0
0.0,0.0,0.0,0.0,0.0,0.0,1.0,1.0,1.0,2.0,2.0,3.0,3.0,4.0,6.0,6.0,7.0,9.0,13.0,16.0,17.0,21.0,24.0,27.0,32.0,35.0,41.0,51.0,61.0,70.0,83.0,94.0,108.0,126.0,144.0,168.0,192.0,219.0,244.0,263.0,289.0,316.0,354.0,380.0,405.0,426.0,448.0,462.0,482.0,506.0,525.0,546.0,567.0,582.0,598.0,612.0,629.0,639.0,649.0,658.0,663.0,671.0,676.0,688.0,697.0,703.0,714.0,720.0,722.0,726.0
0.0,0.0,0.0,0.0,0.0,0.0,2.0,2.0,2.0,3.0,3.0,3.0,3.0,3.0,3.0,4.0,4.0,9.0,9.0,10.0,11.0,15.0,17.0,18.0,21.0,23.0,28.0,32.0,36.0,44.0,50.0,56.0,64.0,70.0,85.0,107.0,125.0,143.0,161.0,181.0,192.0,209.0,225.0,243.0,252.0,262.0,278.0,290.0,304.0,320.0,332.0,345.0,356.0,370.0,379.0,388.0,406.0,415.0,428.0,435.0,445.0,452.0,464.0,475.0,487.0,490.0,498.0,509.0,512.0,513.0
0.0,0.0,0.0,0.0,0.0,0.0,0.0,0.0,0.0,1.0,1.0,2.0,2.0,4.0,4.0,5.0,8.0,12.0,12.0,14.0,16.0,17.0,22.0,27.0,30.0,37.0,49.0,58.0,65.0,75.0,86.0,104.0,119.0,145.0,175.0,201.0,233.0,270.0,309.0,354.0,387.0,424.0,450.0,489.0,518.0,556.0,597.0,625.0,660.0,691.0,735.0,757.0,798.0,822.0,845.0,870.0,892.0,909.0,924.0,945.0,964.0,983.0,991.0,1000.0,1012.0,1028.0,1042.0,1057.0,1065.0,1078.0
