0.0,0.0,0.0,0.0,0.0,0.0,0.0,0.0,0.0,0.0,0.0,0.0,0.0,0.0,0.0,0.0,0.0,0.0,0.0,0.0,0.0,1.0,3.0,3.0,4.0,4.0,4.0,5.0,5.0,7.0,7.0,7.0,7.0,10.0,14.0,15.0,16.0,22.0,29.0,31.0,33.0,41.0,48.0,52.0,60.0,70.0,76.0,79.0,91.0,98.0,111.0,125.0,139.0,159.0,173.0,197.0,207.0,228.0,247.0,279.0,298.0,312.0,331.0,344.0,348.0,354.0,352.0,355.0,362.0,358.0,356.0,339.0,338.0,334.0,330.0,326.0,317.0,303.0,288.0,281.0,267.0,265.0,254.0,249.0,236.0,232.0,228.0,221.0,211.0,200.0
0.0,0.0,0.0,0.0,0.0,0.0,0.0,0.0,0.0,0.0,0.0,0.0,1.0,0.0,0.0,0.0,0.0,0.0,0.0,0.0,0.0,0.0,0.0,0.0,0.0,1.0,1.0,1.0,1.0,1.0,2.0,3.0,3.0,4.0,3.0,3.0,3.0,3.0,3.0,3.0,5.0,7.0,9.0,9.0,11.0,12.0,15.0,20.0,23.0,22.0,24.0,28.0,31.0,41.0,48.0,57.0,65.0,70.0,74.0,79.0,86.0,93.0,100.0,108.0,111.0,116.0,122.0,123.0,127.0,129.0,125.0,123.0,117.0,117.0,117.0,117.0,109.0,105.0,103.0,95.0,87.0,86.0,81.0,79.0,75.0,74.0,70.0,64.0,56.0,52.0
0.0,0.0,0.0,0.0,0.0,0.0,0.0,0.0,0.0,0.0,0.0,0.0,0.0,0.0,0.0,0.0,0.0,0.0,0.0,0.0,0.0,0.0,1.0,1.0,1.0,1.0,1.0,2.0,3.0,3.0,4.0,4.0,4.0,4.0,6.0,7.0,8.0,9.0,9.0,11.0,16.0,17.0,18.0,20.0,21.0,19.0,22.0,30.0,34.0,37.0,45.0,54.0,66.0,74.0,88.0,95.0,108.0,118.0,123.0,131.0,158.0,179.0,181.0,198.0,197.0,199.0,195.0,192.0,194.0,187.0,188.0,189.0,182.0,178.0,179.0,170.0,163.0,155.0,150.0,147.0,143.0,141.0,142.0,141.0,138.0,133.0,130.0,121.0,117.0,111.0
0.0,0.0,0.0,0.0,0.0,1.0,1.0,1.0,1.0,1.0,1.0,1.0,1.0,1.0,1.0,0.0,1.0,1.0,1.0,1.0,1.0,1.0,0.0,0.0,0.0,3.0,3.0,2.0,3.0,3.0,5.0,7.0,7.0,8.0,10.0,15.0,21.0,19.0,21.0,25.0,25.0,30.0,32.0,37.0,42.0,51.0,53.0,61.0,71.0,75.0,79.0,101.0,118.0,142.0,170.0,199.0,216.0,242.0,266.0,295.0,310.0,325.0,344.0,350.0,342.0,338.0,334.0,341.0,344.0,360.0,359.0,358.0,353.0,351.0,340.0,321.0,313.0,298.0,284.0,272.0,264.0,254.0,241.0,226.0,230.0,222.0,215.0,209.0,205.0,199.0
0.0,0.0,0.0,0.0,0.0,0.0,0.0,0.0,0.0,0.0,0.0,0.0,0.0,0.0,0.0,0.0,0.0,0.0,0.0,1.0,1.0,2.0,2.0,3.0,3.0,4.0,6.0,5.0,7.0,7.0,8.0,5.0,5.0,8.0,9.0,10.0,12.0,14.0,17.0,17.0,20.0,20.0,19.0,24.0,24.0,28.0,33.0,47.0,59.0,63.0,74.0,85.0,103.0,119.0,134.0,153.0,174.0,190.0,210.0,228.0,243.0,260.0,265.0,281.0,299.0,306.0,319.0,329.0,323.0,316.0,308.0,320.0,312.0,310.0,298.0,292.0,276.0,271.0,267.0,260.0,248.0,238.0,231.0,222.0,221.0,215.0,203.0,195.0,183.0,181.0
0.0,0.0,0.0,0.0,0.0,0.0,0.0,0.0,0.0,0.0,0.0,0.0,0.0,0.0,0.0,0.0,0.0,0.0,1.0,1.0,0.0,0.0,0.0,0.0,0.0,0.0,0.0,0.0,1.0,1.0,2.0,2.0,4.0,4.0,4.0,5.0,6.0,9.0,10.0,12.0,11.0,13.0,13.0,15.0,15.0,19.0,28.0,33.0,37.0,46.0,49.0,61.0,62.0,66.0,76.0,91.0,105.0,116.0,128.0,135.0,145.0,153.0,162.0,169.0,170.0,175.0,180.0,191.0,187.0,185.0,177.0,181.0,178.0,182.0,178.0,175.0,173.0,174.0,167.0,162.0,155.0,149.0,145.0,141.0,136.0,137.0,134.0,125.0,120.0,116.0
0.0,0.0,0.0,0.0,0.0,0.0,0.0,0.0,0.0,0.0,0.0,0.0,0.0,0.0,0.0,0.0,0.0,0.0,0.0,2.0,4.0,3.0,3.0,4.0,4.0,4.0,3.0,4.0,2.0,2.0,4.0,7.0,11.0,14.0,13.0,15.0,18.0,19.0,18.0,22.0,28.0,35.0,42.0,47.0,53.0,63.0,66.0,77.0,89.0,103.0,119.0,138.0,160.0,187.0,217.0,249.0,280.0,302.0,323.0,358.0,369.0,384.0,388.0,405.0,408.0,420.0,428.0,444.0,451.0,451.0,449.0,439.0,432.0,432.0,414.0,404.0,397.0,386.0,372.0,363.0,355.0,354.0,341.0,332.0,311.0,302.0,294.0,283.0,270.0,263.0
0.0,0.0,0.0,0.0,0.0,0.0,0.0,0.0,0.0,0.0,0.0,0.0,0.0,0.0,0.0,0.0,0.0,0.0,0.0,0.0,0.0,0.0,0.0,0.0,0.0,0.0,0.0,0.0,1.0,1.0,1.0,0.0,0.0,0.0,0.0,0.0,0.0,0.0,0.0,0.0,0.0,0.0,0.0,0.0,0.0,0.0,0.0,0.0,0.0,0.0,0.0,0.0,0.0,0.0,0.0,0.0,0.0,0.0,0.0,0.0,0.0,0.0,0.0,0.0,0.0,0.0,0.0,0.0,0.0,0.0,0.0,0.0,0.0,0.0,0.0,0.0,0.0,0.0,0.0,0.0,0.0,0.0,0.0,0.0,0.0,0.0,0.0,0.0,0.0,0.0
0.0,0.0,0.0,0.0,0.0,0.0,0.0,0.0,0.0,0.0,1.0,1.0,1.0,1.0,1.0,1.0,1.0,2.0,2.0,2.0,1.0,1.0,1.0,1.0,1.0,1.0,2.0,4.0,5.0,7.0,9.0,8.0,8.0,9.0,12.0,16.0,19.0,24.0,28.0,30.0,38.0,40.0,45.0,51.0,55.0,63.0,65.0,71.0,76.0,91.0,105.0,115.0,142.0,168.0,189.0,201.0,226.0,261.0,286.0,306.0,310.0,318.0,326.0,343.0,356.0,358.0,360.0,368.0,377.0,378.0,388.0,379.0,378.0,369.0,368.0,366.0,364.0,350.0,339.0,330.0,322.0,310.0,297.0,289.0,281.0,278.0,266.0,264.0,257.0,247.0
0.0,0.0,0.0,0.0,0.0,0.0,0.0,0.0,0.0,0.0,0.0,0.0,1.0,1.0,1.0,1.0,1.0,1.0,1.0,1.0,1.0,1.0,1.0,2.0,3.0,4.0,5.0,5.0,4.0,4.0,5.0,4.0,4.0,4.0,5.0,4.0,3.0,5.0,8.0,9.0,11.0,11.0,14.0,14.0,18.0,22.0,23.0,27.0,31.0,38.0,41.0,44.0,46.0,55.0,65.0,72.0,83.0,95.0,107.0,119.0,126.0,123.0,125.0,133.0,136.0,134.0,135.0,136.0,145.0,149.0,147.0,138.0,138.0,140.0,138.0,137.0,133.0,131.0,127.0,120.0,121.0,119.0,110.0,111.0,107.0,106.0,100.0,97.0,94.0,91.0
0.0,0.0,0.0,0.0,0.0,0.0,0.0,0.0,0.0,0.0,2.0,2.0,2.0,2.0,2.0,2.0,2.0,2.0,2.0,2.0,2.0,2.0,2.0,3.0,3.0,3.0,4.0,4.0,5.0,4.0,5.0,6.0,6.0,6.0,8.0,7.0,8.0,7.0,7.0,7.0,9.0,8.0,8.0,6.0,6.0,6.0,7.0,8.0,9.0,10.0,12.0,14.0,19.0,18.0,19.0,21.0,26.0,28.0,38.0,46.0,45.0,45.0,47.0,46.0,48.0,46.0,46.0,45.0,41.0,38.0,39.0,40.0,42.0,42.0,43.0,39.0,40.0,41.0,37.0,37.0,37.0,35.0,36.0,34.0,30.0,29.0,28.0,28.0,25.0,22.0
0.0,0.0,0.0,0.0,0.0,0.0,0.0,0.0,0.0,1.0,2.0,2.0,2.0,2.0,2.0,2.0,2.0,1.0,0.0,0.0,0.0,1.0,2.0,0.0,0.0,2.0,3.0,3.0,5.0,7.0,8.0,9.0,10.0,10.0,12.0,15.0,15.0,19.0,19.0,20.0,21.0,25.0,25.0,27.0,35.0,42.0,51.0,53.0,59.0,68.0,73.0,84.0,100.0,115.0,124.0,135.0,161.0,176.0,184.0,207.0,221.0,223.0,227.0,230.0,236.0,237.0,241.0,242.0,244.0,247.0,258.0,255.0,246.0,248.0,243.0,232.0,228.0,215.0,206.0,199.0,196.0,191.0,184.0,176.0,174.0,165.0,159.0,151.0,144.0,138.0
0.0,0.0,0.0,0.0,0.0,0.0,1.0,1.0,1.0,2.0,1.0,1.0,1.0,1.0,0.0,0.0,0.0,0.0,0.0,0.0,0.0,0.0,0.0,0.0,1.0,2.0,3.0,3.0,2.0,4.0,6.0,6.0,6.0,7.0,7.0,8.0,9.0,9.0,8.0,13.0,12.0,16.0,20.0,20.0,24.0,29.0,31.0,30.0,39.0,47.0,58.0,62.0,65.0,78.0,88.0,98.0,109.0,116.0,121.0,126.0,142.0,146.0,147.0,153.0,156.0,164.0,165.0,162.0,159.0,159.0,160.0,150.0,152.0,154.0,153.0,154.0,155.0,154.0,153.0,146.0,141.0,131.0,127.0,122.0,118.0,115.0,103.0,98.0,89.0,86.0
0.0,0.0,0.0,0.0,0.0,0.0,0.0,0.0,0.0,0.0,0.0,0.0,1.0,1.0,1.0,1.0,1.0,1.0,1.0,1.0,1.0,1.0,1.0,1.0,2.0,2.0,2.0,3.0,4.0,5.0,5.0,9.0,9.0,12.0,16.0,16.0,19.0,23.0,25.0,26.0,34.0,35.0,37.0,41.0,45.0,53.0,61.0,68.0,84.0,94.0,99.0,108.0,128.0,150.0,178.0,188.0,202.0,224.0,248.0,267.0,290.0,305.0,326.0,329.0,331.0,342.0,354.0,354.0,360.0,368.0,359.0,361.0,355.0,344.0,327.0,316.0,314.0,308.0,297.0,288.0,283.0,274.0,264.0,253.0,247.0,241.0,236.0,228.0,221.0,214.0
0.0,0.0,0.0,0.0,0.0,0.0,0.0,0.0,0.0,0.0,1.0,1.0,2.0,2.0,3.0,4.0,3.0,3.0,3.0,3.0,3.0,2.0,2.0,4.0,4.0,3.0,5.0,6.0,6.0,8.0,12.0,11.0,12.0,10.0,15.0,18.0,24.0,28.0,34.0,40.0,48.0,54.0,55.0,62.0,71.0,77.0,91.0,94.0,104.0,123.0,130.0,149.0,167.0,183.0,209.0,259.0,281.0,317.0,357.0,370.0,392.0,416.0,423.0,451.0,468.0,467.0,467.0,471.0,477.0,484.0,483.0,470.0,465.0,454.0,454.0,431.0,425.0,407.0,397.0,387.0,367.0,364.0,361.0,340.0,335.0,328.0,317.0,302.0,294.0,279.0
0.0,0.0,0.0,0.0,0.0,0.0,0.0,0.0,0.0,0.0,0.0,1.0,1.0,1.0,0.0,0.0,0.0,0.0,3.0,3.0,4.0,4.0,6.0,7.0,7.0,7.0,7.0,10.0,11.0,14.0,14.0,14.0,15.0,15.0,14.0,14.0,17.0,17.0,19.0,21.0,22.0,27.0,28.0,35.0,38.0,49.0,49.0,68.0,83.0,86.0,92.0,101.0,126.0,143.0,164.0,178.0,198.0,208.0,211.0,232.0,244.0,261.0,264.0,274.0,279.0,286.0,290.0,274.0,286.0,288.0,286.0,283.0,280.0,276.0,270.0,269.0,268.0,264.0,254.0,244.0,241.0,236.0,227.0,208.0,200.0,191.0,186.0,181.0,174.0,168.0
0.0,0.0,0.0,0.0,0.0,0.0,0.0,0.0,0.0,0.0,0.0,0.0,0.0,0.0,0.0,0.0,0.0,1.0,2.0,1.0,1.0,3.0,3.0,3.0,3.0,3.0,4.0,4.0,6.0,7.0,7.0,7.0,8.0,12.0,14.0,13.0,16.0,18.0,18.0,21.0,24.0,23.0,26.0,30.0,36.0,44.0,48.0,56.0,66.0,70.0,80.0,93.0,106.0,125.0,134.0,149.0,177.0,198.0,223.0,247.0,265.0,282.0,293.0,314.0,310.0,306.0,308.0,302.0,305.0,313.0,306.0,303.0,293.0,281.0,272.0,261.0,250.0,238.0,233.0,228.0,220.0,211.0,211.0,205.0,202.0,195.0,190.0,179.0,169.0,170.0
0.0,0.0,0.0,0.0,1.0,1.0,1.0,1.0,1.0,1.0,1.0,1.0,1.0,1.0,1.0,1.0,1.0,1.0,1.0,1.0,1.0,1.0,1.0,1.0,1.0,2.0,2.0,2.0,2.0,1.0,1.0,1.0,2.0,2.0,2.0,2.0,1.0,3.0,4.0,5.0,5.0,7.0,9.0,13.0,10.0,10.0,12.0,16.0,16.0,19.0,22.0,26.0,29.0,33.0,33.0,40.0,43.0,48.0,52.0,63.0,62.0,69.0,72.0,73.0,75.0,80.0,73.0,74.0,73.0,69.0,72.0,72.0,73.0,74.0,75.0,69.0,67.0,67.0,64.0,66.0,58.0,55.0,53.0,50.0,51.0,49.0,47.0,42.0,38.0,34.0
0.0,0.0,0.0,0.0,0.0,0.0,0.0,0.0,0.0,0.0,0.0,0.0,0.0,0.0,1.0,1.0,1.0,1.0,1.0,1.0,0.0,0.0,1.0,1.0,1.0,2.0,3.0,3.0,3.0,6.0,5.0,7.0,8.0,9.0,11.0,11.0,13.0,11.0,13.0,16.0,21.0,22.0,26.0,27.0,32.0,36.0,40.0,46.0,52.0,61.0,65.0,78.0,83.0,100.0,116.0,133.0,144.0,158.0,179.0,185.0,193.0,202.0,200.0,205.0,212.0,215.0,222.0,223.0,220.0,219.0,218.0,216.0,216.0,214.0,213.0,207.0,202.0,197.0,188.0,183.0,179.0,175.0,170.0,164.0,159.0,155.0,146.0,142.0,131.0,123.0
0.0,0.0,0.0,0.0,0.0,0.0,0.0,0.0,0.0,0.0,0.0,0.0,0.0,0.0,0.0,0.0,0.0,0.0,0.0,0.0,0.0,2.0,1.0,1.0,1.0,1.0,1.0,2.0,2.0,1.0,2.0,2.0,2.0,2.0,2.0,5.0,7.0,7.0,8.0,10.0,9.0,18.0,17.0,23.0,26.0,30.0,30.0,37.0,43.0,51.0,57.0,66.0,77.0,84.0,86.0,88.0,112.0,129.0,142.0,148.0,160.0,170.0,178.0,186.0,189.0,196.0,196.0,207.0,215.0,214.0,211.0,221.0,218.0,211.0,211.0,201.0,198.0,194.0,190.0,185.0,178.0,171.0,164.0,163.0,153.0,150.0,147.0,141.0,137.0,134.0
0.0,0.0,0.0,0.0,0.0,1.0,1.0,1.0,1.0,1.0,1.0,0.0,0.0,0.0,0.0,1.0,1.0,2.0,2.0,2.0,2.0,2.0,2.0,2.0,2.0,2.0,2.0,3.0,3.0,3.0,6.0,6.0,6.0,6.0,7.0,10.0,13.0,15.0,20.0,19.0,27.0,31.0,36.0,37.0,41.0,46.0,52.0,58.0,60.0,63.0,66.0,77.0,84.0,93.0,105.0,119.0,134.0,141.0,146.0,158.0,170.0,173.0,184.0,193.0,200.0,203.0,203.0,201.0,191.0,181.0,189.0,183.0,179.0,173.0,163.0,159.0,160.0,159.0,146.0,142.0,135.0,129.0,126.0,117.0,113.0,112.0,108.0,106.0,99.0,94.0
0.0,0.0,0.0,0.0,0.0,0.0,0.0,0.0,1.0,1.0,1.0,1.0,1.0,1.0,0.0,1.0,1.0,2.0,2.0,2.0,2.0,2.0,3.0,4.0,4.0,6.0,6.0,9.0,10.0,11.0,11.0,12.0,12.0,10.0,14.0,13.0,14.0,17.0,15.0,20.0,22.0,27.0,32.0,35.0,43.0,51.0,58.0,61.0,72.0,85.0,91.0,100.0,111.0,121.0,131.0,147.0,170.0,182.0,208.0,224.0,236.0,242.0,253.0,261.0,271.0,273.0,280.0,279.0,283.0,280.0,280.0,278.0,270.0,259.0,255.0,254.0,249.0,237.0,225.0,228.0,218.0,215.0,215.0,212.0,206.0,196.0,187.0,183.0,181.0,171.0
0.0,0.0,0.0,0.0,0.0,0.0,0.0,0.0,0.0,0.0,0.0,0.0,0.0,0.0,1.0,1.0,1.0,1.0,2.0,1.0,1.0,1.0,1.0,1.0,1.0,1.0,1.0,0.0,1.0,2.0,2.0,2.0,4.0,4.0,5.0,6.0,7.0,7.0,6.0,7.0,9.0,9.0,10.0,8.0,10.0,10.0,14.0,16.0,22.0,25.0,31.0,32.0,33.0,36.0,45.0,52.0,64.0,74.0,69.0,72.0,76.0,84.0,87.0,89.0,92.0,100.0,106.0,104.0,107.0,107.0,103.0,103.0,102.0,106.0,106.0,105.0,100.0,101.0,104.0,96.0,96.0,90.0,85.0,83.0,79.0,73.0,69.0,69.0,67.0,67.0
0.0,0.0,0.0,0.0,0.0,0.0,0.0,0.0,0.0,0.0,0.0,0.0,0.0,0.0,0.0,0.0,0.0,0.0,0.0,0.0,0.0,0.0,0.0,0.0,0.0,1.0,1.0,1.0,1.0,1.0,1.0,1.0,2.0,1.0,1.0,0.0,2.0,3.0,2.0,2.0,2.0,7.0,8.0,10.0,9.0,11.0,11.0,14.0,18.0,23.0,25.0,29.0,28.0,26.0,33.0,40.0,44.0,49.0,54.0,62.0,68.0,79.0,85.0,86.0,87.0,88.0,90.0,87.0,85.0,88.0,89.0,89.0,87.0,86.0,78.0,82.0,75.0,73.0,69.0,69.0,70.0,66.0,60.0,57.0,53.0,48.0,47.0,48.0,48.0,43.0
0.0,0.0,0.0,0.0,0.0,0.0,0.0,0.0,0.0,0.0,0.0,0.0,0.0,0.0,0.0,0.0,1.0,2.0,2.0,2.0,2.0,3.0,2.0,2.0,2.0,2.0,2.0,2.0,2.0,4.0,4.0,4.0,4.0,4.0,8.0,7.0,9.0,10.0,11.0,12.0,14.0,14.0,15.0,14.0,14.0,14.0,19.0,28.0,30.0,32.0,36.0,39.0,41.0,53.0,66.0,72.0,77.0,76.0,83.0,86.0,87.0,90.0,96.0,101.0,102.0,99.0,100.0,93.0,89.0,85.0,84.0,86.0,84.0,83.0,84.0,78.0,78.0,73.0,71.0,69.0,66.0,61.0,58.0,57.0,56.0,54.0,56.0,52.0,52.0,50.0
0.0,0.0,0.0,0.0,0.0,0.0,0.0,0.0,0.0,0.0,0.0,0.0,0.0,0.0,0.0,0.0,1.0,2.0,2.0,2.0,3.0,3.0,3.0,3.0,3.0,2.0,2.0,2.0,3.0,2.0,2.0,2.0,2.0,4.0,4.0,4.0,7.0,8.0,9.0,9.0,9.0,12.0,18.0,16.0,16.0,17.0,21.0,21.0,21.0,23.0,24.0,28.0,32.0,38.0,45.0,48.0,53.0,59.0,68.0,77.0,74.0,80.0,89.0,90.0,86.0,93.0,96.0,98.0,98.0,97.0,102.0,101.0,94.0,89.0,84.0,81.0,78.0,76.0,71.0,70.0,70.0,69.0,68.0,67.0,65.0,62.0,63.0,59.0,59.0,56.0
0.0,0.0,0.0,0.0,0.0,0.0,0.0,0.0,1.0,1.0,1.0,1.0,1.0,1.0,1.0,0.0,0.0,0.0,1.0,2.0,1.0,2.0,2.0,2.0,2.0,2.0,2.0,2.0,2.0,2.0,2.0,2.0,1.0,1.0,1.0,3.0,4.0,5.0,6.0,7.0,7.0,9.0,10.0,11.0,10.0,12.0,13.0,19.0,24.0,29.0,34.0,43.0,49.0,56.0,61.0,69.0,74.0,79.0,87.0,87.0,93.0,99.0,110.0,120.0,127.0,123.0,122.0,118.0,121.0,130.0,132.0,133.0,126.0,127.0,126.0,120.0,121.0,127.0,121.0,116.0,113.0,113.0,113.0,108.0,102.0,102.0,100.0,94.0,90.0,89.0
0.0,0.0,0.0,0.0,0.0,0.0,0.0,0.0,0.0,0.0,0.0,0.0,0.0,1.0,1.0,1.0,1.0,1.0,2.0,2.0,2.0,2.0,2.0,2.0,1.0,1.0,2.0,2.0,2.0,2.0,2.0,3.0,5.0,5.0,5.0,4.0,6.0,8.0,9.0,10.0,14.0,17.0,19.0,21.0,25.0,29.0,31.0,33.0,36.0,46.0,56.0,63.0,71.0,80.0,97.0,112.0,124.0,142.0,147.0,162.0,175.0,188.0,196.0,200.0,209.0,210.0,213.0,205.0,210.0,212.0,209.0,208.0,206.0,214.0,206.0,196.0,187.0,187.0,184.0,183.0,183.0,180.0,175.0,173.0,169.0,166.0,160.0,154.0,146.0,144.0
0.0,0.0,0.0,0.0,0.0,0.0,0.0,0.0,1.0,1.0,1.0,1.0,1.0,1.0,1.0,1.0,1.0,1.0,1.0,1.0,1.0,1.0,1.0,1.0,1.0,2.0,3.0,3.0,2.0,2.0,4.0,6.0,7.0,9.0,10.0,9.0,15.0,16.0,18.0,18.0,18.0,18.0,25.0,25.0,32.0,34.0,38.0,39.0,48.0,52.0,56.0,65.0,69.0,75.0,90.0,109.0,124.0,130.0,134.0,137.0,142.0,138.0,149.0,156.0,163.0,168.0,170.0,168.0,163.0,159.0,160.0,161.0,163.0,164.0,157.0,152.0,153.0,151.0,145.0,138.0,134.0,127.0,124.0,120.0,112.0,107.0,107.0,104.0,100.0,97.0
0.0,0.0,0.0,0.0,0.0,1.0,1.0,1.0,1.0,1.0,2.0,2.0,1.0,1.0,1.0,1.0,1.0,1.0,1.0,0.0,1.0,2.0,2.0,2.0,3.0,3.0,5.0,4.0,3.0,4.0,4.0,4.0,5.0,7.0,7.0,7.0,8.0,11.0,12.0,12.0,12.0,17.0,17.0,16.0,20.0,24.0,29.0,35.0,43.0,53.0,67.0,75.0,81.0,87.0,110.0,122.0,137.0,154.0,174.0,174.0,173.0,192.0,194.0,187.0,192.0,193.0,192.0,188.0,190.0,189.0,192.0,196.0,185.0,179.0,179.0,175.0,172.0,167.0,158.0,157.0,153.0,152.0,147.0,147.0,144.0,136.0,134.0,136.0,131.0,129.0
0.0,0.0,0.0,0.0,0.0,0.0,0.0,0.0,0.0,0.0,0.0,0.0,0.0,0.0,0.0,0.0,1.0,1.0,1.0,2.0,3.0,3.0,3.0,4.0,6.0,6.0,7.0,5.0,5.0,6.0,6.0,11.0,13.0,13.0,15.0,15.0,20.0,25.0,25.0,28.0,32.0,37.0,40.0,44.0,51.0,60.0,64.0,70.0,80.0,89.0,101.0,111.0,133.0,153.0,181.0,208.0,217.0,232.0,243.0,258.0,282.0,308.0,325.0,336.0,348.0,362.0,361.0,363.0,356.0,353.0,345.0,346.0,344.0,334.0,323.0,315.0,298.0,296.0,286.0,280.0,263.0,254.0,250.0,242.0,232.0,218.0,210.0,205.0,199.0,194.0
0.0,0.0,0.0,0.0,0.0,0.0,0.0,0.0,0.0,1.0,1.0,1.0,2.0,2.0,2.0,2.0,2.0,3.0,3.0,3.0,3.0,2.0,2.0,3.0,4.0,4.0,4.0,4.0,4.0,4.0,4.0,5.0,6.0,7.0,9.0,11.0,11.0,12.0,13.0,14.0,14.0,17.0,17.0,21.0,23.0,22.0,22.0,25.0,28.0,33.0,36.0,39.0,45.0,55.0,68.0,78.0,78.0,90.0,95.0,108.0,109.0,123.0,123.0,128.0,126.0,131.0,134.0,133.0,135.0,126.0,124.0,123.0,126.0,124.0,120.0,120.0,114.0,112.0,107.0,108.0,107.0,103.0,102.0,97.0,90.0,83.0,79.0,77.0,74.0,71.0
0.0,0.0,0.0,0.0,0.0,0.0,0.0,0.0,0.0,0.0,0.0,0.0,0.0,0.0,0.0,0.0,0.0,0.0,2.0,2.0,3.0,3.0,3.0,3.0,2.0,3.0,3.0,3.0,3.0,2.0,3.0,3.0,2.0,3.0,3.0,3.0,5.0,4.0,5.0,4.0,3.0,3.0,6.0,9.0,12.0,14.0,16.0,18.0,22.0,24.0,30.0,35.0,40.0,39.0,45.0,53.0,51.0,61.0,65.0,72.0,73.0,75.0,82.0,90.0,98.0,100.0,97.0,103.0,105.0,107.0,106.0,106.0,108.0,103.0,99.0,96.0,93.0,94.0,90.0,91.0,88.0,84.0,81.0,80.0,81.0,80.0,79.0,75.0,72.0,71.0
0.0,0.0,0.0,0.0,0.0,0.0,0.0,0.0,0.0,0.0,0.0,0.0,0.0,0.0,1.0,2.0,2.0,2.0,2.0,2.0,2.0,2.0,2.0,3.0,3.0,5.0,6.0,6.0,7.0,6.0,6.0,8.0,7.0,7.0,9.0,11.0,10.0,10.0,10.0,12.0,15.0,16.0,20.0,19.0,22.0,25.0,27.0,32.0,35.0,41.0,48.0,51.0,54.0,59.0,64.0,66.0,71.0,79.0,87.0,96.0,97.0,99.0,106.0,115.0,116.0,123.0,128.0,128.0,126.0,130.0,124.0,121.0,114.0,119.0,120.0,122.0,121.0,123.0,121.0,113.0,105.0,102.0,97.0,95.0,91.0,88.0,87.0,86.0,79.0,75.0
0.0,0.0,0.0,0.0,0.0,0.0,0.0,0.0,0.0,0.0,1.0,1.0,1.0,1.0,0.0,0.0,0.0,0.0,0.0,2.0,2.0,1.0,1.0,4.0,3.0,4.0,4.0,5.0,5.0,5.0,7.0,9.0,9.0,9.0,12.0,14.0,16.0,15.0,21.0,25.0,29.0,34.0,32.0,36.0,43.0,44.0,47.0,52.0,59.0,73.0,84.0,86.0,99.0,109.0,129.0,150.0,174.0,193.0,211.0,226.0,245.0,255.0,263.0,269.0,276.0,271.0,274.0,274.0,282.0,295.0,287.0,294.0,283.0,272.0,273.0,273.0,266.0,264.0,252.0,248.0,240.0,225.0,214.0,202.0,187.0,181.0,173.0,169.0,158.0,154.0
0.0,0.0,0.0,0.0,0.0,0.0,0.0,0.0,0.0,0.0,1.0,1.0,1.0,1.0,1.0,1.0,2.0,2.0,1.0,1.0,2.0,4.0,4.0,4.0,4.0,5.0,7.0,8.0,9.0,12.0,12.0,13.0,14.0,15.0,17.0,22.0,21.0,24.0,26.0,26.0,28.0,39.0,55.0,64.0,72.0,76.0,91.0,105.0,128.0,143.0,160.0,184.0,203.0,234.0,266.0,301.0,343.0,364.0,401.0,420.0,443.0,467.0,501.0,514.0,544.0,564.0,569.0,567.0,561.0,556.0,538.0,533.0,531.0,517.0,517.0,514.0,501.0,483.0,475.0,453.0,439.0,425.0,411.0,395.0,375.0,357.0,358.0,341.0,330.0,314.0
0.0,0.0,0.0,0.0,0.0,0.0,0.0,0.0,0.0,0.0,0.0,0.0,0.0,1.0,0.0,0.0,0.0,0.0,0.0,0.0,0.0,0.0,0.0,0.0,0.0,0.0,1.0,1.0,1.0,1.0,1.0,2.0,2.0,2.0,4.0,3.0,6.0,6.0,8.0,7.0,10.0,11.0,17.0,20.0,22.0,26.0,29.0,32.0,37.0,41.0,51.0,56.0,60.0,73.0,74.0,89.0,111.0,126.0,132.0,147.0,156.0,168.0,173.0,176.0,192.0,183.0,186.0,188.0,186.0,184.0,182.0,172.0,176.0,171.0,168.0,167.0,165.0,155.0,151.0,148.0,139.0,138.0,133.0,128.0,126.0,122.0,122.0,116.0,109.0,106.0
0.0,0.0,0.0,0.0,0.0,0.0,0.0,0.0,0.0,0.0,0.0,0.0,0.0,0.0,0.0,0.0,0.0,0.0,0.0,0.0,1.0,1.0,1.0,1.0,1.0,1.0,1.0,1.0,1.0,1.0,1.0,1.0,1.0,2.0,2.0,2.0,3.0,4.0,4.0,5.0,5.0,7.0,8.0,8.0,11.0,13.0,19.0,24.0,26.0,32.0,29.0,33.0,34.0,43.0,45.0,50.0,58.0,62.0,65.0,71.0,76.0,85.0,91.0,98.0,102.0,106.0,107.0,108.0,109.0,107.0,105.0,108.0,107.0,99.0,93.0,90.0,89.0,90.0,87.0,88.0,84.0,83.0,83.0,81.0,80.0,80.0,74.0,71.0,68.0,65.0
0.0,0.0,0.0,0.0,0.0,0.0,0.0,0.0,0.0,0.0,0.0,0.0,0.0,0.0,0.0,0.0,0.0,0.0,1.0,1.0,1.0,2.0,2.0,3.0,3.0,3.0,4.0,5.0,4.0,9.0,10.0,6.0,8.0,10.0,19.0,22.0,31.0,34.0,39.0,45.0,54.0,67.0,75.0,86.0,97.0,108.0,125.0,137.0,154.0,183.0,206.0,246.0,278.0,307.0,339.0,368.0,415.0,455.0,506.0,540.0,566.0,590.0,607.0,638.0,656.0,672.0,695.0,681.0,692.0,678.0,667.0,666.0,648.0,633.0,633.0,626.0,614.0,594.0,581.0,564.0,554.0,535.0,521.0,502.0,482.0,468.0,461.0,448.0,433.0,412.0
0.0,0.0,0.0,0.0,0.0,0.0,0.0,0.0,0.0,0.0,0.0,0.0,0.0,0.0,0.0,0.0,0.0,0.0,0.0,1.0,1.0,1.0,1.0,4.0,5.0,6.0,4.0,5.0,7.0,8.0,10.0,11.0,14.0,15.0,23.0,33.0,35.0,40.0,50.0,54.0,60.0,65.0,71.0,84.0,92.0,104.0,123.0,141.0,164.0,196.0,213.0,239.0,270.0,306.0,343.0,388.0,445.0,479.0,521.0,549.0,580.0,621.0,663.0,684.0,698.0,727.0,728.0,744.0,736.0,726.0,719.0,703.0,694.0,683.0,655.0,640.0,630.0,612.0,583.0,565.0,558.0,536.0,512.0,492.0,478.0,456.0,440.0,417.0,405.0,384.0
0.0,0.0,0.0,0.0,0.0,0.0,0.0,0.0,0.0,0.0,0.0,0.0,0.0,0.0,0.0,0.0,0.0,0.0,0.0,0.0,0.0,0.0,0.0,0.0,0.0,0.0,0.0,0.0,0.0,0.0,0.0,0.0,0.0,1.0,2.0,3.0,2.0,3.0,5.0,5.0,5.0,6.0,8.0,10.0,9.0,11.0,12.0,16.0,22.0,26.0,31.0,34.0,39.0,43.0,49.0,66.0,70.0,79.0,83.0,86.0,88.0,87.0,95.0,97.0,95.0,100.0,106.0,103.0,102.0,101.0,94.0,87.0,89.0,93.0,86.0,84.0,80.0,80.0,77.0,73.0,74.0,72.0,67.0,67.0,66.0,65.0,61.0,58.0,56.0,53.0
0.0,0.0,0.0,0.0,0.0,0.0,0.0,0.0,0.0,0.0,0.0,0.0,1.0,1.0,1.0,0.0,0.0,0.0,0.0,0.0,0.0,0.0,1.0,1.0,1.0,1.0,1.0,1.0,2.0,2.0,4.0,5.0,3.0,5.0,5.0,6.0,9.0,12.0,12.0,13.0,13.0,15.0,20.0,19.0,21.0,19.0,21.0,26.0,34.0,39.0,45.0,47.0,52.0,60.0,66.0,69.0,75.0,83.0,89.0,88.0,90.0,88.0,95.0,91.0,103.0,106.0,113.0,110.0,103.0,100.0,101.0,98.0,101.0,100.0,94.0,95.0,92.0,89.0,86.0,84.0,79.0,75.0,71.0,70.0,67.0,66.0,63.0,58.0,58.0,55.0
0.0,0.0,0.0,0.0,0.0,0.0,0.0,0.0,1.0,0.0,0.0,0.0,0.0,0.0,0.0,0.0,0.0,0.0,0.0,0.0,1.0,2.0,2.0,2.0,2.0,2.0,3.0,2.0,2.0,2.0,2.0,2.0,2.0,4.0,4.0,3.0,3.0,5.0,5.0,5.0,5.0,5.0,5.0,7.0,8.0,9.0,9.0,14.0,23.0,21.0,24.0,27.0,30.0,35.0,44.0,54.0,58.0,67.0,70.0,73.0,80.0,80.0,83.0,93.0,93.0,99.0,96.0,100.0,97.0,94.0,93.0,90.0,88.0,86.0,84.0,78.0,73.0,68.0,63.0,63.0,60.0,63.0,64.0,66.0,64.0,63.0,58.0,55.0,55.0,55.0
0.0,0.0,0.0,0.0,0.0,0.0,0.0,0.0,0.0,0.0,0.0,0.0,0.0,0.0,0.0,0.0,0.0,0.0,0.0,0.0,0.0,1.0,1.0,1.0,2.0,3.0,3.0,3.0,4.0,3.0,4.0,4.0,5.0,8.0,9.0,10.0,10.0,11.0,14.0,13.0,15.0,14.0,14.0,13.0,20.0,25.0,28.0,34.0,41.0,47.0,52.0,63.0,74.0,92.0,99.0,115.0,132.0,141.0,146.0,149.0,163.0,168.0,179.0,187.0,195.0,210.0,212.0,220.0,215.0,212.0,215.0,214.0,203.0,201.0,198.0,188.0,185.0,182.0,180.0,177.0,175.0,170.0,163.0,164.0,161.0,156.0,153.0,144.0,137.0,127.0
0.0,0.0,0.0,0.0,0.0,0.0,0.0,0.0,0.0,1.0,1.0,1.0,1.0,1.0,2.0,2.0,2.0,3.0,2.0,2.0,2.0,2.0,2.0,3.0,3.0,3.0,3.0,3.0,4.0,6.0,7.0,9.0,9.0,10.0,13.0,16.0,20.0,22.0,25.0,28.0,30.0,36.0,43.0,47.0,48.0,59.0,60.0,64.0,75.0,85.0,97.0,105.0,124.0,141.0,164.0,190.0,212.0,237.0,252.0,261.0,281.0,284.0,294.0,302.0,316.0,334.0,330.0,339.0,343.0,339.0,337.0,328.0,326.0,327.0,315.0,308.0,298.0,287.0,282.0,284.0,280.0,276.0,264.0,257.0,246.0,239.0,226.0,222.0,215.0,208.0
0.0,0.0,0.0,0.0,0.0,0.0,0.0,0.0,0.0,0.0,0.0,0.0,0.0,0.0,0.0,0.0,0.0,0.0,0.0,0.0,1.0,1.0,1.0,1.0,1.0,1.0,1.0,1.0,3.0,3.0,3.0,3.0,3.0,3.0,4.0,6.0,6.0,6.0,7.0,8.0,9.0,11.0,10.0,15.0,16.0,17.0,23.0,24.0,24.0,24.0,26.0,29.0,28.0,36.0,44.0,53.0,55.0,59.0,65.0,69.0,69.0,72.0,77.0,81.0,79.0,82.0,83.0,82.0,80.0,86.0,84.0,84.0,82.0,81.0,78.0,71.0,72.0,69.0,67.0,64.0,62.0,61.0,61.0,57.0,57.0,56.0,54.0,54.0,52.0,48.0
0.0,0.0,0.0,0.0,0.0,0.0,0.0,0.0,1.0,1.0,1.0,2.0,3.0,3.0,3.0,2.0,2.0,2.0,2.0,2.0,2.0,4.0,4.0,6.0,7.0,9.0,9.0,9.0,9.0,8.0,6.0,7.0,7.0,7.0,13.0,13.0,15.0,20.0,23.0,23.0,28.0,30.0,32.0,38.0,43.0,51.0,62.0,72.0,80.0,95.0,99.0,109.0,121.0,131.0,140.0,158.0,158.0,176.0,190.0,211.0,220.0,234.0,237.0,250.0,261.0,261.0,265.0,272.0,271.0,278.0,271.0,266.0,265.0,259.0,249.0,238.0,233.0,231.0,227.0,222.0,214.0,213.0,202.0,197.0,195.0,190.0,184.0,177.0,170.0,161.0
0.0,0.0,0.0,0.0,0.0,0.0,0.0,0.0,0.0,0.0,0.0,0.0,0.0,0.0,0.0,0.0,0.0,0.0,0.0,0.0,0.0,0.0,0.0,1.0,1.0,1.0,1.0,1.0,1.0,1.0,1.0,2.0,2.0,2.0,4.0,6.0,6.0,6.0,7.0,10.0,10.0,8.0,12.0,11.0,14.0,17.0,21.0,21.0,21.0,23.0,26.0,28.0,39.0,46.0,59.0,68.0,72.0,74.0,77.0,83.0,96.0,104.0,109.0,110.0,112.0,114.0,116.0,120.0,126.0,123.0,122.0,115.0,115.0,110.0,111.0,109.0,108.0,102.0,99.0,98.0,93.0,93.0,87.0,79.0,77.0,69.0,64.0,63.0,59.0,58.0
0.0,0.0,0.0,0.0,0.0,0.0,0.0,0.0,0.0,0.0,0.0,0.0,0.0,0.0,0.0,0.0,0.0,0.0,0.0,0.0,0.0,0.0,1.0,1.0,1.0,2.0,4.0,4.0,5.0,4.0,5.0,6.0,7.0,7.0,7.0,7.0,9.0,9.0,9.0,9.0,9.0,9.0,13.0,17.0,17.0,19.0,19.0,19.0,18.0,19.0,22.0,27.0,35.0,33.0,39.0,42.0,48.0,49.0,56.0,62.0,65.0,67.0,70.0,70.0,77.0,78.0,78.0,76.0,73.0,74.0,75.0,74.0,72.0,72.0,64.0,65.0,63.0,65.0,64.0,61.0,59.0,55.0,53.0,53.0,44.0,46.0,46.0,42.0,41.0,39.0
0.0,0.0,0.0,0.0,0.0,0.0,0.0,0.0,1.0,1.0,1.0,1.0,1.0,1.0,1.0,1.0,1.0,1.0,1.0,1.0,2.0,1.0,1.0,1.0,2.0,7.0,9.0,10.0,10.0,11.0,12.0,13.0,16.0,17.0,22.0,23.0,24.0,25.0,28.0,31.0,34.0,41.0,49.0,56.0,67.0,72.0,83.0,94.0,102.0,131.0,146.0,163.0,184.0,204.0,227.0,260.0,291.0,332.0,372.0,397.0,421.0,436.0,460.0,472.0,504.0,517.0,527.0,511.0,521.0,512.0,515.0,504.0,499.0,492.0,479.0,474.0,464.0,445.0,438.0,428.0,414.0,397.0,386.0,382.0,365.0,361.0,345.0,332.0,323.0,313.0
0.0,0.0,0.0,0.0,0.0,0.0,0.0,0.0,0.0,0.0,0.0,0.0,0.0,0.0,0.0,0.0,0.0,0.0,0.0,0.0,0.0,0.0,1.0,1.0,2.0,2.0,2.0,3.0,3.0,3.0,2.0,2.0,2.0,2.0,3.0,3.0,3.0,4.0,4.0,3.0,4.0,4.0,9.0,11.0,13.0,15.0,18.0,15.0,23.0,27.0,31.0,34.0,36.0,41.0,49.0,53.0,58.0,64.0,71.0,79.0,87.0,90.0,87.0,92.0,92.0,91.0,87.0,96.0,91.0,87.0,83.0,81.0,79.0,77.0,76.0,74.0,69.0,68.0,68.0,67.0,61.0,60.0,57.0,50.0,50.0,48.0,45.0,44.0,43.0,39.0
0.0,0.0,0.0,0.0,0.0,0.0,0.0,0.0,0.0,0.0,0.0,0.0,0.0,0.0,0.0,0.0,0.0,0.0,0.0,0.0,1.0,2.0,1.0,1.0,1.0,2.0,2.0,2.0,1.0,1.0,1.0,2.0,4.0,4.0,5.0,8.0,8.0,9.0,13.0,13.0,14.0,17.0,16.0,21.0,20.0,22.0,30.0,42.0,48.0,56.0,62.0,71.0,77.0,87.0,107.0,126.0,137.0,159.0,172.0,177.0,189.0,200.0,218.0,223.0,223.0,233.0,229.0,227.0,231.0,230.0,231.0,224.0,219.0,217.0,219.0,222.0,215.0,208.0,190.0,189.0,179.0,175.0,166.0,160.0,151.0,141.0,138.0,132.0,120.0,114.0
0.0,0.0,0.0,0.0,0.0,0.0,0.0,0.0,0.0,0.0,0.0,0.0,0.0,0.0,0.0,0.0,0.0,0.0,0.0,0.0,0.0,0.0,0.0,0.0,0.0,2.0,3.0,3.0,3.0,3.0,3.0,2.0,2.0,2.0,3.0,3.0,7.0,6.0,6.0,5.0,7.0,8.0,9.0,9.0,10.0,15.0,18.0,19.0,23.0,31.0,34.0,34.0,37.0,43.0,49.0,58.0,66.0,75.0,79.0,91.0,99.0,99.0,96.0,100.0,93.0,94.0,98.0,98.0,101.0,104.0,100.0,108.0,101.0,96.0,90.0,87.0,86.0,85.0,83.0,77.0,74.0,69.0,67.0,64.0,61.0,60.0,55.0,53.0,51.0,50.0
0.0,0.0,0.0,0.0,0.0,0.0,0.0,0.0,0.0,0.0,0.0,0.0,0.0,0.0,0.0,0.0,1.0,1.0,2.0,2.0,2.0,2.0,2.0,2.0,2.0,2.0,2.0,2.0,4.0,6.0,6.0,8.0,11.0,11.0,16.0,14.0,14.0,16.0,18.0,19.0,21.0,28.0,33.0,37.0,37.0,40.0,41.0,49.0,50.0,65.0,66.0,71.0,83.0,89.0,99.0,110.0,127.0,142.0,160.0,182.0,197.0,210.0,209.0,220.0,230.0,236.0,223.0,231.0,240.0,237.0,237.0,236.0,228.0,223.0,213.0,210.0,209.0,206.0,195.0,186.0,179.0,179.0,169.0,157.0,150.0,143.0,140.0,135.0,133.0,126.0
0.0,0.0,0.0,0.0,0.0,0.0,0.0,0.0,0.0,0.0,1.0,0.0,0.0,0.0,0.0,0.0,0.0,0.0,1.0,1.0,1.0,0.0,0.0,0.0,1.0,3.0,3.0,3.0,2.0,3.0,6.0,6.0,6.0,6.0,8.0,9.0,8.0,10.0,9.0,12.0,12.0,13.0,16.0,22.0,21.0,27.0,26.0,27.0,29.0,30.0,33.0,44.0,46.0,56.0,68.0,78.0,89.0,92.0,99.0,104.0,104.0,114.0,119.0,125.0,131.0,134.0,142.0,145.0,148.0,155.0,154.0,145.0,150.0,149.0,144.0,136.0,132.0,131.0,127.0,120.0,118.0,116.0,112.0,116.0,113.0,110.0,108.0,105.0,100.0,94.0
0.0,0.0,0.0,0.0,0.0,0.0,0.0,0.0,0.0,0.0,0.0,0.0,0.0,0.0,0.0,0.0,0.0,0.0,0.0,0.0,0.0,0.0,1.0,1.0,1.0,2.0,3.0,3.0,4.0,3.0,4.0,5.0,6.0,7.0,10.0,13.0,18.0,20.0,21.0,22.0,25.0,25.0,35.0,45.0,47.0,55.0,65.0,79.0,92.0,105.0,110.0,121.0,137.0,148.0,164.0,184.0,196.0,219.0,229.0,248.0,257.0,268.0,282.0,289.0,298.0,311.0,324.0,328.0,328.0,328.0,327.0,321.0,314.0,309.0,300.0,297.0,295.0,300.0,295.0,284.0,277.0,268.0,253.0,243.0,238.0,225.0,212.0,201.0,196.0,187.0
0.0,0.0,0.0,0.0,0.0,0.0,0.0,0.0,0.0,1.0,1.0,1.0,0.0,1.0,1.0,1.0,1.0,1.0,1.0,1.0,1.0,0.0,0.0,1.0,1.0,1.0,2.0,2.0,2.0,2.0,4.0,7.0,7.0,10.0,12.0,11.0,11.0,11.0,13.0,13.0,14.0,16.0,16.0,18.0,17.0,17.0,19.0,22.0,26.0,28.0,25.0,32.0,34.0,40.0,45.0,51.0,52.0,61.0,72.0,78.0,81.0,83.0,91.0,95.0,96.0,90.0,92.0,90.0,88.0,88.0,87.0,88.0,83.0,81.0,81.0,82.0,84.0,80.0,77.0,74.0,74.0,73.0,71.0,70.0,66.0,62.0,59.0,56.0,53.0,50.0
0.0,0.0,0.0,0.0,0.0,0.0,0.0,0.0,0.0,0.0,0.0,0.0,0.0,0.0,0.0,0.0,0.0,0.0,0.0,0.0,0.0,0.0,0.0,0.0,0.0,0.0,2.0,2.0,2.0,2.0,2.0,2.0,3.0,4.0,5.0,4.0,5.0,4.0,3.0,5.0,6.0,10.0,13.0,15.0,16.0,17.0,19.0,21.0,29.0,31.0,37.0,45.0,49.0,61.0,74.0,84.0,92.0,102.0,110.0,120.0,120.0,128.0,140.0,150.0,155.0,161.0,166.0,167.0,181.0,170.0,173.0,183.0,181.0,178.0,177.0,176.0,178.0,173.0,167.0,166.0,157.0,153.0,150.0,148.0,137.0,133.0,125.0,114.0,109.0,105.0
0.0,0.0,0.0,0.0,0.0,0.0,0.0,0.0,0.0,0.0,0.0,0.0,0.0,0.0,0.0,1.0,0.0,1.0,1.0,1.0,1.0,1.0,1.0,1.0,1.0,1.0,2.0,2.0,2.0,2.0,3.0,3.0,3.0,3.0,3.0,3.0,3.0,6.0,6.0,5.0,8.0,12.0,13.0,14.0,18.0,20.0,28.0,29.0,31.0,33.0,37.0,46.0,56.0,67.0,75.0,85.0,93.0,101.0,99.0,102.0,112.0,122.0,131.0,135.0,146.0,141.0,155.0,152.0,146.0,139.0,140.0,136.0,136.0,130.0,133.0,134.0,129.0,123.0,116.0,114.0,115.0,106.0,104.0,103.0,105.0,103.0,96.0,95.0,92.0,87.0
0.0,0.0,0.0,0.0,0.0,0.0,0.0,0.0,0.0,0.0,0.0,0.0,0.0,0.0,0.0,0.0,0.0,0.0,1.0,1.0,1.0,1.0,2.0,2.0,4.0,4.0,5.0,6.0,4.0,5.0,6.0,7.0,7.0,11.0,12.0,15.0,17.0,19.0,19.0,22.0,24.0,23.0,29.0,33.0,41.0,44.0,53.0,52.0,53.0,57.0,74.0,88.0,100.0,116.0,125.0,139.0,164.0,182.0,193.0,208.0,230.0,237.0,248.0,258.0,271.0,270.0,278.0,282.0,270.0,278.0,275.0,264.0,259.0,255.0,246.0,245.0,248.0,243.0,233.0,224.0,215.0,216.0,211.0,203.0,196.0,191.0,185.0,180.0,176.0,172.0
0.0,0.0,0.0,0.0,0.0,0.0,0.0,0.0,0.0,0.0,0.0,0.0,0.0,0.0,1.0,1.0,1.0,0.0,0.0,0.0,2.0,5.0,5.0,5.0,4.0,5.0,7.0,12.0,14.0,16.0,17.0,19.0,20.0,21.0,27.0,28.0,35.0,37.0,40.0,41.0,51.0,62.0,77.0,88.0,90.0,103.0,114.0,130.0,158.0,180.0,192.0,225.0,256.0,285.0,320.0,365.0,398.0,434.0,478.0,503.0,538.0,563.0,587.0,600.0,599.0,599.0,600.0,612.0,621.0,616.0,617.0,610.0,605.0,586.0,571.0,550.0,545.0,535.0,505.0,485.0,468.0,452.0,438.0,434.0,429.0,409.0,385.0,372.0,365.0,348.0
0.0,0.0,0.0,0.0,0.0,0.0,0.0,0.0,1.0,1.0,1.0,1.0,1.0,1.0,1.0,1.0,1.0,1.0,1.0,1.0,1.0,1.0,1.0,1.0,1.0,3.0,3.0,3.0,4.0,4.0,4.0,4.0,3.0,4.0,5.0,5.0,5.0,4.0,6.0,7.0,8.0,9.0,10.0,10.0,17.0,27.0,32.0,35.0,37.0,47.0,49.0,58.0,69.0,78.0,84.0,91.0,101.0,124.0,130.0,136.0,139.0,152.0,159.0,169.0,167.0,166.0,168.0,181.0,176.0,174.0,176.0,180.0,177.0,178.0,172.0,163.0,157.0,154.0,152.0,147.0,148.0,139.0,137.0,137.0,135.0,127.0,121.0,117.0,114.0,107.0
0.0,0.0,0.0,0.0,0.0,0.0,0.0,0.0,0.0,0.0,0.0,0.0,0.0,0.0,1.0,1.0,2.0,2.0,2.0,1.0,1.0,1.0,1.0,1.0,1.0,1.0,2.0,2.0,2.0,2.0,3.0,3.0,3.0,3.0,4.0,6.0,7.0,6.0,7.0,6.0,11.0,13.0,15.0,16.0,16.0,18.0,21.0,27.0,33.0,33.0,38.0,38.0,44.0,50.0,60.0,64.0,71.0,86.0,91.0,97.0,96.0,105.0,106.0,107.0,110.0,108.0,109.0,105.0,102.0,100.0,101.0,106.0,109.0,105.0,105.0,107.0,104.0,102.0,102.0,97.0,94.0,94.0,92.0,89.0,90.0,91.0,86.0,80.0,74.0,70.0
0.0,0.0,0.0,0.0,0.0,0.0,0.0,0.0,0.0,0.0,0.0,0.0,0.0,0.0,0.0,0.0,0.0,0.0,0.0,0.0,0.0,0.0,0.0,0.0,0.0,0.0,0.0,0.0,1.0,1.0,2.0,2.0,1.0,2.0,2.0,2.0,1.0,2.0,1.0,3.0,3.0,3.0,4.0,5.0,7.0,9.0,9.0,12.0,16.0,19.0,20.0,27.0,31.0,33.0,40.0,39.0,40.0,44.0,50.0,58.0,59.0,67.0,65.0,69.0,70.0,71.0,74.0,71.0,67.0,67.0,71.0,72.0,73.0,74.0,75.0,75.0,71.0,71.0,70.0,68.0,67.0,68.0,66.0,66.0,67.0,65.0,62.0,58.0,53.0,50.0
0.0,0.0,0.0,0.0,0.0,0.0,0.0,0.0,0.0,0.0,0.0,0.0,0.0,0.0,0.0,0.0,0.0,0.0,0.0,0.0,1.0,1.0,1.0,2.0,2.0,2.0,3.0,3.0,3.0,3.0,4.0,5.0,6.0,7.0,9.0,9.0,8.0,8.0,12.0,13.0,12.0,16.0,19.0,22.0,28.0,34.0,35.0,37.0,38.0,41.0,52.0,62.0,70.0,80.0,95.0,111.0,119.0,130.0,141.0,160.0,173.0,177.0,186.0,195.0,196.0,205.0,207.0,214.0,211.0,210.0,204.0,210.0,211.0,213.0,214.0,212.0,208.0,204.0,196.0,184.0,178.0,170.0,167.0,160.0,154.0,147.0,142.0,136.0,132.0,127.0
0.0,0.0,0.0,0.0,0.0,0.0,0.0,0.0,0.0,0.0,0.0,0.0,0.0,0.0,0.0,0.0,0.0,0.0,0.0,0.0,0.0,0.0,0.0,0.0,0.0,0.0,0.0,0.0,1.0,2.0,5.0,7.0,6.0,6.0,5.0,7.0,7.0,9.0,9.0,11.0,12.0,16.0,16.0,24.0,27.0,34.0,43.0,49.0,54.0,62.0,70.0,77.0,80.0,83.0,95.0,112.0,120.0,134.0,159.0,185.0,199.0,201.0,206.0,202.0,209.0,210.0,211.0,221.0,222.0,216.0,214.0,219.0,211.0,210.0,206.0,206.0,205.0,200.0,199.0,187.0,180.0,175.0,171.0,160.0,152.0,147.0,147.0,143.0,139.0,139.0
0.0,0.0,0.0,0.0,0.0,0.0,0.0,1.0,1.0,1.0,1.0,1.0,1.0,1.0,1.0,1.0,1.0,1.0,1.0,1.0,1.0,1.0,1.0,2.0,2.0,3.0,4.0,4.0,4.0,4.0,5.0,5.0,6.0,6.0,7.0,6.0,7.0,5.0,6.0,8.0,10.0,14.0,16.0,19.0,22.0,23.0,26.0,29.0,32.0,36.0,42.0,44.0,49.0,54.0,60.0,67.0,72.0,86.0,101.0,119.0,123.0,132.0,137.0,144.0,156.0,153.0,155.0,149.0,143.0,141.0,136.0,129.0,122.0,122.0,115.0,114.0,117.0,114.0,109.0,104.0,103.0,100.0,96.0,90.0,90.0,87.0,82.0,78.0,77.0,75.0
0.0,0.0,0.0,0.0,0.0,0.0,0.0,0.0,0.0,0.0,0.0,0.0,0.0,0.0,0.0,0.0,0.0,0.0,0.0,0.0,0.0,0.0,0.0,0.0,1.0,0.0,0.0,0.0,1.0,3.0,5.0,5.0,4.0,8.0,10.0,11.0,11.0,12.0,14.0,16.0,19.0,21.0,23.0,23.0,27.0,30.0,35.0,38.0,48.0,56.0,62.0,70.0,78.0,81.0,96.0,118.0,129.0,148.0,159.0,165.0,175.0,177.0,179.0,171.0,172.0,168.0,172.0,184.0,190.0,190.0,182.0,182.0,176.0,172.0,172.0,171.0,170.0,163.0,159.0,157.0,157.0,154.0,152.0,147.0,144.0,141.0,138.0,134.0,128.0,125.0
0.0,0.0,0.0,0.0,0.0,0.0,0.0,0.0,0.0,0.0,0.0,0.0,0.0,0.0,0.0,0.0,0.0,0.0,0.0,1.0,1.0,1.0,1.0,1.0,1.0,1.0,1.0,1.0,1.0,1.0,2.0,2.0,2.0,2.0,2.0,3.0,4.0,4.0,4.0,4.0,5.0,6.0,6.0,11.0,10.0,11.0,8.0,6.0,6.0,8.0,10.0,10.0,15.0,20.0,23.0,24.0,31.0,31.0,34.0,41.0,40.0,43.0,43.0,44.0,43.0,45.0,45.0,44.0,44.0,45.0,44.0,43.0,38.0,38.0,38.0,41.0,41.0,43.0,43.0,43.0,46.0,47.0,45.0,46.0,46.0,45.0,43.0,42.0,41.0,38.0
0.0,0.0,0.0,0.0,0.0,0.0,1.0,1.0,1.0,1.0,1.0,1.0,1.0,1.0,1.0,1.0,1.0,1.0,1.0,0.0,0.0,0.0,0.0,0.0,1.0,1.0,2.0,4.0,4.0,6.0,8.0,11.0,12.0,11.0,12.0,12.0,12.0,17.0,20.0,23.0,26.0,29.0,34.0,38.0,46.0,49.0,54.0,66.0,80.0,87.0,92.0,100.0,115.0,131.0,144.0,157.0,173.0,188.0,209.0,220.0,255.0,270.0,290.0,301.0,312.0,315.0,311.0,314.0,305.0,303.0,311.0,312.0,304.0,296.0,282.0,269.0,260.0,251.0,250.0,249.0,236.0,229.0,216.0,205.0,200.0,198.0,195.0,190.0,184.0,180.0
0.0,0.0,0.0,0.0,0.0,0.0,0.0,0.0,0.0,1.0,1.0,1.0,1.0,1.0,1.0,1.0,0.0,0.0,0.0,0.0,0.0,0.0,1.0,1.0,1.0,3.0,5.0,7.0,8.0,9.0,7.0,10.0,10.0,11.0,10.0,12.0,14.0,17.0,18.0,18.0,19.0,22.0,22.0,26.0,28.0,31.0,38.0,44.0,55.0,57.0,68.0,77.0,90.0,102.0,108.0,114.0,126.0,133.0,149.0,154.0,172.0,177.0,171.0,179.0,186.0,198.0,203.0,209.0,210.0,208.0,200.0,190.0,187.0,177.0,169.0,172.0,161.0,156.0,150.0,146.0,145.0,142.0,139.0,138.0,131.0,126.0,123.0,122.0,115.0,114.0
0.0,0.0,0.0,0.0,0.0,0.0,0.0,0.0,0.0,0.0,0.0,0.0,0.0,0.0,0.0,1.0,1.0,1.0,1.0,2.0,2.0,1.0,2.0,2.0,3.0,4.0,4.0,3.0,3.0,3.0,4.0,5.0,7.0,8.0,8.0,11.0,15.0,15.0,15.0,15.0,17.0,16.0,20.0,23.0,28.0,32.0,35.0,41.0,44.0,49.0,50.0,57.0,69.0,93.0,105.0,128.0,147.0,158.0,168.0,159.0,175.0,181.0,187.0,192.0,206.0,204.0,209.0,212.0,218.0,215.0,215.0,216.0,217.0,216.0,215.0,209.0,205.0,200.0,194.0,188.0,182.0,179.0,174.0,167.0,163.0,156.0,155.0,145.0,142.0,133.0
0.0,0.0,0.0,0.0,0.0,0.0,0.0,0.0,0.0,0.0,0.0,0.0,0.0,1.0,1.0,2.0,2.0,2.0,2.0,3.0,3.0,4.0,4.0,4.0,3.0,3.0,3.0,2.0,4.0,5.0,6.0,5.0,7.0,11.0,9.0,10.0,10.0,12.0,12.0,15.0,15.0,20.0,22.0,24.0,27.0,31.0,32.0,28.0,27.0,38.0,41.0,53.0,62.0,77.0,86.0,99.0,109.0,124.0,129.0,145.0,155.0,161.0,169.0,174.0,175.0,177.0,175.0,173.0,179.0,171.0,170.0,172.0,168.0,163.0,167.0,164.0,166.0,153.0,153.0,148.0,146.0,140.0,134.0,131.0,129.0,125.0,123.0,121.0,113.0,109.0
0.0,0.0,0.0,0.0,0.0,1.0,1.0,1.0,1.0,1.0,1.0,1.0,1.0,1.0,1.0,1.0,1.0,1.0,0.0,0.0,0.0,0.0,0.0,0.0,1.0,1.0,1.0,1.0,1.0,1.0,1.0,2.0,7.0,7.0,6.0,6.0,6.0,8.0,7.0,7.0,8.0,10.0,12.0,14.0,16.0,19.0,21.0,26.0,29.0,33.0,37.0,40.0,40.0,44.0,46.0,57.0,62.0,69.0,75.0,83.0,92.0,94.0,95.0,105.0,101.0,93.0,97.0,99.0,95.0,93.0,96.0,99.0,97.0,94.0,95.0,94.0,90.0,89.0,88.0,83.0,80.0,74.0,68.0,71.0,67.0,63.0,62.0,61.0,56.0,56.0
0.0,0.0,0.0,0.0,0.0,0.0,0.0,0.0,0.0,0.0,1.0,0.0,0.0,0.0,0.0,0.0,0.0,1.0,1.0,1.0,2.0,2.0,2.0,2.0,3.0,3.0,4.0,4.0,4.0,5.0,5.0,5.0,4.0,4.0,3.0,2.0,2.0,4.0,5.0,8.0,11.0,13.0,19.0,22.0,22.0,26.0,25.0,24.0,30.0,37.0,46.0,65.0,76.0,78.0,89.0,99.0,113.0,123.0,135.0,148.0,152.0,173.0,177.0,187.0,178.0,185.0,187.0,184.0,175.0,173.0,173.0,174.0,171.0,172.0,173.0,173.0,171.0,170.0,168.0,164.0,155.0,151.0,146.0,139.0,136.0,131.0,123.0,119.0,115.0,112.0
0.0,0.0,0.0,0.0,0.0,0.0,0.0,0.0,0.0,0.0,0.0,0.0,0.0,0.0,0.0,0.0,0.0,2.0,2.0,1.0,1.0,1.0,1.0,2.0,2.0,3.0,3.0,3.0,3.0,5.0,5.0,8.0,8.0,11.0,13.0,15.0,17.0,23.0,24.0,28.0,31.0,33.0,43.0,51.0,53.0,67.0,77.0,86.0,102.0,117.0,130.0,146.0,163.0,202.0,227.0,250.0,276.0,304.0,334.0,350.0,366.0,383.0,394.0,397.0,405.0,416.0,424.0,418.0,415.0,407.0,395.0,398.0,401.0,394.0,392.0,377.0,369.0,361.0,350.0,333.0,323.0,303.0,287.0,278.0,272.0,264.0,257.0,241.0,241.0,229.0
0.0,0.0,0.0,0.0,0.0,0.0,0.0,0.0,0.0,0.0,0.0,0.0,0.0,1.0,0.0,0.0,0.0,0.0,0.0,0.0,0.0,0.0,0.0,1.0,0.0,0.0,0.0,1.0,1.0,2.0,2.0,3.0,2.0,2.0,2.0,2.0,2.0,3.0,7.0,11.0,10.0,11.0,13.0,16.0,18.0,19.0,20.0,21.0,23.0,22.0,21.0,25.0,31.0,33.0,36.0,40.0,47.0,53.0,62.0,67.0,71.0,75.0,79.0,78.0,81.0,83.0,84.0,81.0,78.0,78.0,73.0,76.0,72.0,71.0,68.0,64.0,65.0,64.0,62.0,62.0,63.0,60.0,57.0,55.0,51.0,46.0,47.0,48.0,45.0,45.0
0.0,0.0,0.0,0.0,0.0,0.0,0.0,0.0,0.0,0.0,0.0,0.0,0.0,0.0,0.0,0.0,0.0,0.0,0.0,0.0,1.0,1.0,2.0,2.0,2.0,2.0,1.0,1.0,2.0,3.0,3.0,3.0,3.0,2.0,3.0,6.0,6.0,7.0,5.0,9.0,8.0,11.0,16.0,17.0,24.0,26.0,26.0,25.0,31.0,35.0,41.0,45.0,50.0,57.0,68.0,82.0,95.0,95.0,100.0,103.0,111.0,115.0,123.0,124.0,127.0,132.0,134.0,134.0,131.0,134.0,136.0,129.0,131.0,129.0,127.0,128.0,127.0,126.0,122.0,119.0,114.0,114.0,106.0,100.0,94.0,95.0,91.0,89.0,85.0,79.0
0.0,0.0,0.0,0.0,0.0,0.0,0.0,0.0,0.0,0.0,0.0,0.0,0.0,1.0,1.0,0.0,0.0,0.0,0.0,0.0,0.0,1.0,1.0,1.0,1.0,2.0,2.0,2.0,3.0,3.0,4.0,6.0,6.0,6.0,8.0,9.0,8.0,10.0,9.0,10.0,13.0,20.0,23.0,26.0,30.0,31.0,32.0,37.0,37.0,42.0,53.0,61.0,78.0,90.0,100.0,106.0,126.0,138.0,156.0,161.0,168.0,176.0,185.0,192.0,197.0,198.0,203.0,204.0,209.0,206.0,206.0,210.0,209.0,214.0,215.0,206.0,194.0,185.0,176.0,165.0,164.0,161.0,155.0,153.0,148.0,146.0,139.0,135.0,127.0,120.0
0.0,0.0,0.0,0.0,0.0,0.0,0.0,0.0,0.0,0.0,0.0,0.0,0.0,0.0,0.0,0.0,0.0,0.0,0.0,0.0,1.0,1.0,1.0,1.0,2.0,3.0,2.0,3.0,4.0,5.0,5.0,6.0,5.0,7.0,7.0,10.0,10.0,10.0,13.0,15.0,16.0,20.0,25.0,28.0,25.0,29.0,32.0,34.0,39.0,45.0,50.0,59.0,66.0,76.0,82.0,94.0,108.0,121.0,138.0,145.0,148.0,150.0,158.0,167.0,167.0,173.0,176.0,187.0,183.0,174.0,166.0,170.0,172.0,169.0,169.0,162.0,151.0,144.0,149.0,148.0,142.0,137.0,133.0,136.0,130.0,125.0,119.0,114.0,110.0,104.0
0.0,0.0,0.0,0.0,0.0,0.0,0.0,0.0,0.0,0.0,0.0,0.0,0.0,0.0,2.0,2.0,2.0,2.0,2.0,3.0,4.0,5.0,4.0,4.0,5.0,5.0,5.0,6.0,7.0,9.0,10.0,9.0,8.0,7.0,9.0,11.0,11.0,10.0,10.0,9.0,11.0,13.0,19.0,22.0,30.0,31.0,39.0,48.0,52.0,58.0,66.0,75.0,85.0,99.0,114.0,121.0,134.0,153.0,172.0,186.0,199.0,208.0,223.0,229.0,230.0,233.0,236.0,236.0,234.0,225.0,228.0,215.0,211.0,213.0,201.0,194.0,189.0,180.0,175.0,175.0,175.0,175.0,164.0,157.0,154.0,152.0,146.0,145.0,141.0,140.0
0.0,0.0,0.0,0.0,0.0,0.0,0.0,0.0,0.0,0.0,0.0,0.0,0.0,0.0,0.0,0.0,1.0,2.0,2.0,2.0,2.0,2.0,1.0,1.0,1.0,2.0,2.0,2.0,3.0,3.0,2.0,4.0,4.0,4.0,3.0,4.0,5.0,5.0,5.0,6.0,8.0,11.0,12.0,18.0,19.0,17.0,19.0,19.0,23.0,31.0,40.0,38.0,51.0,55.0,66.0,78.0,87.0,98.0,112.0,118.0,120.0,120.0,128.0,126.0,125.0,129.0,132.0,134.0,129.0,134.0,127.0,124.0,122.0,120.0,113.0,110.0,106.0,106.0,108.0,109.0,111.0,108.0,102.0,100.0,98.0,88.0,86.0,87.0,83.0,80.0
0.0,0.0,0.0,0.0,0.0,0.0,0.0,0.0,0.0,0.0,0.0,0.0,0.0,0.0,0.0,0.0,0.0,0.0,1.0,1.0,1.0,2.0,2.0,2.0,3.0,3.0,6.0,5.0,5.0,6.0,6.0,8.0,8.0,8.0,11.0,10.0,17.0,18.0,19.0,20.0,24.0,29.0,35.0,40.0,48.0,55.0,62.0,73.0,81.0,90.0,92.0,101.0,119.0,129.0,136.0,141.0,157.0,173.0,190.0,204.0,209.0,220.0,216.0,219.0,230.0,237.0,239.0,242.0,231.0,231.0,228.0,229.0,224.0,228.0,220.0,217.0,217.0,214.0,213.0,199.0,190.0,181.0,170.0,171.0,167.0,160.0,155.0,149.0,148.0,138.0
0.0,0.0,0.0,0.0,0.0,0.0,0.0,0.0,0.0,0.0,0.0,0.0,0.0,1.0,2.0,2.0,4.0,4.0,3.0,2.0,2.0,3.0,3.0,4.0,5.0,5.0,6.0,7.0,8.0,10.0,12.0,12.0,10.0,8.0,8.0,10.0,10.0,13.0,13.0,16.0,19.0,21.0,23.0,31.0,36.0,48.0,51.0,56.0,58.0,70.0,79.0,91.0,110.0,124.0,140.0,169.0,178.0,193.0,208.0,214.0,230.0,249.0,267.0,279.0,276.0,289.0,293.0,293.0,294.0,304.0,299.0,309.0,308.0,304.0,295.0,289.0,282.0,274.0,257.0,247.0,235.0,227.0,212.0,202.0,193.0,187.0,181.0,173.0,166.0,162.0
0.0,0.0,0.0,0.0,0.0,0.0,0.0,0.0,0.0,0.0,0.0,0.0,0.0,0.0,0.0,0.0,0.0,0.0,0.0,0.0,0.0,0.0,0.0,0.0,0.0,0.0,0.0,0.0,0.0,0.0,0.0,0.0,0.0,0.0,1.0,2.0,2.0,2.0,2.0,2.0,4.0,5.0,4.0,5.0,4.0,5.0,5.0,6.0,10.0,10.0,10.0,12.0,13.0,20.0,23.0,32.0,35.0,36.0,39.0,41.0,45.0,43.0,44.0,46.0,50.0,52.0,51.0,53.0,50.0,51.0,48.0,48.0,47.0,42.0,40.0,40.0,40.0,38.0,36.0,37.0,35.0,36.0,36.0,36.0,35.0,33.0,31.0,28.0,27.0,26.0
0.0,0.0,0.0,0.0,1.0,1.0,1.0,1.0,1.0,0.0,0.0,0.0,0.0,0.0,0.0,0.0,0.0,1.0,1.0,1.0,2.0,2.0,2.0,3.0,4.0,5.0,3.0,4.0,5.0,5.0,5.0,5.0,5.0,6.0,7.0,10.0,10.0,11.0,18.0,21.0,24.0,30.0,35.0,45.0,53.0,59.0,61.0,71.0,80.0,86.0,103.0,119.0,135.0,149.0,165.0,177.0,193.0,211.0,235.0,252.0,258.0,277.0,285.0,282.0,284.0,289.0,291.0,293.0,295.0,285.0,282.0,285.0,281.0,283.0,283.0,278.0,275.0,265.0,260.0,253.0,244.0,235.0,227.0,219.0,210.0,201.0,193.0,186.0,178.0,174.0
0.0,0.0,0.0,0.0,0.0,0.0,0.0,0.0,0.0,0.0,0.0,0.0,0.0,0.0,0.0,0.0,0.0,0.0,0.0,0.0,0.0,0.0,1.0,2.0,5.0,5.0,4.0,5.0,6.0,9.0,10.0,11.0,12.0,13.0,15.0,14.0,17.0,18.0,21.0,27.0,29.0,36.0,34.0,39.0,49.0,60.0,78.0,92.0,98.0,111.0,124.0,138.0,149.0,162.0,180.0,195.0,225.0,243.0,265.0,281.0,304.0,337.0,351.0,370.0,372.0,379.0,379.0,381.0,368.0,366.0,362.0,356.0,339.0,330.0,317.0,313.0,298.0,288.0,279.0,271.0,261.0,253.0,247.0,247.0,236.0,229.0,216.0,205.0,190.0,177.0
0.0,0.0,0.0,0.0,0.0,0.0,0.0,0.0,0.0,0.0,0.0,0.0,0.0,1.0,1.0,1.0,1.0,2.0,2.0,2.0,1.0,1.0,1.0,3.0,3.0,3.0,3.0,4.0,4.0,4.0,6.0,6.0,6.0,10.0,9.0,13.0,12.0,14.0,16.0,17.0,19.0,18.0,19.0,23.0,25.0,28.0,28.0,31.0,28.0,35.0,35.0,40.0,43.0,53.0,58.0,71.0,81.0,91.0,98.0,113.0,118.0,121.0,124.0,133.0,135.0,137.0,135.0,135.0,141.0,139.0,140.0,137.0,139.0,135.0,137.0,135.0,131.0,128.0,123.0,122.0,118.0,117.0,117.0,115.0,109.0,102.0,96.0,93.0,89.0,84.0
0.0,0.0,0.0,0.0,0.0,0.0,0.0,0.0,0.0,0.0,0.0,1.0,1.0,1.0,1.0,1.0,2.0,3.0,3.0,3.0,5.0,5.0,5.0,5.0,5.0,5.0,6.0,6.0,7.0,5.0,5.0,3.0,2.0,3.0,2.0,2.0,2.0,3.0,3.0,2.0,4.0,7.0,8.0,14.0,16.0,20.0,21.0,28.0,34.0,42.0,48.0,53.0,56.0,70.0,83.0,89.0,105.0,117.0,120.0,131.0,144.0,146.0,155.0,157.0,161.0,162.0,171.0,173.0,181.0,181.0,178.0,175.0,170.0,170.0,172.0,168.0,165.0,157.0,152.0,144.0,146.0,141.0,138.0,136.0,130.0,125.0,121.0,118.0,111.0,109.0
0.0,0.0,0.0,0.0,0.0,0.0,0.0,0.0,0.0,0.0,0.0,0.0,0.0,0.0,0.0,0.0,0.0,0.0,0.0,0.0,0.0,0.0,0.0,0.0,0.0,0.0,0.0,0.0,0.0,2.0,3.0,3.0,4.0,5.0,6.0,6.0,8.0,10.0,11.0,10.0,12.0,15.0,18.0,24.0,24.0,23.0,26.0,28.0,35.0,38.0,40.0,44.0,48.0,54.0,54.0,59.0,67.0,73.0,83.0,98.0,107.0,121.0,124.0,131.0,129.0,131.0,138.0,138.0,139.0,143.0,145.0,140.0,131.0,131.0,129.0,119.0,118.0,120.0,116.0,115.0,109.0,104.0,99.0,95.0,91.0,82.0,76.0,69.0,65.0,58.0
0.0,0.0,0.0,0.0,0.0,0.0,0.0,0.0,0.0,0.0,0.0,0.0,0.0,0.0,0.0,0.0,0.0,0.0,0.0,1.0,1.0,1.0,2.0,3.0,4.0,5.0,8.0,9.0,9.0,9.0,11.0,16.0,17.0,19.0,19.0,21.0,21.0,24.0,28.0,30.0,41.0,48.0,51.0,51.0,54.0,67.0,81.0,88.0,94.0,98.0,107.0,127.0,154.0,170.0,186.0,209.0,239.0,253.0,273.0,291.0,311.0,325.0,346.0,359.0,369.0,372.0,371.0,366.0,368.0,371.0,374.0,376.0,367.0,365.0,361.0,346.0,333.0,329.0,322.0,314.0,308.0,302.0,294.0,285.0,273.0,263.0,254.0,251.0,239.0,226.0
0.0,0.0,0.0,0.0,0.0,0.0,0.0,0.0,0.0,0.0,0.0,0.0,0.0,0.0,0.0,1.0,1.0,1.0,1.0,2.0,2.0,2.0,1.0,2.0,3.0,3.0,4.0,4.0,4.0,5.0,7.0,7.0,12.0,16.0,15.0,18.0,23.0,26.0,31.0,34.0,47.0,48.0,55.0,64.0,69.0,82.0,89.0,102.0,106.0,122.0,138.0,152.0,167.0,195.0,227.0,251.0,288.0,302.0,322.0,339.0,353.0,374.0,391.0,397.0,402.0,413.0,423.0,438.0,438.0,429.0,422.0,421.0,418.0,419.0,406.0,409.0,396.0,397.0,388.0,376.0,356.0,348.0,336.0,321.0,310.0,302.0,290.0,276.0,269.0,259.0
0.0,0.0,0.0,0.0,0.0,0.0,0.0,0.0,0.0,0.0,0.0,0.0,0.0,0.0,0.0,0.0,0.0,0.0,0.0,1.0,1.0,3.0,2.0,2.0,2.0,4.0,4.0,3.0,4.0,4.0,5.0,5.0,5.0,6.0,6.0,8.0,10.0,14.0,16.0,16.0,24.0,30.0,34.0,42.0,48.0,56.0,62.0,72.0,82.0,101.0,115.0,133.0,146.0,164.0,181.0,191.0,211.0,233.0,254.0,287.0,307.0,342.0,355.0,367.0,375.0,378.0,385.0,392.0,387.0,386.0,385.0,383.0,373.0,357.0,365.0,349.0,332.0,329.0,319.0,306.0,294.0,280.0,277.0,272.0,265.0,247.0,237.0,227.0,214.0,210.0
0.0,0.0,0.0,0.0,0.0,0.0,0.0,0.0,1.0,1.0,1.0,1.0,1.0,1.0,1.0,1.0,1.0,1.0,0.0,0.0,0.0,0.0,1.0,1.0,1.0,3.0,4.0,3.0,3.0,3.0,3.0,6.0,7.0,7.0,8.0,10.0,10.0,13.0,15.0,17.0,27.0,30.0,32.0,35.0,42.0,48.0,60.0,73.0,81.0,89.0,107.0,124.0,142.0,156.0,178.0,204.0,221.0,247.0,266.0,291.0,308.0,317.0,323.0,334.0,332.0,338.0,337.0,332.0,340.0,342.0,345.0,337.0,343.0,344.0,334.0,328.0,317.0,310.0,309.0,293.0,279.0,273.0,268.0,264.0,253.0,239.0,235.0,221.0,211.0,204.0
0.0,0.0,0.0,0.0,0.0,0.0,0.0,0.0,0.0,0.0,0.0,0.0,1.0,1.0,1.0,1.0,2.0,2.0,2.0,2.0,2.0,2.0,2.0,3.0,5.0,4.0,5.0,4.0,4.0,4.0,5.0,7.0,8.0,8.0,8.0,10.0,9.0,10.0,11.0,11.0,11.0,13.0,18.0,18.0,20.0,20.0,22.0,26.0,26.0,33.0,40.0,46.0,54.0,64.0,72.0,90.0,96.0,107.0,122.0,127.0,131.0,133.0,135.0,141.0,149.0,151.0,151.0,149.0,152.0,148.0,148.0,155.0,141.0,141.0,141.0,136.0,129.0,127.0,123.0,118.0,111.0,102.0,99.0,94.0,94.0,92.0,92.0,87.0,90.0,83.0
0.0,0.0,0.0,0.0,0.0,0.0,0.0,0.0,0.0,0.0,0.0,0.0,0.0,0.0,0.0,0.0,0.0,0.0,0.0,0.0,0.0,0.0,1.0,1.0,1.0,0.0,0.0,0.0,0.0,0.0,0.0,0.0,1.0,1.0,1.0,3.0,5.0,6.0,7.0,9.0,9.0,11.0,12.0,12.0,14.0,15.0,15.0,16.0,18.0,23.0,28.0,30.0,33.0,42.0,43.0,51.0,52.0,57.0,59.0,71.0,75.0,74.0,77.0,84.0,79.0,82.0,84.0,82.0,80.0,80.0,82.0,78.0,74.0,71.0,69.0,76.0,74.0,70.0,69.0,68.0,65.0,63.0,62.0,57.0,56.0,54.0,51.0,48.0,45.0,44.0
0.0,0.0,0.0,0.0,0.0,0.0,0.0,0.0,0.0,0.0,0.0,0.0,0.0,0.0,0.0,0.0,0.0,0.0,0.0,0.0,0.0,1.0,1.0,1.0,2.0,3.0,3.0,4.0,5.0,6.0,7.0,8.0,12.0,15.0,18.0,22.0,23.0,25.0,29.0,31.0,35.0,37.0,45.0,52.0,53.0,62.0,70.0,86.0,95.0,99.0,112.0,146.0,176.0,191.0,217.0,233.0,262.0,301.0,317.0,345.0,360.0,384.0,391.0,401.0,422.0,423.0,429.0,428.0,421.0,426.0,424.0,416.0,417.0,412.0,403.0,398.0,400.0,383.0,380.0,364.0,348.0,331.0,315.0,308.0,301.0,288.0,272.0,264.0,247.0,243.0
0.0,0.0,0.0,0.0,0.0,0.0,0.0,0.0,0.0,0.0,0.0,0.0,0.0,0.0,0.0,0.0,0.0,0.0,0.0,0.0,1.0,1.0,0.0,0.0,1.0,1.0,1.0,1.0,1.0,1.0,1.0,1.0,1.0,2.0,3.0,3.0,5.0,10.0,10.0,15.0,15.0,17.0,16.0,18.0,19.0,24.0,25.0,29.0,30.0,38.0,51.0,59.0,65.0,77.0,87.0,96.0,105.0,111.0,122.0,131.0,142.0,146.0,151.0,158.0,162.0,157.0,164.0,173.0,176.0,175.0,165.0,168.0,171.0,161.0,153.0,154.0,147.0,141.0,140.0,134.0,136.0,134.0,131.0,123.0,120.0,115.0,108.0,105.0,104.0,101.0
0.0,0.0,0.0,0.0,0.0,0.0,0.0,0.0,0.0,0.0,0.0,0.0,0.0,1.0,2.0,3.0,2.0,2.0,3.0,3.0,3.0,2.0,2.0,2.0,2.0,2.0,2.0,2.0,2.0,4.0,4.0,3.0,3.0,3.0,5.0,6.0,9.0,10.0,13.0,12.0,13.0,16.0,18.0,22.0,25.0,28.0,37.0,41.0,48.0,52.0,55.0,62.0,77.0,82.0,95.0,122.0,139.0,150.0,173.0,190.0,199.0,207.0,219.0,219.0,222.0,225.0,220.0,222.0,220.0,221.0,216.0,215.0,209.0,203.0,198.0,192.0,190.0,193.0,186.0,175.0,173.0,171.0,167.0,160.0,154.0,149.0,144.0,140.0,137.0,133.0
0.0,0.0,0.0,0.0,0.0,0.0,0.0,0.0,0.0,0.0,0.0,0.0,0.0,0.0,0.0,0.0,0.0,0.0,0.0,0.0,0.0,0.0,0.0,1.0,1.0,1.0,2.0,2.0,4.0,4.0,6.0,8.0,7.0,6.0,6.0,7.0,7.0,8.0,11.0,13.0,14.0,16.0,24.0,32.0,38.0,48.0,49.0,56.0,65.0,74.0,77.0,87.0,95.0,106.0,123.0,137.0,153.0,163.0,182.0,194.0,197.0,211.0,213.0,233.0,245.0,250.0,262.0,273.0,276.0,276.0,271.0,260.0,249.0,240.0,238.0,239.0,236.0,240.0,235.0,230.0,220.0,207.0,201.0,195.0,190.0,182.0,171.0,163.0,161.0,162.0
