0.0,0.0,0.0,1.0,2.0,3.0,5.0,5.0,7.0,10.0,13.0,13.0,17.0,19.0,26.0,28.0,31.0,38.0,49.0,54.0,63.0,68.0,80.0,95.0,113.0,129.0,151.0,158.0,183.0,207.0,248.0,284.0,331.0,375.0,441.0,511.0,581.0,663.0,731.0,807.0,938.0,1052.0,1171.0,1376.0,1561.0,1812.0,2071.0,2375.0,2659.0,3020.0,3448.0,3946.0,4458.0,5086.0,5723.0,6426.0,7329.0,8249.0,9416.0,10653.0,11900.0,13024.0,13858.0,14427.0,14706.0,14825.0,14740.0,14532.0,14241.0,13960.0,13615.0,13206.0,12764.0,12290.0,11771.0,11301.0,10800.0,10337.0,9837.0,9370.0,8970.0,8534.0,8133.0,7726.0,7336.0,6994.0,6672.0,6313.0,5969.0,5667.0,5372.0,5108.0,4865.0,4624.0,4393.0,4194.0,3988.0
0.0,0.0,1.0,2.0,2.0,3.0,5.0,5.0,6.0,6.0,7.0,6.0,5.0,6.0,6.0,7.0,10.0,10.0,12.0,12.0,13.0,16.0,17.0,19.0,23.0,32.0,42.0,50.0,58.0,60.0,71.0,86.0,103.0,119.0,132.0,145.0,165.0,191.0,205.0,238.0,267.0,304.0,332.0,389.0,450.0,487.0,545.0,618.0,698.0,803.0,903.0,1013.0,1172.0,1306.0,1498.0,1715.0,1994.0,2283.0,2588.0,2930.0,3299.0,3647.0,3920.0,4093.0,4177.0,4188.0,4208.0,4186.0,4138.0,4033.0,3918.0,3796.0,3663.0,3534.0,3369.0,3229.0,3099.0,2952.0,2826.0,2713.0,2590.0,2449.0,2325.0,2189.0,2091.0,1983.0,1886.0,1799.0,1721.0,1624.0,1549.0,1476.0,1394.0,1325.0,1257.0,1206.0,1149.0
0.0,0.0,1.0,1.0,1.0,0.0,2.0,4.0,5.0,7.0,7.0,10.0,11.0,12.0,14.0,17.0,20.0,25.0,25.0,37.0,41.0,44.0,48.0,52.0,54.0,57.0,75.0,83.0,94.0,107.0,114.0,134.0,160.0,173.0,204.0,232.0,266.0,296.0,344.0,390.0,441.0,504.0,563.0,655.0,752.0,854.0,980.0,1135.0,1268.0,1445.0,1671.0,1878.0,2135.0,2467.0,2759.0,3143.0,3571.0,4039.0,4569.0,5119.0,5754.0,6272.0,6744.0,7000.0,7138.0,7167.0,7141.0,7044.0,6960.0,6775.0,6586.0,6389.0,6232.0,6018.0,5788.0,5583.0,5326.0,5106.0,4856.0,4617.0,4385.0,4204.0,3995.0,3792.0,3632.0,3458.0,3270.0,3101.0,2919.0,2772.0,2630.0,2504.0,2379.0,2269.0,2164.0,2063.0,1977.0
0.0,0.0,0.0,1.0,2.0,4.0,6.0,7.0,9.0,9.0,9.0,12.0,14.0,15.0,21.0,24.0,28.0,34.0,36.0,48.0,56.0,58.0,66.0,76.0,85.0,108.0,119.0,137.0,158.0,184.0,206.0,239.0,278.0,328.0,356.0,394.0,449.0,524.0,618.0,705.0,798.0,938.0,1106.0,1246.0,1436.0,1635.0,1882.0,2176.0,2509.0,2837.0,3239.0,3688.0,4202.0,4781.0,5437.0,6120.0,6988.0,7891.0,8966.0,10183.0,11418.0,12515.0,13337.0,13830.0,14138.0,14297.0,14215.0,14049.0,13717.0,13460.0,13112.0,12737.0,12365.0,11978.0,11568.0,11068.0,10610.0,10129.0,9658.0,9190.0,8735.0,8295.0,7908.0,7522.0,7136.0,6776.0,6437.0,6092.0,5778.0,5508.0,5223.0,4945.0,4672.0,4459.0,4247.0,4050.0,3844.0
0.0,0.0,0.0,0.0,3.0,4.0,6.0,7.0,11.0,11.0,11.0,12.0,12.0,17.0,19.0,23.0,28.0,33.0,36.0,44.0,47.0,55.0,68.0,76.0,93.0,106.0,120.0,130.0,151.0,175.0,187.0,208.0,246.0,268.0,305.0,362.0,412.0,478.0,532.0,612.0,716.0,797.0,908.0,1051.0,1209.0,1375.0,1609.0,1800.0,2019.0,2292.0,2585.0,2905.0,3261.0,3762.0,4290.0,4843.0,5531.0,6219.0,7068.0,7956.0,8937.0,9759.0,10392.0,10884.0,11128.0,11111.0,11029.0,10921.0,10785.0,10577.0,10303.0,10030.0,9659.0,9344.0,9016.0,8639.0,8301.0,7924.0,7540.0,7207.0,6878.0,6532.0,6202.0,5860.0,5542.0,5262.0,4998.0,4743.0,4490.0,4253.0,4041.0,3837.0,3649.0,3467.0,3297.0,3135.0,3001.0
0.0,0.0,0.0,1.0,1.0,2.0,5.0,6.0,7.0,7.0,11.0,16.0,17.0,19.0,24.0,24.0,28.0,33.0,33.0,37.0,40.0,46.0,56.0,61.0,71.0,79.0,88.0,93.0,104.0,119.0,125.0,157.0,177.0,197.0,204.0,227.0,247.0,267.0,312.0,361.0,432.0,505.0,564.0,633.0,730.0,841.0,942.0,1071.0,1198.0,1355.0,1565.0,1775.0,2011.0,2306.0,2640.0,3028.0,3450.0,3904.0,4376.0,5006.0,5678.0,6283.0,6706.0,6982.0,7102.0,7141.0,7148.0,7102.0,6988.0,6895.0,6699.0,6483.0,6260.0,6109.0,5918.0,5664.0,5371.0,5141.0,4889.0,4672.0,4413.0,4187.0,3972.0,3771.0,3548.0,3362.0,3210.0,3048.0,2906.0,2778.0,2643.0,2537.0,2413.0,2280.0,2179.0,2106.0,2023.0
0.0,0.0,0.0,2.0,3.0,4.0,5.0,6.0,8.0,10.0,14.0,14.0,19.0,24.0,26.0,31.0,37.0,45.0,52.0,60.0,71.0,84.0,96.0,107.0,126.0,135.0,156.0,180.0,201.0,229.0,257.0,303.0,336.0,388.0,422.0,484.0,559.0,631.0,709.0,793.0,902.0,1036.0,1174.0,1363.0,1533.0,1721.0,1945.0,2209.0,2523.0,2876.0,3238.0,3687.0,4153.0,4643.0,5268.0,5949.0,6737.0,7625.0,8648.0,9796.0,10943.0,11956.0,12718.0,13185.0,13443.0,13610.0,13446.0,13288.0,13129.0,12907.0,12589.0,12176.0,11800.0,11421.0,11015.0,10539.0,10105.0,9696.0,9238.0,8800.0,8365.0,7941.0,7477.0,7076.0,6760.0,6420.0,6122.0,5837.0,5549.0,5266.0,5002.0,4738.0,4531.0,4308.0,4101.0,3915.0,3743.0
0.0,0.0,0.0,0.0,3.0,4.0,5.0,6.0,6.0,7.0,8.0,8.0,6.0,5.0,6.0,7.0,8.0,7.0,6.0,6.0,6.0,6.0,6.0,6.0,6.0,6.0,5.0,5.0,5.0,5.0,5.0,5.0,4.0,4.0,3.0,3.0,2.0,2.0,2.0,1.0,1.0,1.0,1.0,1.0,1.0,1.0,1.0,1.0,1.0,1.0,1.0,1.0,1.0,1.0,1.0,1.0,0.0,0.0,0.0,0.0,0.0,0.0,0.0,0.0,0.0,0.0,0.0,0.0,0.0,0.0,0.0,0.0,0.0,0.0,0.0,0.0,0.0,0.0,0.0,0.0,0.0,0.0,0.0,0.0,0.0,0.0,0.0,0.0,0.0,0.0,0.0,0.0,0.0,0.0,0.0,0.0,0.0
0.0,0.0,0.0,2.0,2.0,2.0,4.0,6.0,8.0,8.0,11.0,12.0,18.0,23.0,28.0,30.0,34.0,42.0,43.0,48.0,56.0,66.0,81.0,87.0,108.0,117.0,136.0,144.0,170.0,193.0,223.0,262.0,306.0,368.0,435.0,488.0,592.0,669.0,751.0,858.0,979.0,1146.0,1284.0,1424.0,1587.0,1828.0,2085.0,2368.0,2704.0,3132.0,3540.0,4083.0,4633.0,5367.0,6115.0,6985.0,7886.0,8921.0,10082.0,11425.0,12878.0,13982.0,14805.0,15417.0,15713.0,15727.0,15652.0,15560.0,15274.0,14950.0,14587.0,14147.0,13692.0,13160.0,12687.0,12121.0,11569.0,11032.0,10535.0,10059.0,9597.0,9115.0,8659.0,8209.0,7792.0,7380.0,6993.0,6621.0,6290.0,5990.0,5689.0,5402.0,5135.0,4879.0,4635.0,4456.0,4245.0
0.0,0.0,0.0,2.0,2.0,5.0,5.0,5.0,7.0,8.0,9.0,10.0,9.0,9.0,12.0,14.0,22.0,21.0,22.0,26.0,33.0,33.0,40.0,46.0,53.0,59.0,60.0,64.0,77.0,83.0,90.0,99.0,116.0,130.0,149.0,177.0,204.0,232.0,263.0,311.0,343.0,389.0,447.0,513.0,570.0,643.0,753.0,860.0,968.0,1099.0,1230.0,1390.0,1568.0,1781.0,2046.0,2343.0,2669.0,3043.0,3517.0,3988.0,4472.0,4919.0,5256.0,5450.0,5499.0,5582.0,5588.0,5587.0,5489.0,5402.0,5311.0,5145.0,4952.0,4729.0,4546.0,4363.0,4190.0,4002.0,3821.0,3658.0,3489.0,3337.0,3172.0,3009.0,2817.0,2675.0,2550.0,2414.0,2290.0,2192.0,2066.0,1958.0,1868.0,1775.0,1706.0,1632.0,1537.0
0.0,0.0,0.0,0.0,1.0,3.0,5.0,7.0,9.0,13.0,10.0,13.0,15.0,17.0,19.0,18.0,19.0,20.0,22.0,26.0,28.0,39.0,45.0,47.0,54.0,60.0,67.0,76.0,80.0,89.0,107.0,124.0,138.0,150.0,175.0,209.0,237.0,286.0,315.0,372.0,415.0,441.0,502.0,589.0,652.0,753.0,866.0,989.0,1098.0,1232.0,1414.0,1631.0,1859.0,2142.0,2437.0,2766.0,3114.0,3518.0,4020.0,4660.0,5285.0,5772.0,6144.0,6396.0,6568.0,6628.0,6619.0,6535.0,6411.0,6331.0,6196.0,6020.0,5863.0,5633.0,5458.0,5179.0,4945.0,4726.0,4527.0,4318.0,4110.0,3940.0,3737.0,3527.0,3353.0,3208.0,3061.0,2890.0,2747.0,2614.0,2500.0,2373.0,2255.0,2148.0,2041.0,1949.0,1846.0
0.0,0.0,0.0,0.0,1.0,2.0,4.0,6.0,6.0,6.0,9.0,8.0,9.0,11.0,11.0,13.0,16.0,18.0,19.0,26.0,30.0,29.0,33.0,37.0,45.0,51.0,68.0,77.0,89.0,105.0,115.0,128.0,143.0,167.0,183.0,205.0,233.0,250.0,293.0,327.0,368.0,420.0,458.0,513.0,570.0,638.0,752.0,841.0,957.0,1072.0,1230.0,1403.0,1643.0,1871.0,2060.0,2359.0,2720.0,3018.0,3472.0,3999.0,4531.0,4949.0,5291.0,5572.0,5661.0,5748.0,5726.0,5680.0,5561.0,5475.0,5336.0,5151.0,4980.0,4805.0,4615.0,4433.0,4235.0,4073.0,3908.0,3740.0,3571.0,3421.0,3264.0,3092.0,2950.0,2800.0,2690.0,2568.0,2429.0,2307.0,2202.0,2113.0,2023.0,1926.0,1820.0,1733.0,1650.0
0.0,0.0,0.0,0.0,3.0,6.0,8.0,9.0,9.0,9.0,10.0,14.0,14.0,18.0,18.0,23.0,23.0,26.0,29.0,34.0,39.0,48.0,49.0,53.0,57.0,63.0,73.0,81.0,96.0,107.0,126.0,149.0,171.0,183.0,208.0,235.0,274.0,320.0,371.0,410.0,473.0,515.0,599.0,676.0,772.0,839.0,934.0,1060.0,1174.0,1342.0,1509.0,1728.0,1944.0,2310.0,2638.0,3014.0,3469.0,3983.0,4545.0,5110.0,5808.0,6399.0,6840.0,7089.0,7287.0,7288.0,7239.0,7161.0,7059.0,6937.0,6798.0,6633.0,6430.0,6213.0,5977.0,5788.0,5509.0,5284.0,5071.0,4842.0,4609.0,4384.0,4192.0,3968.0,3781.0,3582.0,3373.0,3208.0,3032.0,2876.0,2710.0,2593.0,2473.0,2361.0,2236.0,2115.0,2012.0
0.0,0.0,0.0,0.0,1.0,2.0,5.0,7.0,8.0,9.0,7.0,9.0,12.0,15.0,20.0,28.0,30.0,37.0,35.0,39.0,45.0,56.0,67.0,85.0,101.0,117.0,131.0,157.0,179.0,211.0,238.0,291.0,322.0,371.0,432.0,484.0,557.0,649.0,754.0,873.0,993.0,1138.0,1256.0,1398.0,1584.0,1821.0,2045.0,2363.0,2704.0,3102.0,3586.0,4086.0,4660.0,5277.0,5949.0,6737.0,7686.0,8766.0,9871.0,11112.0,12433.0,13626.0,14521.0,15018.0,15296.0,15411.0,15409.0,15202.0,14943.0,14681.0,14219.0,13781.0,13299.0,12831.0,12301.0,11804.0,11232.0,10757.0,10285.0,9774.0,9316.0,8884.0,8409.0,8002.0,7610.0,7223.0,6830.0,6493.0,6164.0,5813.0,5496.0,5218.0,4941.0,4712.0,4488.0,4260.0,4066.0
0.0,0.0,0.0,0.0,2.0,4.0,5.0,7.0,10.0,14.0,15.0,23.0,30.0,42.0,44.0,42.0,56.0,68.0,68.0,76.0,80.0,89.0,94.0,108.0,124.0,140.0,159.0,178.0,207.0,237.0,262.0,295.0,342.0,383.0,437.0,507.0,565.0,624.0,698.0,803.0,885.0,1009.0,1133.0,1265.0,1443.0,1620.0,1850.0,2080.0,2335.0,2667.0,3008.0,3382.0,3847.0,4355.0,4933.0,5571.0,6346.0,7136.0,8109.0,9144.0,10245.0,11216.0,11947.0,12345.0,12573.0,12639.0,12640.0,12492.0,12323.0,12010.0,11703.0,11310.0,10968.0,10570.0,10171.0,9783.0,9363.0,8965.0,8553.0,8168.0,7781.0,7413.0,7025.0,6648.0,6316.0,5975.0,5678.0,5361.0,5081.0,4858.0,4602.0,4371.0,4177.0,3973.0,3782.0,3595.0,3446.0
0.0,0.0,0.0,0.0,2.0,2.0,7.0,10.0,11.0,11.0,10.0,10.0,14.0,18.0,21.0,26.0,32.0,37.0,40.0,42.0,58.0,74.0,84.0,104.0,105.0,123.0,156.0,182.0,208.0,224.0,268.0,301.0,342.0,407.0,454.0,501.0,556.0,630.0,719.0,823.0,930.0,1061.0,1221.0,1408.0,1630.0,1908.0,2164.0,2444.0,2792.0,3181.0,3666.0,4125.0,4729.0,5440.0,6151.0,6945.0,7891.0,8937.0,10198.0,11492.0,12850.0,14142.0,15203.0,15785.0,16069.0,16217.0,16184.0,15993.0,15705.0,15352.0,15024.0,14569.0,14016.0,13466.0,12939.0,12404.0,11840.0,11330.0,10777.0,10306.0,9811.0,9319.0,8852.0,8434.0,7980.0,7601.0,7200.0,6877.0,6482.0,6148.0,5832.0,5553.0,5252.0,4983.0,4722.0,4503.0,4289.0
0.0,0.0,1.0,1.0,3.0,5.0,5.0,6.0,7.0,9.0,12.0,14.0,16.0,21.0,26.0,30.0,30.0,31.0,35.0,37.0,39.0,44.0,48.0,60.0,73.0,83.0,91.0,97.0,112.0,136.0,161.0,183.0,214.0,244.0,282.0,330.0,375.0,418.0,492.0,557.0,635.0,737.0,836.0,945.0,1082.0,1258.0,1421.0,1632.0,1849.0,2106.0,2367.0,2715.0,3074.0,3532.0,4035.0,4640.0,5266.0,5878.0,6642.0,7570.0,8388.0,9195.0,9824.0,10194.0,10366.0,10481.0,10450.0,10349.0,10175.0,9975.0,9707.0,9384.0,9077.0,8740.0,8386.0,8013.0,7694.0,7370.0,7018.0,6695.0,6365.0,6044.0,5766.0,5491.0,5250.0,4983.0,4753.0,4519.0,4276.0,4049.0,3850.0,3668.0,3504.0,3320.0,3169.0,3011.0,2843.0
0.0,0.0,0.0,1.0,1.0,2.0,6.0,6.0,7.0,8.0,8.0,8.0,6.0,7.0,7.0,9.0,11.0,11.0,8.0,8.0,10.0,11.0,13.0,16.0,17.0,20.0,26.0,30.0,33.0,42.0,45.0,55.0,62.0,74.0,87.0,110.0,124.0,136.0,151.0,166.0,182.0,207.0,239.0,277.0,300.0,352.0,420.0,494.0,568.0,648.0,742.0,816.0,941.0,1083.0,1220.0,1368.0,1570.0,1796.0,2072.0,2388.0,2702.0,3013.0,3177.0,3308.0,3396.0,3458.0,3453.0,3451.0,3382.0,3319.0,3245.0,3189.0,3086.0,2980.0,2893.0,2747.0,2630.0,2548.0,2447.0,2319.0,2190.0,2083.0,1972.0,1877.0,1797.0,1711.0,1633.0,1546.0,1468.0,1396.0,1326.0,1267.0,1180.0,1131.0,1066.0,1010.0,965.0
0.0,0.0,0.0,0.0,1.0,2.0,5.0,7.0,9.0,12.0,12.0,15.0,15.0,16.0,19.0,22.0,30.0,35.0,36.0,42.0,56.0,68.0,66.0,72.0,85.0,96.0,117.0,142.0,151.0,166.0,182.0,204.0,225.0,239.0,274.0,303.0,348.0,395.0,447.0,507.0,585.0,664.0,734.0,830.0,960.0,1090.0,1236.0,1405.0,1606.0,1830.0,2116.0,2416.0,2809.0,3197.0,3624.0,4166.0,4727.0,5367.0,6065.0,6878.0,7773.0,8511.0,9073.0,9435.0,9629.0,9686.0,9740.0,9591.0,9456.0,9253.0,9030.0,8821.0,8551.0,8293.0,8022.0,7723.0,7389.0,7055.0,6713.0,6421.0,6099.0,5807.0,5570.0,5307.0,5004.0,4763.0,4551.0,4326.0,4083.0,3877.0,3680.0,3489.0,3307.0,3157.0,3022.0,2881.0,2724.0
0.0,0.0,1.0,1.0,2.0,4.0,6.0,7.0,8.0,8.0,9.0,9.0,10.0,13.0,17.0,18.0,19.0,23.0,29.0,35.0,39.0,37.0,45.0,47.0,54.0,61.0,65.0,80.0,87.0,96.0,103.0,116.0,132.0,147.0,170.0,215.0,245.0,285.0,318.0,375.0,430.0,494.0,552.0,626.0,709.0,819.0,924.0,1058.0,1196.0,1364.0,1551.0,1777.0,2044.0,2318.0,2623.0,2981.0,3383.0,3900.0,4462.0,5092.0,5742.0,6287.0,6743.0,7034.0,7193.0,7256.0,7199.0,7125.0,7008.0,6901.0,6725.0,6533.0,6346.0,6084.0,5838.0,5632.0,5387.0,5102.0,4863.0,4646.0,4388.0,4117.0,3904.0,3699.0,3529.0,3329.0,3154.0,3004.0,2847.0,2699.0,2556.0,2421.0,2304.0,2192.0,2074.0,1966.0,1882.0
0.0,1.0,1.0,1.0,5.0,7.0,9.0,9.0,12.0,15.0,17.0,17.0,20.0,23.0,25.0,24.0,26.0,29.0,31.0,38.0,40.0,47.0,53.0,56.0,65.0,73.0,87.0,96.0,109.0,123.0,140.0,160.0,181.0,216.0,248.0,289.0,324.0,363.0,400.0,472.0,516.0,589.0,682.0,804.0,910.0,1035.0,1166.0,1368.0,1555.0,1765.0,1978.0,2254.0,2510.0,2803.0,3201.0,3682.0,4167.0,4747.0,5405.0,6069.0,6836.0,7560.0,8059.0,8371.0,8524.0,8524.0,8571.0,8489.0,8392.0,8211.0,7967.0,7729.0,7479.0,7184.0,6904.0,6610.0,6323.0,5995.0,5736.0,5464.0,5212.0,4957.0,4733.0,4546.0,4343.0,4129.0,3919.0,3741.0,3536.0,3353.0,3185.0,3031.0,2885.0,2720.0,2582.0,2468.0,2354.0
0.0,0.0,0.0,1.0,2.0,6.0,6.0,8.0,9.0,10.0,11.0,11.0,14.0,17.0,24.0,25.0,31.0,37.0,42.0,47.0,56.0,59.0,71.0,79.0,87.0,98.0,105.0,118.0,136.0,152.0,173.0,200.0,234.0,276.0,310.0,355.0,391.0,461.0,539.0,623.0,715.0,789.0,920.0,1056.0,1207.0,1365.0,1558.0,1761.0,1965.0,2244.0,2578.0,2985.0,3367.0,3812.0,4308.0,4861.0,5499.0,6225.0,7033.0,7906.0,8886.0,9762.0,10362.0,10879.0,11112.0,11066.0,11073.0,11004.0,10861.0,10661.0,10392.0,10079.0,9736.0,9356.0,9013.0,8620.0,8268.0,7895.0,7546.0,7195.0,6888.0,6544.0,6240.0,5911.0,5611.0,5349.0,5088.0,4830.0,4588.0,4330.0,4095.0,3903.0,3672.0,3490.0,3336.0,3166.0,3005.0
0.0,0.0,0.0,0.0,2.0,3.0,5.0,4.0,5.0,7.0,7.0,8.0,10.0,10.0,8.0,8.0,8.0,12.0,18.0,21.0,26.0,26.0,26.0,32.0,41.0,45.0,58.0,72.0,81.0,84.0,99.0,109.0,122.0,139.0,161.0,177.0,208.0,230.0,244.0,278.0,300.0,337.0,379.0,415.0,465.0,538.0,638.0,728.0,834.0,930.0,1088.0,1232.0,1402.0,1567.0,1778.0,2009.0,2269.0,2574.0,2877.0,3311.0,3776.0,4178.0,4489.0,4644.0,4730.0,4761.0,4784.0,4734.0,4660.0,4589.0,4493.0,4380.0,4241.0,4092.0,3950.0,3771.0,3626.0,3465.0,3305.0,3140.0,2990.0,2838.0,2688.0,2558.0,2434.0,2294.0,2167.0,2053.0,1966.0,1852.0,1767.0,1677.0,1599.0,1525.0,1440.0,1378.0,1307.0
0.0,0.0,0.0,1.0,3.0,4.0,4.0,5.0,7.0,9.0,9.0,10.0,11.0,14.0,13.0,15.0,14.0,17.0,17.0,20.0,25.0,29.0,33.0,32.0,37.0,40.0,45.0,50.0,48.0,54.0,65.0,71.0,79.0,89.0,94.0,108.0,117.0,132.0,141.0,175.0,206.0,232.0,262.0,292.0,322.0,361.0,417.0,465.0,532.0,601.0,669.0,751.0,866.0,1050.0,1196.0,1353.0,1558.0,1796.0,2041.0,2290.0,2577.0,2812.0,3018.0,3191.0,3257.0,3272.0,3277.0,3244.0,3198.0,3142.0,3057.0,2976.0,2888.0,2791.0,2673.0,2554.0,2431.0,2332.0,2233.0,2131.0,2039.0,1915.0,1807.0,1713.0,1650.0,1553.0,1479.0,1391.0,1327.0,1258.0,1199.0,1151.0,1095.0,1029.0,982.0,936.0,883.0
0.0,0.0,0.0,0.0,3.0,4.0,6.0,8.0,11.0,14.0,16.0,18.0,18.0,19.0,18.0,25.0,25.0,26.0,28.0,29.0,36.0,36.0,37.0,48.0,52.0,57.0,59.0,63.0,74.0,82.0,99.0,104.0,119.0,134.0,147.0,161.0,172.0,194.0,210.0,232.0,263.0,304.0,325.0,363.0,392.0,420.0,482.0,575.0,647.0,739.0,806.0,939.0,1080.0,1211.0,1392.0,1564.0,1803.0,2017.0,2300.0,2576.0,2915.0,3196.0,3351.0,3500.0,3606.0,3630.0,3613.0,3564.0,3528.0,3479.0,3416.0,3307.0,3190.0,3115.0,3003.0,2894.0,2746.0,2629.0,2536.0,2419.0,2308.0,2170.0,2063.0,1961.0,1856.0,1778.0,1676.0,1594.0,1524.0,1447.0,1388.0,1315.0,1250.0,1177.0,1129.0,1087.0,1035.0
0.0,0.0,0.0,0.0,2.0,4.0,5.0,7.0,7.0,7.0,9.0,10.0,12.0,13.0,14.0,15.0,14.0,17.0,18.0,17.0,16.0,18.0,21.0,28.0,33.0,32.0,33.0,38.0,45.0,48.0,57.0,61.0,73.0,81.0,95.0,107.0,131.0,154.0,167.0,181.0,197.0,223.0,242.0,280.0,311.0,358.0,415.0,474.0,540.0,611.0,683.0,781.0,871.0,969.0,1107.0,1268.0,1472.0,1646.0,1863.0,2124.0,2441.0,2658.0,2832.0,2998.0,3080.0,3088.0,3102.0,3063.0,3017.0,2985.0,2910.0,2798.0,2700.0,2623.0,2520.0,2411.0,2291.0,2206.0,2106.0,2014.0,1937.0,1862.0,1760.0,1679.0,1588.0,1501.0,1432.0,1371.0,1300.0,1232.0,1181.0,1122.0,1070.0,1018.0,962.0,910.0,872.0
0.0,0.0,0.0,1.0,2.0,3.0,4.0,5.0,4.0,6.0,8.0,7.0,8.0,8.0,9.0,9.0,14.0,15.0,19.0,20.0,26.0,24.0,28.0,34.0,41.0,46.0,56.0,66.0,73.0,82.0,89.0,89.0,97.0,112.0,136.0,150.0,184.0,216.0,249.0,301.0,351.0,403.0,452.0,510.0,594.0,667.0,761.0,873.0,992.0,1119.0,1254.0,1432.0,1643.0,1839.0,2113.0,2398.0,2715.0,3102.0,3531.0,3966.0,4445.0,4946.0,5253.0,5456.0,5523.0,5579.0,5578.0,5552.0,5461.0,5378.0,5246.0,5094.0,4929.0,4729.0,4489.0,4264.0,4074.0,3895.0,3721.0,3569.0,3387.0,3225.0,3063.0,2909.0,2780.0,2649.0,2505.0,2368.0,2270.0,2156.0,2023.0,1930.0,1825.0,1725.0,1637.0,1548.0,1463.0
0.0,0.0,1.0,1.0,1.0,3.0,5.0,5.0,9.0,9.0,11.0,12.0,15.0,17.0,20.0,21.0,23.0,27.0,36.0,41.0,43.0,48.0,52.0,64.0,70.0,83.0,93.0,102.0,105.0,118.0,135.0,157.0,181.0,201.0,224.0,263.0,301.0,349.0,399.0,452.0,512.0,618.0,704.0,801.0,916.0,1037.0,1173.0,1365.0,1555.0,1747.0,2020.0,2284.0,2601.0,3038.0,3441.0,3855.0,4406.0,4979.0,5624.0,6428.0,7246.0,7896.0,8388.0,8750.0,9004.0,9080.0,8977.0,8890.0,8774.0,8556.0,8378.0,8113.0,7833.0,7613.0,7327.0,6992.0,6716.0,6447.0,6142.0,5871.0,5589.0,5272.0,5029.0,4762.0,4535.0,4332.0,4094.0,3875.0,3650.0,3438.0,3257.0,3091.0,2934.0,2812.0,2682.0,2551.0,2436.0
0.0,0.0,1.0,1.0,2.0,3.0,4.0,5.0,7.0,8.0,9.0,12.0,15.0,17.0,18.0,20.0,22.0,24.0,28.0,33.0,33.0,37.0,48.0,51.0,55.0,62.0,70.0,88.0,99.0,117.0,132.0,140.0,160.0,189.0,221.0,249.0,292.0,341.0,379.0,416.0,471.0,547.0,609.0,690.0,764.0,851.0,979.0,1121.0,1285.0,1436.0,1615.0,1830.0,2073.0,2349.0,2681.0,3076.0,3508.0,4025.0,4551.0,5168.0,5768.0,6327.0,6798.0,7112.0,7273.0,7324.0,7286.0,7231.0,7113.0,6992.0,6816.0,6593.0,6420.0,6203.0,5957.0,5743.0,5461.0,5218.0,4961.0,4728.0,4518.0,4302.0,4060.0,3842.0,3636.0,3444.0,3282.0,3150.0,3001.0,2848.0,2715.0,2578.0,2453.0,2345.0,2232.0,2125.0,2023.0
0.0,0.0,0.0,3.0,3.0,4.0,4.0,7.0,9.0,10.0,13.0,14.0,13.0,15.0,17.0,19.0,18.0,20.0,26.0,27.0,33.0,40.0,48.0,51.0,59.0,67.0,74.0,82.0,91.0,100.0,114.0,131.0,150.0,169.0,185.0,213.0,223.0,253.0,288.0,327.0,353.0,397.0,454.0,523.0,598.0,677.0,769.0,875.0,1011.0,1169.0,1316.0,1482.0,1670.0,1908.0,2188.0,2467.0,2811.0,3199.0,3602.0,4067.0,4570.0,5013.0,5413.0,5645.0,5775.0,5828.0,5859.0,5863.0,5767.0,5707.0,5554.0,5438.0,5248.0,5085.0,4875.0,4673.0,4454.0,4299.0,4112.0,3925.0,3719.0,3551.0,3391.0,3196.0,3029.0,2904.0,2777.0,2635.0,2510.0,2378.0,2249.0,2133.0,2033.0,1943.0,1849.0,1773.0,1695.0
0.0,0.0,1.0,1.0,3.0,5.0,7.0,10.0,12.0,12.0,12.0,13.0,19.0,20.0,25.0,29.0,31.0,39.0,47.0,56.0,66.0,75.0,94.0,114.0,126.0,137.0,153.0,178.0,199.0,227.0,252.0,269.0,300.0,355.0,399.0,473.0,547.0,604.0,678.0,781.0,877.0,1002.0,1135.0,1283.0,1464.0,1646.0,1903.0,2166.0,2484.0,2799.0,3161.0,3590.0,4052.0,4572.0,5225.0,5934.0,6764.0,7680.0,8716.0,9847.0,11053.0,12098.0,12827.0,13363.0,13655.0,13732.0,13706.0,13519.0,13311.0,13043.0,12753.0,12370.0,12008.0,11580.0,11095.0,10670.0,10235.0,9794.0,9387.0,8946.0,8511.0,8089.0,7654.0,7241.0,6899.0,6575.0,6280.0,5966.0,5688.0,5401.0,5168.0,4914.0,4678.0,4438.0,4206.0,4013.0,3802.0
0.0,0.0,0.0,1.0,3.0,3.0,4.0,6.0,5.0,4.0,6.0,11.0,11.0,11.0,12.0,13.0,15.0,17.0,15.0,19.0,22.0,26.0,31.0,37.0,45.0,51.0,59.0,68.0,79.0,87.0,100.0,105.0,121.0,136.0,149.0,181.0,208.0,240.0,270.0,318.0,370.0,433.0,477.0,541.0,624.0,702.0,800.0,895.0,990.0,1099.0,1275.0,1464.0,1640.0,1866.0,2163.0,2423.0,2748.0,3147.0,3569.0,4085.0,4619.0,5043.0,5397.0,5632.0,5724.0,5755.0,5794.0,5700.0,5566.0,5463.0,5350.0,5191.0,5038.0,4884.0,4664.0,4506.0,4328.0,4121.0,3939.0,3768.0,3573.0,3391.0,3230.0,3079.0,2937.0,2797.0,2657.0,2503.0,2392.0,2259.0,2165.0,2066.0,1973.0,1877.0,1795.0,1691.0,1588.0
0.0,0.0,1.0,2.0,3.0,4.0,4.0,4.0,4.0,4.0,7.0,6.0,6.0,8.0,9.0,10.0,12.0,19.0,18.0,22.0,26.0,32.0,30.0,33.0,39.0,43.0,49.0,56.0,64.0,70.0,78.0,91.0,107.0,113.0,121.0,142.0,150.0,169.0,190.0,226.0,252.0,287.0,330.0,385.0,435.0,486.0,562.0,630.0,729.0,811.0,924.0,1072.0,1246.0,1409.0,1605.0,1816.0,2077.0,2408.0,2741.0,3061.0,3460.0,3834.0,4098.0,4287.0,4375.0,4414.0,4365.0,4305.0,4269.0,4178.0,4055.0,3925.0,3806.0,3680.0,3563.0,3428.0,3301.0,3169.0,3009.0,2858.0,2741.0,2617.0,2493.0,2347.0,2208.0,2090.0,1995.0,1905.0,1804.0,1708.0,1621.0,1552.0,1450.0,1391.0,1323.0,1261.0,1196.0
0.0,0.0,0.0,1.0,3.0,4.0,4.0,5.0,7.0,8.0,8.0,9.0,11.0,12.0,13.0,15.0,20.0,23.0,31.0,39.0,44.0,45.0,53.0,51.0,52.0,54.0,69.0,78.0,88.0,107.0,125.0,135.0,162.0,183.0,197.0,217.0,269.0,292.0,318.0,359.0,398.0,474.0,539.0,602.0,683.0,794.0,914.0,1045.0,1195.0,1336.0,1487.0,1640.0,1853.0,2070.0,2389.0,2699.0,3089.0,3470.0,3938.0,4421.0,4973.0,5474.0,5808.0,6018.0,6110.0,6178.0,6172.0,6076.0,6016.0,5853.0,5744.0,5576.0,5420.0,5224.0,5035.0,4817.0,4642.0,4458.0,4230.0,4064.0,3905.0,3721.0,3533.0,3367.0,3170.0,3016.0,2871.0,2716.0,2599.0,2464.0,2348.0,2237.0,2109.0,2012.0,1919.0,1829.0,1741.0
0.0,0.0,0.0,2.0,3.0,4.0,2.0,2.0,2.0,2.0,1.0,1.0,2.0,2.0,4.0,8.0,12.0,13.0,22.0,24.0,30.0,37.0,49.0,56.0,64.0,79.0,101.0,107.0,125.0,142.0,169.0,188.0,228.0,270.0,308.0,347.0,393.0,456.0,512.0,567.0,652.0,737.0,846.0,973.0,1081.0,1241.0,1422.0,1665.0,1897.0,2179.0,2531.0,2844.0,3264.0,3748.0,4223.0,4780.0,5455.0,6185.0,6989.0,7879.0,8861.0,9729.0,10305.0,10697.0,10918.0,10968.0,10949.0,10859.0,10701.0,10463.0,10181.0,9921.0,9583.0,9211.0,8835.0,8499.0,8146.0,7770.0,7394.0,7025.0,6665.0,6345.0,6038.0,5756.0,5438.0,5158.0,4929.0,4655.0,4431.0,4227.0,4007.0,3809.0,3636.0,3471.0,3295.0,3140.0,2996.0
0.0,0.0,0.0,2.0,3.0,5.0,7.0,9.0,14.0,14.0,16.0,23.0,30.0,48.0,46.0,59.0,64.0,73.0,82.0,91.0,102.0,107.0,127.0,149.0,169.0,193.0,221.0,261.0,288.0,333.0,376.0,448.0,516.0,586.0,642.0,729.0,845.0,947.0,1063.0,1224.0,1418.0,1613.0,1830.0,2094.0,2445.0,2773.0,3129.0,3589.0,4016.0,4629.0,5209.0,5935.0,6729.0,7658.0,8617.0,9688.0,10940.0,12391.0,13998.0,15745.0,17568.0,19005.0,20176.0,20902.0,21194.0,21282.0,21097.0,20846.0,20415.0,19929.0,19332.0,18689.0,18049.0,17409.0,16789.0,16059.0,15331.0,14563.0,13889.0,13249.0,12607.0,11989.0,11407.0,10864.0,10296.0,9805.0,9323.0,8887.0,8416.0,7996.0,7603.0,7240.0,6868.0,6526.0,6191.0,5941.0,5647.0
0.0,0.0,0.0,1.0,1.0,3.0,5.0,4.0,6.0,6.0,7.0,10.0,12.0,13.0,12.0,14.0,17.0,18.0,17.0,26.0,32.0,38.0,51.0,60.0,68.0,75.0,95.0,109.0,118.0,131.0,157.0,175.0,197.0,211.0,228.0,260.0,302.0,341.0,384.0,433.0,488.0,553.0,638.0,737.0,827.0,932.0,1069.0,1191.0,1379.0,1551.0,1798.0,2070.0,2366.0,2687.0,3069.0,3505.0,3972.0,4505.0,5171.0,5846.0,6555.0,7225.0,7773.0,8152.0,8308.0,8396.0,8327.0,8221.0,8062.0,8007.0,7810.0,7561.0,7286.0,7018.0,6724.0,6491.0,6234.0,5942.0,5713.0,5457.0,5227.0,4973.0,4712.0,4521.0,4298.0,4081.0,3838.0,3645.0,3463.0,3300.0,3139.0,2990.0,2840.0,2698.0,2564.0,2431.0,2336.0
0.0,0.0,0.0,1.0,4.0,3.0,5.0,6.0,6.0,6.0,9.0,8.0,11.0,13.0,16.0,16.0,15.0,17.0,21.0,23.0,26.0,29.0,35.0,39.0,49.0,51.0,50.0,57.0,64.0,70.0,74.0,80.0,92.0,102.0,110.0,134.0,145.0,169.0,190.0,218.0,247.0,278.0,321.0,368.0,413.0,491.0,552.0,649.0,748.0,839.0,958.0,1104.0,1272.0,1436.0,1635.0,1829.0,2110.0,2407.0,2763.0,3152.0,3533.0,3906.0,4132.0,4290.0,4453.0,4501.0,4503.0,4490.0,4433.0,4293.0,4158.0,4010.0,3882.0,3762.0,3619.0,3476.0,3339.0,3203.0,3057.0,2924.0,2780.0,2637.0,2498.0,2375.0,2268.0,2152.0,2043.0,1947.0,1857.0,1758.0,1668.0,1602.0,1523.0,1455.0,1397.0,1330.0,1257.0
0.0,0.0,1.0,1.0,1.0,4.0,4.0,5.0,5.0,9.0,10.0,11.0,17.0,25.0,29.0,33.0,40.0,46.0,57.0,77.0,95.0,111.0,121.0,142.0,172.0,220.0,263.0,297.0,353.0,410.0,465.0,522.0,621.0,714.0,810.0,939.0,1071.0,1212.0,1395.0,1583.0,1831.0,2053.0,2327.0,2588.0,2917.0,3342.0,3859.0,4380.0,4899.0,5610.0,6389.0,7343.0,8326.0,9458.0,10649.0,12075.0,13617.0,15192.0,17051.0,19015.0,21215.0,23001.0,24354.0,25191.0,25669.0,25754.0,25470.0,25179.0,24693.0,24091.0,23317.0,22528.0,21781.0,20955.0,20066.0,19224.0,18349.0,17544.0,16706.0,15925.0,15107.0,14358.0,13603.0,12953.0,12303.0,11706.0,11122.0,10536.0,10007.0,9500.0,9026.0,8596.0,8158.0,7759.0,7387.0,7052.0,6718.0
0.0,0.0,0.0,1.0,3.0,4.0,7.0,8.0,8.0,12.0,15.0,16.0,17.0,21.0,31.0,37.0,48.0,59.0,71.0,85.0,96.0,113.0,132.0,148.0,173.0,209.0,247.0,289.0,339.0,398.0,449.0,503.0,579.0,683.0,769.0,887.0,989.0,1124.0,1284.0,1496.0,1721.0,1973.0,2226.0,2554.0,2880.0,3323.0,3773.0,4263.0,4854.0,5494.0,6227.0,7112.0,8036.0,9118.0,10297.0,11663.0,13268.0,14860.0,16679.0,18888.0,20831.0,22584.0,23805.0,24727.0,25123.0,25199.0,25104.0,24804.0,24281.0,23663.0,22960.0,22155.0,21370.0,20543.0,19684.0,18881.0,17997.0,17171.0,16422.0,15637.0,14880.0,14139.0,13329.0,12670.0,12011.0,11386.0,10841.0,10284.0,9779.0,9278.0,8842.0,8397.0,8005.0,7609.0,7221.0,6875.0,6552.0
0.0,0.0,0.0,3.0,5.0,6.0,5.0,5.0,7.0,10.0,10.0,13.0,13.0,14.0,14.0,15.0,15.0,16.0,18.0,17.0,19.0,21.0,19.0,18.0,24.0,30.0,33.0,33.0,35.0,36.0,40.0,48.0,59.0,73.0,85.0,98.0,115.0,134.0,157.0,181.0,219.0,258.0,292.0,331.0,390.0,449.0,512.0,585.0,648.0,747.0,839.0,922.0,1065.0,1196.0,1346.0,1523.0,1730.0,1955.0,2205.0,2486.0,2813.0,3073.0,3271.0,3439.0,3506.0,3547.0,3593.0,3566.0,3540.0,3486.0,3399.0,3310.0,3213.0,3088.0,2977.0,2844.0,2733.0,2603.0,2470.0,2331.0,2224.0,2104.0,2002.0,1895.0,1812.0,1724.0,1655.0,1586.0,1512.0,1453.0,1364.0,1284.0,1227.0,1162.0,1094.0,1041.0,979.0
0.0,0.0,0.0,2.0,4.0,3.0,4.0,4.0,8.0,7.0,6.0,6.0,6.0,8.0,8.0,9.0,13.0,17.0,18.0,21.0,22.0,24.0,29.0,37.0,49.0,54.0,56.0,63.0,71.0,76.0,80.0,95.0,121.0,129.0,141.0,162.0,195.0,224.0,253.0,275.0,321.0,352.0,411.0,463.0,517.0,589.0,670.0,757.0,842.0,921.0,1054.0,1206.0,1361.0,1542.0,1764.0,2030.0,2312.0,2633.0,3013.0,3404.0,3861.0,4280.0,4588.0,4808.0,4904.0,4902.0,4924.0,4879.0,4782.0,4743.0,4611.0,4470.0,4328.0,4191.0,4022.0,3849.0,3686.0,3540.0,3391.0,3227.0,3047.0,2915.0,2774.0,2638.0,2525.0,2403.0,2267.0,2162.0,2057.0,1951.0,1840.0,1760.0,1671.0,1586.0,1511.0,1437.0,1392.0
0.0,0.0,0.0,1.0,1.0,2.0,2.0,5.0,3.0,4.0,4.0,3.0,3.0,4.0,4.0,5.0,5.0,8.0,10.0,12.0,13.0,13.0,16.0,19.0,26.0,25.0,26.0,29.0,38.0,42.0,48.0,55.0,67.0,79.0,92.0,120.0,146.0,170.0,180.0,203.0,236.0,266.0,303.0,367.0,420.0,497.0,554.0,625.0,688.0,773.0,864.0,952.0,1064.0,1218.0,1378.0,1547.0,1751.0,2011.0,2301.0,2613.0,2966.0,3245.0,3457.0,3611.0,3685.0,3750.0,3733.0,3699.0,3638.0,3548.0,3476.0,3364.0,3287.0,3188.0,3062.0,2964.0,2842.0,2726.0,2606.0,2501.0,2379.0,2289.0,2187.0,2068.0,1968.0,1855.0,1765.0,1672.0,1577.0,1501.0,1418.0,1353.0,1268.0,1203.0,1155.0,1105.0,1062.0
0.0,0.0,0.0,2.0,3.0,3.0,5.0,6.0,6.0,8.0,9.0,11.0,13.0,14.0,21.0,21.0,19.0,28.0,28.0,30.0,34.0,38.0,45.0,53.0,61.0,67.0,79.0,90.0,99.0,131.0,157.0,179.0,196.0,211.0,248.0,269.0,328.0,379.0,443.0,505.0,565.0,657.0,781.0,900.0,1032.0,1187.0,1377.0,1626.0,1830.0,2074.0,2380.0,2717.0,3072.0,3529.0,4040.0,4577.0,5232.0,5973.0,6762.0,7631.0,8562.0,9474.0,10020.0,10400.0,10660.0,10747.0,10780.0,10691.0,10550.0,10343.0,10095.0,9815.0,9504.0,9163.0,8816.0,8496.0,8126.0,7689.0,7344.0,6993.0,6649.0,6320.0,5978.0,5693.0,5423.0,5178.0,4928.0,4682.0,4461.0,4238.0,4010.0,3810.0,3626.0,3443.0,3273.0,3104.0,2960.0
0.0,0.0,0.0,0.0,2.0,5.0,9.0,13.0,13.0,15.0,14.0,15.0,16.0,18.0,22.0,34.0,36.0,43.0,51.0,53.0,60.0,73.0,80.0,97.0,115.0,127.0,139.0,152.0,183.0,208.0,243.0,284.0,315.0,358.0,400.0,457.0,519.0,585.0,646.0,733.0,814.0,928.0,1030.0,1159.0,1308.0,1486.0,1686.0,1930.0,2209.0,2503.0,2836.0,3249.0,3707.0,4215.0,4805.0,5511.0,6264.0,7124.0,8065.0,9165.0,10295.0,11277.0,12027.0,12486.0,12797.0,12858.0,12800.0,12663.0,12522.0,12195.0,11903.0,11541.0,11194.0,10845.0,10363.0,9965.0,9529.0,9067.0,8656.0,8239.0,7842.0,7468.0,7091.0,6755.0,6395.0,6050.0,5738.0,5427.0,5154.0,4874.0,4626.0,4374.0,4161.0,3966.0,3760.0,3590.0,3423.0
0.0,0.0,0.0,0.0,2.0,3.0,2.0,4.0,3.0,3.0,4.0,6.0,4.0,5.0,5.0,4.0,5.0,7.0,8.0,8.0,6.0,8.0,12.0,14.0,16.0,23.0,34.0,40.0,43.0,53.0,66.0,78.0,85.0,100.0,108.0,120.0,140.0,165.0,179.0,208.0,236.0,264.0,305.0,349.0,411.0,472.0,521.0,588.0,681.0,758.0,869.0,993.0,1138.0,1277.0,1446.0,1610.0,1831.0,2064.0,2350.0,2681.0,3021.0,3328.0,3599.0,3764.0,3847.0,3899.0,3872.0,3808.0,3766.0,3676.0,3587.0,3465.0,3363.0,3248.0,3137.0,3026.0,2925.0,2821.0,2686.0,2585.0,2452.0,2308.0,2193.0,2077.0,1951.0,1850.0,1737.0,1653.0,1565.0,1506.0,1436.0,1361.0,1315.0,1257.0,1191.0,1137.0,1084.0
0.0,0.0,0.0,2.0,3.0,5.0,7.0,8.0,6.0,10.0,12.0,17.0,17.0,24.0,28.0,33.0,40.0,42.0,47.0,53.0,69.0,74.0,82.0,95.0,112.0,121.0,130.0,148.0,167.0,192.0,211.0,231.0,258.0,301.0,336.0,396.0,451.0,524.0,583.0,664.0,751.0,861.0,960.0,1070.0,1201.0,1388.0,1582.0,1801.0,2048.0,2316.0,2618.0,3023.0,3435.0,3859.0,4417.0,4993.0,5653.0,6366.0,7249.0,8201.0,9162.0,10071.0,10720.0,11099.0,11348.0,11466.0,11508.0,11384.0,11159.0,10991.0,10729.0,10412.0,10065.0,9770.0,9378.0,8963.0,8594.0,8218.0,7836.0,7469.0,7119.0,6791.0,6463.0,6122.0,5846.0,5540.0,5257.0,4999.0,4759.0,4536.0,4321.0,4063.0,3848.0,3670.0,3489.0,3309.0,3193.0
0.0,0.0,0.0,2.0,4.0,5.0,5.0,3.0,3.0,4.0,4.0,3.0,7.0,7.0,8.0,8.0,9.0,9.0,10.0,14.0,16.0,18.0,20.0,27.0,31.0,35.0,37.0,41.0,47.0,66.0,82.0,93.0,106.0,121.0,137.0,162.0,170.0,204.0,231.0,271.0,307.0,347.0,379.0,438.0,502.0,553.0,641.0,704.0,782.0,902.0,1028.0,1153.0,1278.0,1494.0,1690.0,1878.0,2154.0,2420.0,2763.0,3165.0,3589.0,3980.0,4231.0,4415.0,4541.0,4582.0,4563.0,4487.0,4407.0,4365.0,4247.0,4134.0,3999.0,3834.0,3676.0,3570.0,3412.0,3254.0,3076.0,2926.0,2790.0,2686.0,2560.0,2414.0,2325.0,2209.0,2097.0,1961.0,1851.0,1744.0,1650.0,1575.0,1503.0,1428.0,1359.0,1277.0,1225.0
0.0,0.0,0.0,0.0,1.0,1.0,4.0,6.0,7.0,9.0,9.0,10.0,11.0,15.0,16.0,17.0,16.0,19.0,23.0,26.0,29.0,31.0,31.0,34.0,34.0,39.0,42.0,50.0,53.0,50.0,53.0,56.0,73.0,85.0,97.0,108.0,118.0,136.0,153.0,162.0,179.0,213.0,238.0,271.0,319.0,345.0,387.0,437.0,492.0,547.0,632.0,721.0,820.0,932.0,1070.0,1236.0,1381.0,1561.0,1808.0,2027.0,2240.0,2444.0,2599.0,2682.0,2775.0,2783.0,2745.0,2734.0,2718.0,2645.0,2563.0,2474.0,2420.0,2335.0,2258.0,2178.0,2073.0,1985.0,1895.0,1811.0,1707.0,1613.0,1533.0,1433.0,1366.0,1307.0,1247.0,1185.0,1122.0,1060.0,1014.0,977.0,936.0,882.0,828.0,785.0,753.0
0.0,0.0,0.0,2.0,2.0,5.0,6.0,6.0,9.0,9.0,9.0,12.0,14.0,20.0,24.0,28.0,35.0,48.0,61.0,62.0,73.0,89.0,108.0,126.0,143.0,167.0,189.0,221.0,243.0,311.0,344.0,376.0,423.0,486.0,551.0,623.0,723.0,831.0,952.0,1076.0,1219.0,1383.0,1583.0,1776.0,2022.0,2270.0,2606.0,2989.0,3375.0,3818.0,4343.0,4940.0,5563.0,6318.0,7149.0,8072.0,9186.0,10352.0,11705.0,13215.0,14761.0,16070.0,17041.0,17713.0,18008.0,18070.0,17915.0,17756.0,17496.0,17076.0,16573.0,15984.0,15461.0,14941.0,14419.0,13823.0,13173.0,12575.0,11950.0,11392.0,10846.0,10355.0,9844.0,9372.0,8878.0,8405.0,7992.0,7625.0,7229.0,6840.0,6498.0,6162.0,5858.0,5581.0,5292.0,5049.0,4811.0
0.0,0.0,0.0,2.0,1.0,1.0,2.0,4.0,4.0,5.0,5.0,5.0,5.0,6.0,8.0,9.0,8.0,10.0,12.0,12.0,14.0,16.0,16.0,19.0,20.0,20.0,33.0,41.0,44.0,52.0,56.0,65.0,75.0,93.0,101.0,123.0,136.0,147.0,173.0,219.0,248.0,277.0,318.0,368.0,439.0,498.0,562.0,644.0,767.0,886.0,1023.0,1194.0,1359.0,1529.0,1771.0,2004.0,2330.0,2683.0,3009.0,3417.0,3807.0,4227.0,4460.0,4670.0,4739.0,4802.0,4796.0,4770.0,4732.0,4667.0,4561.0,4469.0,4324.0,4170.0,4035.0,3885.0,3710.0,3538.0,3383.0,3240.0,3078.0,2897.0,2759.0,2608.0,2477.0,2357.0,2234.0,2147.0,2023.0,1945.0,1863.0,1775.0,1707.0,1617.0,1544.0,1470.0,1391.0
0.0,0.0,0.0,0.0,4.0,5.0,6.0,5.0,5.0,5.0,7.0,9.0,13.0,16.0,20.0,25.0,33.0,37.0,41.0,43.0,47.0,51.0,53.0,62.0,65.0,71.0,74.0,77.0,92.0,97.0,118.0,134.0,169.0,204.0,224.0,258.0,282.0,336.0,381.0,421.0,486.0,568.0,629.0,705.0,808.0,898.0,1013.0,1167.0,1312.0,1469.0,1665.0,1892.0,2127.0,2412.0,2757.0,3152.0,3574.0,4053.0,4555.0,5098.0,5722.0,6302.0,6687.0,6976.0,7114.0,7163.0,7105.0,7036.0,6935.0,6776.0,6587.0,6425.0,6239.0,6002.0,5823.0,5590.0,5335.0,5083.0,4891.0,4650.0,4429.0,4241.0,4022.0,3857.0,3648.0,3461.0,3261.0,3091.0,2952.0,2807.0,2672.0,2551.0,2441.0,2310.0,2189.0,2080.0,2002.0
0.0,0.0,0.0,3.0,4.0,5.0,5.0,4.0,5.0,6.0,8.0,8.0,9.0,11.0,13.0,15.0,14.0,15.0,24.0,28.0,30.0,34.0,39.0,41.0,46.0,48.0,50.0,57.0,70.0,76.0,89.0,99.0,113.0,135.0,144.0,161.0,175.0,200.0,226.0,255.0,288.0,332.0,401.0,463.0,519.0,586.0,634.0,735.0,841.0,960.0,1115.0,1272.0,1446.0,1641.0,1831.0,2096.0,2389.0,2761.0,3126.0,3550.0,3968.0,4361.0,4661.0,4874.0,4969.0,4967.0,5001.0,4945.0,4845.0,4750.0,4631.0,4536.0,4388.0,4220.0,4051.0,3893.0,3742.0,3597.0,3447.0,3300.0,3140.0,3004.0,2853.0,2700.0,2577.0,2451.0,2339.0,2217.0,2105.0,2000.0,1908.0,1818.0,1738.0,1630.0,1553.0,1478.0,1417.0
0.0,0.0,0.0,2.0,5.0,5.0,6.0,6.0,6.0,5.0,7.0,6.0,12.0,16.0,16.0,19.0,20.0,23.0,28.0,31.0,38.0,40.0,48.0,55.0,68.0,82.0,90.0,112.0,127.0,140.0,148.0,165.0,194.0,227.0,257.0,290.0,354.0,404.0,454.0,521.0,584.0,671.0,757.0,861.0,994.0,1136.0,1291.0,1495.0,1696.0,1901.0,2184.0,2465.0,2850.0,3273.0,3765.0,4225.0,4754.0,5384.0,6120.0,7048.0,8019.0,8815.0,9331.0,9759.0,9974.0,10120.0,10041.0,9928.0,9777.0,9597.0,9367.0,9094.0,8862.0,8527.0,8209.0,7903.0,7564.0,7252.0,6937.0,6644.0,6311.0,6038.0,5722.0,5480.0,5240.0,4976.0,4708.0,4481.0,4258.0,4018.0,3806.0,3610.0,3443.0,3284.0,3137.0,2982.0,2851.0
0.0,0.0,0.0,1.0,2.0,4.0,4.0,6.0,7.0,7.0,7.0,7.0,11.0,14.0,13.0,17.0,16.0,22.0,22.0,26.0,33.0,37.0,43.0,48.0,50.0,47.0,63.0,72.0,87.0,93.0,95.0,111.0,130.0,145.0,161.0,169.0,172.0,190.0,218.0,244.0,285.0,333.0,372.0,406.0,463.0,523.0,578.0,647.0,742.0,834.0,935.0,1074.0,1217.0,1383.0,1593.0,1758.0,2009.0,2259.0,2590.0,2881.0,3252.0,3567.0,3814.0,4037.0,4133.0,4175.0,4197.0,4181.0,4083.0,4014.0,3933.0,3846.0,3750.0,3622.0,3472.0,3334.0,3167.0,3039.0,2894.0,2774.0,2639.0,2531.0,2424.0,2288.0,2170.0,2066.0,1965.0,1871.0,1774.0,1685.0,1614.0,1540.0,1470.0,1397.0,1327.0,1259.0,1207.0
0.0,0.0,0.0,1.0,3.0,6.0,6.0,7.0,7.0,10.0,17.0,18.0,22.0,27.0,29.0,30.0,37.0,38.0,44.0,48.0,58.0,72.0,85.0,97.0,100.0,118.0,136.0,147.0,166.0,185.0,206.0,228.0,263.0,314.0,356.0,420.0,464.0,521.0,574.0,651.0,747.0,856.0,961.0,1088.0,1234.0,1418.0,1595.0,1777.0,2008.0,2277.0,2579.0,3015.0,3418.0,3862.0,4402.0,5003.0,5630.0,6354.0,7237.0,8176.0,9203.0,10087.0,10766.0,11277.0,11485.0,11590.0,11540.0,11383.0,11180.0,10965.0,10747.0,10480.0,10183.0,9861.0,9453.0,9107.0,8772.0,8346.0,7963.0,7608.0,7238.0,6909.0,6566.0,6224.0,5908.0,5584.0,5250.0,5004.0,4688.0,4453.0,4243.0,4024.0,3843.0,3657.0,3473.0,3306.0,3168.0
0.0,0.0,1.0,1.0,1.0,3.0,7.0,8.0,7.0,5.0,5.0,5.0,6.0,7.0,9.0,10.0,12.0,13.0,14.0,14.0,18.0,21.0,25.0,32.0,37.0,43.0,49.0,61.0,69.0,73.0,85.0,100.0,113.0,121.0,139.0,159.0,182.0,219.0,235.0,257.0,308.0,337.0,376.0,418.0,473.0,539.0,596.0,674.0,750.0,851.0,993.0,1119.0,1266.0,1438.0,1664.0,1850.0,2074.0,2350.0,2716.0,3028.0,3374.0,3704.0,4022.0,4149.0,4244.0,4275.0,4257.0,4240.0,4179.0,4062.0,3952.0,3881.0,3739.0,3628.0,3484.0,3338.0,3195.0,3058.0,2910.0,2769.0,2649.0,2505.0,2375.0,2258.0,2145.0,2030.0,1916.0,1833.0,1741.0,1624.0,1554.0,1474.0,1395.0,1329.0,1266.0,1209.0,1145.0
0.0,0.0,1.0,2.0,3.0,4.0,5.0,6.0,7.0,7.0,8.0,9.0,9.0,9.0,12.0,17.0,21.0,26.0,33.0,39.0,40.0,45.0,51.0,48.0,58.0,69.0,76.0,87.0,96.0,114.0,127.0,154.0,164.0,184.0,203.0,241.0,271.0,315.0,353.0,408.0,453.0,508.0,589.0,669.0,763.0,878.0,1006.0,1136.0,1289.0,1419.0,1627.0,1829.0,2052.0,2346.0,2654.0,3017.0,3397.0,3843.0,4343.0,4965.0,5560.0,6050.0,6467.0,6693.0,6921.0,7013.0,7022.0,7010.0,6940.0,6749.0,6565.0,6350.0,6125.0,5945.0,5727.0,5480.0,5273.0,5055.0,4830.0,4607.0,4408.0,4185.0,3965.0,3790.0,3624.0,3434.0,3280.0,3099.0,2948.0,2803.0,2679.0,2545.0,2443.0,2305.0,2180.0,2073.0,1973.0
0.0,0.0,1.0,3.0,2.0,4.0,5.0,5.0,7.0,9.0,9.0,11.0,20.0,17.0,22.0,24.0,24.0,25.0,28.0,34.0,39.0,49.0,61.0,68.0,70.0,73.0,76.0,89.0,101.0,110.0,128.0,139.0,146.0,158.0,186.0,197.0,226.0,264.0,300.0,340.0,387.0,452.0,513.0,578.0,632.0,729.0,851.0,973.0,1102.0,1262.0,1425.0,1614.0,1852.0,2092.0,2386.0,2678.0,3109.0,3528.0,3975.0,4547.0,5060.0,5536.0,5923.0,6170.0,6297.0,6363.0,6370.0,6309.0,6249.0,6104.0,5937.0,5825.0,5626.0,5439.0,5270.0,5043.0,4827.0,4588.0,4390.0,4165.0,3967.0,3773.0,3588.0,3418.0,3243.0,3073.0,2933.0,2786.0,2637.0,2502.0,2385.0,2244.0,2140.0,2038.0,1956.0,1866.0,1774.0
0.0,0.0,0.0,0.0,2.0,3.0,5.0,6.0,9.0,11.0,16.0,15.0,17.0,18.0,24.0,30.0,30.0,36.0,43.0,49.0,61.0,64.0,73.0,79.0,93.0,111.0,120.0,137.0,155.0,178.0,205.0,237.0,271.0,314.0,372.0,431.0,495.0,569.0,649.0,740.0,845.0,968.0,1116.0,1243.0,1371.0,1553.0,1777.0,2021.0,2273.0,2534.0,2843.0,3182.0,3628.0,4044.0,4586.0,5277.0,5896.0,6694.0,7547.0,8520.0,9555.0,10449.0,11042.0,11487.0,11718.0,11808.0,11778.0,11700.0,11527.0,11255.0,10933.0,10633.0,10270.0,9939.0,9486.0,9149.0,8766.0,8392.0,8026.0,7628.0,7251.0,6927.0,6552.0,6252.0,5921.0,5606.0,5342.0,5043.0,4802.0,4598.0,4334.0,4134.0,3903.0,3711.0,3534.0,3361.0,3186.0
0.0,0.0,0.0,0.0,3.0,2.0,7.0,8.0,13.0,17.0,19.0,23.0,27.0,34.0,38.0,43.0,49.0,64.0,75.0,92.0,110.0,131.0,150.0,169.0,187.0,214.0,265.0,306.0,362.0,412.0,491.0,560.0,644.0,741.0,829.0,944.0,1090.0,1262.0,1461.0,1670.0,1922.0,2167.0,2459.0,2810.0,3231.0,3644.0,4184.0,4787.0,5446.0,6164.0,7019.0,7943.0,9060.0,10254.0,11573.0,13071.0,14814.0,16693.0,18782.0,21177.0,23584.0,25654.0,27126.0,28159.0,28555.0,28648.0,28435.0,28014.0,27505.0,26854.0,26083.0,25257.0,24321.0,23337.0,22433.0,21435.0,20478.0,19548.0,18641.0,17653.0,16779.0,15902.0,15094.0,14310.0,13557.0,12810.0,12161.0,11522.0,10887.0,10283.0,9780.0,9304.0,8858.0,8425.0,8045.0,7639.0,7300.0
0.0,0.0,0.0,1.0,3.0,3.0,5.0,8.0,7.0,8.0,9.0,9.0,15.0,19.0,20.0,23.0,31.0,30.0,33.0,40.0,47.0,52.0,57.0,59.0,65.0,70.0,76.0,83.0,91.0,103.0,115.0,129.0,154.0,175.0,209.0,238.0,274.0,317.0,357.0,406.0,446.0,510.0,574.0,651.0,733.0,817.0,926.0,1055.0,1170.0,1326.0,1507.0,1715.0,1963.0,2199.0,2493.0,2876.0,3261.0,3672.0,4138.0,4718.0,5338.0,5910.0,6303.0,6574.0,6763.0,6792.0,6757.0,6707.0,6625.0,6515.0,6354.0,6154.0,5989.0,5771.0,5551.0,5348.0,5148.0,4937.0,4716.0,4533.0,4287.0,4070.0,3862.0,3671.0,3489.0,3300.0,3156.0,2994.0,2844.0,2674.0,2547.0,2429.0,2317.0,2181.0,2084.0,1966.0,1854.0
0.0,0.0,0.0,0.0,2.0,2.0,4.0,6.0,5.0,6.0,6.0,7.0,8.0,8.0,10.0,13.0,13.0,17.0,19.0,24.0,28.0,30.0,34.0,38.0,44.0,53.0,51.0,57.0,64.0,67.0,78.0,103.0,120.0,137.0,158.0,176.0,213.0,244.0,274.0,305.0,350.0,399.0,438.0,493.0,576.0,671.0,759.0,857.0,1001.0,1171.0,1315.0,1448.0,1661.0,1850.0,2120.0,2365.0,2653.0,2960.0,3339.0,3784.0,4238.0,4694.0,4987.0,5188.0,5295.0,5283.0,5192.0,5162.0,5063.0,4970.0,4856.0,4733.0,4581.0,4403.0,4235.0,4106.0,3955.0,3787.0,3618.0,3444.0,3265.0,3097.0,2959.0,2833.0,2704.0,2577.0,2455.0,2340.0,2221.0,2123.0,2015.0,1908.0,1818.0,1737.0,1642.0,1564.0,1487.0
0.0,0.0,0.0,0.0,4.0,3.0,3.0,3.0,3.0,4.0,4.0,4.0,7.0,6.0,7.0,9.0,10.0,14.0,16.0,21.0,24.0,24.0,25.0,30.0,36.0,43.0,43.0,50.0,56.0,67.0,72.0,79.0,94.0,109.0,124.0,141.0,147.0,154.0,164.0,181.0,216.0,246.0,299.0,349.0,381.0,430.0,474.0,527.0,572.0,664.0,759.0,851.0,966.0,1100.0,1263.0,1436.0,1626.0,1857.0,2122.0,2414.0,2721.0,2991.0,3246.0,3423.0,3468.0,3469.0,3455.0,3479.0,3436.0,3345.0,3280.0,3195.0,3093.0,2988.0,2877.0,2757.0,2634.0,2509.0,2403.0,2292.0,2164.0,2064.0,1946.0,1840.0,1762.0,1676.0,1582.0,1496.0,1426.0,1357.0,1278.0,1217.0,1166.0,1108.0,1040.0,992.0,946.0
0.0,0.0,0.0,0.0,4.0,6.0,6.0,6.0,6.0,10.0,10.0,14.0,17.0,16.0,23.0,25.0,27.0,29.0,37.0,44.0,44.0,46.0,60.0,70.0,78.0,85.0,103.0,104.0,114.0,133.0,149.0,175.0,201.0,235.0,271.0,310.0,346.0,409.0,459.0,494.0,581.0,658.0,743.0,835.0,939.0,1077.0,1211.0,1375.0,1556.0,1779.0,2084.0,2338.0,2672.0,3015.0,3438.0,3871.0,4452.0,5028.0,5748.0,6474.0,7217.0,7970.0,8478.0,8749.0,9000.0,9088.0,9066.0,8947.0,8850.0,8661.0,8415.0,8162.0,7898.0,7576.0,7246.0,6909.0,6628.0,6350.0,6099.0,5780.0,5491.0,5224.0,4970.0,4737.0,4495.0,4266.0,4066.0,3861.0,3659.0,3484.0,3312.0,3144.0,3016.0,2879.0,2753.0,2601.0,2485.0
0.0,0.0,1.0,1.0,2.0,2.0,4.0,5.0,5.0,6.0,8.0,8.0,10.0,9.0,10.0,12.0,12.0,16.0,20.0,26.0,26.0,27.0,36.0,42.0,50.0,59.0,64.0,84.0,90.0,101.0,117.0,130.0,150.0,167.0,199.0,245.0,290.0,345.0,407.0,482.0,533.0,619.0,711.0,810.0,924.0,1067.0,1205.0,1360.0,1521.0,1700.0,1951.0,2237.0,2545.0,2874.0,3225.0,3651.0,4156.0,4705.0,5290.0,6002.0,6634.0,7251.0,7741.0,8029.0,8193.0,8233.0,8196.0,8113.0,7990.0,7868.0,7664.0,7464.0,7274.0,7021.0,6815.0,6554.0,6266.0,5971.0,5694.0,5452.0,5221.0,4932.0,4694.0,4488.0,4258.0,4056.0,3825.0,3604.0,3421.0,3247.0,3071.0,2911.0,2766.0,2605.0,2473.0,2333.0,2248.0
0.0,0.0,0.0,0.0,2.0,3.0,6.0,6.0,7.0,7.0,9.0,11.0,12.0,14.0,13.0,14.0,12.0,16.0,16.0,16.0,18.0,23.0,37.0,39.0,51.0,55.0,65.0,79.0,88.0,102.0,113.0,127.0,141.0,169.0,185.0,198.0,218.0,251.0,288.0,306.0,346.0,402.0,452.0,514.0,590.0,653.0,758.0,864.0,963.0,1116.0,1313.0,1520.0,1702.0,1953.0,2166.0,2467.0,2804.0,3097.0,3564.0,4064.0,4594.0,5073.0,5423.0,5619.0,5743.0,5777.0,5729.0,5693.0,5635.0,5540.0,5447.0,5296.0,5172.0,4968.0,4750.0,4556.0,4378.0,4187.0,4017.0,3846.0,3673.0,3515.0,3345.0,3145.0,3002.0,2848.0,2724.0,2615.0,2490.0,2355.0,2238.0,2136.0,2037.0,1932.0,1844.0,1737.0,1662.0
0.0,0.0,0.0,0.0,4.0,4.0,4.0,3.0,4.0,4.0,7.0,6.0,6.0,6.0,9.0,10.0,13.0,18.0,20.0,20.0,28.0,33.0,35.0,46.0,52.0,57.0,67.0,79.0,93.0,107.0,115.0,135.0,165.0,172.0,202.0,243.0,285.0,321.0,355.0,413.0,486.0,554.0,635.0,706.0,806.0,893.0,1028.0,1139.0,1296.0,1473.0,1663.0,1872.0,2130.0,2461.0,2804.0,3218.0,3652.0,4144.0,4723.0,5427.0,6036.0,6677.0,7132.0,7393.0,7516.0,7596.0,7606.0,7510.0,7395.0,7191.0,7036.0,6866.0,6636.0,6378.0,6113.0,5845.0,5569.0,5322.0,5083.0,4857.0,4604.0,4394.0,4162.0,3947.0,3738.0,3538.0,3353.0,3184.0,3004.0,2885.0,2738.0,2599.0,2472.0,2365.0,2238.0,2141.0,2039.0
0.0,0.0,0.0,0.0,1.0,1.0,1.0,2.0,3.0,3.0,4.0,6.0,7.0,8.0,5.0,8.0,8.0,9.0,11.0,12.0,13.0,15.0,17.0,17.0,21.0,22.0,25.0,25.0,27.0,29.0,29.0,31.0,37.0,42.0,52.0,52.0,58.0,72.0,80.0,93.0,117.0,137.0,147.0,161.0,177.0,212.0,240.0,295.0,355.0,411.0,473.0,546.0,626.0,698.0,766.0,890.0,1036.0,1159.0,1307.0,1484.0,1695.0,1840.0,2001.0,2119.0,2187.0,2234.0,2246.0,2246.0,2200.0,2146.0,2107.0,2069.0,1994.0,1936.0,1844.0,1778.0,1710.0,1649.0,1571.0,1499.0,1423.0,1352.0,1292.0,1226.0,1152.0,1089.0,1032.0,989.0,930.0,889.0,836.0,796.0,762.0,730.0,699.0,666.0,636.0
0.0,0.0,1.0,2.0,2.0,2.0,3.0,3.0,3.0,6.0,9.0,10.0,12.0,16.0,18.0,22.0,23.0,25.0,26.0,34.0,38.0,43.0,52.0,64.0,74.0,89.0,108.0,130.0,153.0,175.0,201.0,249.0,280.0,316.0,362.0,412.0,474.0,563.0,618.0,717.0,832.0,931.0,1081.0,1245.0,1408.0,1606.0,1825.0,2066.0,2337.0,2668.0,3090.0,3477.0,3959.0,4421.0,4990.0,5665.0,6527.0,7438.0,8472.0,9523.0,10669.0,11817.0,12645.0,13121.0,13438.0,13480.0,13427.0,13322.0,13074.0,12773.0,12450.0,12111.0,11787.0,11373.0,10931.0,10480.0,10082.0,9637.0,9189.0,8759.0,8370.0,7976.0,7580.0,7204.0,6816.0,6466.0,6123.0,5822.0,5535.0,5243.0,4966.0,4725.0,4498.0,4275.0,4106.0,3910.0,3749.0
0.0,0.0,0.0,0.0,1.0,3.0,5.0,8.0,9.0,10.0,11.0,12.0,14.0,20.0,20.0,26.0,32.0,35.0,38.0,40.0,47.0,57.0,61.0,67.0,83.0,87.0,100.0,116.0,123.0,130.0,152.0,176.0,195.0,241.0,271.0,304.0,341.0,389.0,449.0,507.0,548.0,628.0,721.0,831.0,953.0,1066.0,1224.0,1384.0,1584.0,1780.0,2065.0,2299.0,2620.0,2949.0,3394.0,3826.0,4364.0,4993.0,5680.0,6478.0,7200.0,7860.0,8374.0,8669.0,8906.0,8997.0,9012.0,8966.0,8860.0,8675.0,8429.0,8168.0,7867.0,7625.0,7349.0,7029.0,6765.0,6465.0,6192.0,5882.0,5594.0,5329.0,5066.0,4766.0,4506.0,4262.0,4045.0,3838.0,3641.0,3449.0,3281.0,3132.0,2964.0,2823.0,2678.0,2544.0,2430.0
0.0,0.0,0.0,1.0,1.0,3.0,4.0,6.0,7.0,10.0,12.0,18.0,20.0,20.0,22.0,25.0,28.0,31.0,38.0,37.0,47.0,54.0,57.0,71.0,83.0,91.0,109.0,111.0,127.0,149.0,169.0,196.0,225.0,255.0,288.0,315.0,359.0,427.0,502.0,573.0,622.0,703.0,831.0,936.0,1055.0,1212.0,1414.0,1600.0,1761.0,1972.0,2208.0,2553.0,2917.0,3325.0,3772.0,4281.0,4905.0,5529.0,6213.0,7006.0,7913.0,8738.0,9385.0,9757.0,9990.0,10082.0,10128.0,10065.0,9985.0,9765.0,9503.0,9241.0,8956.0,8630.0,8307.0,7951.0,7620.0,7281.0,6906.0,6593.0,6293.0,5977.0,5655.0,5397.0,5154.0,4868.0,4620.0,4383.0,4146.0,3928.0,3727.0,3545.0,3382.0,3207.0,3058.0,2921.0,2768.0
0.0,0.0,1.0,1.0,3.0,3.0,5.0,4.0,6.0,7.0,8.0,9.0,10.0,9.0,15.0,18.0,21.0,25.0,24.0,31.0,35.0,38.0,39.0,47.0,57.0,74.0,89.0,90.0,117.0,129.0,149.0,166.0,190.0,219.0,253.0,290.0,332.0,395.0,446.0,501.0,564.0,637.0,736.0,825.0,928.0,1045.0,1164.0,1328.0,1497.0,1674.0,1902.0,2126.0,2417.0,2697.0,3033.0,3448.0,3920.0,4522.0,5034.0,5664.0,6409.0,7098.0,7609.0,7893.0,8097.0,8143.0,8143.0,8019.0,7885.0,7753.0,7574.0,7364.0,7119.0,6861.0,6641.0,6352.0,6124.0,5850.0,5569.0,5287.0,5033.0,4797.0,4559.0,4331.0,4118.0,3916.0,3722.0,3539.0,3374.0,3210.0,3057.0,2935.0,2814.0,2682.0,2542.0,2411.0,2280.0
0.0,0.0,0.0,0.0,1.0,2.0,4.0,5.0,7.0,10.0,9.0,12.0,12.0,13.0,15.0,20.0,23.0,30.0,34.0,35.0,36.0,34.0,40.0,42.0,46.0,53.0,57.0,68.0,74.0,82.0,93.0,101.0,117.0,127.0,138.0,148.0,167.0,186.0,206.0,249.0,285.0,312.0,346.0,403.0,460.0,527.0,601.0,697.0,808.0,918.0,1058.0,1211.0,1366.0,1576.0,1793.0,2035.0,2320.0,2617.0,2977.0,3401.0,3860.0,4221.0,4520.0,4713.0,4796.0,4815.0,4832.0,4756.0,4683.0,4563.0,4473.0,4354.0,4198.0,4023.0,3870.0,3699.0,3559.0,3400.0,3270.0,3114.0,2975.0,2830.0,2686.0,2576.0,2460.0,2335.0,2223.0,2124.0,2020.0,1932.0,1851.0,1754.0,1659.0,1572.0,1507.0,1434.0,1368.0
0.0,0.0,0.0,2.0,3.0,4.0,6.0,6.0,7.0,10.0,11.0,12.0,14.0,18.0,24.0,24.0,26.0,28.0,31.0,34.0,37.0,38.0,47.0,48.0,50.0,55.0,64.0,78.0,85.0,101.0,113.0,128.0,142.0,164.0,192.0,226.0,246.0,278.0,303.0,347.0,398.0,454.0,505.0,586.0,657.0,750.0,849.0,970.0,1135.0,1284.0,1460.0,1671.0,1926.0,2195.0,2527.0,2892.0,3279.0,3727.0,4262.0,4826.0,5422.0,5981.0,6370.0,6685.0,6895.0,6953.0,6916.0,6833.0,6740.0,6623.0,6414.0,6249.0,6054.0,5852.0,5594.0,5369.0,5130.0,4877.0,4633.0,4443.0,4267.0,4057.0,3871.0,3677.0,3492.0,3306.0,3145.0,2986.0,2830.0,2683.0,2566.0,2439.0,2321.0,2197.0,2098.0,2004.0,1916.0
0.0,0.0,0.0,1.0,1.0,3.0,5.0,5.0,5.0,9.0,12.0,12.0,15.0,18.0,26.0,34.0,40.0,44.0,56.0,60.0,68.0,86.0,94.0,114.0,133.0,148.0,164.0,194.0,227.0,259.0,294.0,325.0,373.0,442.0,528.0,595.0,698.0,817.0,914.0,1033.0,1174.0,1364.0,1546.0,1735.0,1972.0,2269.0,2592.0,2973.0,3357.0,3818.0,4284.0,4806.0,5431.0,6159.0,6943.0,7843.0,8941.0,10096.0,11430.0,12889.0,14419.0,15659.0,16649.0,17222.0,17576.0,17701.0,17572.0,17360.0,17118.0,16698.0,16196.0,15705.0,15230.0,14641.0,14027.0,13391.0,12792.0,12185.0,11626.0,11085.0,10518.0,10035.0,9559.0,9107.0,8618.0,8183.0,7793.0,7411.0,7064.0,6725.0,6403.0,6072.0,5763.0,5513.0,5268.0,5045.0,4814.0
0.0,0.0,0.0,0.0,2.0,4.0,7.0,6.0,9.0,8.0,10.0,7.0,9.0,10.0,12.0,12.0,15.0,18.0,21.0,24.0,27.0,30.0,37.0,45.0,53.0,58.0,74.0,86.0,101.0,114.0,122.0,139.0,154.0,177.0,203.0,234.0,273.0,312.0,353.0,408.0,449.0,521.0,611.0,675.0,803.0,910.0,1033.0,1127.0,1288.0,1457.0,1689.0,1927.0,2193.0,2457.0,2845.0,3226.0,3721.0,4182.0,4724.0,5329.0,6013.0,6599.0,6993.0,7257.0,7443.0,7545.0,7481.0,7439.0,7350.0,7147.0,6952.0,6750.0,6525.0,6271.0,6053.0,5780.0,5530.0,5270.0,5027.0,4801.0,4612.0,4387.0,4183.0,3977.0,3807.0,3605.0,3419.0,3227.0,3071.0,2922.0,2774.0,2615.0,2491.0,2392.0,2300.0,2212.0,2094.0
0.0,0.0,0.0,0.0,2.0,2.0,3.0,4.0,4.0,4.0,7.0,8.0,10.0,13.0,14.0,14.0,16.0,17.0,18.0,23.0,31.0,37.0,43.0,54.0,59.0,65.0,71.0,86.0,103.0,122.0,121.0,137.0,154.0,172.0,201.0,239.0,262.0,294.0,325.0,367.0,407.0,451.0,531.0,596.0,684.0,766.0,834.0,955.0,1099.0,1228.0,1394.0,1592.0,1808.0,2031.0,2311.0,2657.0,2949.0,3336.0,3771.0,4319.0,4888.0,5425.0,5754.0,5928.0,6098.0,6111.0,6098.0,6017.0,5886.0,5761.0,5622.0,5444.0,5257.0,5057.0,4865.0,4651.0,4441.0,4232.0,4056.0,3870.0,3681.0,3508.0,3374.0,3221.0,3063.0,2906.0,2741.0,2607.0,2502.0,2346.0,2228.0,2119.0,2027.0,1939.0,1838.0,1763.0,1684.0
0.0,0.0,0.0,1.0,2.0,3.0,3.0,4.0,4.0,5.0,8.0,11.0,19.0,22.0,22.0,25.0,27.0,31.0,33.0,34.0,39.0,43.0,51.0,61.0,68.0,77.0,85.0,88.0,116.0,137.0,163.0,194.0,209.0,228.0,256.0,284.0,328.0,384.0,448.0,514.0,560.0,616.0,710.0,814.0,909.0,1025.0,1168.0,1311.0,1444.0,1627.0,1832.0,2102.0,2386.0,2728.0,3099.0,3480.0,3938.0,4508.0,5160.0,5809.0,6498.0,7183.0,7720.0,8088.0,8231.0,8314.0,8293.0,8270.0,8123.0,7980.0,7789.0,7569.0,7331.0,7066.0,6762.0,6513.0,6282.0,5972.0,5693.0,5417.0,5163.0,4935.0,4683.0,4425.0,4230.0,4007.0,3785.0,3601.0,3399.0,3212.0,3053.0,2901.0,2753.0,2628.0,2527.0,2407.0,2303.0
0.0,0.0,0.0,1.0,2.0,4.0,7.0,6.0,6.0,9.0,11.0,13.0,14.0,13.0,15.0,18.0,17.0,20.0,28.0,33.0,40.0,47.0,55.0,64.0,70.0,76.0,93.0,99.0,107.0,131.0,156.0,179.0,211.0,228.0,251.0,315.0,352.0,404.0,461.0,526.0,601.0,670.0,749.0,878.0,1002.0,1157.0,1327.0,1501.0,1742.0,2028.0,2331.0,2621.0,3002.0,3408.0,3909.0,4489.0,5121.0,5853.0,6678.0,7518.0,8436.0,9314.0,10019.0,10460.0,10662.0,10768.0,10765.0,10681.0,10499.0,10284.0,10003.0,9750.0,9466.0,9097.0,8699.0,8358.0,7999.0,7614.0,7308.0,6950.0,6634.0,6295.0,5975.0,5647.0,5371.0,5078.0,4836.0,4613.0,4375.0,4158.0,3958.0,3771.0,3585.0,3424.0,3274.0,3112.0,2966.0
0.0,0.0,0.0,1.0,4.0,4.0,6.0,7.0,7.0,11.0,14.0,11.0,14.0,20.0,19.0,21.0,29.0,37.0,41.0,52.0,53.0,62.0,70.0,79.0,87.0,106.0,107.0,122.0,138.0,148.0,170.0,197.0,230.0,262.0,289.0,313.0,349.0,374.0,433.0,486.0,555.0,614.0,697.0,798.0,908.0,1008.0,1134.0,1316.0,1486.0,1697.0,1920.0,2160.0,2481.0,2813.0,3142.0,3530.0,3982.0,4525.0,5150.0,5860.0,6595.0,7334.0,7865.0,8252.0,8451.0,8532.0,8554.0,8537.0,8416.0,8298.0,8077.0,7823.0,7567.0,7286.0,7011.0,6776.0,6456.0,6173.0,5910.0,5623.0,5329.0,5068.0,4824.0,4604.0,4387.0,4135.0,3937.0,3741.0,3548.0,3361.0,3204.0,3047.0,2883.0,2743.0,2611.0,2496.0,2382.0
0.0,0.0,1.0,1.0,2.0,4.0,5.0,6.0,7.0,8.0,9.0,11.0,15.0,17.0,16.0,17.0,17.0,18.0,18.0,20.0,26.0,31.0,39.0,45.0,53.0,56.0,65.0,85.0,93.0,108.0,121.0,137.0,151.0,176.0,194.0,220.0,249.0,302.0,348.0,423.0,460.0,509.0,582.0,666.0,785.0,886.0,1006.0,1096.0,1276.0,1438.0,1665.0,1906.0,2168.0,2474.0,2840.0,3212.0,3607.0,4196.0,4738.0,5350.0,6110.0,6714.0,7192.0,7460.0,7654.0,7682.0,7766.0,7760.0,7640.0,7415.0,7208.0,6977.0,6749.0,6500.0,6262.0,5976.0,5723.0,5475.0,5188.0,4940.0,4727.0,4481.0,4270.0,4014.0,3817.0,3610.0,3407.0,3219.0,3031.0,2877.0,2737.0,2603.0,2450.0,2334.0,2218.0,2107.0,2010.0
0.0,0.0,0.0,0.0,2.0,2.0,2.0,2.0,2.0,5.0,10.0,11.0,13.0,13.0,17.0,16.0,20.0,27.0,30.0,31.0,41.0,38.0,44.0,52.0,65.0,80.0,90.0,99.0,113.0,135.0,160.0,202.0,229.0,266.0,299.0,331.0,364.0,410.0,465.0,523.0,580.0,651.0,735.0,836.0,961.0,1101.0,1255.0,1432.0,1642.0,1875.0,2103.0,2426.0,2728.0,3059.0,3473.0,3976.0,4445.0,4955.0,5639.0,6344.0,7162.0,7852.0,8385.0,8721.0,8947.0,9018.0,9035.0,8921.0,8749.0,8529.0,8305.0,8110.0,7834.0,7544.0,7280.0,6999.0,6707.0,6414.0,6168.0,5880.0,5593.0,5327.0,5094.0,4834.0,4589.0,4345.0,4118.0,3905.0,3718.0,3539.0,3349.0,3183.0,3037.0,2887.0,2720.0,2600.0,2492.0
0.0,0.0,0.0,0.0,1.0,2.0,5.0,6.0,8.0,9.0,10.0,11.0,14.0,17.0,17.0,19.0,20.0,27.0,30.0,36.0,45.0,43.0,47.0,55.0,55.0,71.0,80.0,102.0,118.0,132.0,148.0,171.0,198.0,229.0,254.0,293.0,349.0,386.0,435.0,472.0,539.0,629.0,692.0,770.0,883.0,1015.0,1152.0,1315.0,1455.0,1662.0,1872.0,2160.0,2486.0,2825.0,3159.0,3579.0,4068.0,4550.0,5104.0,5866.0,6555.0,7269.0,7757.0,8096.0,8227.0,8282.0,8271.0,8169.0,8027.0,7824.0,7643.0,7435.0,7196.0,6905.0,6625.0,6360.0,6122.0,5834.0,5545.0,5315.0,5076.0,4820.0,4603.0,4379.0,4150.0,3922.0,3701.0,3532.0,3370.0,3183.0,3041.0,2892.0,2733.0,2596.0,2494.0,2368.0,2253.0
0.0,0.0,0.0,1.0,2.0,2.0,3.0,3.0,3.0,6.0,6.0,5.0,7.0,7.0,8.0,13.0,14.0,16.0,15.0,17.0,20.0,20.0,22.0,24.0,25.0,26.0,23.0,26.0,29.0,31.0,36.0,45.0,51.0,55.0,54.0,60.0,66.0,73.0,83.0,94.0,100.0,120.0,142.0,146.0,162.0,189.0,214.0,255.0,276.0,312.0,361.0,416.0,473.0,512.0,612.0,724.0,822.0,934.0,1060.0,1212.0,1370.0,1525.0,1625.0,1681.0,1709.0,1741.0,1733.0,1743.0,1718.0,1671.0,1625.0,1578.0,1535.0,1473.0,1408.0,1348.0,1294.0,1247.0,1186.0,1123.0,1075.0,1018.0,958.0,906.0,861.0,824.0,776.0,739.0,701.0,667.0,635.0,602.0,570.0,546.0,516.0,487.0,467.0
0.0,0.0,0.0,1.0,1.0,2.0,2.0,4.0,6.0,8.0,9.0,13.0,22.0,29.0,33.0,38.0,47.0,52.0,59.0,71.0,85.0,99.0,105.0,113.0,132.0,155.0,193.0,207.0,239.0,280.0,318.0,355.0,422.0,467.0,522.0,607.0,670.0,762.0,852.0,947.0,1085.0,1230.0,1447.0,1662.0,1883.0,2157.0,2442.0,2723.0,3121.0,3531.0,4021.0,4607.0,5262.0,5981.0,6719.0,7585.0,8530.0,9689.0,10965.0,12312.0,13801.0,15096.0,15965.0,16531.0,16863.0,16977.0,16870.0,16772.0,16472.0,16104.0,15633.0,15118.0,14607.0,14040.0,13468.0,12937.0,12380.0,11857.0,11352.0,10839.0,10357.0,9833.0,9364.0,8873.0,8381.0,7967.0,7555.0,7179.0,6809.0,6449.0,6145.0,5800.0,5524.0,5230.0,5008.0,4778.0,4565.0
0.0,0.0,0.0,0.0,2.0,4.0,6.0,5.0,5.0,5.0,8.0,12.0,21.0,24.0,33.0,36.0,40.0,45.0,54.0,62.0,69.0,79.0,86.0,98.0,111.0,125.0,159.0,190.0,222.0,263.0,285.0,330.0,385.0,450.0,506.0,592.0,676.0,756.0,884.0,1055.0,1206.0,1409.0,1620.0,1848.0,2114.0,2405.0,2752.0,3082.0,3487.0,3941.0,4463.0,5033.0,5653.0,6333.0,7153.0,8162.0,9255.0,10482.0,11818.0,13370.0,14908.0,16329.0,17382.0,18030.0,18349.0,18467.0,18380.0,18219.0,17949.0,17522.0,17069.0,16483.0,15977.0,15439.0,14857.0,14254.0,13680.0,13029.0,12446.0,11864.0,11277.0,10673.0,10125.0,9640.0,9187.0,8737.0,8286.0,7841.0,7440.0,7074.0,6730.0,6426.0,6083.0,5812.0,5526.0,5248.0,4989.0
0.0,0.0,1.0,3.0,3.0,4.0,5.0,6.0,8.0,11.0,12.0,12.0,17.0,18.0,21.0,22.0,24.0,22.0,26.0,32.0,34.0,37.0,45.0,44.0,53.0,63.0,68.0,78.0,89.0,103.0,114.0,129.0,152.0,179.0,199.0,218.0,247.0,264.0,307.0,344.0,388.0,437.0,495.0,568.0,636.0,747.0,857.0,970.0,1104.0,1241.0,1409.0,1615.0,1844.0,2097.0,2381.0,2738.0,3029.0,3463.0,3939.0,4475.0,5032.0,5544.0,5923.0,6175.0,6309.0,6384.0,6387.0,6359.0,6211.0,6078.0,5925.0,5768.0,5595.0,5424.0,5191.0,4985.0,4793.0,4606.0,4404.0,4213.0,4014.0,3819.0,3613.0,3443.0,3259.0,3108.0,2962.0,2825.0,2660.0,2518.0,2393.0,2264.0,2144.0,2039.0,1937.0,1834.0,1736.0
0.0,0.0,0.0,2.0,4.0,4.0,5.0,6.0,7.0,9.0,9.0,8.0,10.0,13.0,15.0,18.0,19.0,24.0,22.0,28.0,30.0,29.0,38.0,46.0,56.0,58.0,63.0,69.0,78.0,93.0,103.0,117.0,129.0,149.0,178.0,208.0,236.0,263.0,304.0,356.0,406.0,474.0,526.0,585.0,645.0,732.0,831.0,930.0,1060.0,1243.0,1436.0,1633.0,1836.0,2054.0,2301.0,2599.0,2954.0,3316.0,3724.0,4184.0,4713.0,5219.0,5580.0,5819.0,5986.0,5992.0,5994.0,5929.0,5846.0,5726.0,5608.0,5475.0,5322.0,5197.0,5005.0,4792.0,4554.0,4334.0,4140.0,3923.0,3716.0,3546.0,3347.0,3185.0,3031.0,2855.0,2719.0,2581.0,2452.0,2315.0,2201.0,2106.0,2013.0,1901.0,1798.0,1714.0,1631.0
0.0,0.0,0.0,1.0,2.0,5.0,6.0,6.0,8.0,9.0,9.0,9.0,8.0,13.0,17.0,18.0,18.0,19.0,21.0,24.0,27.0,30.0,33.0,34.0,40.0,46.0,56.0,65.0,77.0,79.0,84.0,95.0,109.0,129.0,149.0,174.0,201.0,230.0,266.0,297.0,323.0,355.0,391.0,444.0,515.0,596.0,690.0,790.0,922.0,1037.0,1174.0,1336.0,1501.0,1701.0,1921.0,2151.0,2388.0,2697.0,3108.0,3536.0,3936.0,4335.0,4626.0,4860.0,4967.0,4993.0,4979.0,4930.0,4860.0,4746.0,4688.0,4516.0,4360.0,4200.0,4050.0,3876.0,3710.0,3544.0,3390.0,3241.0,3096.0,2954.0,2804.0,2674.0,2536.0,2400.0,2288.0,2174.0,2077.0,1953.0,1866.0,1791.0,1714.0,1640.0,1552.0,1507.0,1441.0
0.0,0.0,1.0,1.0,2.0,3.0,8.0,10.0,11.0,12.0,12.0,14.0,19.0,24.0,27.0,29.0,37.0,44.0,50.0,58.0,61.0,76.0,90.0,100.0,117.0,131.0,147.0,175.0,201.0,241.0,262.0,296.0,348.0,402.0,455.0,515.0,588.0,674.0,777.0,859.0,975.0,1102.0,1235.0,1397.0,1595.0,1826.0,2084.0,2346.0,2648.0,2966.0,3378.0,3794.0,4336.0,4902.0,5616.0,6416.0,7267.0,8221.0,9315.0,10517.0,11734.0,12859.0,13748.0,14240.0,14521.0,14656.0,14617.0,14443.0,14187.0,13881.0,13488.0,13039.0,12635.0,12147.0,11653.0,11133.0,10679.0,10231.0,9737.0,9268.0,8836.0,8397.0,7977.0,7534.0,7145.0,6802.0,6464.0,6150.0,5824.0,5553.0,5278.0,5002.0,4741.0,4507.0,4294.0,4090.0,3878.0
0.0,0.0,0.0,0.0,1.0,3.0,5.0,5.0,6.0,6.0,9.0,15.0,17.0,22.0,28.0,31.0,34.0,45.0,48.0,59.0,70.0,75.0,89.0,99.0,123.0,141.0,159.0,190.0,215.0,255.0,286.0,330.0,381.0,449.0,518.0,590.0,643.0,738.0,860.0,981.0,1124.0,1294.0,1474.0,1683.0,1926.0,2225.0,2528.0,2886.0,3299.0,3745.0,4240.0,4809.0,5474.0,6167.0,6980.0,7905.0,9017.0,10097.0,11427.0,12916.0,14408.0,15682.0,16677.0,17314.0,17698.0,17703.0,17612.0,17348.0,17000.0,16643.0,16262.0,15728.0,15171.0,14568.0,14014.0,13422.0,12841.0,12227.0,11694.0,11178.0,10627.0,10120.0,9678.0,9156.0,8705.0,8254.0,7831.0,7439.0,7084.0,6713.0,6388.0,6094.0,5804.0,5543.0,5250.0,5011.0,4790.0
0.0,0.0,0.0,1.0,1.0,1.0,4.0,5.0,7.0,8.0,11.0,11.0,13.0,18.0,20.0,23.0,32.0,39.0,47.0,57.0,67.0,72.0,80.0,97.0,114.0,132.0,140.0,170.0,196.0,222.0,252.0,290.0,339.0,374.0,423.0,487.0,566.0,641.0,739.0,836.0,952.0,1089.0,1219.0,1428.0,1648.0,1847.0,2106.0,2403.0,2719.0,3114.0,3549.0,4003.0,4550.0,5134.0,5868.0,6597.0,7483.0,8518.0,9703.0,10940.0,12179.0,13373.0,14267.0,14736.0,15061.0,15331.0,15283.0,15135.0,14907.0,14583.0,14272.0,13820.0,13337.0,12829.0,12367.0,11843.0,11386.0,10915.0,10356.0,9864.0,9377.0,8944.0,8486.0,8064.0,7622.0,7234.0,6860.0,6507.0,6173.0,5878.0,5565.0,5287.0,5011.0,4776.0,4526.0,4322.0,4108.0
0.0,0.0,0.0,1.0,4.0,5.0,7.0,9.0,11.0,14.0,19.0,21.0,23.0,22.0,23.0,27.0,32.0,35.0,41.0,42.0,52.0,57.0,64.0,66.0,82.0,105.0,117.0,131.0,153.0,182.0,206.0,243.0,283.0,348.0,416.0,465.0,513.0,583.0,681.0,770.0,856.0,993.0,1135.0,1262.0,1450.0,1645.0,1871.0,2085.0,2367.0,2689.0,3001.0,3408.0,3889.0,4432.0,5055.0,5696.0,6438.0,7378.0,8425.0,9596.0,10853.0,11874.0,12684.0,13105.0,13365.0,13491.0,13488.0,13332.0,13137.0,12848.0,12570.0,12179.0,11751.0,11351.0,10926.0,10469.0,10038.0,9629.0,9204.0,8790.0,8368.0,7978.0,7596.0,7229.0,6845.0,6484.0,6161.0,5880.0,5593.0,5309.0,5055.0,4805.0,4563.0,4299.0,4093.0,3904.0,3731.0
0.0,0.0,0.0,0.0,0.0,2.0,4.0,7.0,10.0,12.0,14.0,16.0,16.0,19.0,27.0,29.0,35.0,35.0,41.0,43.0,51.0,57.0,65.0,67.0,72.0,76.0,88.0,96.0,110.0,121.0,129.0,134.0,148.0,174.0,182.0,202.0,232.0,277.0,331.0,366.0,407.0,448.0,503.0,570.0,646.0,713.0,797.0,922.0,1049.0,1182.0,1368.0,1576.0,1752.0,1965.0,2287.0,2593.0,2919.0,3355.0,3833.0,4362.0,4943.0,5411.0,5820.0,6115.0,6287.0,6363.0,6334.0,6270.0,6159.0,6029.0,5887.0,5743.0,5538.0,5356.0,5100.0,4910.0,4698.0,4501.0,4303.0,4120.0,3904.0,3698.0,3534.0,3362.0,3222.0,3068.0,2908.0,2762.0,2608.0,2453.0,2305.0,2200.0,2110.0,2022.0,1917.0,1833.0,1742.0
0.0,0.0,0.0,3.0,3.0,3.0,6.0,5.0,6.0,9.0,9.0,9.0,6.0,6.0,6.0,5.0,6.0,7.0,8.0,7.0,9.0,10.0,9.0,10.0,10.0,12.0,16.0,20.0,24.0,28.0,32.0,40.0,40.0,49.0,70.0,84.0,101.0,116.0,137.0,148.0,172.0,220.0,242.0,268.0,337.0,400.0,456.0,501.0,575.0,666.0,751.0,865.0,978.0,1103.0,1265.0,1456.0,1654.0,1875.0,2134.0,2419.0,2690.0,2956.0,3172.0,3344.0,3405.0,3449.0,3409.0,3409.0,3382.0,3328.0,3231.0,3158.0,3092.0,2986.0,2863.0,2739.0,2619.0,2538.0,2442.0,2325.0,2237.0,2118.0,2006.0,1903.0,1812.0,1710.0,1613.0,1531.0,1465.0,1397.0,1315.0,1248.0,1199.0,1131.0,1089.0,1025.0,953.0
0.0,0.0,0.0,1.0,4.0,7.0,9.0,9.0,13.0,20.0,21.0,22.0,30.0,31.0,42.0,41.0,42.0,51.0,59.0,71.0,87.0,100.0,103.0,124.0,136.0,159.0,175.0,201.0,225.0,265.0,316.0,361.0,422.0,495.0,575.0,653.0,742.0,859.0,973.0,1123.0,1255.0,1422.0,1623.0,1827.0,2042.0,2352.0,2672.0,3008.0,3434.0,3918.0,4440.0,4996.0,5621.0,6330.0,7111.0,7981.0,9058.0,10312.0,11633.0,13077.0,14585.0,15946.0,16906.0,17577.0,17942.0,18106.0,17970.0,17751.0,17522.0,17128.0,16618.0,16098.0,15549.0,14927.0,14291.0,13732.0,13231.0,12657.0,12085.0,11557.0,10987.0,10481.0,9923.0,9424.0,8938.0,8504.0,8094.0,7696.0,7287.0,6903.0,6497.0,6185.0,5887.0,5570.0,5294.0,5065.0,4814.0
0.0,0.0,0.0,0.0,0.0,3.0,4.0,5.0,5.0,6.0,7.0,7.0,8.0,13.0,18.0,22.0,24.0,27.0,28.0,31.0,34.0,36.0,42.0,47.0,50.0,63.0,63.0,78.0,94.0,103.0,121.0,138.0,151.0,158.0,179.0,212.0,241.0,281.0,323.0,368.0,412.0,467.0,546.0,614.0,667.0,768.0,872.0,994.0,1147.0,1302.0,1485.0,1695.0,1921.0,2163.0,2495.0,2800.0,3163.0,3627.0,4125.0,4641.0,5253.0,5751.0,6115.0,6399.0,6542.0,6624.0,6554.0,6475.0,6360.0,6307.0,6183.0,5963.0,5789.0,5605.0,5352.0,5155.0,4919.0,4716.0,4479.0,4256.0,4080.0,3855.0,3648.0,3454.0,3280.0,3115.0,2968.0,2817.0,2656.0,2527.0,2386.0,2272.0,2187.0,2086.0,1980.0,1881.0,1778.0
0.0,0.0,1.0,2.0,2.0,6.0,5.0,6.0,7.0,6.0,7.0,11.0,11.0,14.0,13.0,14.0,19.0,17.0,18.0,18.0,18.0,17.0,25.0,31.0,44.0,56.0,64.0,74.0,97.0,112.0,128.0,139.0,161.0,184.0,212.0,238.0,264.0,298.0,364.0,400.0,469.0,533.0,615.0,726.0,827.0,953.0,1067.0,1252.0,1383.0,1572.0,1796.0,2047.0,2311.0,2636.0,2965.0,3369.0,3850.0,4361.0,4953.0,5615.0,6363.0,7003.0,7449.0,7726.0,7896.0,7917.0,7930.0,7863.0,7709.0,7620.0,7465.0,7256.0,7046.0,6761.0,6532.0,6312.0,6003.0,5744.0,5503.0,5238.0,4984.0,4768.0,4533.0,4295.0,4064.0,3863.0,3691.0,3481.0,3287.0,3112.0,2947.0,2806.0,2671.0,2539.0,2418.0,2312.0,2216.0
0.0,0.0,0.0,0.0,0.0,2.0,3.0,5.0,6.0,9.0,11.0,11.0,11.0,15.0,14.0,19.0,27.0,37.0,34.0,37.0,45.0,53.0,66.0,74.0,90.0,110.0,113.0,130.0,147.0,170.0,200.0,225.0,258.0,291.0,357.0,398.0,453.0,522.0,590.0,666.0,774.0,873.0,1010.0,1151.0,1309.0,1476.0,1641.0,1845.0,2051.0,2346.0,2628.0,2998.0,3425.0,3956.0,4443.0,5046.0,5693.0,6460.0,7261.0,8218.0,9256.0,10180.0,10834.0,11245.0,11535.0,11646.0,11608.0,11483.0,11341.0,11080.0,10811.0,10499.0,10184.0,9834.0,9459.0,9093.0,8659.0,8304.0,7938.0,7544.0,7181.0,6824.0,6485.0,6191.0,5883.0,5586.0,5308.0,5025.0,4789.0,4575.0,4331.0,4108.0,3902.0,3718.0,3550.0,3394.0,3225.0
