0.0,0.0,0.0,1.0,1.0,3.0,4.0,5.0,7.0,11.0,12.0,14.0,13.0,18.0,18.0,21.0,24.0,28.0,30.0,37.0,41.0,49.0,54.0,60.0,75.0,89.0,100.0,107.0,123.0,149.0,174.0,210.0,243.0,293.0,343.0,425.0,475.0,534.0,609.0,697.0,801.0,924.0,1068.0,1205.0,1391.0,1622.0,1859.0,2108.0,2429.0,2752.0,3098.0,3463.0,3808.0,4091.0,4314.0,4473.0,4595.0,4692.0,4738.0,4792.0,4795.0,4753.0,4674.0,4612.0,4552.0,4471.0,4313.0,4166.0,4021.0,3875.0,3749.0,3580.0,3448.0,3335.0,3192.0,3026.0,2919.0,2783.0,2650.0,2521.0,2423.0,2317.0,2224.0,2129.0,2032.0,1951.0
0.0,0.0,0.0,0.0,1.0,2.0,3.0,4.0,5.0,5.0,6.0,5.0,5.0,3.0,3.0,4.0,5.0,5.0,5.0,6.0,5.0,9.0,12.0,13.0,16.0,17.0,19.0,23.0,24.0,31.0,35.0,46.0,57.0,58.0,66.0,78.0,92.0,97.0,104.0,127.0,145.0,176.0,197.0,222.0,251.0,280.0,314.0,363.0,397.0,461.0,503.0,564.0,603.0,630.0,656.0,678.0,697.0,702.0,714.0,730.0,721.0,707.0,688.0,677.0,661.0,634.0,610.0,590.0,562.0,539.0,512.0,483.0,457.0,429.0,407.0,388.0,365.0,352.0,340.0,330.0,318.0,314.0,295.0,281.0,270.0,262.0
0.0,0.0,0.0,0.0,0.0,0.0,0.0,0.0,1.0,3.0,2.0,2.0,2.0,2.0,2.0,3.0,3.0,3.0,4.0,4.0,4.0,2.0,4.0,4.0,5.0,7.0,9.0,12.0,13.0,16.0,17.0,23.0,28.0,37.0,47.0,50.0,60.0,70.0,88.0,108.0,131.0,164.0,197.0,221.0,235.0,267.0,317.0,367.0,424.0,504.0,574.0,638.0,685.0,746.0,783.0,797.0,808.0,832.0,834.0,861.0,865.0,876.0,861.0,844.0,825.0,803.0,779.0,747.0,714.0,693.0,670.0,645.0,616.0,591.0,566.0,546.0,523.0,496.0,481.0,466.0,444.0,422.0,402.0,386.0,374.0,359.0
0.0,0.0,0.0,0.0,0.0,1.0,1.0,3.0,3.0,5.0,5.0,6.0,6.0,7.0,10.0,10.0,17.0,22.0,25.0,32.0,38.0,46.0,60.0,61.0,72.0,84.0,96.0,111.0,123.0,134.0,161.0,186.0,217.0,236.0,254.0,288.0,323.0,379.0,426.0,493.0,566.0,643.0,734.0,850.0,963.0,1104.0,1279.0,1454.0,1675.0,1865.0,2047.0,2261.0,2440.0,2652.0,2742.0,2831.0,2906.0,2966.0,3018.0,3017.0,2994.0,2956.0,2913.0,2861.0,2788.0,2722.0,2654.0,2572.0,2488.0,2393.0,2298.0,2228.0,2155.0,2054.0,1961.0,1877.0,1802.0,1728.0,1644.0,1573.0,1514.0,1447.0,1386.0,1319.0,1263.0,1203.0
0.0,0.0,0.0,0.0,0.0,1.0,1.0,2.0,2.0,3.0,4.0,5.0,5.0,8.0,11.0,13.0,19.0,26.0,33.0,40.0,44.0,47.0,50.0,60.0,63.0,77.0,86.0,103.0,119.0,140.0,162.0,188.0,204.0,235.0,283.0,329.0,401.0,459.0,534.0,648.0,725.0,854.0,996.0,1139.0,1305.0,1507.0,1719.0,1978.0,2256.0,2593.0,2925.0,3226.0,3524.0,3742.0,3913.0,4073.0,4184.0,4322.0,4400.0,4411.0,4391.0,4369.0,4288.0,4239.0,4168.0,4075.0,3969.0,3850.0,3721.0,3587.0,3457.0,3299.0,3175.0,3044.0,2937.0,2826.0,2717.0,2600.0,2493.0,2387.0,2290.0,2212.0,2111.0,2023.0,1929.0,1848.0
0.0,0.0,0.0,0.0,0.0,0.0,0.0,2.0,4.0,5.0,6.0,9.0,9.0,13.0,17.0,16.0,24.0,30.0,37.0,41.0,42.0,52.0,55.0,60.0,69.0,83.0,97.0,114.0,133.0,142.0,165.0,189.0,213.0,243.0,288.0,332.0,380.0,427.0,496.0,565.0,652.0,737.0,873.0,1002.0,1141.0,1301.0,1480.0,1712.0,1964.0,2268.0,2546.0,2836.0,3093.0,3264.0,3436.0,3545.0,3591.0,3709.0,3765.0,3772.0,3785.0,3768.0,3719.0,3685.0,3642.0,3539.0,3437.0,3295.0,3193.0,3075.0,2953.0,2839.0,2727.0,2624.0,2503.0,2392.0,2249.0,2155.0,2060.0,1968.0,1874.0,1788.0,1695.0,1631.0,1549.0,1482.0
0.0,0.0,0.0,1.0,1.0,1.0,1.0,1.0,2.0,4.0,4.0,8.0,8.0,11.0,12.0,13.0,20.0,26.0,30.0,34.0,44.0,52.0,59.0,70.0,74.0,83.0,99.0,114.0,122.0,144.0,180.0,213.0,250.0,291.0,316.0,353.0,406.0,485.0,544.0,630.0,719.0,826.0,975.0,1161.0,1329.0,1530.0,1742.0,1969.0,2228.0,2562.0,2872.0,3235.0,3480.0,3743.0,3949.0,4159.0,4220.0,4326.0,4354.0,4387.0,4357.0,4337.0,4291.0,4220.0,4122.0,4020.0,3906.0,3801.0,3697.0,3570.0,3426.0,3263.0,3138.0,2994.0,2866.0,2732.0,2613.0,2507.0,2406.0,2318.0,2196.0,2098.0,2006.0,1903.0,1812.0,1748.0
0.0,0.0,0.0,0.0,0.0,2.0,4.0,4.0,5.0,6.0,6.0,8.0,7.0,8.0,10.0,11.0,11.0,12.0,12.0,16.0,17.0,22.0,28.0,32.0,37.0,40.0,52.0,60.0,75.0,84.0,93.0,111.0,129.0,159.0,177.0,206.0,225.0,253.0,298.0,350.0,391.0,456.0,527.0,628.0,719.0,822.0,956.0,1111.0,1300.0,1516.0,1750.0,1953.0,2155.0,2291.0,2427.0,2526.0,2616.0,2691.0,2733.0,2758.0,2770.0,2745.0,2693.0,2653.0,2554.0,2503.0,2443.0,2351.0,2277.0,2198.0,2120.0,2039.0,1957.0,1896.0,1835.0,1765.0,1684.0,1603.0,1545.0,1474.0,1423.0,1352.0,1289.0,1232.0,1186.0,1136.0
0.0,0.0,0.0,0.0,0.0,0.0,0.0,0.0,2.0,3.0,6.0,7.0,10.0,14.0,16.0,18.0,20.0,26.0,28.0,30.0,34.0,36.0,48.0,60.0,63.0,73.0,89.0,106.0,119.0,136.0,148.0,166.0,198.0,212.0,241.0,274.0,315.0,364.0,410.0,469.0,552.0,619.0,707.0,811.0,932.0,1077.0,1271.0,1484.0,1702.0,1974.0,2222.0,2473.0,2740.0,2916.0,3045.0,3162.0,3272.0,3336.0,3374.0,3370.0,3331.0,3272.0,3225.0,3123.0,3015.0,2931.0,2832.0,2732.0,2634.0,2559.0,2450.0,2369.0,2256.0,2175.0,2072.0,1982.0,1902.0,1820.0,1737.0,1647.0,1573.0,1501.0,1437.0,1361.0,1294.0,1244.0
0.0,0.0,0.0,1.0,1.0,1.0,3.0,5.0,5.0,7.0,6.0,7.0,9.0,7.0,7.0,8.0,12.0,14.0,16.0,16.0,19.0,21.0,28.0,30.0,35.0,43.0,44.0,47.0,54.0,61.0,70.0,78.0,90.0,118.0,125.0,150.0,168.0,192.0,220.0,266.0,301.0,344.0,391.0,439.0,492.0,583.0,647.0,734.0,843.0,965.0,1065.0,1190.0,1306.0,1388.0,1434.0,1482.0,1531.0,1562.0,1576.0,1551.0,1581.0,1584.0,1572.0,1544.0,1525.0,1457.0,1437.0,1374.0,1334.0,1289.0,1253.0,1202.0,1160.0,1123.0,1081.0,1045.0,1002.0,950.0,911.0,885.0,839.0,798.0,763.0,738.0,703.0,667.0
0.0,0.0,0.0,0.0,0.0,1.0,1.0,1.0,4.0,5.0,4.0,5.0,6.0,8.0,13.0,14.0,19.0,23.0,25.0,28.0,32.0,39.0,39.0,37.0,42.0,51.0,62.0,77.0,83.0,87.0,108.0,114.0,129.0,148.0,166.0,202.0,228.0,256.0,310.0,345.0,375.0,436.0,512.0,602.0,707.0,809.0,948.0,1067.0,1223.0,1403.0,1565.0,1737.0,1954.0,2088.0,2206.0,2314.0,2398.0,2444.0,2472.0,2490.0,2488.0,2502.0,2472.0,2417.0,2383.0,2334.0,2279.0,2216.0,2129.0,2048.0,1972.0,1906.0,1826.0,1743.0,1680.0,1605.0,1521.0,1452.0,1395.0,1335.0,1282.0,1221.0,1157.0,1118.0,1061.0,1008.0
0.0,0.0,0.0,0.0,0.0,1.0,3.0,3.0,3.0,4.0,5.0,6.0,5.0,6.0,8.0,9.0,10.0,13.0,14.0,13.0,16.0,18.0,18.0,19.0,19.0,24.0,31.0,35.0,39.0,46.0,58.0,62.0,66.0,78.0,90.0,94.0,103.0,112.0,128.0,134.0,155.0,172.0,197.0,225.0,281.0,323.0,360.0,409.0,454.0,529.0,601.0,671.0,734.0,806.0,854.0,891.0,921.0,943.0,953.0,942.0,929.0,924.0,908.0,897.0,893.0,867.0,830.0,810.0,784.0,754.0,724.0,705.0,672.0,643.0,618.0,596.0,576.0,542.0,523.0,505.0,483.0,457.0,442.0,416.0,394.0,373.0
0.0,0.0,0.0,0.0,1.0,3.0,4.0,6.0,7.0,7.0,8.0,9.0,11.0,10.0,12.0,15.0,17.0,18.0,18.0,20.0,21.0,23.0,23.0,25.0,34.0,40.0,48.0,54.0,58.0,71.0,87.0,95.0,118.0,127.0,133.0,152.0,166.0,194.0,228.0,265.0,296.0,340.0,387.0,460.0,535.0,602.0,694.0,762.0,855.0,973.0,1082.0,1202.0,1335.0,1441.0,1525.0,1620.0,1671.0,1720.0,1718.0,1719.0,1713.0,1707.0,1690.0,1668.0,1611.0,1576.0,1530.0,1490.0,1416.0,1361.0,1309.0,1264.0,1202.0,1162.0,1112.0,1062.0,1002.0,957.0,927.0,868.0,826.0,787.0,754.0,732.0,706.0,672.0
0.0,0.0,0.0,0.0,0.0,0.0,0.0,1.0,3.0,4.0,3.0,4.0,7.0,9.0,10.0,16.0,21.0,22.0,24.0,27.0,32.0,38.0,44.0,54.0,61.0,65.0,74.0,80.0,97.0,112.0,133.0,160.0,188.0,211.0,241.0,279.0,315.0,362.0,403.0,440.0,500.0,567.0,648.0,740.0,839.0,963.0,1121.0,1280.0,1470.0,1673.0,1849.0,2063.0,2249.0,2428.0,2561.0,2642.0,2747.0,2831.0,2846.0,2869.0,2866.0,2846.0,2809.0,2785.0,2704.0,2674.0,2613.0,2542.0,2460.0,2376.0,2288.0,2184.0,2074.0,1979.0,1927.0,1830.0,1735.0,1668.0,1588.0,1514.0,1447.0,1386.0,1327.0,1284.0,1216.0,1152.0
0.0,0.0,0.0,0.0,0.0,1.0,4.0,5.0,5.0,9.0,12.0,14.0,18.0,21.0,24.0,33.0,37.0,40.0,49.0,54.0,59.0,79.0,85.0,93.0,112.0,128.0,149.0,177.0,194.0,221.0,260.0,296.0,333.0,378.0,435.0,502.0,587.0,691.0,786.0,892.0,1036.0,1185.0,1355.0,1538.0,1786.0,2041.0,2319.0,2710.0,3138.0,3603.0,4020.0,4468.0,4901.0,5249.0,5535.0,5758.0,5930.0,6077.0,6185.0,6231.0,6221.0,6129.0,6039.0,5941.0,5814.0,5675.0,5494.0,5313.0,5115.0,4897.0,4710.0,4512.0,4328.0,4126.0,3955.0,3793.0,3651.0,3524.0,3363.0,3210.0,3084.0,2919.0,2799.0,2678.0,2556.0,2437.0
0.0,0.0,0.0,0.0,0.0,0.0,0.0,3.0,3.0,2.0,3.0,6.0,8.0,8.0,12.0,15.0,19.0,25.0,29.0,30.0,32.0,39.0,41.0,53.0,64.0,73.0,88.0,102.0,119.0,136.0,169.0,192.0,232.0,281.0,340.0,364.0,427.0,499.0,583.0,650.0,732.0,855.0,974.0,1121.0,1268.0,1440.0,1673.0,1906.0,2202.0,2519.0,2909.0,3214.0,3503.0,3767.0,3983.0,4110.0,4235.0,4367.0,4403.0,4433.0,4432.0,4398.0,4311.0,4195.0,4106.0,4022.0,3905.0,3760.0,3619.0,3499.0,3374.0,3233.0,3091.0,2963.0,2835.0,2719.0,2593.0,2476.0,2376.0,2267.0,2170.0,2090.0,1987.0,1911.0,1817.0,1740.0
0.0,0.0,0.0,0.0,0.0,1.0,2.0,3.0,3.0,4.0,5.0,7.0,7.0,7.0,6.0,7.0,10.0,13.0,14.0,19.0,19.0,26.0,25.0,29.0,40.0,48.0,67.0,79.0,87.0,98.0,123.0,137.0,165.0,202.0,233.0,285.0,340.0,424.0,483.0,566.0,651.0,767.0,863.0,1004.0,1149.0,1359.0,1561.0,1850.0,2138.0,2446.0,2741.0,3103.0,3387.0,3623.0,3820.0,4016.0,4134.0,4170.0,4185.0,4204.0,4203.0,4144.0,4085.0,3973.0,3881.0,3806.0,3687.0,3571.0,3472.0,3397.0,3295.0,3139.0,3023.0,2928.0,2795.0,2663.0,2537.0,2445.0,2350.0,2248.0,2139.0,2052.0,1964.0,1885.0,1785.0,1696.0
0.0,0.0,0.0,0.0,2.0,3.0,4.0,6.0,6.0,7.0,7.0,7.0,6.0,7.0,8.0,8.0,9.0,9.0,7.0,8.0,10.0,9.0,11.0,13.0,13.0,14.0,17.0,19.0,25.0,29.0,32.0,34.0,37.0,45.0,50.0,57.0,64.0,74.0,95.0,112.0,132.0,149.0,187.0,218.0,253.0,301.0,348.0,405.0,470.0,550.0,625.0,693.0,757.0,810.0,891.0,922.0,941.0,951.0,989.0,993.0,1007.0,986.0,968.0,933.0,917.0,890.0,871.0,843.0,825.0,798.0,770.0,742.0,716.0,679.0,663.0,634.0,610.0,586.0,562.0,539.0,519.0,492.0,467.0,447.0,431.0,412.0
0.0,0.0,0.0,0.0,0.0,0.0,1.0,3.0,5.0,5.0,6.0,7.0,10.0,11.0,16.0,17.0,21.0,33.0,40.0,46.0,53.0,58.0,66.0,87.0,107.0,128.0,156.0,172.0,209.0,250.0,302.0,360.0,418.0,511.0,572.0,660.0,768.0,869.0,990.0,1148.0,1326.0,1564.0,1812.0,2123.0,2448.0,2801.0,3250.0,3748.0,4280.0,4888.0,5501.0,6063.0,6595.0,7055.0,7451.0,7741.0,7998.0,8140.0,8201.0,8207.0,8135.0,8029.0,7950.0,7808.0,7654.0,7454.0,7269.0,7050.0,6810.0,6572.0,6363.0,6103.0,5881.0,5650.0,5419.0,5183.0,4976.0,4738.0,4519.0,4321.0,4126.0,3951.0,3760.0,3595.0,3434.0,3277.0
0.0,0.0,0.0,0.0,0.0,0.0,1.0,1.0,4.0,5.0,7.0,8.0,9.0,10.0,12.0,16.0,19.0,28.0,28.0,32.0,38.0,43.0,50.0,61.0,63.0,74.0,92.0,110.0,129.0,157.0,182.0,207.0,245.0,278.0,308.0,348.0,396.0,455.0,528.0,599.0,709.0,807.0,951.0,1090.0,1274.0,1480.0,1682.0,1923.0,2217.0,2509.0,2818.0,3145.0,3463.0,3719.0,3920.0,4072.0,4219.0,4308.0,4383.0,4421.0,4437.0,4428.0,4373.0,4282.0,4151.0,4028.0,3906.0,3794.0,3663.0,3510.0,3361.0,3249.0,3137.0,3011.0,2847.0,2723.0,2589.0,2472.0,2375.0,2256.0,2162.0,2078.0,1961.0,1873.0,1785.0,1699.0
0.0,1.0,1.0,1.0,2.0,4.0,6.0,6.0,7.0,6.0,9.0,10.0,14.0,18.0,18.0,25.0,27.0,31.0,35.0,47.0,51.0,60.0,70.0,77.0,99.0,113.0,138.0,145.0,174.0,194.0,229.0,256.0,301.0,325.0,377.0,427.0,490.0,560.0,668.0,758.0,872.0,999.0,1132.0,1297.0,1464.0,1669.0,1904.0,2203.0,2487.0,2826.0,3160.0,3454.0,3741.0,4002.0,4232.0,4449.0,4566.0,4600.0,4646.0,4616.0,4611.0,4555.0,4503.0,4440.0,4323.0,4234.0,4090.0,4008.0,3864.0,3730.0,3616.0,3466.0,3350.0,3220.0,3072.0,2943.0,2813.0,2681.0,2564.0,2456.0,2352.0,2253.0,2171.0,2071.0,1980.0,1907.0
0.0,0.0,0.0,0.0,0.0,1.0,3.0,3.0,3.0,4.0,5.0,8.0,11.0,13.0,15.0,23.0,28.0,36.0,40.0,44.0,55.0,58.0,66.0,74.0,82.0,86.0,95.0,108.0,123.0,132.0,152.0,189.0,203.0,246.0,280.0,322.0,370.0,418.0,480.0,558.0,648.0,742.0,864.0,975.0,1105.0,1279.0,1462.0,1644.0,1890.0,2235.0,2527.0,2815.0,3071.0,3260.0,3463.0,3607.0,3704.0,3756.0,3783.0,3785.0,3786.0,3739.0,3666.0,3624.0,3535.0,3464.0,3360.0,3255.0,3153.0,3047.0,2938.0,2827.0,2713.0,2628.0,2526.0,2438.0,2344.0,2241.0,2135.0,2056.0,1965.0,1878.0,1790.0,1714.0,1655.0,1576.0
0.0,0.0,0.0,0.0,1.0,2.0,2.0,2.0,2.0,3.0,3.0,5.0,6.0,8.0,8.0,9.0,10.0,12.0,14.0,19.0,21.0,26.0,26.0,29.0,37.0,45.0,46.0,53.0,54.0,59.0,66.0,76.0,89.0,104.0,127.0,152.0,162.0,184.0,205.0,259.0,281.0,309.0,342.0,408.0,460.0,536.0,628.0,702.0,836.0,934.0,1056.0,1182.0,1299.0,1394.0,1468.0,1527.0,1593.0,1625.0,1648.0,1646.0,1649.0,1629.0,1625.0,1606.0,1556.0,1516.0,1481.0,1431.0,1366.0,1302.0,1257.0,1210.0,1159.0,1118.0,1066.0,1029.0,995.0,952.0,914.0,859.0,820.0,790.0,757.0,730.0,699.0,680.0
0.0,0.0,0.0,0.0,1.0,1.0,1.0,3.0,4.0,7.0,7.0,7.0,7.0,9.0,10.0,10.0,12.0,13.0,13.0,14.0,14.0,19.0,21.0,23.0,25.0,33.0,37.0,40.0,36.0,38.0,40.0,43.0,50.0,60.0,69.0,82.0,93.0,103.0,112.0,128.0,137.0,154.0,177.0,204.0,220.0,248.0,287.0,331.0,378.0,436.0,485.0,546.0,603.0,666.0,720.0,748.0,782.0,813.0,824.0,827.0,826.0,810.0,785.0,781.0,764.0,749.0,729.0,704.0,662.0,640.0,603.0,584.0,559.0,525.0,502.0,489.0,463.0,447.0,421.0,403.0,387.0,367.0,351.0,340.0,330.0,316.0
0.0,0.0,0.0,0.0,0.0,3.0,3.0,7.0,6.0,8.0,10.0,11.0,13.0,14.0,15.0,16.0,17.0,19.0,18.0,20.0,24.0,29.0,38.0,43.0,44.0,48.0,59.0,68.0,75.0,85.0,94.0,102.0,124.0,147.0,167.0,207.0,240.0,257.0,293.0,333.0,377.0,442.0,492.0,555.0,645.0,739.0,834.0,939.0,1097.0,1257.0,1442.0,1613.0,1747.0,1904.0,2002.0,2114.0,2160.0,2205.0,2255.0,2273.0,2266.0,2254.0,2199.0,2155.0,2103.0,2027.0,1969.0,1917.0,1871.0,1810.0,1736.0,1683.0,1628.0,1560.0,1501.0,1426.0,1397.0,1328.0,1270.0,1207.0,1156.0,1089.0,1039.0,982.0,931.0,899.0
0.0,0.0,0.0,0.0,0.0,0.0,2.0,5.0,5.0,5.0,5.0,7.0,7.0,8.0,8.0,10.0,10.0,14.0,14.0,12.0,13.0,11.0,12.0,17.0,20.0,21.0,21.0,23.0,27.0,34.0,44.0,50.0,58.0,66.0,69.0,77.0,86.0,102.0,108.0,124.0,148.0,160.0,187.0,209.0,244.0,288.0,330.0,362.0,430.0,495.0,557.0,593.0,660.0,685.0,721.0,766.0,798.0,817.0,853.0,867.0,862.0,850.0,842.0,835.0,808.0,795.0,774.0,749.0,734.0,723.0,691.0,668.0,647.0,628.0,603.0,582.0,558.0,536.0,510.0,485.0,470.0,455.0,430.0,413.0,400.0,375.0
0.0,0.0,0.0,0.0,1.0,1.0,2.0,2.0,4.0,4.0,5.0,5.0,5.0,6.0,6.0,7.0,9.0,8.0,8.0,12.0,13.0,14.0,17.0,19.0,21.0,21.0,24.0,26.0,29.0,29.0,49.0,51.0,55.0,60.0,70.0,78.0,86.0,97.0,112.0,119.0,140.0,165.0,194.0,219.0,253.0,284.0,321.0,356.0,398.0,454.0,517.0,554.0,597.0,652.0,682.0,698.0,720.0,731.0,732.0,737.0,749.0,741.0,732.0,718.0,705.0,673.0,647.0,639.0,620.0,604.0,591.0,574.0,556.0,543.0,515.0,500.0,484.0,453.0,430.0,418.0,401.0,391.0,373.0,358.0,339.0,326.0
0.0,0.0,0.0,0.0,0.0,1.0,2.0,2.0,3.0,4.0,5.0,7.0,7.0,7.0,10.0,12.0,12.0,14.0,15.0,17.0,26.0,34.0,42.0,48.0,57.0,60.0,68.0,76.0,89.0,93.0,103.0,114.0,126.0,149.0,166.0,175.0,206.0,254.0,297.0,335.0,387.0,458.0,519.0,603.0,674.0,762.0,843.0,985.0,1172.0,1369.0,1572.0,1764.0,1962.0,2096.0,2233.0,2342.0,2420.0,2440.0,2472.0,2504.0,2539.0,2544.0,2520.0,2471.0,2441.0,2364.0,2332.0,2248.0,2163.0,2073.0,1991.0,1925.0,1824.0,1762.0,1684.0,1624.0,1536.0,1476.0,1419.0,1353.0,1275.0,1223.0,1159.0,1119.0,1064.0,1020.0
0.0,0.0,0.0,1.0,1.0,1.0,2.0,3.0,4.0,4.0,6.0,7.0,9.0,10.0,11.0,13.0,16.0,24.0,26.0,26.0,30.0,33.0,32.0,34.0,40.0,42.0,44.0,52.0,57.0,71.0,81.0,104.0,124.0,160.0,179.0,210.0,237.0,264.0,301.0,351.0,408.0,453.0,512.0,576.0,651.0,754.0,896.0,1036.0,1215.0,1337.0,1555.0,1723.0,1860.0,1991.0,2114.0,2176.0,2281.0,2323.0,2349.0,2341.0,2357.0,2327.0,2285.0,2234.0,2170.0,2120.0,2055.0,2000.0,1940.0,1877.0,1793.0,1715.0,1657.0,1603.0,1537.0,1477.0,1402.0,1346.0,1298.0,1239.0,1170.0,1124.0,1074.0,1014.0,968.0,932.0
0.0,0.0,0.0,1.0,0.0,3.0,2.0,6.0,5.0,5.0,7.0,7.0,9.0,8.0,9.0,9.0,11.0,15.0,16.0,17.0,21.0,27.0,29.0,29.0,33.0,36.0,38.0,42.0,47.0,61.0,68.0,77.0,93.0,104.0,115.0,128.0,153.0,173.0,201.0,244.0,287.0,317.0,366.0,441.0,509.0,570.0,667.0,775.0,914.0,1031.0,1179.0,1304.0,1420.0,1512.0,1592.0,1663.0,1734.0,1769.0,1792.0,1808.0,1816.0,1786.0,1738.0,1720.0,1675.0,1621.0,1593.0,1531.0,1488.0,1436.0,1376.0,1311.0,1280.0,1217.0,1176.0,1128.0,1088.0,1037.0,994.0,955.0,914.0,870.0,826.0,781.0,731.0,692.0
0.0,0.0,0.0,0.0,2.0,2.0,3.0,6.0,8.0,8.0,10.0,9.0,8.0,8.0,9.0,10.0,12.0,13.0,16.0,20.0,23.0,22.0,24.0,28.0,28.0,40.0,51.0,57.0,56.0,65.0,89.0,118.0,140.0,149.0,164.0,191.0,227.0,267.0,303.0,350.0,390.0,452.0,518.0,594.0,704.0,841.0,997.0,1148.0,1321.0,1502.0,1710.0,1915.0,2113.0,2228.0,2383.0,2504.0,2569.0,2601.0,2644.0,2631.0,2638.0,2621.0,2576.0,2544.0,2473.0,2426.0,2367.0,2286.0,2206.0,2142.0,2044.0,1974.0,1893.0,1824.0,1742.0,1671.0,1605.0,1507.0,1442.0,1385.0,1320.0,1276.0,1220.0,1166.0,1116.0,1065.0
0.0,0.0,0.0,1.0,2.0,2.0,2.0,2.0,2.0,4.0,5.0,7.0,7.0,7.0,9.0,9.0,12.0,14.0,17.0,19.0,22.0,22.0,26.0,34.0,38.0,38.0,42.0,48.0,49.0,59.0,73.0,89.0,106.0,118.0,132.0,152.0,177.0,206.0,263.0,295.0,333.0,378.0,441.0,510.0,598.0,673.0,755.0,850.0,976.0,1128.0,1257.0,1392.0,1510.0,1627.0,1728.0,1800.0,1866.0,1883.0,1908.0,1929.0,1928.0,1933.0,1917.0,1907.0,1875.0,1829.0,1773.0,1726.0,1680.0,1644.0,1571.0,1519.0,1450.0,1414.0,1362.0,1312.0,1265.0,1209.0,1146.0,1084.0,1023.0,988.0,950.0,909.0,872.0,833.0
0.0,0.0,0.0,0.0,2.0,2.0,3.0,3.0,3.0,3.0,3.0,4.0,5.0,5.0,4.0,5.0,6.0,10.0,13.0,17.0,21.0,26.0,27.0,29.0,35.0,39.0,44.0,52.0,62.0,79.0,85.0,102.0,123.0,136.0,161.0,176.0,205.0,235.0,270.0,304.0,335.0,401.0,451.0,529.0,608.0,702.0,798.0,917.0,1081.0,1187.0,1341.0,1465.0,1606.0,1732.0,1790.0,1844.0,1899.0,1933.0,1936.0,1944.0,1951.0,1936.0,1901.0,1883.0,1843.0,1815.0,1741.0,1693.0,1641.0,1577.0,1503.0,1463.0,1407.0,1362.0,1314.0,1249.0,1181.0,1121.0,1069.0,1026.0,981.0,936.0,883.0,844.0,803.0,778.0
0.0,0.0,0.0,1.0,1.0,2.0,3.0,4.0,5.0,4.0,4.0,4.0,6.0,7.0,7.0,9.0,10.0,10.0,9.0,10.0,10.0,13.0,15.0,15.0,17.0,19.0,18.0,18.0,17.0,20.0,19.0,23.0,24.0,25.0,31.0,40.0,58.0,68.0,83.0,95.0,104.0,125.0,147.0,171.0,200.0,236.0,270.0,311.0,346.0,401.0,448.0,492.0,532.0,566.0,582.0,607.0,629.0,640.0,668.0,674.0,666.0,670.0,661.0,657.0,643.0,623.0,612.0,600.0,573.0,551.0,537.0,510.0,478.0,461.0,434.0,411.0,396.0,388.0,371.0,340.0,317.0,302.0,293.0,277.0,266.0,258.0
0.0,0.0,0.0,0.0,1.0,1.0,0.0,0.0,0.0,1.0,1.0,1.0,1.0,2.0,1.0,1.0,2.0,3.0,6.0,9.0,10.0,15.0,23.0,28.0,33.0,46.0,56.0,57.0,71.0,86.0,110.0,129.0,141.0,162.0,198.0,220.0,253.0,287.0,327.0,368.0,431.0,496.0,587.0,686.0,780.0,901.0,1024.0,1181.0,1372.0,1588.0,1779.0,1969.0,2141.0,2307.0,2458.0,2577.0,2665.0,2713.0,2722.0,2719.0,2712.0,2666.0,2615.0,2555.0,2504.0,2448.0,2370.0,2307.0,2227.0,2146.0,2080.0,2023.0,1953.0,1880.0,1831.0,1771.0,1703.0,1633.0,1571.0,1489.0,1426.0,1354.0,1297.0,1244.0,1173.0,1135.0
0.0,0.0,0.0,1.0,1.0,1.0,3.0,5.0,6.0,7.0,9.0,14.0,19.0,29.0,28.0,33.0,39.0,49.0,49.0,60.0,68.0,78.0,87.0,94.0,116.0,129.0,142.0,158.0,184.0,219.0,245.0,279.0,322.0,367.0,438.0,510.0,571.0,660.0,756.0,858.0,999.0,1150.0,1325.0,1506.0,1735.0,1987.0,2270.0,2605.0,2997.0,3444.0,3900.0,4314.0,4740.0,5049.0,5313.0,5587.0,5769.0,5888.0,5919.0,5963.0,5964.0,5954.0,5852.0,5707.0,5574.0,5433.0,5281.0,5135.0,4947.0,4785.0,4589.0,4388.0,4204.0,4016.0,3837.0,3674.0,3519.0,3371.0,3209.0,3060.0,2946.0,2832.0,2695.0,2590.0,2494.0,2364.0
0.0,0.0,0.0,0.0,0.0,0.0,1.0,1.0,2.0,3.0,5.0,10.0,13.0,11.0,12.0,15.0,15.0,19.0,22.0,23.0,30.0,34.0,33.0,31.0,42.0,48.0,50.0,59.0,67.0,79.0,90.0,103.0,111.0,129.0,156.0,172.0,199.0,232.0,268.0,327.0,370.0,429.0,498.0,547.0,619.0,717.0,830.0,961.0,1084.0,1238.0,1378.0,1555.0,1707.0,1849.0,1912.0,2026.0,2088.0,2146.0,2195.0,2197.0,2181.0,2185.0,2160.0,2105.0,2075.0,2041.0,2000.0,1924.0,1853.0,1796.0,1736.0,1657.0,1600.0,1539.0,1480.0,1416.0,1354.0,1292.0,1231.0,1177.0,1118.0,1055.0,1024.0,978.0,939.0,896.0
0.0,0.0,0.0,0.0,2.0,2.0,2.0,2.0,2.0,5.0,5.0,4.0,5.0,6.0,10.0,12.0,14.0,21.0,25.0,29.0,32.0,32.0,37.0,39.0,42.0,43.0,50.0,55.0,64.0,72.0,82.0,86.0,90.0,103.0,111.0,122.0,147.0,175.0,194.0,225.0,258.0,283.0,329.0,380.0,448.0,514.0,580.0,648.0,763.0,873.0,982.0,1099.0,1187.0,1324.0,1416.0,1479.0,1551.0,1609.0,1607.0,1595.0,1576.0,1567.0,1548.0,1514.0,1485.0,1444.0,1410.0,1389.0,1330.0,1286.0,1240.0,1203.0,1147.0,1098.0,1038.0,995.0,963.0,930.0,890.0,847.0,813.0,767.0,735.0,709.0,672.0,642.0
0.0,0.0,0.0,0.0,0.0,1.0,1.0,1.0,3.0,4.0,4.0,5.0,4.0,8.0,13.0,16.0,20.0,22.0,32.0,31.0,48.0,57.0,69.0,82.0,101.0,123.0,157.0,178.0,212.0,248.0,304.0,360.0,423.0,493.0,562.0,651.0,719.0,827.0,983.0,1149.0,1306.0,1501.0,1719.0,1988.0,2284.0,2638.0,2999.0,3484.0,3968.0,4531.0,5118.0,5625.0,6165.0,6625.0,7031.0,7272.0,7430.0,7628.0,7711.0,7727.0,7724.0,7617.0,7485.0,7337.0,7160.0,6947.0,6790.0,6572.0,6361.0,6157.0,5897.0,5658.0,5443.0,5194.0,4955.0,4746.0,4551.0,4354.0,4167.0,3986.0,3828.0,3635.0,3481.0,3361.0,3211.0,3058.0
0.0,0.0,0.0,0.0,0.0,0.0,2.0,3.0,4.0,8.0,9.0,8.0,9.0,9.0,12.0,14.0,18.0,19.0,24.0,34.0,40.0,47.0,62.0,72.0,89.0,107.0,132.0,152.0,182.0,197.0,230.0,275.0,316.0,364.0,408.0,479.0,560.0,645.0,763.0,879.0,1035.0,1179.0,1333.0,1520.0,1731.0,1962.0,2235.0,2570.0,2946.0,3390.0,3811.0,4254.0,4624.0,4990.0,5226.0,5409.0,5569.0,5712.0,5782.0,5774.0,5741.0,5701.0,5586.0,5464.0,5348.0,5202.0,5020.0,4860.0,4681.0,4493.0,4325.0,4188.0,4007.0,3840.0,3685.0,3535.0,3380.0,3233.0,3099.0,2977.0,2850.0,2733.0,2616.0,2516.0,2405.0,2289.0
0.0,0.0,0.0,0.0,1.0,2.0,2.0,2.0,2.0,3.0,3.0,5.0,8.0,10.0,11.0,14.0,14.0,16.0,21.0,22.0,29.0,37.0,42.0,52.0,61.0,71.0,80.0,88.0,98.0,112.0,136.0,160.0,187.0,218.0,266.0,307.0,357.0,423.0,486.0,570.0,645.0,736.0,862.0,1003.0,1154.0,1359.0,1595.0,1880.0,2192.0,2512.0,2865.0,3178.0,3454.0,3731.0,3898.0,4111.0,4213.0,4284.0,4271.0,4292.0,4292.0,4259.0,4243.0,4174.0,4115.0,3996.0,3854.0,3719.0,3584.0,3472.0,3331.0,3204.0,3072.0,2957.0,2841.0,2708.0,2586.0,2468.0,2361.0,2250.0,2162.0,2045.0,1943.0,1865.0,1782.0,1706.0
0.0,0.0,0.0,0.0,1.0,1.0,1.0,1.0,1.0,5.0,5.0,5.0,5.0,6.0,8.0,9.0,11.0,13.0,17.0,19.0,21.0,22.0,24.0,30.0,35.0,40.0,49.0,64.0,76.0,89.0,103.0,118.0,144.0,171.0,201.0,237.0,276.0,338.0,368.0,422.0,483.0,544.0,653.0,761.0,861.0,969.0,1120.0,1292.0,1459.0,1670.0,1899.0,2094.0,2312.0,2523.0,2618.0,2708.0,2816.0,2883.0,2904.0,2914.0,2904.0,2898.0,2868.0,2821.0,2731.0,2635.0,2550.0,2471.0,2417.0,2318.0,2212.0,2138.0,2049.0,1967.0,1888.0,1798.0,1713.0,1637.0,1583.0,1509.0,1432.0,1357.0,1294.0,1237.0,1177.0,1132.0
0.0,0.0,0.0,1.0,1.0,1.0,1.0,2.0,2.0,2.0,1.0,1.0,1.0,4.0,4.0,5.0,7.0,13.0,14.0,15.0,16.0,16.0,17.0,17.0,16.0,22.0,26.0,30.0,34.0,40.0,47.0,57.0,71.0,86.0,96.0,109.0,127.0,142.0,155.0,169.0,186.0,215.0,247.0,304.0,354.0,398.0,450.0,518.0,589.0,674.0,743.0,823.0,888.0,948.0,985.0,1018.0,1066.0,1078.0,1102.0,1092.0,1078.0,1061.0,1041.0,1032.0,1023.0,1006.0,978.0,950.0,921.0,882.0,848.0,799.0,766.0,723.0,687.0,655.0,620.0,592.0,572.0,541.0,520.0,496.0,482.0,462.0,454.0,443.0
0.0,0.0,0.0,0.0,1.0,1.0,1.0,2.0,3.0,4.0,6.0,5.0,6.0,8.0,9.0,12.0,15.0,17.0,23.0,26.0,32.0,32.0,35.0,43.0,55.0,63.0,68.0,79.0,91.0,95.0,106.0,118.0,135.0,157.0,186.0,218.0,245.0,280.0,333.0,414.0,473.0,562.0,654.0,783.0,882.0,1018.0,1175.0,1328.0,1537.0,1766.0,2030.0,2273.0,2493.0,2667.0,2768.0,2898.0,2989.0,3022.0,3048.0,3064.0,3103.0,3090.0,3055.0,3000.0,2947.0,2877.0,2806.0,2723.0,2624.0,2525.0,2441.0,2352.0,2257.0,2175.0,2079.0,1998.0,1886.0,1801.0,1710.0,1622.0,1548.0,1476.0,1406.0,1320.0,1265.0,1215.0
0.0,0.0,0.0,0.0,0.0,0.0,0.0,4.0,6.0,10.0,14.0,16.0,21.0,24.0,30.0,34.0,39.0,51.0,49.0,60.0,81.0,102.0,127.0,152.0,170.0,196.0,212.0,271.0,313.0,364.0,422.0,468.0,520.0,589.0,669.0,776.0,901.0,1034.0,1183.0,1332.0,1492.0,1716.0,1977.0,2247.0,2535.0,2946.0,3409.0,3951.0,4546.0,5196.0,5817.0,6472.0,7052.0,7482.0,7815.0,8184.0,8434.0,8595.0,8666.0,8640.0,8601.0,8573.0,8418.0,8281.0,8076.0,7871.0,7658.0,7429.0,7173.0,6907.0,6657.0,6424.0,6158.0,5923.0,5700.0,5458.0,5222.0,5008.0,4788.0,4580.0,4388.0,4222.0,4038.0,3862.0,3706.0,3544.0
0.0,0.0,0.0,0.0,0.0,2.0,2.0,2.0,3.0,3.0,3.0,4.0,3.0,4.0,3.0,4.0,6.0,6.0,9.0,9.0,10.0,14.0,17.0,21.0,28.0,33.0,42.0,48.0,56.0,61.0,71.0,77.0,85.0,92.0,98.0,119.0,139.0,164.0,178.0,202.0,231.0,269.0,316.0,356.0,405.0,460.0,542.0,596.0,689.0,790.0,895.0,1001.0,1067.0,1158.0,1230.0,1270.0,1308.0,1315.0,1312.0,1310.0,1310.0,1291.0,1274.0,1278.0,1267.0,1221.0,1189.0,1144.0,1114.0,1069.0,1020.0,987.0,946.0,911.0,869.0,830.0,788.0,752.0,729.0,691.0,657.0,632.0,610.0,577.0,555.0,534.0
0.0,0.0,0.0,0.0,0.0,1.0,1.0,2.0,3.0,3.0,7.0,9.0,10.0,12.0,16.0,18.0,20.0,24.0,26.0,27.0,31.0,33.0,40.0,43.0,47.0,52.0,55.0,60.0,71.0,81.0,81.0,86.0,105.0,118.0,137.0,158.0,190.0,226.0,248.0,298.0,339.0,393.0,431.0,486.0,560.0,626.0,706.0,820.0,944.0,1088.0,1255.0,1378.0,1532.0,1674.0,1756.0,1824.0,1863.0,1872.0,1895.0,1900.0,1874.0,1857.0,1820.0,1793.0,1766.0,1729.0,1692.0,1648.0,1588.0,1548.0,1500.0,1444.0,1388.0,1339.0,1287.0,1222.0,1168.0,1121.0,1089.0,1049.0,996.0,958.0,909.0,866.0,815.0,783.0
0.0,0.0,0.0,0.0,1.0,1.0,2.0,2.0,2.0,3.0,2.0,2.0,3.0,5.0,5.0,6.0,5.0,6.0,6.0,10.0,12.0,12.0,13.0,15.0,16.0,19.0,24.0,28.0,36.0,41.0,47.0,48.0,57.0,62.0,73.0,90.0,106.0,125.0,146.0,166.0,182.0,216.0,239.0,259.0,301.0,343.0,390.0,458.0,518.0,564.0,627.0,694.0,746.0,818.0,865.0,899.0,916.0,938.0,943.0,937.0,938.0,925.0,912.0,898.0,887.0,870.0,838.0,817.0,791.0,761.0,736.0,707.0,680.0,646.0,616.0,590.0,559.0,534.0,504.0,475.0,439.0,419.0,397.0,379.0,364.0,356.0
0.0,0.0,0.0,0.0,1.0,1.0,1.0,2.0,3.0,3.0,6.0,8.0,7.0,8.0,8.0,10.0,10.0,14.0,16.0,21.0,28.0,27.0,25.0,26.0,31.0,31.0,37.0,45.0,53.0,62.0,73.0,88.0,95.0,107.0,120.0,133.0,155.0,172.0,204.0,240.0,271.0,299.0,352.0,368.0,416.0,482.0,549.0,628.0,751.0,868.0,952.0,1081.0,1175.0,1250.0,1336.0,1391.0,1420.0,1440.0,1451.0,1469.0,1463.0,1435.0,1414.0,1386.0,1352.0,1314.0,1279.0,1239.0,1193.0,1156.0,1120.0,1083.0,1044.0,992.0,967.0,928.0,897.0,859.0,824.0,795.0,750.0,718.0,699.0,662.0,642.0,614.0
0.0,0.0,0.0,0.0,1.0,2.0,2.0,1.0,3.0,3.0,4.0,6.0,7.0,8.0,11.0,13.0,15.0,22.0,29.0,40.0,46.0,56.0,67.0,86.0,94.0,111.0,122.0,137.0,152.0,168.0,195.0,226.0,277.0,318.0,374.0,472.0,535.0,643.0,745.0,857.0,989.0,1143.0,1315.0,1509.0,1786.0,2065.0,2377.0,2712.0,3099.0,3497.0,3978.0,4452.0,4826.0,5171.0,5444.0,5682.0,5890.0,6012.0,6067.0,6089.0,6081.0,6014.0,5890.0,5806.0,5716.0,5550.0,5422.0,5266.0,5040.0,4834.0,4661.0,4496.0,4332.0,4139.0,3970.0,3778.0,3601.0,3471.0,3327.0,3197.0,3053.0,2921.0,2807.0,2678.0,2545.0,2427.0
0.0,0.0,0.0,1.0,1.0,1.0,1.0,2.0,2.0,2.0,2.0,3.0,3.0,3.0,4.0,6.0,6.0,6.0,9.0,11.0,16.0,17.0,17.0,22.0,24.0,26.0,24.0,29.0,33.0,39.0,44.0,45.0,47.0,49.0,56.0,60.0,68.0,77.0,90.0,97.0,103.0,115.0,137.0,153.0,181.0,213.0,243.0,282.0,343.0,416.0,483.0,533.0,594.0,639.0,654.0,682.0,709.0,724.0,727.0,746.0,736.0,741.0,738.0,750.0,728.0,717.0,696.0,673.0,663.0,650.0,622.0,608.0,573.0,556.0,537.0,516.0,494.0,472.0,446.0,422.0,412.0,390.0,373.0,358.0,336.0,315.0
0.0,0.0,0.0,0.0,1.0,2.0,1.0,1.0,2.0,1.0,4.0,6.0,9.0,10.0,13.0,13.0,17.0,20.0,22.0,23.0,28.0,30.0,28.0,34.0,40.0,45.0,46.0,50.0,64.0,73.0,90.0,119.0,141.0,166.0,190.0,226.0,276.0,329.0,387.0,457.0,525.0,589.0,704.0,804.0,942.0,1065.0,1222.0,1433.0,1645.0,1881.0,2151.0,2439.0,2682.0,2845.0,3012.0,3110.0,3190.0,3255.0,3295.0,3302.0,3308.0,3285.0,3222.0,3178.0,3087.0,2994.0,2939.0,2863.0,2771.0,2684.0,2581.0,2469.0,2359.0,2242.0,2134.0,2060.0,1972.0,1889.0,1807.0,1724.0,1642.0,1574.0,1501.0,1451.0,1367.0,1310.0
0.0,0.0,0.0,1.0,1.0,2.0,2.0,2.0,2.0,1.0,4.0,4.0,6.0,8.0,9.0,10.0,12.0,13.0,14.0,15.0,12.0,14.0,25.0,28.0,37.0,48.0,50.0,64.0,79.0,85.0,89.0,96.0,104.0,123.0,133.0,153.0,179.0,206.0,243.0,275.0,323.0,383.0,424.0,481.0,560.0,631.0,713.0,825.0,945.0,1088.0,1211.0,1330.0,1420.0,1524.0,1602.0,1694.0,1713.0,1734.0,1735.0,1764.0,1744.0,1726.0,1722.0,1708.0,1679.0,1621.0,1579.0,1539.0,1507.0,1442.0,1393.0,1333.0,1283.0,1226.0,1182.0,1131.0,1087.0,1053.0,1010.0,968.0,929.0,882.0,855.0,810.0,781.0,762.0
0.0,0.0,0.0,2.0,3.0,3.0,4.0,6.0,6.0,7.0,8.0,9.0,9.0,8.0,8.0,7.0,8.0,9.0,9.0,9.0,10.0,9.0,10.0,12.0,16.0,18.0,20.0,18.0,22.0,24.0,27.0,33.0,32.0,41.0,46.0,45.0,50.0,55.0,66.0,79.0,90.0,111.0,129.0,146.0,175.0,199.0,239.0,271.0,300.0,335.0,376.0,424.0,464.0,503.0,535.0,558.0,584.0,597.0,608.0,608.0,583.0,606.0,612.0,611.0,607.0,587.0,569.0,553.0,527.0,504.0,486.0,460.0,447.0,430.0,406.0,395.0,379.0,357.0,343.0,330.0,319.0,303.0,296.0,286.0,282.0,279.0
0.0,0.0,0.0,1.0,2.0,3.0,3.0,3.0,4.0,4.0,7.0,6.0,7.0,7.0,8.0,8.0,10.0,12.0,15.0,16.0,20.0,22.0,22.0,24.0,26.0,28.0,32.0,34.0,36.0,42.0,41.0,45.0,53.0,56.0,60.0,66.0,73.0,84.0,97.0,121.0,135.0,169.0,183.0,217.0,243.0,287.0,334.0,385.0,448.0,516.0,589.0,670.0,726.0,780.0,840.0,908.0,942.0,950.0,971.0,986.0,995.0,975.0,945.0,931.0,899.0,869.0,850.0,823.0,804.0,784.0,747.0,720.0,700.0,670.0,639.0,610.0,595.0,571.0,542.0,511.0,484.0,459.0,450.0,427.0,411.0,391.0
0.0,0.0,0.0,0.0,0.0,0.0,1.0,1.0,4.0,4.0,8.0,13.0,16.0,22.0,25.0,30.0,36.0,36.0,38.0,41.0,56.0,63.0,68.0,77.0,92.0,115.0,128.0,146.0,168.0,201.0,227.0,247.0,295.0,360.0,401.0,468.0,543.0,642.0,760.0,885.0,1044.0,1213.0,1393.0,1598.0,1818.0,2055.0,2360.0,2775.0,3189.0,3684.0,4157.0,4610.0,5004.0,5394.0,5690.0,5935.0,6129.0,6260.0,6337.0,6367.0,6381.0,6360.0,6229.0,6181.0,6036.0,5894.0,5747.0,5598.0,5430.0,5212.0,5023.0,4846.0,4682.0,4458.0,4225.0,4064.0,3875.0,3699.0,3536.0,3371.0,3232.0,3101.0,2951.0,2810.0,2687.0,2555.0
0.0,0.0,1.0,1.0,0.0,1.0,2.0,5.0,5.0,4.0,5.0,5.0,4.0,6.0,6.0,5.0,8.0,8.0,9.0,10.0,9.0,14.0,15.0,19.0,21.0,21.0,26.0,31.0,35.0,34.0,39.0,44.0,55.0,61.0,65.0,77.0,78.0,95.0,105.0,126.0,141.0,168.0,200.0,241.0,277.0,320.0,373.0,419.0,491.0,563.0,626.0,687.0,715.0,764.0,801.0,829.0,859.0,870.0,897.0,917.0,917.0,905.0,893.0,867.0,845.0,816.0,778.0,749.0,721.0,702.0,677.0,651.0,630.0,605.0,573.0,558.0,535.0,506.0,470.0,454.0,430.0,407.0,391.0,383.0,367.0,347.0
0.0,0.0,0.0,0.0,1.0,2.0,2.0,2.0,4.0,5.0,5.0,6.0,7.0,8.0,10.0,11.0,11.0,11.0,15.0,17.0,19.0,22.0,25.0,28.0,27.0,30.0,35.0,38.0,41.0,47.0,51.0,55.0,57.0,58.0,65.0,69.0,71.0,80.0,88.0,90.0,101.0,118.0,130.0,146.0,165.0,186.0,216.0,262.0,291.0,327.0,374.0,409.0,456.0,495.0,529.0,561.0,566.0,573.0,569.0,558.0,546.0,547.0,555.0,536.0,522.0,514.0,488.0,473.0,458.0,437.0,422.0,401.0,390.0,382.0,359.0,335.0,323.0,306.0,295.0,287.0,266.0,251.0,241.0,232.0,223.0,219.0
0.0,0.0,0.0,2.0,1.0,2.0,2.0,3.0,3.0,4.0,6.0,7.0,12.0,14.0,20.0,20.0,19.0,22.0,27.0,30.0,36.0,43.0,46.0,52.0,60.0,68.0,78.0,97.0,113.0,121.0,140.0,163.0,186.0,219.0,254.0,277.0,323.0,374.0,430.0,512.0,584.0,674.0,777.0,873.0,1014.0,1171.0,1362.0,1608.0,1822.0,2055.0,2358.0,2617.0,2826.0,3026.0,3199.0,3341.0,3472.0,3512.0,3566.0,3578.0,3602.0,3576.0,3510.0,3457.0,3379.0,3282.0,3169.0,3064.0,2980.0,2874.0,2757.0,2651.0,2551.0,2432.0,2324.0,2209.0,2105.0,2005.0,1921.0,1815.0,1741.0,1650.0,1579.0,1508.0,1446.0,1373.0
0.0,0.0,0.0,0.0,0.0,0.0,0.0,1.0,2.0,8.0,9.0,9.0,12.0,12.0,13.0,18.0,21.0,27.0,39.0,43.0,49.0,58.0,72.0,76.0,87.0,100.0,125.0,151.0,166.0,193.0,222.0,249.0,294.0,348.0,400.0,459.0,533.0,628.0,711.0,809.0,930.0,1056.0,1214.0,1391.0,1580.0,1791.0,2074.0,2370.0,2730.0,3104.0,3521.0,3922.0,4272.0,4597.0,4801.0,4999.0,5147.0,5256.0,5325.0,5310.0,5268.0,5233.0,5156.0,5088.0,4968.0,4842.0,4738.0,4606.0,4469.0,4300.0,4160.0,3989.0,3821.0,3690.0,3533.0,3372.0,3210.0,3071.0,2924.0,2798.0,2649.0,2515.0,2391.0,2269.0,2168.0,2065.0
0.0,0.0,0.0,0.0,2.0,2.0,3.0,4.0,8.0,8.0,10.0,13.0,14.0,20.0,22.0,27.0,35.0,41.0,47.0,53.0,57.0,74.0,85.0,108.0,118.0,144.0,161.0,191.0,225.0,244.0,282.0,328.0,362.0,408.0,461.0,530.0,604.0,683.0,785.0,909.0,1060.0,1213.0,1426.0,1645.0,1913.0,2181.0,2521.0,2890.0,3295.0,3759.0,4176.0,4588.0,4986.0,5389.0,5684.0,5901.0,6093.0,6226.0,6290.0,6322.0,6308.0,6240.0,6137.0,6040.0,5921.0,5803.0,5663.0,5448.0,5253.0,5091.0,4881.0,4701.0,4501.0,4286.0,4110.0,3940.0,3771.0,3608.0,3448.0,3286.0,3123.0,2996.0,2865.0,2723.0,2592.0,2478.0
0.0,0.0,0.0,0.0,1.0,2.0,4.0,6.0,7.0,8.0,7.0,8.0,8.0,9.0,11.0,12.0,18.0,24.0,25.0,28.0,38.0,42.0,40.0,47.0,52.0,58.0,63.0,69.0,78.0,86.0,99.0,116.0,141.0,161.0,179.0,206.0,247.0,281.0,321.0,389.0,443.0,515.0,586.0,674.0,783.0,921.0,1038.0,1166.0,1301.0,1479.0,1659.0,1862.0,2032.0,2186.0,2312.0,2417.0,2520.0,2565.0,2602.0,2624.0,2591.0,2565.0,2543.0,2498.0,2449.0,2369.0,2296.0,2215.0,2155.0,2083.0,2008.0,1931.0,1871.0,1801.0,1730.0,1641.0,1561.0,1492.0,1432.0,1360.0,1285.0,1214.0,1156.0,1110.0,1057.0,1006.0
0.0,0.0,0.0,0.0,1.0,2.0,3.0,4.0,4.0,4.0,4.0,4.0,5.0,5.0,5.0,5.0,5.0,10.0,11.0,12.0,15.0,21.0,22.0,25.0,28.0,39.0,45.0,59.0,68.0,73.0,78.0,84.0,91.0,107.0,136.0,158.0,189.0,213.0,232.0,269.0,300.0,360.0,416.0,477.0,530.0,616.0,720.0,825.0,945.0,1114.0,1292.0,1431.0,1586.0,1728.0,1832.0,1909.0,1971.0,2030.0,2052.0,2053.0,2075.0,2058.0,2046.0,2006.0,1985.0,1954.0,1890.0,1832.0,1780.0,1721.0,1637.0,1589.0,1507.0,1439.0,1383.0,1331.0,1270.0,1211.0,1157.0,1098.0,1047.0,1005.0,958.0,912.0,864.0,818.0
0.0,0.0,0.0,0.0,2.0,2.0,2.0,2.0,2.0,4.0,3.0,2.0,3.0,6.0,6.0,4.0,7.0,9.0,11.0,12.0,15.0,17.0,18.0,18.0,23.0,25.0,27.0,27.0,33.0,42.0,50.0,56.0,64.0,69.0,82.0,96.0,113.0,130.0,142.0,162.0,175.0,182.0,204.0,243.0,305.0,345.0,388.0,438.0,515.0,585.0,668.0,725.0,809.0,861.0,897.0,924.0,959.0,993.0,971.0,973.0,967.0,968.0,952.0,930.0,905.0,895.0,879.0,852.0,819.0,792.0,751.0,711.0,680.0,663.0,635.0,605.0,580.0,560.0,534.0,508.0,483.0,459.0,434.0,416.0,388.0,365.0
0.0,0.0,0.0,0.0,1.0,2.0,2.0,3.0,4.0,5.0,6.0,8.0,8.0,9.0,9.0,12.0,14.0,17.0,22.0,29.0,33.0,33.0,42.0,54.0,65.0,72.0,81.0,92.0,108.0,115.0,127.0,136.0,151.0,173.0,206.0,241.0,270.0,321.0,378.0,445.0,551.0,619.0,696.0,822.0,965.0,1115.0,1322.0,1459.0,1724.0,1964.0,2222.0,2441.0,2661.0,2890.0,3055.0,3200.0,3278.0,3366.0,3368.0,3407.0,3386.0,3351.0,3299.0,3237.0,3157.0,3080.0,2965.0,2871.0,2762.0,2671.0,2570.0,2483.0,2379.0,2298.0,2206.0,2124.0,2030.0,1943.0,1850.0,1777.0,1722.0,1630.0,1555.0,1487.0,1420.0,1365.0
0.0,0.0,0.0,1.0,1.0,1.0,2.0,2.0,3.0,4.0,4.0,3.0,5.0,5.0,6.0,6.0,11.0,9.0,12.0,15.0,14.0,16.0,16.0,21.0,21.0,26.0,34.0,41.0,49.0,60.0,70.0,84.0,95.0,112.0,133.0,168.0,202.0,240.0,275.0,322.0,381.0,417.0,500.0,620.0,760.0,884.0,1055.0,1191.0,1370.0,1632.0,1878.0,2153.0,2333.0,2530.0,2673.0,2788.0,2893.0,2973.0,3020.0,3025.0,2974.0,2932.0,2904.0,2863.0,2778.0,2693.0,2627.0,2539.0,2458.0,2374.0,2298.0,2209.0,2113.0,2011.0,1915.0,1843.0,1768.0,1678.0,1612.0,1540.0,1486.0,1430.0,1370.0,1321.0,1270.0,1228.0
0.0,0.0,0.0,0.0,0.0,0.0,1.0,2.0,5.0,5.0,5.0,7.0,12.0,11.0,12.0,16.0,16.0,19.0,21.0,24.0,29.0,37.0,44.0,46.0,57.0,58.0,62.0,75.0,87.0,97.0,127.0,138.0,162.0,187.0,217.0,248.0,275.0,314.0,374.0,423.0,503.0,567.0,643.0,736.0,853.0,941.0,1076.0,1230.0,1410.0,1672.0,1891.0,2116.0,2294.0,2427.0,2522.0,2635.0,2729.0,2796.0,2807.0,2793.0,2784.0,2757.0,2729.0,2701.0,2656.0,2609.0,2529.0,2449.0,2331.0,2272.0,2190.0,2095.0,2002.0,1912.0,1834.0,1773.0,1703.0,1647.0,1576.0,1510.0,1449.0,1369.0,1295.0,1234.0,1182.0,1136.0
0.0,0.0,0.0,0.0,0.0,1.0,2.0,3.0,3.0,3.0,3.0,2.0,4.0,6.0,7.0,8.0,8.0,9.0,11.0,12.0,14.0,15.0,19.0,22.0,28.0,35.0,42.0,45.0,49.0,56.0,58.0,67.0,69.0,80.0,89.0,100.0,114.0,135.0,156.0,182.0,205.0,224.0,255.0,287.0,330.0,372.0,438.0,514.0,611.0,682.0,773.0,866.0,950.0,1006.0,1058.0,1088.0,1140.0,1182.0,1193.0,1192.0,1176.0,1187.0,1186.0,1160.0,1143.0,1110.0,1066.0,1018.0,976.0,937.0,902.0,875.0,844.0,824.0,777.0,738.0,717.0,686.0,665.0,645.0,628.0,608.0,578.0,547.0,521.0,509.0
0.0,0.0,0.0,0.0,0.0,0.0,0.0,0.0,0.0,0.0,0.0,1.0,3.0,4.0,3.0,3.0,3.0,6.0,5.0,7.0,7.0,9.0,10.0,10.0,10.0,12.0,15.0,18.0,19.0,23.0,23.0,27.0,29.0,32.0,36.0,40.0,44.0,52.0,62.0,70.0,84.0,96.0,108.0,123.0,149.0,172.0,194.0,217.0,247.0,285.0,317.0,349.0,371.0,415.0,447.0,459.0,476.0,486.0,499.0,492.0,489.0,478.0,457.0,446.0,443.0,421.0,416.0,404.0,396.0,390.0,377.0,355.0,327.0,315.0,303.0,290.0,276.0,263.0,248.0,241.0,232.0,221.0,206.0,198.0,193.0,179.0
0.0,0.0,0.0,0.0,0.0,1.0,3.0,4.0,4.0,5.0,6.0,8.0,8.0,7.0,8.0,8.0,9.0,10.0,13.0,12.0,13.0,19.0,23.0,28.0,33.0,35.0,46.0,54.0,63.0,69.0,81.0,90.0,98.0,116.0,138.0,157.0,178.0,207.0,239.0,267.0,305.0,355.0,416.0,456.0,526.0,584.0,656.0,710.0,827.0,956.0,1076.0,1203.0,1313.0,1408.0,1497.0,1546.0,1595.0,1632.0,1668.0,1678.0,1683.0,1675.0,1649.0,1612.0,1604.0,1569.0,1541.0,1507.0,1465.0,1413.0,1342.0,1285.0,1249.0,1198.0,1138.0,1079.0,1033.0,977.0,947.0,906.0,874.0,846.0,805.0,773.0,745.0,720.0
0.0,0.0,0.0,0.0,0.0,0.0,1.0,2.0,2.0,5.0,8.0,8.0,12.0,12.0,15.0,15.0,18.0,17.0,20.0,27.0,28.0,33.0,40.0,41.0,52.0,64.0,74.0,77.0,87.0,95.0,110.0,132.0,150.0,178.0,206.0,226.0,285.0,326.0,384.0,439.0,491.0,557.0,639.0,724.0,836.0,982.0,1128.0,1270.0,1476.0,1697.0,1919.0,2127.0,2341.0,2504.0,2684.0,2804.0,2891.0,2941.0,2972.0,2976.0,2939.0,2890.0,2833.0,2797.0,2739.0,2687.0,2606.0,2508.0,2428.0,2356.0,2271.0,2164.0,2071.0,1985.0,1901.0,1817.0,1722.0,1649.0,1570.0,1500.0,1425.0,1378.0,1300.0,1244.0,1203.0,1157.0
0.0,0.0,0.0,1.0,1.0,1.0,0.0,1.0,1.0,2.0,3.0,6.0,10.0,13.0,13.0,17.0,17.0,20.0,27.0,35.0,37.0,48.0,53.0,62.0,71.0,73.0,78.0,92.0,101.0,114.0,135.0,151.0,171.0,194.0,223.0,251.0,290.0,325.0,361.0,419.0,492.0,579.0,676.0,788.0,877.0,1020.0,1182.0,1364.0,1602.0,1808.0,2046.0,2246.0,2469.0,2620.0,2766.0,2863.0,2949.0,2989.0,3002.0,3027.0,3055.0,3010.0,2975.0,2907.0,2852.0,2754.0,2678.0,2599.0,2516.0,2413.0,2312.0,2226.0,2120.0,2039.0,1949.0,1880.0,1785.0,1708.0,1630.0,1553.0,1483.0,1410.0,1353.0,1302.0,1261.0,1218.0
0.0,0.0,0.0,0.0,1.0,2.0,2.0,2.0,4.0,7.0,12.0,13.0,15.0,15.0,22.0,25.0,29.0,30.0,33.0,36.0,39.0,44.0,49.0,53.0,59.0,69.0,85.0,97.0,111.0,115.0,125.0,143.0,166.0,190.0,233.0,281.0,322.0,376.0,423.0,482.0,573.0,648.0,751.0,858.0,982.0,1160.0,1319.0,1539.0,1765.0,2006.0,2229.0,2484.0,2740.0,2956.0,3097.0,3258.0,3315.0,3357.0,3398.0,3418.0,3404.0,3382.0,3335.0,3276.0,3193.0,3126.0,3015.0,2934.0,2819.0,2718.0,2605.0,2498.0,2406.0,2320.0,2195.0,2089.0,1986.0,1892.0,1799.0,1723.0,1632.0,1569.0,1514.0,1463.0,1403.0,1342.0
0.0,0.0,0.0,0.0,1.0,2.0,3.0,3.0,2.0,2.0,3.0,5.0,7.0,8.0,10.0,11.0,13.0,19.0,23.0,26.0,29.0,31.0,35.0,32.0,39.0,42.0,41.0,47.0,52.0,61.0,64.0,71.0,93.0,102.0,122.0,142.0,173.0,185.0,201.0,231.0,269.0,303.0,353.0,420.0,469.0,526.0,601.0,672.0,797.0,952.0,1080.0,1216.0,1327.0,1415.0,1497.0,1568.0,1609.0,1623.0,1633.0,1630.0,1615.0,1612.0,1585.0,1555.0,1532.0,1500.0,1460.0,1426.0,1373.0,1330.0,1276.0,1216.0,1174.0,1121.0,1082.0,1029.0,985.0,950.0,897.0,856.0,815.0,772.0,741.0,706.0,685.0,663.0
0.0,0.0,0.0,0.0,0.0,0.0,0.0,2.0,2.0,5.0,5.0,6.0,5.0,6.0,9.0,11.0,13.0,18.0,20.0,21.0,22.0,24.0,32.0,40.0,55.0,63.0,72.0,82.0,99.0,111.0,120.0,132.0,153.0,179.0,203.0,231.0,253.0,281.0,323.0,380.0,433.0,500.0,574.0,654.0,766.0,905.0,1057.0,1214.0,1395.0,1616.0,1827.0,2026.0,2212.0,2369.0,2517.0,2598.0,2653.0,2700.0,2723.0,2721.0,2727.0,2726.0,2693.0,2642.0,2592.0,2554.0,2498.0,2411.0,2354.0,2256.0,2180.0,2111.0,2009.0,1927.0,1864.0,1778.0,1695.0,1625.0,1561.0,1505.0,1445.0,1377.0,1311.0,1246.0,1185.0,1134.0
0.0,0.0,0.0,0.0,0.0,0.0,0.0,1.0,2.0,4.0,6.0,7.0,8.0,10.0,10.0,14.0,16.0,18.0,21.0,26.0,29.0,33.0,37.0,39.0,44.0,47.0,61.0,75.0,86.0,108.0,122.0,132.0,146.0,167.0,190.0,201.0,230.0,256.0,287.0,310.0,360.0,403.0,463.0,533.0,612.0,737.0,851.0,1008.0,1178.0,1332.0,1507.0,1670.0,1806.0,1940.0,2088.0,2171.0,2227.0,2268.0,2292.0,2289.0,2287.0,2300.0,2282.0,2232.0,2170.0,2126.0,2074.0,2019.0,1953.0,1898.0,1839.0,1748.0,1670.0,1591.0,1516.0,1445.0,1385.0,1315.0,1254.0,1203.0,1152.0,1104.0,1048.0,992.0,942.0,906.0
0.0,0.0,0.0,0.0,1.0,1.0,3.0,4.0,5.0,5.0,6.0,6.0,6.0,10.0,10.0,11.0,10.0,12.0,15.0,20.0,23.0,25.0,35.0,38.0,51.0,58.0,66.0,73.0,98.0,110.0,132.0,150.0,165.0,185.0,224.0,249.0,296.0,354.0,412.0,474.0,559.0,641.0,715.0,816.0,932.0,1055.0,1235.0,1434.0,1674.0,1915.0,2138.0,2383.0,2593.0,2777.0,2947.0,3092.0,3143.0,3185.0,3189.0,3187.0,3160.0,3098.0,3057.0,3010.0,2926.0,2853.0,2767.0,2697.0,2626.0,2515.0,2450.0,2367.0,2273.0,2175.0,2056.0,1985.0,1891.0,1814.0,1730.0,1649.0,1589.0,1525.0,1454.0,1390.0,1331.0,1268.0
0.0,0.0,0.0,0.0,0.0,0.0,0.0,1.0,1.0,2.0,4.0,4.0,4.0,5.0,5.0,4.0,6.0,8.0,8.0,8.0,12.0,16.0,24.0,29.0,35.0,37.0,41.0,43.0,56.0,65.0,69.0,76.0,88.0,113.0,134.0,150.0,161.0,176.0,204.0,235.0,266.0,314.0,373.0,427.0,478.0,533.0,638.0,746.0,857.0,1014.0,1154.0,1253.0,1369.0,1454.0,1539.0,1616.0,1645.0,1668.0,1669.0,1647.0,1630.0,1604.0,1584.0,1567.0,1540.0,1502.0,1472.0,1433.0,1389.0,1338.0,1297.0,1264.0,1208.0,1166.0,1107.0,1048.0,993.0,956.0,901.0,863.0,828.0,794.0,749.0,718.0,686.0,653.0
0.0,0.0,0.0,0.0,1.0,1.0,1.0,1.0,1.0,2.0,3.0,4.0,4.0,4.0,5.0,5.0,6.0,6.0,11.0,11.0,13.0,16.0,17.0,18.0,22.0,26.0,33.0,38.0,47.0,56.0,75.0,88.0,93.0,102.0,113.0,125.0,137.0,162.0,182.0,210.0,268.0,302.0,347.0,392.0,457.0,516.0,623.0,741.0,845.0,966.0,1112.0,1238.0,1356.0,1477.0,1536.0,1586.0,1647.0,1673.0,1700.0,1706.0,1701.0,1694.0,1674.0,1656.0,1610.0,1558.0,1527.0,1488.0,1462.0,1408.0,1354.0,1310.0,1239.0,1170.0,1118.0,1058.0,1029.0,983.0,931.0,899.0,862.0,836.0,800.0,765.0,733.0,703.0
0.0,0.0,0.0,0.0,1.0,1.0,1.0,4.0,4.0,6.0,7.0,8.0,8.0,8.0,8.0,8.0,8.0,10.0,15.0,19.0,22.0,26.0,30.0,31.0,30.0,37.0,43.0,49.0,59.0,64.0,76.0,93.0,111.0,128.0,148.0,178.0,216.0,258.0,291.0,333.0,401.0,484.0,562.0,652.0,740.0,861.0,1006.0,1155.0,1311.0,1516.0,1744.0,1921.0,2081.0,2285.0,2420.0,2534.0,2589.0,2649.0,2711.0,2725.0,2703.0,2682.0,2681.0,2677.0,2643.0,2596.0,2542.0,2456.0,2369.0,2297.0,2207.0,2113.0,2035.0,1959.0,1888.0,1796.0,1715.0,1636.0,1549.0,1482.0,1422.0,1361.0,1292.0,1242.0,1194.0,1149.0
0.0,0.0,0.0,0.0,1.0,2.0,4.0,3.0,3.0,4.0,6.0,8.0,7.0,9.0,10.0,13.0,14.0,19.0,21.0,23.0,29.0,35.0,37.0,43.0,49.0,55.0,65.0,77.0,90.0,102.0,111.0,129.0,137.0,159.0,178.0,200.0,241.0,283.0,335.0,379.0,421.0,486.0,565.0,655.0,792.0,930.0,1065.0,1253.0,1423.0,1650.0,1879.0,2126.0,2366.0,2511.0,2640.0,2772.0,2845.0,2905.0,2909.0,2913.0,2909.0,2870.0,2841.0,2804.0,2738.0,2687.0,2586.0,2509.0,2420.0,2331.0,2234.0,2150.0,2065.0,1985.0,1906.0,1805.0,1734.0,1641.0,1564.0,1500.0,1438.0,1378.0,1315.0,1250.0,1193.0,1144.0
0.0,0.0,0.0,1.0,1.0,2.0,2.0,1.0,1.0,3.0,5.0,7.0,9.0,11.0,9.0,10.0,13.0,15.0,15.0,14.0,14.0,18.0,19.0,21.0,27.0,27.0,31.0,36.0,39.0,40.0,44.0,55.0,62.0,69.0,82.0,96.0,92.0,103.0,113.0,132.0,144.0,163.0,191.0,226.0,275.0,317.0,357.0,416.0,482.0,550.0,628.0,709.0,755.0,811.0,860.0,891.0,931.0,955.0,965.0,962.0,957.0,951.0,944.0,914.0,892.0,879.0,839.0,813.0,794.0,767.0,740.0,707.0,687.0,665.0,635.0,615.0,589.0,557.0,533.0,501.0,469.0,450.0,428.0,409.0,394.0,376.0
0.0,0.0,0.0,0.0,0.0,0.0,0.0,0.0,0.0,1.0,1.0,4.0,6.0,7.0,8.0,9.0,10.0,10.0,12.0,13.0,18.0,20.0,22.0,25.0,31.0,40.0,47.0,58.0,80.0,93.0,101.0,119.0,146.0,176.0,197.0,239.0,279.0,318.0,365.0,414.0,468.0,530.0,644.0,745.0,871.0,1031.0,1188.0,1361.0,1570.0,1812.0,2061.0,2271.0,2511.0,2688.0,2826.0,2942.0,2989.0,3068.0,3090.0,3091.0,3099.0,3032.0,2990.0,2936.0,2884.0,2817.0,2726.0,2641.0,2563.0,2457.0,2334.0,2263.0,2166.0,2061.0,1968.0,1891.0,1816.0,1751.0,1662.0,1579.0,1490.0,1434.0,1377.0,1320.0,1249.0,1200.0
0.0,0.0,0.0,0.0,0.0,0.0,1.0,2.0,3.0,4.0,6.0,7.0,9.0,11.0,12.0,15.0,15.0,15.0,16.0,20.0,20.0,24.0,28.0,35.0,40.0,44.0,55.0,74.0,92.0,105.0,117.0,137.0,160.0,193.0,231.0,276.0,306.0,367.0,435.0,494.0,569.0,650.0,749.0,858.0,1006.0,1149.0,1314.0,1532.0,1741.0,1985.0,2272.0,2538.0,2758.0,2966.0,3158.0,3301.0,3366.0,3467.0,3500.0,3530.0,3510.0,3514.0,3461.0,3431.0,3382.0,3324.0,3246.0,3128.0,3016.0,2929.0,2844.0,2745.0,2643.0,2549.0,2423.0,2316.0,2195.0,2092.0,2010.0,1898.0,1843.0,1770.0,1690.0,1633.0,1575.0,1514.0
0.0,0.0,0.0,0.0,1.0,1.0,1.0,1.0,2.0,2.0,4.0,4.0,7.0,8.0,10.0,12.0,14.0,17.0,20.0,23.0,29.0,32.0,38.0,45.0,52.0,56.0,60.0,74.0,96.0,110.0,118.0,134.0,155.0,179.0,202.0,225.0,256.0,307.0,348.0,393.0,468.0,538.0,619.0,733.0,819.0,939.0,1080.0,1239.0,1417.0,1621.0,1814.0,2034.0,2212.0,2347.0,2521.0,2612.0,2674.0,2712.0,2743.0,2729.0,2711.0,2724.0,2704.0,2644.0,2582.0,2515.0,2451.0,2408.0,2308.0,2243.0,2150.0,2070.0,1975.0,1899.0,1819.0,1738.0,1675.0,1613.0,1567.0,1507.0,1446.0,1394.0,1337.0,1282.0,1226.0,1179.0
0.0,0.0,0.0,0.0,1.0,2.0,2.0,2.0,2.0,2.0,3.0,5.0,8.0,12.0,15.0,18.0,26.0,33.0,40.0,43.0,56.0,61.0,72.0,80.0,92.0,102.0,116.0,137.0,165.0,187.0,229.0,251.0,268.0,314.0,366.0,442.0,516.0,617.0,715.0,835.0,960.0,1091.0,1236.0,1437.0,1686.0,1920.0,2208.0,2523.0,2881.0,3287.0,3721.0,4138.0,4502.0,4844.0,5110.0,5320.0,5490.0,5640.0,5712.0,5718.0,5735.0,5701.0,5612.0,5546.0,5491.0,5359.0,5175.0,5004.0,4871.0,4689.0,4511.0,4343.0,4148.0,3976.0,3842.0,3673.0,3511.0,3368.0,3222.0,3057.0,2923.0,2770.0,2663.0,2541.0,2419.0,2318.0
0.0,0.0,0.0,0.0,0.0,1.0,2.0,1.0,2.0,4.0,5.0,6.0,8.0,10.0,9.0,17.0,16.0,18.0,21.0,25.0,28.0,31.0,40.0,45.0,53.0,66.0,78.0,86.0,99.0,115.0,133.0,155.0,187.0,216.0,245.0,312.0,350.0,406.0,465.0,525.0,613.0,706.0,825.0,930.0,1061.0,1238.0,1413.0,1606.0,1832.0,2118.0,2418.0,2666.0,2932.0,3198.0,3327.0,3503.0,3622.0,3691.0,3735.0,3753.0,3765.0,3713.0,3633.0,3558.0,3536.0,3434.0,3339.0,3246.0,3128.0,3047.0,2915.0,2821.0,2702.0,2612.0,2516.0,2412.0,2293.0,2189.0,2088.0,1996.0,1892.0,1812.0,1736.0,1661.0,1579.0,1507.0
0.0,0.0,0.0,0.0,1.0,1.0,1.0,2.0,3.0,5.0,7.0,6.0,8.0,12.0,13.0,16.0,18.0,21.0,27.0,28.0,37.0,43.0,49.0,57.0,66.0,66.0,76.0,87.0,98.0,107.0,110.0,118.0,122.0,132.0,142.0,157.0,167.0,187.0,204.0,211.0,226.0,250.0,279.0,302.0,339.0,372.0,409.0,468.0,536.0,598.0,676.0,756.0,835.0,888.0,939.0,973.0,998.0,1013.0,1023.0,1032.0,1024.0,1039.0,1032.0,1003.0,966.0,950.0,931.0,898.0,873.0,839.0,828.0,788.0,754.0,727.0,703.0,672.0,645.0,612.0,587.0,553.0,527.0,499.0,479.0,452.0,428.0,410.0
0.0,0.0,0.0,0.0,1.0,1.0,1.0,3.0,3.0,4.0,4.0,5.0,6.0,9.0,7.0,10.0,16.0,17.0,18.0,20.0,29.0,37.0,40.0,47.0,65.0,72.0,81.0,103.0,124.0,141.0,165.0,197.0,226.0,262.0,301.0,356.0,407.0,497.0,571.0,649.0,756.0,861.0,1017.0,1187.0,1383.0,1621.0,1881.0,2197.0,2553.0,2949.0,3388.0,3773.0,4085.0,4343.0,4620.0,4759.0,4875.0,4979.0,5010.0,4987.0,4987.0,4970.0,4915.0,4844.0,4730.0,4602.0,4487.0,4381.0,4239.0,4047.0,3893.0,3728.0,3583.0,3429.0,3276.0,3146.0,3030.0,2896.0,2765.0,2655.0,2521.0,2405.0,2283.0,2178.0,2085.0,2015.0
0.0,0.0,0.0,1.0,1.0,1.0,2.0,2.0,2.0,4.0,6.0,5.0,4.0,8.0,14.0,18.0,23.0,25.0,33.0,54.0,63.0,77.0,91.0,111.0,119.0,136.0,158.0,180.0,212.0,234.0,264.0,309.0,356.0,401.0,481.0,550.0,639.0,728.0,854.0,966.0,1125.0,1305.0,1486.0,1705.0,1945.0,2274.0,2617.0,2981.0,3447.0,3965.0,4433.0,4912.0,5356.0,5723.0,6087.0,6386.0,6612.0,6765.0,6831.0,6889.0,6897.0,6820.0,6719.0,6610.0,6473.0,6328.0,6141.0,5910.0,5732.0,5562.0,5355.0,5134.0,4941.0,4743.0,4544.0,4345.0,4170.0,3993.0,3820.0,3646.0,3468.0,3290.0,3140.0,2981.0,2842.0,2727.0
0.0,0.0,0.0,0.0,0.0,0.0,0.0,2.0,5.0,6.0,7.0,11.0,12.0,12.0,14.0,18.0,21.0,23.0,30.0,31.0,33.0,36.0,37.0,46.0,42.0,47.0,55.0,61.0,71.0,74.0,84.0,89.0,93.0,106.0,114.0,122.0,148.0,167.0,187.0,214.0,247.0,269.0,315.0,362.0,433.0,496.0,585.0,674.0,783.0,891.0,1003.0,1114.0,1209.0,1282.0,1344.0,1393.0,1440.0,1448.0,1473.0,1489.0,1469.0,1455.0,1435.0,1406.0,1387.0,1352.0,1311.0,1252.0,1209.0,1176.0,1115.0,1065.0,1018.0,978.0,939.0,911.0,861.0,827.0,801.0,761.0,725.0,690.0,661.0,630.0,608.0,586.0
0.0,0.0,0.0,0.0,1.0,1.0,1.0,1.0,1.0,2.0,4.0,7.0,8.0,10.0,14.0,16.0,20.0,22.0,21.0,23.0,31.0,34.0,41.0,47.0,57.0,68.0,77.0,92.0,111.0,124.0,129.0,156.0,181.0,214.0,241.0,284.0,324.0,381.0,443.0,498.0,585.0,665.0,759.0,870.0,1020.0,1177.0,1370.0,1595.0,1849.0,2108.0,2423.0,2705.0,2957.0,3157.0,3317.0,3473.0,3590.0,3678.0,3726.0,3712.0,3698.0,3672.0,3609.0,3547.0,3470.0,3379.0,3248.0,3144.0,3048.0,2937.0,2840.0,2768.0,2655.0,2559.0,2469.0,2360.0,2234.0,2135.0,2037.0,1949.0,1863.0,1769.0,1683.0,1602.0,1533.0,1473.0
0.0,0.0,0.0,0.0,1.0,1.0,1.0,2.0,2.0,1.0,2.0,3.0,6.0,6.0,10.0,14.0,22.0,28.0,29.0,34.0,39.0,43.0,52.0,59.0,70.0,84.0,92.0,110.0,142.0,158.0,172.0,197.0,229.0,265.0,317.0,351.0,438.0,507.0,589.0,668.0,817.0,948.0,1112.0,1271.0,1443.0,1652.0,1914.0,2190.0,2513.0,2863.0,3262.0,3623.0,3915.0,4233.0,4471.0,4629.0,4786.0,4896.0,4957.0,4950.0,4902.0,4908.0,4847.0,4789.0,4628.0,4523.0,4374.0,4252.0,4124.0,3985.0,3839.0,3693.0,3576.0,3428.0,3296.0,3183.0,3007.0,2869.0,2784.0,2671.0,2551.0,2428.0,2332.0,2211.0,2112.0,2022.0
0.0,0.0,0.0,0.0,0.0,1.0,2.0,3.0,4.0,6.0,10.0,13.0,15.0,20.0,21.0,26.0,27.0,28.0,31.0,35.0,44.0,51.0,58.0,64.0,76.0,79.0,90.0,101.0,123.0,133.0,159.0,191.0,222.0,272.0,321.0,375.0,443.0,535.0,594.0,683.0,797.0,896.0,1079.0,1218.0,1397.0,1612.0,1813.0,2088.0,2459.0,2834.0,3184.0,3610.0,3948.0,4238.0,4490.0,4652.0,4824.0,4897.0,4935.0,4967.0,4918.0,4847.0,4812.0,4743.0,4637.0,4541.0,4420.0,4271.0,4139.0,4002.0,3856.0,3683.0,3539.0,3388.0,3238.0,3134.0,3011.0,2899.0,2764.0,2657.0,2540.0,2434.0,2322.0,2203.0,2109.0,2019.0
0.0,0.0,0.0,0.0,0.0,0.0,0.0,2.0,3.0,4.0,5.0,7.0,7.0,11.0,19.0,23.0,22.0,23.0,27.0,30.0,31.0,41.0,56.0,69.0,84.0,111.0,126.0,149.0,165.0,200.0,232.0,276.0,305.0,340.0,403.0,461.0,521.0,618.0,706.0,801.0,910.0,1040.0,1214.0,1383.0,1588.0,1826.0,2133.0,2474.0,2793.0,3218.0,3529.0,3865.0,4220.0,4513.0,4763.0,4931.0,5091.0,5107.0,5187.0,5178.0,5182.0,5175.0,5106.0,5017.0,4925.0,4795.0,4655.0,4514.0,4369.0,4174.0,3977.0,3858.0,3701.0,3575.0,3416.0,3264.0,3100.0,2958.0,2828.0,2690.0,2584.0,2473.0,2376.0,2262.0,2152.0,2071.0
0.0,0.0,0.0,1.0,1.0,3.0,4.0,5.0,5.0,7.0,7.0,7.0,4.0,5.0,5.0,4.0,4.0,5.0,6.0,6.0,6.0,6.0,6.0,5.0,6.0,7.0,10.0,12.0,13.0,18.0,23.0,26.0,29.0,29.0,29.0,34.0,43.0,56.0,60.0,69.0,74.0,84.0,105.0,117.0,135.0,151.0,176.0,205.0,235.0,271.0,318.0,347.0,387.0,416.0,437.0,460.0,469.0,471.0,492.0,476.0,476.0,476.0,479.0,483.0,481.0,467.0,438.0,411.0,402.0,386.0,369.0,356.0,348.0,330.0,320.0,303.0,293.0,280.0,263.0,255.0,252.0,242.0,227.0,223.0,213.0,199.0
0.0,0.0,0.0,0.0,0.0,2.0,2.0,5.0,5.0,6.0,7.0,10.0,14.0,16.0,21.0,24.0,37.0,43.0,47.0,65.0,80.0,99.0,112.0,128.0,157.0,171.0,191.0,226.0,268.0,312.0,370.0,425.0,492.0,580.0,673.0,801.0,944.0,1092.0,1277.0,1477.0,1693.0,1971.0,2279.0,2659.0,3052.0,3529.0,4030.0,4659.0,5307.0,6087.0,6866.0,7635.0,8367.0,9014.0,9478.0,9808.0,10064.0,10278.0,10286.0,10279.0,10300.0,10201.0,10003.0,9773.0,9524.0,9276.0,9026.0,8712.0,8361.0,8047.0,7760.0,7466.0,7176.0,6853.0,6540.0,6258.0,5980.0,5757.0,5512.0,5277.0,5065.0,4855.0,4646.0,4439.0,4258.0,4062.0
0.0,0.0,0.0,0.0,0.0,2.0,1.0,1.0,1.0,2.0,2.0,4.0,4.0,5.0,6.0,6.0,9.0,15.0,19.0,22.0,23.0,25.0,28.0,31.0,35.0,38.0,43.0,50.0,56.0,60.0,70.0,79.0,90.0,109.0,125.0,143.0,162.0,180.0,207.0,255.0,304.0,361.0,428.0,485.0,566.0,653.0,766.0,873.0,993.0,1148.0,1310.0,1475.0,1601.0,1690.0,1787.0,1872.0,1917.0,1941.0,1974.0,1940.0,1956.0,1956.0,1931.0,1879.0,1831.0,1786.0,1753.0,1699.0,1635.0,1576.0,1511.0,1481.0,1428.0,1360.0,1311.0,1270.0,1216.0,1169.0,1109.0,1055.0,1022.0,989.0,944.0,899.0,869.0,830.0
0.0,0.0,0.0,0.0,0.0,2.0,4.0,5.0,6.0,5.0,5.0,5.0,8.0,9.0,10.0,10.0,12.0,10.0,11.0,11.0,12.0,11.0,16.0,17.0,19.0,23.0,30.0,42.0,49.0,59.0,62.0,81.0,96.0,107.0,135.0,166.0,205.0,233.0,279.0,342.0,388.0,447.0,506.0,573.0,659.0,780.0,876.0,1020.0,1142.0,1328.0,1500.0,1667.0,1798.0,1926.0,2063.0,2155.0,2172.0,2201.0,2217.0,2198.0,2191.0,2158.0,2139.0,2105.0,2075.0,2021.0,1962.0,1891.0,1822.0,1748.0,1684.0,1629.0,1574.0,1503.0,1457.0,1404.0,1354.0,1282.0,1230.0,1174.0,1113.0,1063.0,1012.0,956.0,914.0,875.0
0.0,0.0,0.0,0.0,0.0,0.0,0.0,1.0,3.0,3.0,4.0,4.0,5.0,7.0,8.0,9.0,9.0,8.0,13.0,17.0,16.0,21.0,21.0,25.0,31.0,36.0,46.0,57.0,65.0,86.0,104.0,123.0,140.0,158.0,179.0,194.0,220.0,250.0,277.0,310.0,362.0,417.0,462.0,526.0,598.0,685.0,779.0,905.0,1030.0,1176.0,1319.0,1450.0,1596.0,1714.0,1818.0,1888.0,1950.0,1976.0,1972.0,1976.0,1967.0,1954.0,1935.0,1897.0,1860.0,1842.0,1807.0,1757.0,1693.0,1623.0,1547.0,1477.0,1419.0,1355.0,1275.0,1222.0,1183.0,1128.0,1075.0,1030.0,981.0,936.0,887.0,835.0,789.0,752.0
