499995.0,499994.0,499991.0,499986.0,499981.0,499976.0,499971.0,499966.0,499956.0,499945.0,499932.0,499913.0,499894.0,499871.0,499835.0,499794.0,499749.0,499681.0,499615.0,499532.0,499425.0,499293.0,499128.0,498919.0,498661.0,498357.0,497961.0,497457.0,496818.0,496052.0,495098.0,494009.0,492544.0,490814.0,488710.0,486190.0,483103.0,479313.0,474871.0,469507.0,463020.0,455351.0,446472.0,436120.0,424183.0,410625.0,395459.0,379086.0,361125.0,342190.0,322458.0,316866.0,311748.0,306960.0,302650.0,298834.0,295476.0,292693.0,290375.0,288302.0,286663.0,285330.0,284147.0,283175.0,282444.0,281799.0,281281.0,280863.0,280517.0,280229.0,279954.0,279731.0,279547.0,279380.0,279244.0,279157.0,279063.0,278994.0,278945.0,278904.0,278874.0,278845.0,278809.0,278787.0,278770.0,278752.0,278743.0,278735.0,278725.0,278722.0
499995.0,499994.0,499993.0,499993.0,499991.0,499990.0,499988.0,499985.0,499982.0,499979.0,499973.0,499972.0,499969.0,499962.0,499952.0,499943.0,499929.0,499910.0,499888.0,499866.0,499829.0,499775.0,499720.0,499658.0,499592.0,499505.0,499394.0,499277.0,499132.0,498927.0,498678.0,498375.0,498003.0,497543.0,496991.0,496288.0,495415.0,494297.0,492904.0,491233.0,489159.0,486739.0,483803.0,480203.0,475929.0,470637.0,464316.0,456900.0,448095.0,437820.0,426154.0,422673.0,419290.0,416108.0,413096.0,410389.0,408029.0,405812.0,403956.0,402339.0,400988.0,399740.0,398700.0,397827.0,397119.0,396477.0,395939.0,395495.0,395093.0,394750.0,394453.0,394188.0,394005.0,393814.0,393661.0,393535.0,393427.0,393327.0,393233.0,393165.0,393110.0,393058.0,393017.0,392970.0,392940.0,392907.0,392879.0,392861.0,392832.0,392812.0
499995.0,499992.0,499992.0,499990.0,499988.0,499986.0,499983.0,499980.0,499973.0,499966.0,499961.0,499951.0,499940.0,499931.0,499916.0,499892.0,499864.0,499833.0,499801.0,499761.0,499698.0,499634.0,499550.0,499459.0,499334.0,499185.0,499007.0,498797.0,498500.0,498104.0,497670.0,497155.0,496491.0,495652.0,494689.0,493536.0,492100.0,490293.0,488164.0,485587.0,482440.0,478637.0,474138.0,468663.0,462136.0,454503.0,445434.0,434804.0,422821.0,409178.0,394079.0,389733.0,385429.0,381490.0,377889.0,374485.0,371542.0,368973.0,366772.0,364897.0,363207.0,361808.0,360659.0,359681.0,358817.0,358065.0,357433.0,356910.0,356439.0,356048.0,355738.0,355431.0,355170.0,354969.0,354796.0,354637.0,354498.0,354406.0,354311.0,354249.0,354192.0,354121.0,354064.0,354024.0,353986.0,353958.0,353938.0,353925.0,353903.0,353886.0
499995.0,499993.0,499993.0,499991.0,499987.0,499982.0,499979.0,499972.0,499959.0,499943.0,499923.0,499911.0,499879.0,499842.0,499792.0,499731.0,499671.0,499594.0,499461.0,499320.0,499186.0,498999.0,498738.0,498460.0,498097.0,497632.0,497085.0,496447.0,495633.0,494615.0,493306.0,491739.0,489873.0,487577.0,484754.0,481368.0,477227.0,472200.0,466361.0,459418.0,451068.0,441374.0,430164.0,417435.0,403075.0,387269.0,370063.0,351524.0,332183.0,312252.0,292400.0,286861.0,281769.0,277029.0,272872.0,269289.0,266246.0,263557.0,261301.0,259489.0,257975.0,256728.0,255696.0,254890.0,254176.0,253578.0,253094.0,252684.0,252341.0,252059.0,251833.0,251654.0,251496.0,251380.0,251294.0,251213.0,251149.0,251088.0,251047.0,251000.0,250963.0,250944.0,250917.0,250902.0,250887.0,250873.0,250866.0,250860.0,250854.0,250848.0
499995.0,499995.0,499993.0,499990.0,499988.0,499983.0,499978.0,499969.0,499964.0,499958.0,499945.0,499927.0,499908.0,499886.0,499863.0,499821.0,499786.0,499741.0,499674.0,499601.0,499522.0,499403.0,499267.0,499087.0,498878.0,498585.0,498267.0,497848.0,497314.0,496696.0,495928.0,494987.0,493812.0,492437.0,490752.0,488737.0,486235.0,483182.0,479515.0,475097.0,469801.0,463473.0,455929.0,447075.0,436701.0,424959.0,411412.0,396426.0,379947.0,362204.0,343181.0,337758.0,332794.0,328194.0,323914.0,320075.0,316697.0,313792.0,311386.0,309383.0,307642.0,306228.0,304992.0,304017.0,303199.0,302520.0,301954.0,301457.0,301068.0,300721.0,300438.0,300195.0,300008.0,299853.0,299702.0,299585.0,299484.0,299408.0,299330.0,299279.0,299226.0,299185.0,299152.0,299135.0,299108.0,299087.0,299070.0,299058.0,299046.0,299036.0
499995.0,499994.0,499994.0,499992.0,499990.0,499989.0,499982.0,499976.0,499971.0,499960.0,499945.0,499928.0,499914.0,499890.0,499861.0,499830.0,499788.0,499722.0,499660.0,499596.0,499502.0,499370.0,499207.0,499009.0,498755.0,498474.0,498106.0,497689.0,497108.0,496427.0,495576.0,494565.0,493262.0,491715.0,489842.0,487539.0,484675.0,481201.0,477048.0,472105.0,466274.0,459226.0,450997.0,441387.0,430394.0,417820.0,403428.0,387690.0,370606.0,352245.0,332808.0,327324.0,322303.0,317719.0,313418.0,309657.0,306399.0,303544.0,301119.0,299112.0,297393.0,296014.0,294812.0,293840.0,292996.0,292287.0,291737.0,291252.0,290876.0,290604.0,290355.0,290140.0,289944.0,289779.0,289658.0,289547.0,289458.0,289379.0,289316.0,289271.0,289231.0,289202.0,289181.0,289153.0,289126.0,289101.0,289091.0,289077.0,289063.0,289052.0
499995.0,499994.0,499992.0,499991.0,499990.0,499988.0,499984.0,499983.0,499977.0,499971.0,499965.0,499957.0,499951.0,499945.0,499932.0,499919.0,499908.0,499892.0,499863.0,499840.0,499802.0,499761.0,499712.0,499649.0,499587.0,499513.0,499429.0,499306.0,499167.0,498971.0,498758.0,498445.0,498081.0,497657.0,497131.0,496478.0,495695.0,494698.0,493493.0,492006.0,490200.0,488129.0,485499.0,482271.0,478343.0,473681.0,468077.0,461349.0,453549.0,444417.0,433706.0,430539.0,427476.0,424548.0,421850.0,419210.0,416913.0,414859.0,413088.0,411532.0,410182.0,409020.0,408050.0,407251.0,406508.0,405888.0,405346.0,404876.0,404487.0,404133.0,403831.0,403584.0,403373.0,403168.0,402998.0,402873.0,402748.0,402660.0,402577.0,402505.0,402438.0,402373.0,402320.0,402276.0,402234.0,402205.0,402176.0,402147.0,402132.0,402119.0
499995.0,499995.0,499994.0,499994.0,499993.0,499987.0,499984.0,499981.0,499979.0,499970.0,499964.0,499953.0,499940.0,499921.0,499907.0,499887.0,499872.0,499847.0,499806.0,499759.0,499709.0,499629.0,499539.0,499447.0,499308.0,499182.0,499000.0,498785.0,498516.0,498160.0,497723.0,497162.0,496519.0,495701.0,494740.0,493540.0,492033.0,490228.0,488004.0,485234.0,481838.0,477743.0,472902.0,467161.0,460398.0,452398.0,442875.0,431912.0,419290.0,405260.0,389581.0,385033.0,380627.0,376483.0,372776.0,369373.0,366381.0,363837.0,361551.0,359571.0,357889.0,356478.0,355275.0,354240.0,353372.0,352679.0,352062.0,351528.0,351090.0,350754.0,350428.0,350148.0,349899.0,349717.0,349558.0,349420.0,349291.0,349200.0,349094.0,349019.0,348952.0,348899.0,348855.0,348829.0,348791.0,348766.0,348739.0,348724.0,348705.0,348689.0
499995.0,499993.0,499990.0,499988.0,499987.0,499982.0,499977.0,499973.0,499967.0,499956.0,499946.0,499931.0,499914.0,499882.0,499846.0,499815.0,499759.0,499695.0,499627.0,499517.0,499399.0,499287.0,499116.0,498898.0,498635.0,498310.0,497939.0,497477.0,496916.0,496198.0,495291.0,494239.0,492846.0,491210.0,489194.0,486712.0,483703.0,480107.0,475751.0,470577.0,464495.0,457136.0,448529.0,438470.0,426939.0,413725.0,399071.0,382894.0,364980.0,346202.0,326547.0,321105.0,316076.0,311192.0,306923.0,303150.0,299894.0,297089.0,294660.0,292595.0,290894.0,289533.0,288356.0,287399.0,286607.0,285885.0,285299.0,284815.0,284478.0,284156.0,283872.0,283678.0,283488.0,283337.0,283199.0,283080.0,282991.0,282928.0,282857.0,282801.0,282765.0,282734.0,282700.0,282681.0,282666.0,282653.0,282635.0,282620.0,282611.0,282605.0
499995.0,499993.0,499992.0,499987.0,499985.0,499982.0,499978.0,499969.0,499960.0,499951.0,499936.0,499915.0,499893.0,499873.0,499852.0,499826.0,499798.0,499760.0,499713.0,499644.0,499562.0,499469.0,499349.0,499180.0,499013.0,498784.0,498534.0,498221.0,497832.0,497349.0,496740.0,496015.0,495145.0,493995.0,492604.0,490891.0,488903.0,486353.0,483244.0,479639.0,475266.0,469980.0,463741.0,456211.0,447400.0,437092.0,425336.0,411860.0,397045.0,380606.0,362917.0,357789.0,352998.0,348607.0,344534.0,340795.0,337540.0,334799.0,332422.0,330463.0,328718.0,327228.0,325992.0,324943.0,324053.0,323313.0,322741.0,322246.0,321795.0,321431.0,321121.0,320872.0,320647.0,320450.0,320269.0,320136.0,320018.0,319929.0,319835.0,319762.0,319711.0,319675.0,319627.0,319593.0,319563.0,319531.0,319507.0,319499.0,319480.0,319465.0
499995.0,499994.0,499992.0,499989.0,499988.0,499984.0,499977.0,499971.0,499964.0,499955.0,499945.0,499927.0,499907.0,499884.0,499862.0,499830.0,499786.0,499741.0,499670.0,499596.0,499501.0,499396.0,499251.0,499086.0,498848.0,498601.0,498284.0,497902.0,497426.0,496833.0,496133.0,495215.0,494086.0,492641.0,490984.0,488929.0,486431.0,483436.0,479793.0,475340.0,470079.0,463826.0,456330.0,447477.0,437141.0,425672.0,412379.0,397405.0,380982.0,363225.0,344214.0,339003.0,334081.0,329346.0,325180.0,321326.0,318087.0,315193.0,312751.0,310714.0,309014.0,307628.0,306396.0,305398.0,304580.0,303869.0,303240.0,302780.0,302393.0,302053.0,301767.0,301515.0,301341.0,301163.0,301022.0,300914.0,300824.0,300748.0,300691.0,300647.0,300602.0,300569.0,300536.0,300503.0,300483.0,300462.0,300450.0,300428.0,300414.0,300407.0
499995.0,499994.0,499992.0,499989.0,499987.0,499984.0,499981.0,499978.0,499974.0,499970.0,499961.0,499947.0,499940.0,499927.0,499910.0,499886.0,499861.0,499836.0,499796.0,499769.0,499715.0,499658.0,499577.0,499500.0,499380.0,499247.0,499055.0,498846.0,498588.0,498269.0,497889.0,497401.0,496831.0,496117.0,495213.0,494141.0,492802.0,491175.0,489223.0,486779.0,483758.0,480236.0,475931.0,470825.0,464633.0,457265.0,448832.0,439024.0,427657.0,414698.0,400064.0,395774.0,391755.0,387906.0,384335.0,381060.0,378154.0,375587.0,373421.0,371515.0,369869.0,368555.0,367408.0,366453.0,365654.0,364917.0,364355.0,363842.0,363422.0,363062.0,362766.0,362487.0,362251.0,362065.0,361905.0,361754.0,361642.0,361542.0,361473.0,361406.0,361344.0,361291.0,361240.0,361198.0,361167.0,361144.0,361118.0,361096.0,361083.0,361067.0
499995.0,499992.0,499991.0,499989.0,499986.0,499985.0,499981.0,499973.0,499966.0,499954.0,499944.0,499924.0,499899.0,499868.0,499830.0,499787.0,499740.0,499676.0,499603.0,499488.0,499362.0,499206.0,499033.0,498796.0,498495.0,498141.0,497705.0,497169.0,496525.0,495713.0,494687.0,493456.0,491923.0,490078.0,487819.0,485114.0,481800.0,477827.0,473007.0,467229.0,460223.0,452105.0,442612.0,431367.0,418727.0,404299.0,388443.0,371409.0,352807.0,333519.0,313659.0,308135.0,303043.0,298262.0,293880.0,290054.0,286802.0,284047.0,281675.0,279684.0,278029.0,276612.0,275488.0,274537.0,273767.0,273143.0,272585.0,272153.0,271802.0,271521.0,271260.0,271052.0,270883.0,270729.0,270607.0,270512.0,270437.0,270377.0,270317.0,270261.0,270220.0,270190.0,270167.0,270145.0,270128.0,270118.0,270098.0,270082.0,270075.0,270069.0
499995.0,499993.0,499991.0,499990.0,499988.0,499986.0,499984.0,499975.0,499970.0,499960.0,499950.0,499933.0,499923.0,499905.0,499886.0,499857.0,499825.0,499779.0,499737.0,499676.0,499595.0,499495.0,499397.0,499283.0,499106.0,498896.0,498613.0,498312.0,497905.0,497419.0,496797.0,496057.0,495195.0,494121.0,492823.0,491194.0,489244.0,486857.0,483968.0,480359.0,476171.0,471023.0,465007.0,457806.0,449320.0,439647.0,428479.0,415589.0,401330.0,385362.0,368089.0,363025.0,358278.0,354027.0,350043.0,346432.0,343289.0,340519.0,338106.0,336069.0,334361.0,332895.0,331636.0,330578.0,329691.0,328964.0,328396.0,327904.0,327467.0,327089.0,326771.0,326488.0,326267.0,326073.0,325922.0,325804.0,325699.0,325606.0,325529.0,325451.0,325403.0,325366.0,325342.0,325318.0,325291.0,325265.0,325250.0,325236.0,325226.0,325221.0
499995.0,499993.0,499991.0,499988.0,499983.0,499976.0,499968.0,499960.0,499948.0,499935.0,499923.0,499906.0,499882.0,499857.0,499828.0,499784.0,499728.0,499682.0,499632.0,499545.0,499434.0,499319.0,499180.0,498991.0,498749.0,498481.0,498134.0,497675.0,497137.0,496468.0,495665.0,494686.0,493437.0,491949.0,490065.0,487830.0,485137.0,481747.0,477751.0,473097.0,467518.0,460766.0,452803.0,443483.0,432838.0,420725.0,406691.0,391302.0,374291.0,356095.0,337130.0,331683.0,326669.0,322048.0,317959.0,314059.0,310742.0,307918.0,305490.0,303431.0,301717.0,300262.0,299040.0,298052.0,297235.0,296578.0,296025.0,295526.0,295128.0,294806.0,294526.0,294292.0,294110.0,293950.0,293803.0,293707.0,293616.0,293537.0,293458.0,293415.0,293370.0,293333.0,293291.0,293262.0,293236.0,293212.0,293196.0,293183.0,293175.0,293166.0
499995.0,499994.0,499993.0,499992.0,499989.0,499987.0,499979.0,499970.0,499964.0,499948.0,499934.0,499916.0,499897.0,499869.0,499830.0,499780.0,499724.0,499656.0,499558.0,499447.0,499289.0,499106.0,498909.0,498665.0,498342.0,497948.0,497443.0,496824.0,496096.0,495133.0,493977.0,492577.0,490804.0,488778.0,486204.0,483192.0,479554.0,475256.0,469937.0,463593.0,456005.0,447373.0,437112.0,425415.0,411875.0,396755.0,380126.0,362293.0,343470.0,323912.0,303860.0,298329.0,293178.0,288459.0,284199.0,280441.0,277289.0,274530.0,272187.0,270391.0,268790.0,267457.0,266312.0,265422.0,264636.0,264012.0,263488.0,263067.0,262726.0,262415.0,262190.0,261968.0,261801.0,261665.0,261542.0,261444.0,261364.0,261303.0,261242.0,261208.0,261162.0,261138.0,261115.0,261100.0,261085.0,261064.0,261051.0,261036.0,261029.0,261025.0
499995.0,499994.0,499993.0,499991.0,499990.0,499987.0,499984.0,499981.0,499977.0,499967.0,499960.0,499954.0,499940.0,499928.0,499914.0,499896.0,499876.0,499848.0,499809.0,499752.0,499691.0,499632.0,499540.0,499450.0,499334.0,499176.0,498992.0,498756.0,498496.0,498150.0,497756.0,497216.0,496558.0,495749.0,494767.0,493541.0,492121.0,490354.0,488215.0,485551.0,482403.0,478633.0,474094.0,468602.0,462063.0,454343.0,445269.0,434777.0,422510.0,408915.0,393765.0,389395.0,385238.0,381267.0,377525.0,374237.0,371250.0,368646.0,366425.0,364491.0,362817.0,361402.0,360210.0,359205.0,358365.0,357646.0,357078.0,356569.0,356122.0,355748.0,355451.0,355169.0,354940.0,354774.0,354582.0,354438.0,354310.0,354204.0,354111.0,354035.0,353975.0,353932.0,353875.0,353825.0,353786.0,353756.0,353726.0,353696.0,353678.0,353659.0
499995.0,499993.0,499993.0,499992.0,499991.0,499990.0,499988.0,499988.0,499986.0,499983.0,499977.0,499969.0,499966.0,499956.0,499954.0,499949.0,499942.0,499931.0,499921.0,499906.0,499890.0,499878.0,499852.0,499814.0,499785.0,499745.0,499699.0,499639.0,499561.0,499457.0,499324.0,499171.0,498980.0,498752.0,498459.0,498149.0,497724.0,497182.0,496512.0,495670.0,494638.0,493452.0,491963.0,490155.0,487883.0,485130.0,481844.0,477866.0,473157.0,467404.0,460455.0,458358.0,456276.0,454356.0,452469.0,450776.0,449212.0,447818.0,446589.0,445582.0,444664.0,443876.0,443132.0,442562.0,442062.0,441582.0,441203.0,440819.0,440529.0,440246.0,440020.0,439812.0,439619.0,439462.0,439326.0,439210.0,439102.0,439002.0,438917.0,438847.0,438787.0,438730.0,438699.0,438665.0,438621.0,438592.0,438563.0,438534.0,438513.0,438495.0
499995.0,499993.0,499992.0,499992.0,499989.0,499986.0,499981.0,499970.0,499962.0,499954.0,499940.0,499929.0,499914.0,499890.0,499869.0,499827.0,499792.0,499727.0,499657.0,499576.0,499497.0,499378.0,499231.0,499062.0,498856.0,498617.0,498327.0,497931.0,497491.0,496914.0,496215.0,495306.0,494232.0,492920.0,491303.0,489276.0,486812.0,483888.0,480274.0,475873.0,470664.0,464600.0,457371.0,448803.0,438772.0,427204.0,414426.0,399842.0,383633.0,366071.0,347571.0,342321.0,337279.0,332615.0,328340.0,324453.0,321134.0,318177.0,315774.0,313735.0,312037.0,310565.0,309318.0,308335.0,307420.0,306722.0,306078.0,305530.0,305118.0,304798.0,304515.0,304269.0,304041.0,303857.0,303712.0,303580.0,303490.0,303411.0,303332.0,303264.0,303222.0,303186.0,303145.0,303104.0,303077.0,303049.0,303028.0,303015.0,303001.0,302994.0
499995.0,499993.0,499992.0,499989.0,499987.0,499984.0,499982.0,499977.0,499969.0,499962.0,499949.0,499941.0,499925.0,499902.0,499875.0,499849.0,499810.0,499768.0,499711.0,499648.0,499585.0,499499.0,499388.0,499255.0,499079.0,498869.0,498595.0,498264.0,497819.0,497285.0,496633.0,495851.0,494866.0,493692.0,492168.0,490400.0,488192.0,485581.0,482426.0,478555.0,473913.0,468305.0,461559.0,453726.0,444412.0,433606.0,421364.0,407519.0,391978.0,375054.0,356804.0,351456.0,346571.0,342081.0,337959.0,334140.0,330741.0,327975.0,325572.0,323543.0,321821.0,320346.0,319108.0,318133.0,317303.0,316602.0,316016.0,315568.0,315167.0,314821.0,314505.0,314257.0,314055.0,313886.0,313756.0,313628.0,313530.0,313438.0,313363.0,313309.0,313255.0,313198.0,313168.0,313136.0,313106.0,313087.0,313072.0,313057.0,313041.0,313031.0
499995.0,499993.0,499987.0,499983.0,499979.0,499976.0,499971.0,499968.0,499965.0,499954.0,499946.0,499936.0,499918.0,499907.0,499889.0,499857.0,499822.0,499790.0,499751.0,499695.0,499626.0,499545.0,499442.0,499303.0,499132.0,498932.0,498662.0,498322.0,497903.0,497377.0,496817.0,496085.0,495191.0,494141.0,492812.0,491187.0,489187.0,486616.0,483541.0,479879.0,475576.0,470315.0,464126.0,456782.0,448199.0,438084.0,426428.0,413362.0,398745.0,382473.0,364787.0,359769.0,354966.0,350523.0,346351.0,342658.0,339385.0,336616.0,334154.0,332098.0,330410.0,328896.0,327718.0,326715.0,325869.0,325153.0,324533.0,324019.0,323603.0,323248.0,322948.0,322719.0,322498.0,322322.0,322165.0,322020.0,321925.0,321818.0,321758.0,321698.0,321632.0,321599.0,321562.0,321524.0,321499.0,321481.0,321456.0,321445.0,321428.0,321418.0
499995.0,499993.0,499990.0,499985.0,499981.0,499975.0,499968.0,499959.0,499939.0,499923.0,499891.0,499867.0,499846.0,499806.0,499747.0,499674.0,499595.0,499493.0,499369.0,499233.0,499058.0,498820.0,498532.0,498199.0,497799.0,497284.0,496644.0,495848.0,494850.0,493677.0,492220.0,490439.0,488294.0,485719.0,482501.0,478591.0,474010.0,468491.0,461917.0,454221.0,444888.0,434362.0,422299.0,408674.0,393515.0,376867.0,358802.0,339853.0,319822.0,299702.0,279659.0,274209.0,269268.0,264719.0,260636.0,257135.0,254064.0,251505.0,249352.0,247536.0,245992.0,244767.0,243745.0,242941.0,242262.0,241717.0,241219.0,240825.0,240522.0,240263.0,240056.0,239879.0,239755.0,239637.0,239542.0,239482.0,239421.0,239376.0,239338.0,239302.0,239272.0,239253.0,239233.0,239218.0,239205.0,239193.0,239186.0,239180.0,239173.0,239169.0
499995.0,499993.0,499989.0,499984.0,499978.0,499970.0,499964.0,499953.0,499941.0,499927.0,499909.0,499886.0,499870.0,499845.0,499817.0,499787.0,499725.0,499664.0,499601.0,499523.0,499409.0,499282.0,499136.0,498942.0,498684.0,498376.0,498012.0,497551.0,497031.0,496408.0,495599.0,494592.0,493356.0,491883.0,490049.0,487722.0,485076.0,481890.0,477948.0,473207.0,467429.0,460539.0,452524.0,443043.0,432150.0,419809.0,405886.0,390380.0,373421.0,355183.0,336042.0,330703.0,325714.0,321070.0,316809.0,313053.0,309746.0,306979.0,304544.0,302518.0,300826.0,299351.0,298167.0,297203.0,296396.0,295703.0,295138.0,294693.0,294279.0,293947.0,293674.0,293461.0,293274.0,293116.0,292969.0,292854.0,292765.0,292692.0,292615.0,292564.0,292516.0,292462.0,292437.0,292401.0,292384.0,292370.0,292359.0,292352.0,292343.0,292335.0
499995.0,499994.0,499992.0,499987.0,499987.0,499984.0,499982.0,499977.0,499968.0,499959.0,499953.0,499943.0,499931.0,499911.0,499896.0,499868.0,499839.0,499804.0,499758.0,499698.0,499631.0,499558.0,499479.0,499362.0,499205.0,499028.0,498803.0,498553.0,498235.0,497829.0,497312.0,496691.0,495936.0,495004.0,493866.0,492519.0,490877.0,488909.0,486446.0,483482.0,479993.0,475632.0,470401.0,464139.0,456691.0,447964.0,438125.0,426499.0,413327.0,398596.0,382404.0,377771.0,373230.0,368996.0,365122.0,361611.0,358422.0,355713.0,353388.0,351402.0,349678.0,348280.0,347089.0,346053.0,345162.0,344437.0,343841.0,343308.0,342862.0,342433.0,342137.0,341857.0,341643.0,341432.0,341250.0,341100.0,340976.0,340873.0,340779.0,340696.0,340638.0,340582.0,340512.0,340476.0,340449.0,340414.0,340395.0,340370.0,340360.0,340346.0
499995.0,499991.0,499988.0,499983.0,499977.0,499974.0,499968.0,499961.0,499946.0,499936.0,499917.0,499892.0,499869.0,499842.0,499801.0,499753.0,499705.0,499644.0,499570.0,499463.0,499349.0,499195.0,499031.0,498806.0,498558.0,498267.0,497855.0,497368.0,496761.0,496062.0,495179.0,494058.0,492785.0,491092.0,489229.0,486833.0,483860.0,480365.0,476088.0,470947.0,464785.0,457494.0,448823.0,438903.0,427464.0,414389.0,399813.0,383635.0,366000.0,347372.0,327660.0,322108.0,317026.0,312316.0,308039.0,304270.0,300901.0,298080.0,295671.0,293586.0,291885.0,290479.0,289259.0,288239.0,287470.0,286802.0,286197.0,285753.0,285371.0,285033.0,284747.0,284536.0,284360.0,284214.0,284089.0,283991.0,283888.0,283806.0,283744.0,283687.0,283632.0,283585.0,283555.0,283534.0,283513.0,283485.0,283470.0,283451.0,283441.0,283431.0
499995.0,499995.0,499993.0,499992.0,499992.0,499989.0,499988.0,499986.0,499982.0,499977.0,499970.0,499958.0,499942.0,499932.0,499921.0,499905.0,499889.0,499870.0,499847.0,499826.0,499791.0,499743.0,499663.0,499599.0,499504.0,499385.0,499248.0,499076.0,498859.0,498599.0,498274.0,497843.0,497309.0,496666.0,495912.0,494981.0,493855.0,492474.0,490785.0,488695.0,486175.0,483174.0,479427.0,475070.0,469646.0,463232.0,455508.0,446553.0,436287.0,424340.0,410656.0,406630.0,402846.0,399085.0,395621.0,392469.0,389733.0,387384.0,385356.0,383498.0,381963.0,380648.0,379567.0,378601.0,377793.0,377117.0,376561.0,376049.0,375633.0,375291.0,374954.0,374699.0,374457.0,374269.0,374121.0,373985.0,373870.0,373782.0,373696.0,373619.0,373558.0,373500.0,373456.0,373415.0,373392.0,373362.0,373337.0,373315.0,373296.0,373285.0
499995.0,499995.0,499994.0,499992.0,499991.0,499986.0,499986.0,499983.0,499981.0,499975.0,499973.0,499971.0,499965.0,499961.0,499954.0,499943.0,499935.0,499926.0,499912.0,499895.0,499869.0,499842.0,499818.0,499784.0,499751.0,499692.0,499644.0,499554.0,499464.0,499346.0,499214.0,499019.0,498804.0,498522.0,498167.0,497749.0,497252.0,496634.0,495836.0,494905.0,493681.0,492218.0,490447.0,488286.0,485663.0,482398.0,478511.0,473786.0,468269.0,461568.0,453717.0,451360.0,449085.0,446927.0,444815.0,442877.0,441105.0,439562.0,438169.0,436950.0,435913.0,434973.0,434237.0,433589.0,433027.0,432483.0,432017.0,431632.0,431277.0,430965.0,430698.0,430472.0,430249.0,430088.0,429940.0,429812.0,429693.0,429596.0,429511.0,429431.0,429357.0,429296.0,429249.0,429191.0,429153.0,429118.0,429092.0,429074.0,429057.0,429031.0
499995.0,499993.0,499990.0,499988.0,499984.0,499978.0,499971.0,499963.0,499954.0,499944.0,499935.0,499924.0,499905.0,499885.0,499851.0,499814.0,499785.0,499738.0,499668.0,499588.0,499492.0,499364.0,499213.0,499042.0,498809.0,498508.0,498186.0,497792.0,497266.0,496679.0,495974.0,495056.0,493926.0,492520.0,490803.0,488768.0,486168.0,483054.0,479362.0,474830.0,469451.0,462993.0,455498.0,446498.0,436277.0,424469.0,411112.0,396120.0,379631.0,361775.0,342840.0,337500.0,332433.0,327754.0,323650.0,319893.0,316642.0,313702.0,311280.0,309185.0,307468.0,306013.0,304850.0,303775.0,302985.0,302288.0,301670.0,301152.0,300714.0,300365.0,300095.0,299839.0,299644.0,299482.0,299346.0,299210.0,299124.0,299047.0,298978.0,298915.0,298880.0,298837.0,298806.0,298774.0,298746.0,298724.0,298709.0,298690.0,298673.0,298664.0
499995.0,499994.0,499994.0,499991.0,499986.0,499983.0,499978.0,499970.0,499962.0,499952.0,499936.0,499916.0,499889.0,499863.0,499827.0,499795.0,499745.0,499682.0,499609.0,499514.0,499403.0,499249.0,499073.0,498836.0,498582.0,498276.0,497905.0,497422.0,496806.0,496077.0,495209.0,494116.0,492794.0,491075.0,488984.0,486491.0,483525.0,479836.0,475380.0,470140.0,464018.0,456630.0,448102.0,437912.0,426369.0,413284.0,398524.0,382227.0,364671.0,345891.0,326499.0,321123.0,316064.0,311396.0,307144.0,303335.0,299939.0,297118.0,294737.0,292735.0,291107.0,289686.0,288497.0,287506.0,286695.0,286032.0,285482.0,285007.0,284623.0,284319.0,284047.0,283816.0,283627.0,283479.0,283358.0,283241.0,283129.0,283071.0,283000.0,282950.0,282910.0,282881.0,282853.0,282826.0,282804.0,282787.0,282773.0,282763.0,282754.0,282748.0
499995.0,499993.0,499990.0,499986.0,499984.0,499980.0,499974.0,499967.0,499962.0,499950.0,499935.0,499919.0,499894.0,499871.0,499843.0,499805.0,499763.0,499706.0,499640.0,499563.0,499460.0,499338.0,499176.0,498963.0,498739.0,498461.0,498128.0,497649.0,497090.0,496379.0,495529.0,494458.0,493202.0,491622.0,489709.0,487321.0,484515.0,481125.0,477093.0,472092.0,466153.0,458896.0,450520.0,440789.0,429557.0,416823.0,402470.0,386495.0,369320.0,350914.0,331254.0,325654.0,320532.0,315770.0,311361.0,307640.0,304281.0,301470.0,299104.0,297056.0,295301.0,293861.0,292699.0,291702.0,290851.0,290188.0,289622.0,289171.0,288788.0,288457.0,288174.0,287924.0,287733.0,287562.0,287422.0,287321.0,287238.0,287164.0,287103.0,287059.0,287011.0,286980.0,286942.0,286911.0,286885.0,286866.0,286850.0,286838.0,286829.0,286812.0
499995.0,499993.0,499989.0,499983.0,499981.0,499973.0,499966.0,499959.0,499943.0,499924.0,499893.0,499858.0,499831.0,499797.0,499757.0,499691.0,499629.0,499543.0,499440.0,499305.0,499136.0,498936.0,498700.0,498415.0,498050.0,497582.0,496992.0,496262.0,495352.0,494284.0,492979.0,491277.0,489273.0,486764.0,483766.0,480130.0,475850.0,470620.0,464440.0,457136.0,448446.0,438390.0,426786.0,413605.0,398637.0,382424.0,364907.0,345882.0,326384.0,306164.0,286151.0,280630.0,275495.0,271025.0,266993.0,263276.0,260188.0,257653.0,255513.0,253741.0,252261.0,251037.0,250008.0,249176.0,248470.0,247949.0,247439.0,247077.0,246764.0,246524.0,246329.0,246164.0,246028.0,245902.0,245809.0,245735.0,245668.0,245622.0,245573.0,245526.0,245498.0,245484.0,245465.0,245451.0,245441.0,245431.0,245424.0,245421.0,245417.0,245413.0
499995.0,499993.0,499990.0,499989.0,499988.0,499984.0,499982.0,499976.0,499967.0,499962.0,499954.0,499946.0,499932.0,499912.0,499897.0,499881.0,499860.0,499827.0,499791.0,499745.0,499690.0,499616.0,499548.0,499449.0,499324.0,499189.0,499021.0,498790.0,498527.0,498194.0,497786.0,497264.0,496642.0,495856.0,494916.0,493689.0,492267.0,490573.0,488442.0,485899.0,482818.0,479023.0,474566.0,469059.0,462614.0,454749.0,445611.0,435268.0,423323.0,409631.0,394549.0,390172.0,385829.0,381843.0,378124.0,374792.0,371818.0,369197.0,366904.0,364947.0,363166.0,361757.0,360562.0,359530.0,358711.0,357957.0,357320.0,356789.0,356347.0,355992.0,355656.0,355353.0,355114.0,354896.0,354750.0,354632.0,354479.0,354362.0,354275.0,354192.0,354119.0,354063.0,354013.0,353954.0,353913.0,353864.0,353841.0,353824.0,353802.0,353786.0
499995.0,499994.0,499992.0,499989.0,499984.0,499978.0,499973.0,499962.0,499954.0,499933.0,499916.0,499890.0,499865.0,499822.0,499778.0,499725.0,499669.0,499591.0,499507.0,499400.0,499250.0,499067.0,498839.0,498563.0,498247.0,497850.0,497297.0,496711.0,495907.0,494969.0,493798.0,492359.0,490637.0,488482.0,485928.0,482809.0,479081.0,474667.0,469363.0,462939.0,455442.0,446772.0,436349.0,424515.0,411075.0,396086.0,379650.0,361689.0,342820.0,323424.0,303397.0,297953.0,292961.0,288291.0,284264.0,280515.0,277352.0,274637.0,272404.0,270574.0,269012.0,267736.0,266702.0,265820.0,265112.0,264520.0,264032.0,263614.0,263317.0,263023.0,262772.0,262565.0,262399.0,262278.0,262181.0,262082.0,262007.0,261949.0,261898.0,261851.0,261818.0,261792.0,261766.0,261738.0,261724.0,261709.0,261698.0,261687.0,261679.0,261671.0
499995.0,499992.0,499988.0,499983.0,499979.0,499974.0,499969.0,499960.0,499947.0,499934.0,499918.0,499898.0,499872.0,499846.0,499803.0,499762.0,499722.0,499677.0,499602.0,499505.0,499392.0,499243.0,499074.0,498864.0,498620.0,498309.0,497915.0,497485.0,496904.0,496213.0,495353.0,494294.0,493032.0,491466.0,489632.0,487350.0,484542.0,481180.0,476985.0,472064.0,466166.0,459116.0,450878.0,441354.0,430309.0,417670.0,403545.0,387756.0,370684.0,352275.0,333082.0,327577.0,322534.0,317858.0,313656.0,309868.0,306470.0,303647.0,301240.0,299184.0,297534.0,296154.0,294954.0,293976.0,293184.0,292525.0,292018.0,291564.0,291154.0,290844.0,290580.0,290360.0,290181.0,290036.0,289922.0,289823.0,289730.0,289652.0,289596.0,289551.0,289515.0,289478.0,289439.0,289415.0,289393.0,289367.0,289350.0,289338.0,289321.0,289314.0
499995.0,499994.0,499993.0,499993.0,499992.0,499988.0,499985.0,499983.0,499976.0,499968.0,499960.0,499949.0,499941.0,499926.0,499911.0,499883.0,499866.0,499838.0,499801.0,499754.0,499707.0,499639.0,499540.0,499456.0,499333.0,499181.0,498997.0,498769.0,498482.0,498125.0,497716.0,497201.0,496523.0,495724.0,494775.0,493642.0,492246.0,490525.0,488411.0,485863.0,482808.0,478991.0,474426.0,468882.0,462447.0,454676.0,445518.0,435146.0,423265.0,409776.0,394411.0,389951.0,385729.0,381745.0,377975.0,374552.0,371513.0,368896.0,366758.0,364850.0,363168.0,361733.0,360476.0,359478.0,358620.0,357927.0,357304.0,356767.0,356325.0,355958.0,355643.0,355392.0,355146.0,354960.0,354784.0,354622.0,354498.0,354388.0,354296.0,354219.0,354166.0,354116.0,354071.0,354031.0,354004.0,353968.0,353940.0,353912.0,353899.0,353880.0
499995.0,499994.0,499994.0,499991.0,499989.0,499987.0,499986.0,499984.0,499978.0,499973.0,499969.0,499962.0,499947.0,499934.0,499919.0,499890.0,499859.0,499823.0,499783.0,499727.0,499669.0,499579.0,499494.0,499377.0,499223.0,499047.0,498825.0,498542.0,498208.0,497790.0,497267.0,496603.0,495808.0,494869.0,493696.0,492210.0,490543.0,488343.0,485691.0,482501.0,478707.0,474128.0,468642.0,462169.0,454432.0,445352.0,434921.0,422612.0,408918.0,393945.0,377269.0,372520.0,367951.0,363744.0,359782.0,356266.0,353033.0,350258.0,347901.0,345938.0,344258.0,342858.0,341647.0,340639.0,339738.0,339020.0,338414.0,337909.0,337496.0,337154.0,336813.0,336560.0,336333.0,336140.0,335960.0,335843.0,335730.0,335638.0,335548.0,335483.0,335427.0,335372.0,335323.0,335295.0,335272.0,335244.0,335217.0,335203.0,335183.0,335170.0
499995.0,499992.0,499990.0,499987.0,499980.0,499977.0,499971.0,499965.0,499958.0,499940.0,499920.0,499897.0,499883.0,499846.0,499809.0,499770.0,499712.0,499631.0,499550.0,499427.0,499259.0,499095.0,498888.0,498641.0,498333.0,497922.0,497463.0,496891.0,496167.0,495283.0,494168.0,492866.0,491313.0,489295.0,486800.0,483850.0,480218.0,475962.0,470796.0,464674.0,457212.0,448468.0,438546.0,426769.0,413556.0,398706.0,382646.0,364726.0,346020.0,326541.0,306349.0,300814.0,295691.0,290975.0,286818.0,283103.0,279948.0,277224.0,274876.0,273006.0,271349.0,270055.0,268962.0,268014.0,267229.0,266578.0,266024.0,265648.0,265290.0,265016.0,264749.0,264547.0,264390.0,264259.0,264167.0,264078.0,264003.0,263947.0,263898.0,263860.0,263831.0,263803.0,263782.0,263760.0,263749.0,263730.0,263716.0,263707.0,263702.0,263702.0
499995.0,499994.0,499994.0,499994.0,499993.0,499992.0,499992.0,499992.0,499990.0,499988.0,499983.0,499981.0,499979.0,499974.0,499969.0,499963.0,499954.0,499945.0,499934.0,499924.0,499911.0,499888.0,499860.0,499833.0,499795.0,499752.0,499687.0,499601.0,499507.0,499408.0,499277.0,499133.0,498961.0,498747.0,498466.0,498121.0,497680.0,497176.0,496528.0,495700.0,494725.0,493483.0,491971.0,490181.0,487917.0,485216.0,481822.0,477938.0,473118.0,467339.0,460666.0,458626.0,456591.0,454696.0,452834.0,451090.0,449556.0,448201.0,447033.0,445933.0,445046.0,444229.0,443518.0,442912.0,442429.0,442034.0,441610.0,441270.0,440967.0,440715.0,440480.0,440293.0,440128.0,439973.0,439851.0,439740.0,439647.0,439571.0,439499.0,439422.0,439354.0,439307.0,439258.0,439222.0,439187.0,439165.0,439133.0,439112.0,439093.0,439075.0
499995.0,499993.0,499993.0,499990.0,499987.0,499985.0,499981.0,499973.0,499967.0,499957.0,499946.0,499932.0,499914.0,499895.0,499864.0,499833.0,499793.0,499741.0,499680.0,499608.0,499520.0,499378.0,499222.0,499013.0,498786.0,498508.0,498150.0,497694.0,497188.0,496513.0,495718.0,494726.0,493551.0,492092.0,490359.0,488248.0,485536.0,482239.0,478399.0,473609.0,468088.0,461580.0,453915.0,444747.0,434402.0,422341.0,408630.0,393515.0,376837.0,358722.0,339751.0,334303.0,329225.0,324619.0,320303.0,316352.0,313068.0,310263.0,307906.0,305912.0,304194.0,302831.0,301602.0,300596.0,299769.0,299075.0,298474.0,297955.0,297537.0,297201.0,296911.0,296655.0,296464.0,296303.0,296170.0,296052.0,295958.0,295872.0,295821.0,295766.0,295717.0,295671.0,295640.0,295614.0,295597.0,295570.0,295547.0,295533.0,295523.0,295510.0
499995.0,499994.0,499991.0,499988.0,499984.0,499982.0,499978.0,499973.0,499963.0,499955.0,499948.0,499931.0,499908.0,499894.0,499870.0,499841.0,499805.0,499759.0,499695.0,499621.0,499544.0,499435.0,499306.0,499146.0,498952.0,498708.0,498385.0,498015.0,497522.0,496889.0,496128.0,495206.0,493966.0,492535.0,490733.0,488465.0,485826.0,482593.0,478680.0,473894.0,468285.0,461386.0,453395.0,443982.0,433245.0,420975.0,406929.0,391248.0,373977.0,355700.0,336323.0,330856.0,325725.0,320932.0,316688.0,312868.0,309430.0,306561.0,304061.0,302017.0,300297.0,298838.0,297585.0,296551.0,295707.0,295028.0,294415.0,293932.0,293561.0,293215.0,292946.0,292729.0,292544.0,292377.0,292248.0,292121.0,292014.0,291940.0,291883.0,291825.0,291788.0,291753.0,291730.0,291705.0,291694.0,291675.0,291659.0,291650.0,291642.0,291629.0
499995.0,499991.0,499987.0,499984.0,499978.0,499972.0,499965.0,499953.0,499942.0,499933.0,499923.0,499900.0,499878.0,499850.0,499818.0,499783.0,499740.0,499686.0,499594.0,499500.0,499386.0,499238.0,499034.0,498799.0,498499.0,498138.0,497729.0,497174.0,496540.0,495755.0,494792.0,493569.0,492149.0,490427.0,488335.0,485804.0,482667.0,478836.0,474201.0,468607.0,462137.0,454377.0,445216.0,434608.0,422478.0,408588.0,393443.0,376670.0,358498.0,339201.0,319297.0,313803.0,308670.0,304045.0,299784.0,296085.0,292877.0,290105.0,287708.0,285652.0,283998.0,282644.0,281505.0,280499.0,279740.0,279084.0,278575.0,278162.0,277808.0,277498.0,277275.0,277070.0,276876.0,276746.0,276624.0,276524.0,276458.0,276382.0,276332.0,276288.0,276258.0,276234.0,276213.0,276181.0,276158.0,276139.0,276125.0,276115.0,276111.0,276104.0
499995.0,499995.0,499993.0,499992.0,499992.0,499990.0,499989.0,499987.0,499984.0,499984.0,499982.0,499978.0,499972.0,499965.0,499955.0,499942.0,499913.0,499894.0,499866.0,499836.0,499798.0,499756.0,499705.0,499629.0,499539.0,499409.0,499258.0,499071.0,498848.0,498567.0,498222.0,497774.0,497263.0,496612.0,495861.0,494893.0,493779.0,492387.0,490634.0,488529.0,485892.0,482715.0,479011.0,474459.0,468985.0,462478.0,454662.0,445655.0,435173.0,423245.0,409482.0,405429.0,401731.0,398138.0,394841.0,391696.0,388882.0,386509.0,384377.0,382586.0,381076.0,379798.0,378706.0,377744.0,376930.0,376210.0,375619.0,375076.0,374659.0,374284.0,373970.0,373669.0,373445.0,373237.0,373047.0,372901.0,372756.0,372640.0,372558.0,372465.0,372391.0,372330.0,372273.0,372219.0,372182.0,372146.0,372115.0,372094.0,372068.0,372051.0
499995.0,499995.0,499995.0,499994.0,499993.0,499992.0,499992.0,499991.0,499989.0,499986.0,499980.0,499977.0,499971.0,499960.0,499950.0,499936.0,499919.0,499910.0,499888.0,499848.0,499807.0,499753.0,499702.0,499621.0,499547.0,499430.0,499304.0,499150.0,498951.0,498705.0,498394.0,498009.0,497521.0,496970.0,496309.0,495451.0,494408.0,493116.0,491531.0,489670.0,487391.0,484660.0,481250.0,477158.0,472250.0,466457.0,459638.0,451512.0,441994.0,431027.0,418416.0,414708.0,411151.0,407718.0,404502.0,401589.0,398920.0,396556.0,394534.0,392736.0,391252.0,389939.0,388893.0,387968.0,387243.0,386557.0,386000.0,385499.0,385072.0,384706.0,384380.0,384120.0,383916.0,383695.0,383518.0,383392.0,383254.0,383137.0,383040.0,382959.0,382892.0,382825.0,382770.0,382721.0,382682.0,382643.0,382605.0,382581.0,382563.0,382541.0
499995.0,499994.0,499994.0,499991.0,499991.0,499987.0,499984.0,499979.0,499975.0,499971.0,499956.0,499953.0,499940.0,499926.0,499912.0,499889.0,499869.0,499829.0,499789.0,499735.0,499673.0,499599.0,499496.0,499368.0,499213.0,499020.0,498783.0,498438.0,498034.0,497564.0,496952.0,496200.0,495304.0,494176.0,492837.0,491169.0,489106.0,486615.0,483607.0,479968.0,475656.0,470453.0,464215.0,456763.0,447962.0,437745.0,426269.0,412901.0,397894.0,381472.0,363874.0,358874.0,354068.0,349689.0,345591.0,342041.0,338717.0,335890.0,333642.0,331555.0,329928.0,328535.0,327326.0,326305.0,325436.0,324707.0,324078.0,323548.0,323129.0,322792.0,322478.0,322216.0,322006.0,321807.0,321657.0,321526.0,321414.0,321324.0,321251.0,321188.0,321130.0,321086.0,321035.0,321004.0,320985.0,320957.0,320935.0,320915.0,320897.0,320882.0
499995.0,499993.0,499987.0,499983.0,499976.0,499969.0,499956.0,499948.0,499938.0,499919.0,499893.0,499871.0,499834.0,499798.0,499744.0,499686.0,499620.0,499547.0,499448.0,499339.0,499176.0,498998.0,498777.0,498509.0,498132.0,497694.0,497174.0,496473.0,495683.0,494661.0,493412.0,491897.0,490133.0,488019.0,485348.0,482176.0,478226.0,473530.0,467862.0,461154.0,453244.0,443964.0,433248.0,420853.0,406842.0,391448.0,374498.0,356155.0,337008.0,316999.0,296845.0,291315.0,286139.0,281536.0,277352.0,273705.0,270533.0,267851.0,265643.0,263702.0,262192.0,260914.0,259854.0,259001.0,258252.0,257686.0,257201.0,256789.0,256494.0,256271.0,256020.0,255848.0,255689.0,255578.0,255481.0,255382.0,255314.0,255259.0,255214.0,255171.0,255143.0,255112.0,255090.0,255070.0,255058.0,255049.0,255038.0,255030.0,255026.0,255018.0
499995.0,499995.0,499995.0,499995.0,499994.0,499993.0,499993.0,499992.0,499990.0,499989.0,499984.0,499980.0,499976.0,499968.0,499958.0,499941.0,499917.0,499894.0,499863.0,499836.0,499788.0,499729.0,499665.0,499603.0,499504.0,499400.0,499266.0,499088.0,498861.0,498608.0,498305.0,497915.0,497412.0,496858.0,496150.0,495287.0,494189.0,492855.0,491184.0,489172.0,486686.0,483740.0,480122.0,475715.0,470519.0,464102.0,456688.0,448101.0,438057.0,426356.0,413178.0,409363.0,405643.0,402193.0,398886.0,395889.0,393199.0,390891.0,388766.0,386920.0,385378.0,384150.0,383013.0,382049.0,381265.0,380569.0,379982.0,379511.0,379079.0,378715.0,378386.0,378128.0,377943.0,377761.0,377571.0,377427.0,377299.0,377180.0,377098.0,377026.0,376968.0,376916.0,376869.0,376829.0,376795.0,376758.0,376726.0,376709.0,376683.0,376670.0
499995.0,499989.0,499985.0,499981.0,499976.0,499972.0,499963.0,499948.0,499933.0,499918.0,499897.0,499871.0,499849.0,499800.0,499754.0,499692.0,499627.0,499528.0,499432.0,499307.0,499136.0,498935.0,498680.0,498353.0,498019.0,497561.0,496997.0,496308.0,495416.0,494271.0,492871.0,491266.0,489333.0,486963.0,483923.0,480386.0,476000.0,470937.0,464766.0,457485.0,448932.0,438931.0,427369.0,414237.0,399443.0,383275.0,365643.0,346901.0,327483.0,307710.0,287701.0,282165.0,277040.0,272529.0,268518.0,264973.0,261863.0,259194.0,257019.0,255170.0,253716.0,252449.0,251417.0,250587.0,249877.0,249327.0,248846.0,248477.0,248145.0,247892.0,247667.0,247467.0,247331.0,247213.0,247117.0,247050.0,246978.0,246919.0,246889.0,246854.0,246823.0,246798.0,246781.0,246764.0,246758.0,246747.0,246733.0,246727.0,246723.0,246718.0
499995.0,499995.0,499995.0,499994.0,499992.0,499990.0,499986.0,499978.0,499969.0,499957.0,499943.0,499929.0,499917.0,499891.0,499863.0,499833.0,499794.0,499744.0,499680.0,499599.0,499508.0,499394.0,499247.0,499062.0,498840.0,498555.0,498196.0,497823.0,497285.0,496645.0,495866.0,494895.0,493721.0,492329.0,490550.0,488356.0,485676.0,482567.0,478775.0,474308.0,468747.0,462107.0,454355.0,445151.0,434586.0,422521.0,408948.0,393816.0,377227.0,359223.0,340409.0,335098.0,330007.0,325460.0,321168.0,317321.0,314008.0,311193.0,308764.0,306787.0,305050.0,303642.0,302517.0,301508.0,300678.0,299967.0,299346.0,298838.0,298425.0,298088.0,297780.0,297524.0,297334.0,297197.0,297046.0,296932.0,296833.0,296758.0,296683.0,296627.0,296582.0,296547.0,296521.0,296490.0,296469.0,296453.0,296439.0,296425.0,296403.0,296394.0
499995.0,499993.0,499991.0,499990.0,499990.0,499987.0,499983.0,499978.0,499973.0,499963.0,499953.0,499944.0,499930.0,499915.0,499902.0,499873.0,499846.0,499811.0,499778.0,499734.0,499682.0,499609.0,499519.0,499404.0,499272.0,499098.0,498909.0,498667.0,498397.0,498038.0,497585.0,497076.0,496457.0,495679.0,494765.0,493600.0,492206.0,490409.0,488255.0,485683.0,482547.0,478754.0,474217.0,468603.0,461915.0,454332.0,445210.0,434579.0,422376.0,408533.0,393216.0,388800.0,384549.0,380512.0,376745.0,373372.0,370409.0,367843.0,365528.0,363656.0,362077.0,360738.0,359585.0,358582.0,357776.0,357079.0,356459.0,355968.0,355535.0,355157.0,354836.0,354560.0,354334.0,354155.0,354014.0,353880.0,353771.0,353695.0,353607.0,353527.0,353461.0,353410.0,353354.0,353315.0,353281.0,353256.0,353234.0,353212.0,353191.0,353176.0
499995.0,499990.0,499986.0,499983.0,499978.0,499967.0,499960.0,499949.0,499931.0,499921.0,499898.0,499865.0,499834.0,499805.0,499770.0,499718.0,499644.0,499571.0,499463.0,499333.0,499171.0,498974.0,498728.0,498433.0,498052.0,497599.0,497081.0,496357.0,495489.0,494470.0,493217.0,491687.0,489903.0,487637.0,484807.0,481500.0,477421.0,472569.0,466718.0,459762.0,451676.0,442061.0,430922.0,418181.0,403847.0,388246.0,370901.0,352612.0,333021.0,313002.0,292829.0,287315.0,282256.0,277615.0,273504.0,269853.0,266750.0,264076.0,261829.0,260033.0,258462.0,257183.0,256090.0,255200.0,254472.0,253877.0,253402.0,253004.0,252706.0,252442.0,252241.0,252062.0,251908.0,251775.0,251681.0,251600.0,251525.0,251474.0,251437.0,251397.0,251360.0,251329.0,251308.0,251288.0,251276.0,251260.0,251252.0,251243.0,251235.0,251232.0
499995.0,499993.0,499993.0,499993.0,499993.0,499993.0,499993.0,499992.0,499992.0,499992.0,499989.0,499989.0,499986.0,499982.0,499980.0,499974.0,499963.0,499958.0,499948.0,499928.0,499913.0,499892.0,499861.0,499820.0,499784.0,499726.0,499656.0,499567.0,499451.0,499319.0,499167.0,498959.0,498714.0,498392.0,498027.0,497533.0,496960.0,496224.0,495339.0,494277.0,492942.0,491356.0,489362.0,487034.0,484205.0,480736.0,476460.0,471280.0,465194.0,457960.0,449609.0,447184.0,444699.0,442302.0,440018.0,437946.0,436035.0,434401.0,432962.0,431686.0,430586.0,429597.0,428759.0,428028.0,427419.0,426915.0,426466.0,426073.0,425755.0,425441.0,425202.0,425003.0,424807.0,424662.0,424536.0,424409.0,424293.0,424196.0,424123.0,424066.0,423992.0,423932.0,423887.0,423859.0,423821.0,423800.0,423775.0,423752.0,423730.0,423709.0
499995.0,499994.0,499992.0,499991.0,499988.0,499986.0,499982.0,499979.0,499972.0,499966.0,499951.0,499944.0,499925.0,499907.0,499885.0,499863.0,499835.0,499794.0,499746.0,499682.0,499591.0,499510.0,499401.0,499269.0,499094.0,498894.0,498641.0,498342.0,497965.0,497494.0,496918.0,496291.0,495397.0,494340.0,493028.0,491485.0,489604.0,487298.0,484426.0,481108.0,477065.0,472073.0,466182.0,459143.0,450936.0,441145.0,429907.0,417175.0,402876.0,387040.0,369994.0,364975.0,360300.0,355897.0,351866.0,348139.0,344918.0,342047.0,339676.0,337601.0,335874.0,334414.0,333192.0,332139.0,331324.0,330605.0,330012.0,329506.0,329085.0,328737.0,328429.0,328151.0,327940.0,327780.0,327625.0,327505.0,327399.0,327296.0,327206.0,327133.0,327074.0,327028.0,326990.0,326958.0,326928.0,326916.0,326888.0,326864.0,326847.0,326836.0
499995.0,499994.0,499994.0,499994.0,499992.0,499988.0,499985.0,499984.0,499978.0,499974.0,499964.0,499958.0,499949.0,499941.0,499922.0,499901.0,499879.0,499855.0,499825.0,499784.0,499748.0,499697.0,499624.0,499530.0,499446.0,499326.0,499164.0,498978.0,498734.0,498443.0,498076.0,497649.0,497084.0,496427.0,495647.0,494647.0,493445.0,491968.0,490233.0,487947.0,485316.0,482178.0,478230.0,473455.0,467818.0,461126.0,453242.0,443900.0,433199.0,420926.0,406948.0,402925.0,398994.0,395235.0,391710.0,388565.0,385700.0,383292.0,381171.0,379319.0,377814.0,376420.0,375281.0,374334.0,373516.0,372778.0,372202.0,371724.0,371309.0,370960.0,370623.0,370363.0,370133.0,369960.0,369796.0,369666.0,369546.0,369453.0,369378.0,369303.0,369246.0,369195.0,369156.0,369120.0,369091.0,369059.0,369034.0,369004.0,368986.0,368964.0
499995.0,499991.0,499991.0,499987.0,499985.0,499979.0,499972.0,499966.0,499956.0,499943.0,499934.0,499919.0,499897.0,499883.0,499859.0,499819.0,499789.0,499749.0,499700.0,499632.0,499552.0,499444.0,499327.0,499153.0,498974.0,498741.0,498434.0,498106.0,497709.0,497178.0,496503.0,495735.0,494742.0,493525.0,492062.0,490276.0,488143.0,485575.0,482321.0,478520.0,473897.0,468344.0,461761.0,453987.0,444768.0,434297.0,421979.0,408224.0,392816.0,376103.0,357925.0,352693.0,347766.0,343314.0,339100.0,335448.0,332130.0,329371.0,326904.0,324885.0,323165.0,321629.0,320412.0,319342.0,318493.0,317763.0,317199.0,316653.0,316267.0,315894.0,315588.0,315301.0,315103.0,314944.0,314768.0,314656.0,314547.0,314458.0,314376.0,314327.0,314275.0,314226.0,314183.0,314144.0,314112.0,314091.0,314074.0,314065.0,314053.0,314042.0
499995.0,499995.0,499994.0,499993.0,499992.0,499991.0,499990.0,499987.0,499986.0,499983.0,499977.0,499971.0,499964.0,499958.0,499951.0,499941.0,499933.0,499915.0,499888.0,499870.0,499838.0,499793.0,499742.0,499678.0,499607.0,499493.0,499358.0,499192.0,498998.0,498789.0,498508.0,498152.0,497677.0,497136.0,496494.0,495627.0,494626.0,493317.0,491739.0,489751.0,487483.0,484641.0,481347.0,477333.0,472403.0,466662.0,459697.0,451594.0,442100.0,430917.0,418364.0,414710.0,411136.0,407702.0,404593.0,401745.0,399112.0,396901.0,394937.0,393228.0,391743.0,390496.0,389409.0,388442.0,387649.0,387036.0,386488.0,386004.0,385557.0,385215.0,384904.0,384640.0,384441.0,384263.0,384102.0,383967.0,383848.0,383743.0,383654.0,383584.0,383513.0,383452.0,383395.0,383357.0,383326.0,383294.0,383279.0,383267.0,383246.0,383226.0
499995.0,499994.0,499990.0,499986.0,499982.0,499973.0,499962.0,499956.0,499947.0,499934.0,499925.0,499910.0,499896.0,499876.0,499843.0,499821.0,499768.0,499725.0,499654.0,499578.0,499488.0,499374.0,499225.0,499042.0,498814.0,498550.0,498193.0,497797.0,497321.0,496702.0,495930.0,494933.0,493785.0,492450.0,490711.0,488681.0,486154.0,483160.0,479501.0,474972.0,469657.0,463290.0,455718.0,446915.0,436534.0,424832.0,411344.0,396506.0,380145.0,362073.0,343143.0,337719.0,332661.0,328055.0,323776.0,320067.0,316708.0,313788.0,311371.0,309363.0,307637.0,306184.0,304942.0,303932.0,303112.0,302401.0,301831.0,301363.0,300972.0,300637.0,300382.0,300148.0,299973.0,299840.0,299708.0,299605.0,299524.0,299454.0,299392.0,299331.0,299292.0,299247.0,299215.0,299187.0,299170.0,299150.0,299134.0,299127.0,299113.0,299104.0
499995.0,499994.0,499994.0,499990.0,499987.0,499980.0,499974.0,499967.0,499954.0,499943.0,499929.0,499911.0,499893.0,499873.0,499840.0,499797.0,499748.0,499681.0,499607.0,499521.0,499395.0,499258.0,499076.0,498885.0,498630.0,498334.0,497986.0,497516.0,496908.0,496277.0,495426.0,494376.0,493061.0,491539.0,489665.0,487346.0,484485.0,481166.0,476989.0,472060.0,466153.0,459154.0,450877.0,441256.0,429969.0,417212.0,402867.0,387044.0,369620.0,351450.0,332340.0,326871.0,321842.0,317184.0,312924.0,309115.0,305796.0,302960.0,300545.0,298492.0,296880.0,295484.0,294282.0,293338.0,292527.0,291862.0,291273.0,290796.0,290374.0,290057.0,289755.0,289547.0,289349.0,289187.0,289067.0,288938.0,288845.0,288775.0,288729.0,288684.0,288650.0,288614.0,288588.0,288564.0,288546.0,288530.0,288516.0,288505.0,288495.0,288486.0
499995.0,499994.0,499991.0,499988.0,499986.0,499982.0,499979.0,499971.0,499962.0,499958.0,499948.0,499938.0,499927.0,499918.0,499899.0,499878.0,499855.0,499823.0,499781.0,499734.0,499685.0,499602.0,499524.0,499409.0,499295.0,499138.0,498934.0,498711.0,498410.0,498057.0,497603.0,497082.0,496421.0,495590.0,494532.0,493321.0,491818.0,489927.0,487655.0,484801.0,481420.0,477352.0,472521.0,466742.0,459824.0,451671.0,442192.0,431297.0,418732.0,404669.0,388899.0,384320.0,379931.0,375838.0,371985.0,368589.0,365528.0,362858.0,360597.0,358713.0,357065.0,355672.0,354423.0,353443.0,352591.0,351847.0,351217.0,350716.0,350314.0,349933.0,349615.0,349348.0,349131.0,348945.0,348776.0,348636.0,348520.0,348428.0,348330.0,348252.0,348175.0,348127.0,348084.0,348042.0,348006.0,347977.0,347950.0,347930.0,347910.0,347893.0
499995.0,499993.0,499990.0,499989.0,499986.0,499984.0,499981.0,499978.0,499973.0,499966.0,499955.0,499945.0,499941.0,499921.0,499905.0,499877.0,499849.0,499818.0,499767.0,499713.0,499635.0,499546.0,499433.0,499315.0,499123.0,498898.0,498655.0,498348.0,497988.0,497515.0,496916.0,496228.0,495341.0,494271.0,492938.0,491353.0,489497.0,487113.0,484194.0,480722.0,476568.0,471560.0,465640.0,458459.0,450114.0,440329.0,429116.0,416202.0,401486.0,385453.0,368058.0,363071.0,358513.0,354192.0,350105.0,346589.0,343459.0,340679.0,338261.0,336248.0,334513.0,333041.0,331870.0,330881.0,330012.0,329268.0,328680.0,328155.0,327709.0,327359.0,327053.0,326792.0,326564.0,326390.0,326241.0,326120.0,325998.0,325925.0,325852.0,325788.0,325738.0,325694.0,325647.0,325625.0,325588.0,325554.0,325540.0,325520.0,325505.0,325499.0
499995.0,499993.0,499992.0,499987.0,499985.0,499978.0,499971.0,499962.0,499953.0,499939.0,499913.0,499889.0,499853.0,499812.0,499776.0,499718.0,499662.0,499584.0,499481.0,499353.0,499222.0,499059.0,498838.0,498553.0,498213.0,497808.0,497304.0,496620.0,495836.0,494890.0,493715.0,492214.0,490423.0,488289.0,485550.0,482360.0,478500.0,473764.0,468185.0,461462.0,453635.0,444470.0,433815.0,421642.0,408074.0,392683.0,375971.0,357970.0,338801.0,318822.0,298682.0,293158.0,287904.0,283249.0,279038.0,275363.0,272095.0,269345.0,267020.0,265137.0,263591.0,262340.0,261262.0,260412.0,259717.0,259085.0,258559.0,258131.0,257803.0,257555.0,257356.0,257169.0,257027.0,256890.0,256793.0,256719.0,256651.0,256596.0,256551.0,256508.0,256471.0,256442.0,256425.0,256410.0,256393.0,256382.0,256376.0,256370.0,256366.0,256359.0
499995.0,499994.0,499989.0,499984.0,499980.0,499967.0,499952.0,499934.0,499910.0,499891.0,499867.0,499822.0,499766.0,499696.0,499617.0,499525.0,499403.0,499260.0,499082.0,498841.0,498535.0,498172.0,497732.0,497153.0,496476.0,495619.0,494551.0,493241.0,491581.0,489514.0,487108.0,484181.0,480683.0,476327.0,471082.0,464992.0,457572.0,448943.0,439010.0,427643.0,414676.0,400154.0,383936.0,366438.0,347498.0,327780.0,307631.0,287456.0,267863.0,248601.0,230478.0,225730.0,221400.0,217561.0,214201.0,211284.0,208776.0,206699.0,205034.0,203676.0,202533.0,201655.0,200937.0,200336.0,199866.0,199503.0,199201.0,198958.0,198744.0,198593.0,198466.0,198377.0,198292.0,198225.0,198178.0,198128.0,198094.0,198073.0,198056.0,198044.0,198030.0,198014.0,197998.0,197992.0,197980.0,197978.0,197971.0,197968.0,197965.0,197963.0
499995.0,499995.0,499993.0,499993.0,499992.0,499987.0,499986.0,499983.0,499981.0,499976.0,499969.0,499963.0,499957.0,499942.0,499930.0,499912.0,499888.0,499855.0,499827.0,499789.0,499738.0,499674.0,499608.0,499524.0,499406.0,499267.0,499126.0,498921.0,498656.0,498352.0,498006.0,497561.0,497008.0,496349.0,495536.0,494509.0,493125.0,491562.0,489600.0,487237.0,484332.0,480848.0,476700.0,471661.0,465695.0,458629.0,450131.0,440232.0,428786.0,415644.0,401328.0,397117.0,392996.0,389122.0,385435.0,382247.0,379412.0,376862.0,374594.0,372746.0,371087.0,369720.0,368585.0,367588.0,366701.0,365959.0,365366.0,364868.0,364444.0,364090.0,363787.0,363553.0,363326.0,363128.0,362989.0,362872.0,362765.0,362676.0,362590.0,362517.0,362458.0,362415.0,362382.0,362334.0,362304.0,362280.0,362258.0,362241.0,362220.0,362201.0
499995.0,499995.0,499995.0,499993.0,499993.0,499991.0,499989.0,499987.0,499982.0,499972.0,499964.0,499954.0,499945.0,499924.0,499905.0,499887.0,499861.0,499823.0,499791.0,499741.0,499661.0,499567.0,499480.0,499374.0,499215.0,499016.0,498784.0,498531.0,498204.0,497778.0,497243.0,496568.0,495771.0,494775.0,493593.0,492054.0,490266.0,488070.0,485458.0,482229.0,478287.0,473580.0,468023.0,461264.0,453357.0,444215.0,433500.0,421359.0,407509.0,392091.0,375393.0,370688.0,366087.0,361804.0,357732.0,354143.0,351036.0,348289.0,345874.0,343848.0,342067.0,340580.0,339363.0,338394.0,337542.0,336742.0,336133.0,335596.0,335125.0,334760.0,334445.0,334148.0,333907.0,333708.0,333545.0,333396.0,333287.0,333184.0,333093.0,333023.0,332965.0,332919.0,332880.0,332849.0,332823.0,332795.0,332774.0,332757.0,332744.0,332731.0
499995.0,499994.0,499990.0,499989.0,499987.0,499985.0,499983.0,499977.0,499971.0,499968.0,499959.0,499948.0,499939.0,499926.0,499908.0,499891.0,499874.0,499846.0,499815.0,499768.0,499722.0,499666.0,499592.0,499497.0,499395.0,499258.0,499112.0,498898.0,498667.0,498388.0,498031.0,497601.0,497098.0,496429.0,495631.0,494616.0,493427.0,491940.0,490165.0,487908.0,485279.0,482086.0,478179.0,473566.0,467856.0,461304.0,453406.0,444199.0,433555.0,421130.0,407187.0,403086.0,399123.0,395274.0,391877.0,388773.0,386083.0,383697.0,381666.0,379893.0,378254.0,376865.0,375779.0,374841.0,374015.0,373361.0,372795.0,372280.0,371822.0,371444.0,371131.0,370863.0,370616.0,370433.0,370267.0,370117.0,369996.0,369887.0,369813.0,369722.0,369660.0,369604.0,369546.0,369509.0,369478.0,369444.0,369414.0,369393.0,369375.0,369356.0
499995.0,499993.0,499992.0,499989.0,499988.0,499981.0,499975.0,499965.0,499959.0,499948.0,499934.0,499921.0,499894.0,499866.0,499833.0,499800.0,499756.0,499697.0,499618.0,499515.0,499400.0,499240.0,499063.0,498843.0,498545.0,498190.0,497760.0,497186.0,496525.0,495688.0,494616.0,493372.0,491857.0,489987.0,487787.0,485133.0,481836.0,477820.0,473025.0,467394.0,460590.0,452553.0,443194.0,432244.0,420016.0,406025.0,390492.0,373333.0,354833.0,335514.0,315649.0,310313.0,305178.0,300491.0,296225.0,292484.0,289244.0,286472.0,284124.0,282209.0,280651.0,279263.0,278128.0,277206.0,276409.0,275761.0,275191.0,274734.0,274381.0,274077.0,273804.0,273613.0,273445.0,273315.0,273203.0,273100.0,273020.0,272940.0,272880.0,272831.0,272773.0,272739.0,272710.0,272688.0,272671.0,272653.0,272642.0,272636.0,272626.0,272615.0
499995.0,499992.0,499990.0,499989.0,499988.0,499986.0,499984.0,499983.0,499981.0,499980.0,499976.0,499969.0,499965.0,499960.0,499956.0,499940.0,499929.0,499911.0,499882.0,499856.0,499816.0,499778.0,499725.0,499667.0,499575.0,499479.0,499355.0,499229.0,499044.0,498817.0,498531.0,498206.0,497765.0,497299.0,496658.0,495877.0,494941.0,493782.0,492382.0,490672.0,488539.0,485990.0,482895.0,479201.0,474647.0,469231.0,462864.0,455486.0,446766.0,436544.0,424630.0,421208.0,417918.0,414882.0,411894.0,409144.0,406626.0,404518.0,402541.0,400920.0,399510.0,398299.0,397277.0,396370.0,395613.0,394949.0,394340.0,393877.0,393468.0,393108.0,392814.0,392559.0,392299.0,392099.0,391914.0,391761.0,391618.0,391518.0,391424.0,391342.0,391268.0,391215.0,391153.0,391113.0,391069.0,391031.0,391008.0,390981.0,390954.0,390933.0
499995.0,499994.0,499990.0,499990.0,499986.0,499984.0,499983.0,499980.0,499973.0,499970.0,499962.0,499957.0,499950.0,499936.0,499919.0,499901.0,499877.0,499845.0,499808.0,499762.0,499708.0,499648.0,499554.0,499443.0,499331.0,499173.0,499009.0,498779.0,498452.0,498057.0,497634.0,497049.0,496355.0,495488.0,494453.0,493192.0,491643.0,489732.0,487498.0,484837.0,481501.0,477485.0,472701.0,467054.0,460317.0,452322.0,443083.0,432373.0,419998.0,406154.0,390800.0,386270.0,382021.0,378020.0,374416.0,371003.0,368088.0,365509.0,363215.0,361294.0,359634.0,358281.0,357110.0,356116.0,355308.0,354651.0,354073.0,353550.0,353120.0,352780.0,352447.0,352182.0,351977.0,351796.0,351648.0,351504.0,351371.0,351270.0,351179.0,351107.0,351047.0,350990.0,350942.0,350907.0,350882.0,350851.0,350829.0,350809.0,350791.0,350775.0
499995.0,499994.0,499992.0,499991.0,499991.0,499989.0,499985.0,499982.0,499976.0,499968.0,499960.0,499948.0,499933.0,499921.0,499898.0,499869.0,499848.0,499813.0,499768.0,499711.0,499636.0,499547.0,499437.0,499301.0,499160.0,498962.0,498724.0,498426.0,498071.0,497614.0,497081.0,496408.0,495599.0,494611.0,493435.0,492014.0,490210.0,488038.0,485353.0,482156.0,478144.0,473466.0,467749.0,461075.0,453023.0,443729.0,432866.0,420594.0,406488.0,391100.0,374371.0,369455.0,364834.0,360511.0,356555.0,352984.0,349735.0,347004.0,344613.0,342603.0,340883.0,339488.0,338295.0,337293.0,336372.0,335635.0,335034.0,334486.0,334028.0,333660.0,333370.0,333110.0,332901.0,332713.0,332545.0,332393.0,332273.0,332182.0,332092.0,332021.0,331966.0,331917.0,331874.0,331840.0,331819.0,331794.0,331775.0,331758.0,331737.0,331723.0
499995.0,499995.0,499994.0,499993.0,499992.0,499988.0,499983.0,499982.0,499976.0,499968.0,499965.0,499954.0,499936.0,499916.0,499884.0,499853.0,499820.0,499779.0,499725.0,499632.0,499540.0,499440.0,499280.0,499103.0,498869.0,498648.0,498305.0,497893.0,497375.0,496767.0,496009.0,495057.0,493890.0,492473.0,490722.0,488613.0,486083.0,482947.0,479172.0,474658.0,469192.0,462757.0,455188.0,446335.0,435822.0,423865.0,410257.0,395160.0,378715.0,361032.0,341984.0,336631.0,331562.0,326955.0,322718.0,319022.0,315762.0,312927.0,310503.0,308510.0,306761.0,305323.0,304075.0,303090.0,302248.0,301526.0,300926.0,300434.0,300039.0,299697.0,299412.0,299170.0,298950.0,298779.0,298633.0,298523.0,298420.0,298333.0,298260.0,298199.0,298141.0,298093.0,298061.0,298033.0,298004.0,297983.0,297962.0,297938.0,297926.0,297919.0
499995.0,499992.0,499988.0,499982.0,499973.0,499967.0,499954.0,499935.0,499915.0,499884.0,499850.0,499818.0,499766.0,499713.0,499631.0,499526.0,499400.0,499252.0,499092.0,498874.0,498596.0,498289.0,497872.0,497386.0,496785.0,496037.0,495055.0,493941.0,492453.0,490698.0,488652.0,486019.0,482793.0,478886.0,474242.0,468683.0,462117.0,454389.0,445283.0,434670.0,422615.0,409042.0,393724.0,377119.0,359143.0,340158.0,320532.0,300704.0,280670.0,261018.0,242261.0,237324.0,232690.0,228609.0,225073.0,221940.0,219477.0,217312.0,215513.0,214010.0,212783.0,211856.0,211100.0,210437.0,209910.0,209494.0,209154.0,208856.0,208611.0,208446.0,208314.0,208197.0,208102.0,208028.0,207979.0,207932.0,207894.0,207861.0,207839.0,207814.0,207788.0,207774.0,207759.0,207754.0,207740.0,207735.0,207728.0,207726.0,207722.0,207721.0
499995.0,499995.0,499991.0,499988.0,499988.0,499987.0,499984.0,499980.0,499974.0,499967.0,499958.0,499946.0,499937.0,499919.0,499901.0,499879.0,499855.0,499823.0,499782.0,499734.0,499682.0,499619.0,499531.0,499403.0,499262.0,499062.0,498805.0,498523.0,498189.0,497750.0,497226.0,496585.0,495768.0,494776.0,493561.0,492059.0,490249.0,488022.0,485282.0,481959.0,478079.0,473367.0,467647.0,460890.0,452714.0,443461.0,432447.0,420081.0,406217.0,390670.0,373749.0,368872.0,364198.0,359735.0,355660.0,352057.0,348902.0,346218.0,343797.0,341721.0,340008.0,338524.0,337255.0,336199.0,335359.0,334636.0,334000.0,333473.0,333040.0,332654.0,332348.0,332096.0,331892.0,331717.0,331567.0,331426.0,331308.0,331219.0,331136.0,331061.0,331005.0,330956.0,330919.0,330887.0,330854.0,330824.0,330805.0,330782.0,330766.0,330750.0
499995.0,499994.0,499992.0,499989.0,499986.0,499980.0,499974.0,499967.0,499958.0,499946.0,499936.0,499914.0,499899.0,499873.0,499845.0,499803.0,499758.0,499702.0,499632.0,499557.0,499474.0,499330.0,499194.0,499032.0,498798.0,498566.0,498257.0,497898.0,497436.0,496845.0,496145.0,495274.0,494242.0,492910.0,491286.0,489271.0,486823.0,483952.0,480423.0,476130.0,470910.0,464859.0,457437.0,448883.0,439076.0,427488.0,414402.0,399874.0,383729.0,366304.0,347633.0,342281.0,337356.0,332856.0,328715.0,324948.0,321592.0,318798.0,316348.0,314281.0,312612.0,311170.0,309902.0,308866.0,308049.0,307346.0,306758.0,306254.0,305825.0,305474.0,305168.0,304923.0,304695.0,304531.0,304389.0,304258.0,304158.0,304073.0,304003.0,303940.0,303897.0,303856.0,303829.0,303810.0,303790.0,303771.0,303763.0,303751.0,303736.0,303728.0
499995.0,499992.0,499990.0,499989.0,499985.0,499982.0,499981.0,499976.0,499972.0,499966.0,499955.0,499946.0,499933.0,499911.0,499890.0,499870.0,499844.0,499795.0,499748.0,499699.0,499633.0,499554.0,499463.0,499340.0,499188.0,498991.0,498753.0,498466.0,498092.0,497600.0,497077.0,496417.0,495544.0,494511.0,493251.0,491706.0,489839.0,487588.0,484768.0,481338.0,477112.0,472117.0,466165.0,459115.0,450934.0,441464.0,430278.0,417568.0,403339.0,387569.0,370272.0,365261.0,360508.0,356088.0,352104.0,348469.0,345223.0,342432.0,339981.0,337987.0,336249.0,334745.0,333527.0,332479.0,331580.0,330808.0,330193.0,329699.0,329240.0,328859.0,328543.0,328263.0,328049.0,327865.0,327698.0,327566.0,327456.0,327356.0,327272.0,327193.0,327119.0,327068.0,327029.0,326991.0,326957.0,326926.0,326897.0,326875.0,326860.0,326843.0
499995.0,499993.0,499992.0,499989.0,499988.0,499985.0,499984.0,499984.0,499977.0,499974.0,499970.0,499966.0,499964.0,499956.0,499950.0,499939.0,499933.0,499917.0,499908.0,499888.0,499871.0,499843.0,499808.0,499762.0,499709.0,499641.0,499570.0,499487.0,499389.0,499259.0,499089.0,498888.0,498645.0,498346.0,497965.0,497528.0,496955.0,496262.0,495454.0,494415.0,493171.0,491629.0,489733.0,487403.0,484603.0,481148.0,477111.0,472245.0,466311.0,459337.0,450945.0,448512.0,446053.0,443677.0,441387.0,439420.0,437637.0,436046.0,434581.0,433332.0,432206.0,431290.0,430507.0,429764.0,429137.0,428622.0,428165.0,427752.0,427405.0,427137.0,426889.0,426656.0,426470.0,426293.0,426133.0,426012.0,425910.0,425811.0,425728.0,425654.0,425597.0,425534.0,425488.0,425436.0,425404.0,425374.0,425346.0,425319.0,425299.0,425272.0
499995.0,499994.0,499992.0,499989.0,499986.0,499983.0,499980.0,499976.0,499973.0,499969.0,499962.0,499956.0,499946.0,499937.0,499925.0,499906.0,499885.0,499862.0,499827.0,499780.0,499738.0,499675.0,499598.0,499521.0,499406.0,499267.0,499105.0,498913.0,498644.0,498343.0,497942.0,497460.0,496860.0,496113.0,495222.0,494092.0,492688.0,491071.0,489008.0,486589.0,483664.0,480055.0,475622.0,470339.0,464122.0,456653.0,448128.0,437902.0,426336.0,413151.0,398450.0,394128.0,390084.0,386148.0,382469.0,379140.0,376312.0,373666.0,371463.0,369617.0,367965.0,366547.0,365305.0,364316.0,363486.0,362735.0,362104.0,361599.0,361141.0,360759.0,360452.0,360203.0,359969.0,359782.0,359604.0,359443.0,359338.0,359220.0,359115.0,359042.0,358964.0,358910.0,358862.0,358828.0,358796.0,358773.0,358757.0,358732.0,358707.0,358681.0
499995.0,499994.0,499994.0,499993.0,499991.0,499986.0,499981.0,499972.0,499964.0,499956.0,499948.0,499929.0,499914.0,499896.0,499854.0,499815.0,499763.0,499713.0,499650.0,499563.0,499463.0,499343.0,499187.0,499006.0,498787.0,498488.0,498161.0,497762.0,497215.0,496598.0,495835.0,494930.0,493759.0,492354.0,490640.0,488499.0,486003.0,482847.0,479012.0,474489.0,469142.0,462716.0,455247.0,446386.0,436159.0,424299.0,411130.0,396022.0,379578.0,361794.0,343043.0,337683.0,332770.0,328254.0,323899.0,320143.0,316854.0,314017.0,311612.0,309551.0,307845.0,306392.0,305167.0,304175.0,303305.0,302608.0,302022.0,301534.0,301156.0,300810.0,300502.0,300279.0,300087.0,299931.0,299797.0,299696.0,299602.0,299530.0,299473.0,299419.0,299365.0,299324.0,299288.0,299269.0,299246.0,299225.0,299205.0,299194.0,299187.0,299176.0
499995.0,499994.0,499992.0,499990.0,499988.0,499985.0,499981.0,499976.0,499970.0,499966.0,499955.0,499943.0,499926.0,499905.0,499886.0,499862.0,499834.0,499804.0,499753.0,499681.0,499612.0,499524.0,499411.0,499288.0,499126.0,498937.0,498710.0,498401.0,498043.0,497559.0,497007.0,496286.0,495420.0,494365.0,493001.0,491394.0,489463.0,487079.0,484226.0,480656.0,476354.0,471280.0,465135.0,457903.0,449312.0,439439.0,427806.0,414789.0,400286.0,383911.0,366195.0,361129.0,356372.0,351792.0,347701.0,344111.0,340807.0,338107.0,335737.0,333712.0,331988.0,330535.0,329353.0,328411.0,327536.0,326781.0,326155.0,325668.0,325239.0,324887.0,324583.0,324318.0,324102.0,323907.0,323740.0,323612.0,323511.0,323419.0,323347.0,323286.0,323229.0,323187.0,323149.0,323106.0,323073.0,323050.0,323028.0,323010.0,322990.0,322979.0
499995.0,499995.0,499995.0,499994.0,499994.0,499989.0,499988.0,499987.0,499984.0,499979.0,499973.0,499962.0,499946.0,499934.0,499906.0,499882.0,499864.0,499834.0,499795.0,499734.0,499671.0,499586.0,499470.0,499351.0,499191.0,499023.0,498800.0,498511.0,498184.0,497790.0,497297.0,496725.0,496032.0,495156.0,494027.0,492729.0,491052.0,489046.0,486662.0,483654.0,480033.0,475680.0,470389.0,464136.0,456768.0,448058.0,438030.0,426368.0,413131.0,398419.0,382194.0,377452.0,372972.0,368699.0,364832.0,361270.0,358167.0,355434.0,353092.0,351104.0,349450.0,348060.0,346842.0,345800.0,344922.0,344195.0,343594.0,343108.0,342665.0,342233.0,341949.0,341711.0,341478.0,341293.0,341119.0,340984.0,340874.0,340772.0,340684.0,340606.0,340560.0,340507.0,340448.0,340408.0,340382.0,340360.0,340341.0,340311.0,340292.0,340283.0
499995.0,499995.0,499995.0,499994.0,499993.0,499990.0,499988.0,499986.0,499979.0,499971.0,499968.0,499963.0,499954.0,499942.0,499933.0,499920.0,499898.0,499877.0,499849.0,499805.0,499760.0,499700.0,499625.0,499548.0,499442.0,499302.0,499151.0,498937.0,498689.0,498380.0,497989.0,497544.0,496997.0,496305.0,495426.0,494347.0,492967.0,491296.0,489295.0,486825.0,483963.0,480394.0,476002.0,470847.0,464721.0,457495.0,448772.0,438856.0,427347.0,414416.0,399778.0,395527.0,391338.0,387433.0,383888.0,380653.0,377735.0,375162.0,372946.0,371011.0,369381.0,368029.0,366871.0,365925.0,365078.0,364366.0,363723.0,363235.0,362780.0,362413.0,362105.0,361809.0,361592.0,361386.0,361216.0,361077.0,360951.0,360848.0,360772.0,360701.0,360653.0,360597.0,360552.0,360511.0,360473.0,360441.0,360419.0,360402.0,360381.0,360366.0
499995.0,499995.0,499993.0,499991.0,499987.0,499985.0,499981.0,499975.0,499969.0,499962.0,499949.0,499930.0,499907.0,499878.0,499857.0,499825.0,499786.0,499729.0,499660.0,499573.0,499456.0,499337.0,499142.0,498939.0,498721.0,498409.0,498048.0,497556.0,496957.0,496198.0,495298.0,494192.0,492860.0,491252.0,489249.0,486771.0,483742.0,480237.0,476076.0,470823.0,464604.0,457183.0,448587.0,438559.0,427029.0,413839.0,399009.0,382475.0,364643.0,345769.0,326252.0,320831.0,315620.0,311039.0,306788.0,303049.0,299740.0,296871.0,294447.0,292421.0,290769.0,289356.0,288175.0,287191.0,286359.0,285687.0,285084.0,284614.0,284208.0,283868.0,283594.0,283362.0,283177.0,283024.0,282899.0,282783.0,282706.0,282645.0,282590.0,282538.0,282496.0,282462.0,282430.0,282406.0,282383.0,282367.0,282347.0,282337.0,282323.0,282316.0
499995.0,499995.0,499993.0,499990.0,499984.0,499977.0,499972.0,499965.0,499958.0,499950.0,499933.0,499915.0,499894.0,499863.0,499826.0,499775.0,499720.0,499645.0,499546.0,499428.0,499279.0,499116.0,498917.0,498671.0,498348.0,497960.0,497492.0,496901.0,496231.0,495384.0,494310.0,493046.0,491463.0,489534.0,487190.0,484377.0,480949.0,476779.0,471665.0,465517.0,458418.0,450093.0,440274.0,428746.0,415785.0,401093.0,384906.0,367334.0,348529.0,329112.0,309133.0,303605.0,298584.0,293977.0,289708.0,285978.0,282713.0,279998.0,277664.0,275773.0,274177.0,272837.0,271731.0,270807.0,270009.0,269406.0,268872.0,268406.0,268021.0,267711.0,267469.0,267254.0,267077.0,266932.0,266813.0,266706.0,266618.0,266560.0,266503.0,266455.0,266420.0,266384.0,266348.0,266322.0,266305.0,266288.0,266272.0,266262.0,266252.0,266247.0
499995.0,499992.0,499990.0,499984.0,499978.0,499972.0,499967.0,499955.0,499946.0,499925.0,499902.0,499875.0,499840.0,499793.0,499743.0,499681.0,499606.0,499487.0,499361.0,499209.0,498999.0,498797.0,498469.0,498040.0,497575.0,497010.0,496317.0,495458.0,494373.0,493090.0,491558.0,489589.0,487191.0,484289.0,480830.0,476506.0,471500.0,465447.0,458371.0,450001.0,440202.0,428956.0,416120.0,401693.0,385677.0,368621.0,350064.0,330941.0,311108.0,291118.0,271521.0,266217.0,261291.0,256858.0,252936.0,249493.0,246531.0,244095.0,241984.0,240252.0,238892.0,237810.0,236910.0,236114.0,235506.0,235017.0,234587.0,234277.0,234026.0,233811.0,233643.0,233487.0,233356.0,233261.0,233169.0,233109.0,233053.0,233000.0,232971.0,232937.0,232904.0,232885.0,232868.0,232858.0,232849.0,232840.0,232834.0,232824.0,232817.0,232815.0
499995.0,499995.0,499994.0,499993.0,499990.0,499988.0,499984.0,499979.0,499972.0,499965.0,499958.0,499952.0,499940.0,499927.0,499908.0,499890.0,499871.0,499850.0,499818.0,499787.0,499730.0,499667.0,499592.0,499501.0,499394.0,499289.0,499108.0,498943.0,498729.0,498454.0,498114.0,497706.0,497210.0,496583.0,495818.0,494841.0,493671.0,492334.0,490596.0,488419.0,485848.0,482662.0,478898.0,474515.0,469089.0,462581.0,454946.0,445831.0,435505.0,423707.0,410265.0,406253.0,402429.0,398948.0,395583.0,392550.0,389801.0,387408.0,385333.0,383532.0,381988.0,380643.0,379524.0,378609.0,377765.0,377101.0,376501.0,376016.0,375562.0,375166.0,374853.0,374610.0,374372.0,374170.0,374006.0,373872.0,373729.0,373623.0,373525.0,373452.0,373397.0,373342.0,373293.0,373251.0,373216.0,373188.0,373163.0,373142.0,373121.0,373101.0
499995.0,499994.0,499993.0,499991.0,499989.0,499986.0,499979.0,499973.0,499968.0,499961.0,499946.0,499933.0,499923.0,499905.0,499878.0,499843.0,499808.0,499774.0,499726.0,499664.0,499592.0,499501.0,499387.0,499249.0,499061.0,498860.0,498618.0,498277.0,497893.0,497439.0,496856.0,496095.0,495121.0,493970.0,492582.0,490887.0,488799.0,486362.0,483324.0,479612.0,475236.0,469933.0,463668.0,456201.0,447359.0,437362.0,425664.0,412332.0,397255.0,380873.0,363382.0,358240.0,353455.0,348998.0,344852.0,341206.0,338016.0,335250.0,332914.0,330934.0,329264.0,327777.0,326527.0,325503.0,324650.0,323929.0,323309.0,322787.0,322403.0,322073.0,321744.0,321485.0,321278.0,321096.0,320947.0,320833.0,320739.0,320644.0,320569.0,320509.0,320460.0,320417.0,320379.0,320349.0,320321.0,320302.0,320284.0,320273.0,320258.0,320251.0
499995.0,499993.0,499993.0,499993.0,499987.0,499983.0,499978.0,499971.0,499960.0,499949.0,499934.0,499919.0,499901.0,499862.0,499829.0,499797.0,499740.0,499679.0,499612.0,499517.0,499392.0,499236.0,499059.0,498856.0,498599.0,498298.0,497908.0,497422.0,496783.0,496061.0,495138.0,494022.0,492659.0,490889.0,488840.0,486331.0,483354.0,479573.0,475005.0,469613.0,463185.0,455621.0,446681.0,436482.0,424600.0,411077.0,396045.0,379414.0,361175.0,341972.0,322127.0,316623.0,311472.0,306762.0,302483.0,298674.0,295311.0,292384.0,289985.0,287958.0,286252.0,284801.0,283619.0,282657.0,281874.0,281172.0,280614.0,280182.0,279784.0,279477.0,279205.0,278979.0,278806.0,278658.0,278531.0,278443.0,278347.0,278276.0,278201.0,278146.0,278100.0,278069.0,278040.0,278014.0,277993.0,277974.0,277960.0,277940.0,277932.0,277924.0
499995.0,499994.0,499992.0,499988.0,499982.0,499973.0,499966.0,499959.0,499948.0,499939.0,499923.0,499898.0,499871.0,499853.0,499819.0,499766.0,499708.0,499632.0,499549.0,499450.0,499344.0,499204.0,499014.0,498783.0,498486.0,498124.0,497689.0,497161.0,496549.0,495767.0,494814.0,493652.0,492228.0,490533.0,488500.0,485805.0,482784.0,479016.0,474546.0,469190.0,462766.0,455021.0,446124.0,435797.0,423962.0,410551.0,395265.0,378613.0,360619.0,341973.0,322462.0,316921.0,311746.0,307089.0,302696.0,298870.0,295520.0,292730.0,290397.0,288417.0,286804.0,285391.0,284248.0,283351.0,282566.0,281906.0,281348.0,280879.0,280538.0,280213.0,279944.0,279741.0,279562.0,279416.0,279297.0,279191.0,279104.0,279026.0,278963.0,278920.0,278871.0,278832.0,278811.0,278788.0,278775.0,278758.0,278739.0,278729.0,278718.0,278711.0
499995.0,499993.0,499989.0,499983.0,499976.0,499961.0,499946.0,499934.0,499915.0,499899.0,499876.0,499851.0,499810.0,499766.0,499701.0,499627.0,499555.0,499424.0,499270.0,499102.0,498893.0,498661.0,498341.0,497924.0,497400.0,496817.0,496087.0,495190.0,494110.0,492783.0,491103.0,489137.0,486715.0,483601.0,479999.0,475537.0,470201.0,463861.0,456453.0,447608.0,437400.0,425691.0,412467.0,397538.0,380945.0,363066.0,343897.0,324326.0,304299.0,283931.0,264209.0,258999.0,254002.0,249535.0,245627.0,242289.0,239407.0,237007.0,234974.0,233336.0,232012.0,230902.0,230013.0,229229.0,228626.0,228117.0,227754.0,227417.0,227131.0,226898.0,226714.0,226550.0,226434.0,226338.0,226257.0,226196.0,226147.0,226097.0,226062.0,226024.0,225999.0,225976.0,225962.0,225944.0,225935.0,225925.0,225916.0,225907.0,225904.0,225899.0
499995.0,499995.0,499993.0,499990.0,499989.0,499984.0,499977.0,499968.0,499958.0,499951.0,499936.0,499916.0,499893.0,499864.0,499828.0,499773.0,499724.0,499643.0,499560.0,499448.0,499341.0,499169.0,498971.0,498741.0,498459.0,498063.0,497597.0,496986.0,496323.0,495522.0,494484.0,493169.0,491635.0,489757.0,487493.0,484757.0,481462.0,477357.0,472364.0,466553.0,459474.0,451260.0,441586.0,430184.0,417087.0,402658.0,386871.0,369594.0,351174.0,331696.0,311795.0,306179.0,301180.0,296525.0,292313.0,288673.0,285387.0,282552.0,280148.0,278155.0,276528.0,275208.0,274083.0,273159.0,272415.0,271815.0,271296.0,270884.0,270541.0,270250.0,269988.0,269796.0,269617.0,269476.0,269372.0,269289.0,269224.0,269170.0,269113.0,269070.0,269030.0,268987.0,268962.0,268937.0,268915.0,268899.0,268891.0,268879.0,268873.0,268864.0
499995.0,499993.0,499992.0,499990.0,499988.0,499988.0,499986.0,499983.0,499978.0,499971.0,499962.0,499954.0,499944.0,499933.0,499921.0,499899.0,499876.0,499855.0,499814.0,499767.0,499702.0,499630.0,499544.0,499421.0,499304.0,499121.0,498886.0,498614.0,498298.0,497892.0,497386.0,496741.0,495985.0,495044.0,493890.0,492533.0,490752.0,488666.0,486039.0,482793.0,479031.0,474533.0,469056.0,462618.0,454906.0,445817.0,435516.0,423539.0,409936.0,394725.0,377965.0,373124.0,368552.0,364153.0,360181.0,356490.0,353377.0,350602.0,348264.0,346218.0,344574.0,343103.0,341886.0,340908.0,340013.0,339252.0,338597.0,338118.0,337665.0,337269.0,336963.0,336700.0,336471.0,336289.0,336115.0,335962.0,335852.0,335774.0,335698.0,335622.0,335568.0,335506.0,335466.0,335438.0,335400.0,335356.0,335324.0,335306.0,335286.0,335267.0
499995.0,499993.0,499990.0,499985.0,499979.0,499972.0,499965.0,499951.0,499939.0,499924.0,499905.0,499879.0,499841.0,499808.0,499758.0,499681.0,499612.0,499517.0,499388.0,499250.0,499096.0,498868.0,498602.0,498260.0,497841.0,497349.0,496708.0,495955.0,495061.0,493965.0,492591.0,490886.0,488824.0,486384.0,483347.0,479628.0,475159.0,469732.0,463472.0,455851.0,446840.0,436607.0,424757.0,411320.0,396330.0,379755.0,362031.0,342909.0,323279.0,303166.0,283098.0,277661.0,272610.0,268058.0,263893.0,260269.0,257253.0,254697.0,252598.0,250756.0,249279.0,248092.0,247058.0,246275.0,245653.0,245112.0,244633.0,244250.0,243914.0,243655.0,243441.0,243282.0,243144.0,243046.0,242955.0,242876.0,242821.0,242762.0,242719.0,242693.0,242660.0,242636.0,242620.0,242600.0,242590.0,242580.0,242570.0,242561.0,242556.0,242556.0
499995.0,499993.0,499990.0,499989.0,499985.0,499981.0,499977.0,499971.0,499967.0,499955.0,499946.0,499931.0,499917.0,499895.0,499868.0,499835.0,499789.0,499738.0,499670.0,499600.0,499515.0,499389.0,499252.0,499066.0,498844.0,498567.0,498253.0,497861.0,497379.0,496759.0,496009.0,495108.0,493966.0,492555.0,490855.0,488783.0,486229.0,483135.0,479480.0,474944.0,469632.0,463206.0,455588.0,446705.0,436354.0,424364.0,410759.0,395513.0,379052.0,361139.0,341994.0,336672.0,331640.0,326959.0,322670.0,318781.0,315450.0,312541.0,310112.0,308089.0,306375.0,305015.0,303826.0,302783.0,301963.0,301281.0,300727.0,300237.0,299826.0,299489.0,299191.0,298946.0,298755.0,298582.0,298439.0,298331.0,298223.0,298137.0,298058.0,298005.0,297951.0,297911.0,297874.0,297842.0,297814.0,297788.0,297772.0,297755.0,297736.0,297725.0
499995.0,499995.0,499993.0,499991.0,499987.0,499985.0,499981.0,499979.0,499977.0,499972.0,499963.0,499959.0,499958.0,499948.0,499936.0,499916.0,499905.0,499895.0,499869.0,499836.0,499802.0,499753.0,499698.0,499636.0,499536.0,499434.0,499302.0,499117.0,498942.0,498709.0,498426.0,498046.0,497632.0,497134.0,496454.0,495621.0,494665.0,493406.0,491890.0,490072.0,487802.0,485187.0,481934.0,477979.0,473263.0,467575.0,460711.0,452626.0,443261.0,432694.0,420242.0,416555.0,413170.0,409878.0,406750.0,403880.0,401233.0,399018.0,397113.0,395481.0,394079.0,392816.0,391735.0,390850.0,390098.0,389416.0,388854.0,388350.0,387948.0,387581.0,387258.0,386991.0,386775.0,386579.0,386378.0,386235.0,386111.0,386023.0,385942.0,385851.0,385793.0,385722.0,385655.0,385619.0,385578.0,385534.0,385503.0,385473.0,385449.0,385433.0
499995.0,499995.0,499992.0,499987.0,499984.0,499980.0,499973.0,499963.0,499953.0,499939.0,499925.0,499903.0,499887.0,499856.0,499819.0,499776.0,499731.0,499656.0,499566.0,499449.0,499304.0,499155.0,498968.0,498716.0,498442.0,498057.0,497531.0,496929.0,496193.0,495272.0,494127.0,492758.0,491025.0,488912.0,486294.0,483235.0,479416.0,474817.0,469448.0,463035.0,455332.0,446307.0,435845.0,423916.0,410131.0,394702.0,377856.0,359671.0,340507.0,320860.0,300476.0,294829.0,289685.0,284949.0,280707.0,277056.0,273733.0,271047.0,268624.0,266716.0,265205.0,263908.0,262799.0,261890.0,261160.0,260575.0,260064.0,259648.0,259304.0,259018.0,258788.0,258590.0,258435.0,258312.0,258198.0,258117.0,258047.0,257983.0,257931.0,257881.0,257839.0,257802.0,257781.0,257755.0,257737.0,257720.0,257709.0,257700.0,257692.0,257687.0
499995.0,499992.0,499989.0,499985.0,499982.0,499975.0,499968.0,499964.0,499952.0,499931.0,499918.0,499892.0,499860.0,499825.0,499781.0,499734.0,499684.0,499601.0,499498.0,499380.0,499246.0,499088.0,498876.0,498613.0,498291.0,497897.0,497430.0,496852.0,496122.0,495216.0,494135.0,492825.0,491217.0,489116.0,486673.0,483763.0,480144.0,475718.0,470400.0,464241.0,456919.0,448265.0,438292.0,426792.0,413595.0,398667.0,382415.0,364839.0,346051.0,326315.0,306255.0,300779.0,295597.0,290823.0,286595.0,282902.0,279615.0,276874.0,274578.0,272630.0,271056.0,269708.0,268655.0,267760.0,267021.0,266369.0,265859.0,265445.0,265102.0,264811.0,264558.0,264354.0,264174.0,264043.0,263920.0,263845.0,263744.0,263683.0,263639.0,263605.0,263575.0,263543.0,263520.0,263502.0,263486.0,263476.0,263464.0,263458.0,263453.0,263449.0
499995.0,499994.0,499993.0,499991.0,499987.0,499979.0,499974.0,499971.0,499968.0,499961.0,499948.0,499942.0,499929.0,499913.0,499891.0,499869.0,499843.0,499816.0,499786.0,499742.0,499690.0,499617.0,499536.0,499436.0,499299.0,499131.0,498948.0,498741.0,498452.0,498070.0,497638.0,497128.0,496479.0,495682.0,494713.0,493521.0,492102.0,490364.0,488221.0,485443.0,482222.0,478291.0,473649.0,468022.0,461467.0,453665.0,444449.0,433851.0,421616.0,407801.0,392345.0,387893.0,383588.0,379558.0,375845.0,372566.0,369608.0,366978.0,364692.0,362786.0,361143.0,359768.0,358647.0,357628.0,356798.0,356099.0,355492.0,354954.0,354534.0,354129.0,353821.0,353573.0,353361.0,353162.0,352997.0,352870.0,352755.0,352662.0,352580.0,352491.0,352431.0,352374.0,352330.0,352297.0,352265.0,352247.0,352225.0,352207.0,352194.0,352175.0
499995.0,499995.0,499994.0,499991.0,499989.0,499987.0,499986.0,499984.0,499981.0,499975.0,499969.0,499964.0,499954.0,499944.0,499927.0,499910.0,499893.0,499870.0,499845.0,499808.0,499767.0,499718.0,499650.0,499584.0,499491.0,499371.0,499231.0,499058.0,498854.0,498572.0,498256.0,497842.0,497314.0,496701.0,495928.0,494996.0,493835.0,492440.0,490651.0,488542.0,485963.0,482833.0,479092.0,474509.0,468935.0,462304.0,454589.0,445660.0,435125.0,422920.0,409118.0,405176.0,401361.0,397734.0,394424.0,391295.0,388536.0,386138.0,384058.0,382288.0,380702.0,379412.0,378270.0,377271.0,376458.0,375735.0,375105.0,374600.0,374213.0,373872.0,373534.0,373247.0,372997.0,372785.0,372604.0,372463.0,372337.0,372233.0,372150.0,372085.0,372017.0,371955.0,371906.0,371857.0,371818.0,371787.0,371764.0,371743.0,371730.0,371706.0
499995.0,499990.0,499981.0,499977.0,499971.0,499965.0,499956.0,499948.0,499937.0,499920.0,499900.0,499880.0,499849.0,499806.0,499751.0,499699.0,499612.0,499520.0,499413.0,499271.0,499085.0,498890.0,498636.0,498306.0,497889.0,497418.0,496771.0,496022.0,495063.0,493942.0,492544.0,490827.0,488812.0,486338.0,483288.0,479719.0,475407.0,470097.0,463759.0,456294.0,447483.0,437244.0,425434.0,411986.0,396873.0,380527.0,362574.0,343524.0,323636.0,303427.0,283597.0,277994.0,273008.0,268475.0,264530.0,260957.0,257811.0,255219.0,253036.0,251281.0,249783.0,248557.0,247619.0,246841.0,246193.0,245642.0,245201.0,244830.0,244506.0,244263.0,244052.0,243925.0,243795.0,243689.0,243619.0,243558.0,243504.0,243458.0,243409.0,243384.0,243357.0,243338.0,243321.0,243307.0,243289.0,243284.0,243271.0,243259.0,243254.0,243249.0
499995.0,499995.0,499994.0,499991.0,499990.0,499988.0,499984.0,499981.0,499979.0,499973.0,499971.0,499963.0,499951.0,499941.0,499932.0,499923.0,499901.0,499889.0,499865.0,499834.0,499799.0,499760.0,499697.0,499622.0,499555.0,499451.0,499322.0,499183.0,498988.0,498737.0,498438.0,498073.0,497611.0,497053.0,496347.0,495493.0,494495.0,493218.0,491689.0,489711.0,487370.0,484648.0,481179.0,477024.0,472066.0,466149.0,459092.0,450840.0,441166.0,430222.0,417507.0,413731.0,410110.0,406742.0,403555.0,400620.0,397933.0,395547.0,393561.0,391854.0,390375.0,389064.0,387985.0,387086.0,386311.0,385632.0,385075.0,384597.0,384159.0,383792.0,383456.0,383214.0,382981.0,382812.0,382649.0,382521.0,382403.0,382298.0,382215.0,382137.0,382073.0,382000.0,381949.0,381908.0,381869.0,381831.0,381811.0,381790.0,381770.0,381757.0
499995.0,499992.0,499989.0,499989.0,499987.0,499985.0,499983.0,499978.0,499973.0,499968.0,499964.0,499954.0,499945.0,499930.0,499912.0,499898.0,499875.0,499848.0,499813.0,499776.0,499721.0,499655.0,499577.0,499482.0,499355.0,499201.0,499023.0,498788.0,498501.0,498130.0,497642.0,497096.0,496403.0,495545.0,494509.0,493156.0,491521.0,489610.0,487194.0,484335.0,480900.0,476701.0,471646.0,465608.0,458550.0,450031.0,440188.0,428889.0,415972.0,401492.0,385661.0,381150.0,376775.0,372666.0,368782.0,365345.0,362236.0,359502.0,357188.0,355206.0,353498.0,352043.0,350797.0,349822.0,348940.0,348182.0,347545.0,347022.0,346561.0,346213.0,345914.0,345650.0,345437.0,345244.0,345077.0,344950.0,344822.0,344722.0,344631.0,344557.0,344501.0,344453.0,344400.0,344364.0,344329.0,344305.0,344273.0,344252.0,344229.0,344215.0
499995.0,499995.0,499994.0,499993.0,499990.0,499988.0,499986.0,499978.0,499968.0,499960.0,499948.0,499940.0,499931.0,499919.0,499898.0,499878.0,499852.0,499821.0,499779.0,499725.0,499667.0,499586.0,499469.0,499343.0,499169.0,498995.0,498760.0,498445.0,498126.0,497680.0,497148.0,496491.0,495710.0,494704.0,493486.0,492051.0,490209.0,488025.0,485395.0,482205.0,478289.0,473698.0,468149.0,461554.0,453818.0,444791.0,434288.0,421988.0,408145.0,392830.0,376081.0,371199.0,366729.0,362348.0,358388.0,354840.0,351681.0,349052.0,346740.0,344813.0,343113.0,341689.0,340522.0,339536.0,338714.0,337982.0,337356.0,336830.0,336354.0,336004.0,335671.0,335404.0,335180.0,334994.0,334838.0,334705.0,334594.0,334511.0,334436.0,334367.0,334314.0,334271.0,334234.0,334196.0,334171.0,334143.0,334118.0,334097.0,334077.0,334063.0
