5.0	8.0	9.0	10.0	14.0	18.0	27.0	35.0	41.0	53.0	62.0	75.0	90.0	102.0	120.0	139.0	164.0	192.0	232.0	273.0	308.0	357.0	408.0	485.0	563.0	657.0	776.0	899.0	1061.0	1267.0	1478.0	1747.0	2029.0	2371.0	2762.0	3264.0	3785.0	4395.0	5085.0	5904.0	6835.0	7935.0	9167.0	10604.0	12284.0	14272.0	16505.0	19090.0	21938.0	25181.0	28996.0	33265.0	35629.0	38003.0	40448.0	42886.0	45433.0	47956.0	50410.0	52802.0	55106.0	57372.0	59554.0	61749.0	63869.0	65935.0	68017.0	70016.0	72049.0	73873.0	75720.0	77492.0	79291.0	80996.0	82636.0	84194.0	85729.0	87344.0	88806.0	90300.0	91648.0	92968.0	94281.0	95546.0	96754.0	97897.0	99054.0	100082.0	101082.0	102058.0	102989.0	103893.0	104749.0	105573.0	106351.0	107106.0	107880.0	108548.0	109212.0	109810.0	110398.0	110999.0	111561.0	112099.0	112584.0	113058.0	113538.0	113976.0	114443.0	114866.0	115254.0	115639.0	116005.0
5.0	5.0	5.0	6.0	6.0	7.0	8.0	8.0	8.0	8.0	9.0	10.0	14.0	15.0	17.0	19.0	24.0	31.0	38.0	42.0	51.0	60.0	70.0	80.0	93.0	105.0	123.0	144.0	163.0	191.0	221.0	249.0	297.0	342.0	387.0	458.0	531.0	622.0	725.0	842.0	996.0	1170.0	1365.0	1612.0	1882.0	2191.0	2529.0	2933.0	3405.0	3958.0	4573.0	5319.0	5672.0	6124.0	6532.0	6937.0	7390.0	7854.0	8309.0	8736.0	9196.0	9675.0	10124.0	10582.0	11063.0	11527.0	11971.0	12433.0	12880.0	13339.0	13787.0	14260.0	14708.0	15180.0	15622.0	16095.0	16577.0	17044.0	17490.0	17964.0	18427.0	18864.0	19315.0	19747.0	20219.0	20703.0	21147.0	21614.0	22029.0	22498.0	22991.0	23452.0	23930.0	24403.0	24836.0	25271.0	25708.0	26137.0	26574.0	27008.0	27483.0	27906.0	28344.0	28797.0	29239.0	29671.0	30095.0	30579.0	31036.0	31451.0	31878.0	32282.0	32705.0
5.0	6.0	6.0	7.0	10.0	12.0	15.0	17.0	18.0	20.0	23.0	28.0	37.0	41.0	46.0	52.0	60.0	76.0	91.0	101.0	120.0	130.0	156.0	189.0	214.0	250.0	286.0	342.0	398.0	459.0	544.0	641.0	740.0	846.0	981.0	1147.0	1344.0	1551.0	1798.0	2050.0	2351.0	2693.0	3083.0	3589.0	4153.0	4839.0	5612.0	6531.0	7560.0	8794.0	10134.0	11744.0	12593.0	13491.0	14482.0	15431.0	16391.0	17349.0	18326.0	19373.0	20322.0	21280.0	22265.0	23194.0	24146.0	25093.0	26008.0	26934.0	27901.0	28849.0	29755.0	30663.0	31583.0	32516.0	33406.0	34291.0	35093.0	35992.0	36888.0	37727.0	38634.0	39513.0	40334.0	41128.0	41973.0	42810.0	43676.0	44526.0	45300.0	46095.0	46887.0	47700.0	48441.0	49201.0	50002.0	50787.0	51588.0	52327.0	53092.0	53804.0	54474.0	55175.0	55854.0	56527.0	57193.0	57886.0	58509.0	59127.0	59724.0	60292.0	60906.0	61465.0	62018.0
5.0	6.0	9.0	10.0	12.0	13.0	13.0	15.0	16.0	17.0	19.0	23.0	25.0	27.0	32.0	36.0	42.0	49.0	54.0	65.0	76.0	84.0	92.0	105.0	122.0	151.0	175.0	197.0	231.0	272.0	333.0	392.0	469.0	561.0	666.0	789.0	920.0	1078.0	1252.0	1486.0	1756.0	2080.0	2454.0	2880.0	3376.0	3894.0	4536.0	5285.0	6158.0	7162.0	8281.0	9550.0	10268.0	11014.0	11790.0	12586.0	13370.0	14216.0	15005.0	15778.0	16565.0	17356.0	18173.0	18993.0	19791.0	20580.0	21351.0	22102.0	22856.0	23633.0	24495.0	25297.0	26023.0	26793.0	27540.0	28315.0	29048.0	29791.0	30534.0	31324.0	32051.0	32772.0	33476.0	34214.0	34993.0	35757.0	36460.0	37113.0	37801.0	38505.0	39162.0	39843.0	40506.0	41166.0	41806.0	42410.0	43040.0	43667.0	44286.0	44948.0	45533.0	46154.0	46731.0	47292.0	47892.0	48415.0	48982.0	49522.0	50016.0	50559.0	51052.0	51596.0	52094.0
5.0	5.0	6.0	7.0	9.0	10.0	11.0	13.0	16.0	19.0	23.0	28.0	30.0	36.0	45.0	51.0	59.0	71.0	79.0	92.0	108.0	126.0	149.0	168.0	202.0	228.0	263.0	307.0	357.0	412.0	481.0	565.0	673.0	802.0	924.0	1072.0	1274.0	1468.0	1732.0	2005.0	2352.0	2733.0	3245.0	3819.0	4473.0	5176.0	6003.0	7025.0	8132.0	9478.0	11083.0	12883.0	13855.0	14899.0	15973.0	17043.0	18110.0	19192.0	20326.0	21392.0	22473.0	23534.0	24590.0	25647.0	26714.0	27756.0	28785.0	29816.0	30812.0	31841.0	32901.0	33896.0	34932.0	35961.0	36907.0	37899.0	38923.0	39944.0	40916.0	41838.0	42753.0	43645.0	44544.0	45404.0	46268.0	47133.0	48006.0	48824.0	49605.0	50470.0	51241.0	51956.0	52719.0	53407.0	54127.0	54783.0	55484.0	56202.0	56884.0	57498.0	58130.0	58748.0	59342.0	59979.0	60565.0	61142.0	61760.0	62325.0	62836.0	63408.0	63932.0	64426.0	64950.0
5.0	7.0	8.0	10.0	12.0	13.0	17.0	20.0	25.0	28.0	31.0	35.0	44.0	47.0	54.0	64.0	71.0	84.0	99.0	114.0	131.0	151.0	166.0	192.0	217.0	264.0	313.0	369.0	428.0	503.0	586.0	682.0	791.0	911.0	1052.0	1255.0	1495.0	1739.0	2038.0	2393.0	2785.0	3278.0	3837.0	4480.0	5214.0	6069.0	7023.0	8186.0	9419.0	10863.0	12600.0	14570.0	15658.0	16788.0	17927.0	19088.0	20272.0	21428.0	22594.0	23814.0	24979.0	26132.0	27282.0	28381.0	29517.0	30640.0	31734.0	32843.0	33945.0	35006.0	36068.0	37126.0	38184.0	39202.0	40273.0	41304.0	42305.0	43369.0	44402.0	45343.0	46302.0	47255.0	48254.0	49210.0	50175.0	51089.0	51979.0	52864.0	53704.0	54556.0	55377.0	56179.0	57014.0	57797.0	58601.0	59353.0	60080.0	60850.0	61568.0	62285.0	62970.0	63637.0	64321.0	64982.0	65632.0	66269.0	66876.0	67518.0	68135.0	68756.0	69347.0	69954.0	70476.0
5.0	6.0	6.0	8.0	10.0	10.0	13.0	15.0	20.0	20.0	25.0	31.0	35.0	40.0	47.0	53.0	64.0	78.0	90.0	104.0	119.0	128.0	146.0	161.0	180.0	201.0	237.0	271.0	304.0	360.0	415.0	482.0	555.0	646.0	736.0	852.0	980.0	1134.0	1310.0	1527.0	1798.0	2080.0	2444.0	2828.0	3297.0	3903.0	4519.0	5276.0	6127.0	7132.0	8352.0	9731.0	10526.0	11280.0	12076.0	12898.0	13745.0	14558.0	15382.0	16251.0	17058.0	17855.0	18676.0	19541.0	20362.0	21228.0	22083.0	22969.0	23821.0	24671.0	25518.0	26349.0	27152.0	27986.0	28770.0	29601.0	30405.0	31204.0	31992.0	32761.0	33496.0	34246.0	35086.0	35816.0	36567.0	37339.0	38093.0	38810.0	39599.0	40320.0	41028.0	41738.0	42447.0	43086.0	43781.0	44465.0	45081.0	45747.0	46382.0	46990.0	47611.0	48177.0	48796.0	49410.0	50065.0	50640.0	51242.0	51836.0	52372.0	52947.0	53536.0	54080.0	54606.0
5.0	6.0	9.0	11.0	13.0	14.0	19.0	21.0	27.0	30.0	37.0	41.0	50.0	56.0	64.0	70.0	83.0	95.0	110.0	121.0	135.0	156.0	179.0	211.0	246.0	279.0	326.0	385.0	447.0	532.0	610.0	724.0	844.0	980.0	1147.0	1366.0	1611.0	1863.0	2168.0	2496.0	2866.0	3322.0	3835.0	4453.0	5164.0	5981.0	6924.0	8021.0	9313.0	10831.0	12546.0	14509.0	15576.0	16707.0	17877.0	19059.0	20265.0	21463.0	22640.0	23863.0	25101.0	26247.0	27420.0	28528.0	29643.0	30759.0	31920.0	33009.0	34087.0	35157.0	36235.0	37295.0	38347.0	39429.0	40425.0	41382.0	42338.0	43358.0	44309.0	45268.0	46194.0	47178.0	48101.0	49018.0	49942.0	50819.0	51670.0	52517.0	53360.0	54196.0	55028.0	55814.0	56598.0	57397.0	58148.0	58918.0	59649.0	60353.0	61028.0	61678.0	62273.0	62911.0	63540.0	64128.0	64732.0	65368.0	65958.0	66500.0	67065.0	67622.0	68119.0	68634.0	69137.0
5.0	8.0	9.0	11.0	14.0	16.0	18.0	18.0	21.0	24.0	29.0	31.0	34.0	37.0	45.0	51.0	58.0	65.0	77.0	86.0	98.0	116.0	131.0	146.0	168.0	191.0	223.0	259.0	303.0	354.0	412.0	475.0	555.0	642.0	745.0	885.0	1041.0	1199.0	1418.0	1655.0	1898.0	2201.0	2572.0	2979.0	3447.0	4020.0	4654.0	5400.0	6304.0	7275.0	8402.0	9681.0	10422.0	11214.0	11997.0	12766.0	13551.0	14319.0	15106.0	15859.0	16665.0	17435.0	18263.0	19088.0	19865.0	20607.0	21372.0	22121.0	22917.0	23708.0	24540.0	25311.0	26052.0	26818.0	27603.0	28326.0	29106.0	29919.0	30668.0	31397.0	32180.0	32954.0	33725.0	34485.0	35229.0	35969.0	36751.0	37523.0	38218.0	38936.0	39600.0	40329.0	41008.0	41681.0	42330.0	43002.0	43637.0	44251.0	44886.0	45483.0	46064.0	46593.0	47170.0	47760.0	48340.0	48923.0	49433.0	49987.0	50537.0	51054.0	51572.0	52131.0	52633.0
5.0	7.0	9.0	12.0	13.0	17.0	19.0	24.0	30.0	37.0	43.0	49.0	63.0	71.0	87.0	107.0	124.0	146.0	171.0	206.0	251.0	303.0	364.0	430.0	509.0	582.0	680.0	782.0	920.0	1061.0	1251.0	1442.0	1665.0	1959.0	2307.0	2688.0	3110.0	3623.0	4214.0	4853.0	5637.0	6489.0	7534.0	8742.0	10165.0	11723.0	13565.0	15701.0	18135.0	20950.0	24134.0	27791.0	29721.0	31707.0	33799.0	35879.0	37992.0	40086.0	42221.0	44258.0	46280.0	48298.0	50232.0	52072.0	53966.0	55846.0	57637.0	59384.0	61180.0	62798.0	64408.0	66069.0	67669.0	69222.0	70828.0	72306.0	73733.0	75117.0	76523.0	77789.0	79131.0	80349.0	81582.0	82794.0	83927.0	85006.0	86058.0	87091.0	88113.0	89051.0	90027.0	90955.0	91822.0	92690.0	93506.0	94270.0	95038.0	95701.0	96434.0	97161.0	97850.0	98484.0	99097.0	99719.0	100329.0	100825.0	101342.0	101863.0	102338.0	102817.0	103292.0	103686.0	104102.0
5.0	7.0	7.0	10.0	10.0	10.0	15.0	19.0	20.0	24.0	28.0	32.0	37.0	41.0	45.0	51.0	65.0	79.0	93.0	104.0	119.0	138.0	165.0	195.0	232.0	280.0	331.0	388.0	448.0	517.0	616.0	744.0	858.0	996.0	1170.0	1357.0	1565.0	1815.0	2114.0	2477.0	2882.0	3350.0	3901.0	4558.0	5315.0	6223.0	7258.0	8417.0	9826.0	11446.0	13235.0	15315.0	16501.0	17690.0	18914.0	20148.0	21358.0	22603.0	23860.0	25092.0	26319.0	27501.0	28726.0	29966.0	31208.0	32357.0	33603.0	34806.0	35962.0	37149.0	38324.0	39466.0	40573.0	41726.0	42848.0	43960.0	45046.0	46135.0	47291.0	48275.0	49325.0	50382.0	51373.0	52352.0	53381.0	54375.0	55308.0	56208.0	57141.0	58033.0	58903.0	59746.0	60595.0	61420.0	62227.0	63040.0	63849.0	64594.0	65379.0	66111.0	66846.0	67536.0	68260.0	68948.0	69552.0	70181.0	70801.0	71435.0	72068.0	72655.0	73210.0	73794.0	74354.0
5.0	6.0	8.0	9.0	9.0	10.0	12.0	13.0	14.0	16.0	19.0	24.0	28.0	30.0	35.0	39.0	44.0	50.0	57.0	64.0	73.0	83.0	98.0	114.0	138.0	160.0	183.0	217.0	249.0	300.0	350.0	407.0	490.0	584.0	707.0	836.0	985.0	1166.0	1390.0	1648.0	1944.0	2269.0	2670.0	3150.0	3754.0	4348.0	5108.0	5997.0	7017.0	8177.0	9535.0	11063.0	11984.0	12885.0	13796.0	14722.0	15708.0	16712.0	17630.0	18633.0	19585.0	20483.0	21422.0	22420.0	23359.0	24271.0	25135.0	26018.0	26950.0	27859.0	28739.0	29617.0	30439.0	31369.0	32246.0	33131.0	33960.0	34805.0	35644.0	36457.0	37285.0	38129.0	39002.0	39833.0	40630.0	41415.0	42201.0	42932.0	43736.0	44527.0	45199.0	45948.0	46621.0	47323.0	48043.0	48733.0	49461.0	50128.0	50779.0	51433.0	52085.0	52687.0	53337.0	53965.0	54614.0	55179.0	55779.0	56317.0	56865.0	57411.0	57963.0	58493.0	59030.0
5.0	8.0	11.0	13.0	15.0	20.0	25.0	33.0	36.0	49.0	61.0	73.0	82.0	94.0	106.0	125.0	144.0	162.0	182.0	222.0	262.0	303.0	354.0	411.0	476.0	552.0	642.0	749.0	858.0	997.0	1131.0	1325.0	1529.0	1790.0	2086.0	2401.0	2792.0	3242.0	3764.0	4397.0	5082.0	5904.0	6844.0	7911.0	9209.0	10653.0	12326.0	14218.0	16343.0	18840.0	21630.0	24903.0	26680.0	28508.0	30384.0	32279.0	34186.0	36124.0	37900.0	39694.0	41516.0	43303.0	45103.0	46831.0	48615.0	50380.0	52075.0	53696.0	55285.0	56920.0	58504.0	60087.0	61673.0	63159.0	64594.0	66023.0	67377.0	68696.0	69946.0	71220.0	72483.0	73702.0	74834.0	75981.0	77098.0	78182.0	79273.0	80354.0	81390.0	82390.0	83311.0	84209.0	85100.0	85902.0	86724.0	87526.0	88315.0	89039.0	89786.0	90491.0	91151.0	91800.0	92428.0	93067.0	93680.0	94240.0	94800.0	95361.0	95893.0	96384.0	96913.0	97352.0	97785.0
5.0	5.0	7.0	8.0	8.0	9.0	13.0	15.0	20.0	27.0	30.0	38.0	48.0	55.0	65.0	76.0	96.0	115.0	134.0	162.0	192.0	228.0	270.0	319.0	377.0	436.0	502.0	591.0	700.0	833.0	992.0	1146.0	1341.0	1588.0	1883.0	2232.0	2618.0	3066.0	3579.0	4178.0	4839.0	5646.0	6603.0	7702.0	8992.0	10415.0	12029.0	13964.0	16178.0	18758.0	21615.0	24973.0	26713.0	28545.0	30475.0	32343.0	34290.0	36187.0	38067.0	39915.0	41728.0	43526.0	45358.0	47062.0	48825.0	50535.0	52211.0	53858.0	55432.0	57047.0	58607.0	60132.0	61577.0	63056.0	64448.0	65852.0	67250.0	68598.0	69930.0	71238.0	72504.0	73736.0	74940.0	76101.0	77223.0	78392.0	79420.0	80459.0	81411.0	82394.0	83319.0	84248.0	85158.0	86028.0	86813.0	87664.0	88434.0	89203.0	89939.0	90630.0	91296.0	91971.0	92576.0	93170.0	93756.0	94331.0	94846.0	95405.0	95930.0	96425.0	96903.0	97381.0	97831.0
5.0	7.0	11.0	12.0	16.0	23.0	32.0	39.0	43.0	53.0	61.0	73.0	87.0	103.0	120.0	152.0	187.0	222.0	259.0	300.0	358.0	415.0	493.0	584.0	683.0	795.0	900.0	1055.0	1233.0	1428.0	1638.0	1907.0	2206.0	2569.0	2973.0	3444.0	3988.0	4610.0	5327.0	6152.0	7160.0	8233.0	9526.0	11005.0	12765.0	14865.0	17072.0	19663.0	22714.0	26130.0	30043.0	34460.0	36836.0	39225.0	41697.0	44179.0	46707.0	49154.0	51600.0	53980.0	56243.0	58455.0	60682.0	62791.0	64888.0	67063.0	69024.0	71050.0	72936.0	74788.0	76586.0	78387.0	80189.0	81889.0	83507.0	85035.0	86509.0	87972.0	89378.0	90746.0	92079.0	93337.0	94556.0	95726.0	96788.0	97831.0	98862.0	99864.0	100821.0	101793.0	102741.0	103570.0	104403.0	105176.0	105961.0	106664.0	107353.0	108048.0	108680.0	109274.0	109828.0	110373.0	110939.0	111465.0	111987.0	112483.0	112985.0	113396.0	113842.0	114205.0	114563.0	114936.0	115301.0
5.0	7.0	8.0	9.0	11.0	13.0	14.0	18.0	25.0	32.0	45.0	52.0	63.0	74.0	86.0	104.0	123.0	149.0	178.0	215.0	255.0	302.0	360.0	436.0	507.0	592.0	694.0	804.0	924.0	1072.0	1258.0	1482.0	1726.0	1987.0	2333.0	2704.0	3176.0	3725.0	4343.0	5083.0	5848.0	6808.0	7930.0	9177.0	10677.0	12429.0	14400.0	16657.0	19277.0	22172.0	25601.0	29361.0	31456.0	33540.0	35688.0	37878.0	40018.0	42214.0	44358.0	46431.0	48529.0	50598.0	52622.0	54648.0	56587.0	58453.0	60237.0	62042.0	63757.0	65475.0	67174.0	68813.0	70370.0	71906.0	73400.0	74928.0	76392.0	77830.0	79196.0	80450.0	81671.0	82975.0	84111.0	85255.0	86317.0	87345.0	88415.0	89393.0	90294.0	91215.0	92085.0	92933.0	93707.0	94530.0	95305.0	96078.0	96807.0	97504.0	98162.0	98853.0	99521.0	100119.0	100728.0	101319.0	101889.0	102415.0	102934.0	103453.0	103910.0	104346.0	104770.0	105196.0	105594.0
5.0	6.0	9.0	10.0	11.0	16.0	18.0	23.0	27.0	32.0	43.0	58.0	66.0	79.0	98.0	116.0	133.0	156.0	188.0	218.0	252.0	291.0	363.0	433.0	513.0	600.0	692.0	820.0	957.0	1117.0	1294.0	1502.0	1764.0	2044.0	2391.0	2776.0	3223.0	3728.0	4349.0	5042.0	5865.0	6819.0	7911.0	9165.0	10640.0	12370.0	14322.0	16542.0	19085.0	22067.0	25379.0	29196.0	31291.0	33434.0	35701.0	37865.0	40082.0	42287.0	44411.0	46541.0	48668.0	50731.0	52746.0	54617.0	56543.0	58457.0	60354.0	62161.0	63974.0	65766.0	67415.0	69025.0	70559.0	72071.0	73561.0	75003.0	76377.0	77739.0	78962.0	80272.0	81542.0	82782.0	83923.0	85014.0	86102.0	87139.0	88149.0	89169.0	90118.0	90989.0	91893.0	92744.0	93560.0	94347.0	95113.0	95878.0	96593.0	97251.0	97918.0	98581.0	99186.0	99753.0	100329.0	100911.0	101428.0	101957.0	102418.0	102901.0	103304.0	103737.0	104186.0	104580.0	104944.0
5.0	8.0	10.0	12.0	18.0	22.0	25.0	25.0	31.0	34.0	43.0	55.0	65.0	76.0	91.0	105.0	133.0	153.0	170.0	198.0	222.0	258.0	302.0	345.0	395.0	456.0	515.0	600.0	698.0	795.0	918.0	1076.0	1232.0	1420.0	1644.0	1904.0	2182.0	2562.0	2970.0	3444.0	3994.0	4634.0	5373.0	6200.0	7148.0	8232.0	9553.0	11038.0	12792.0	14798.0	17135.0	19872.0	21288.0	22744.0	24183.0	25694.0	27235.0	28816.0	30403.0	31893.0	33418.0	34906.0	36317.0	37765.0	39127.0	40517.0	41924.0	43267.0	44629.0	46018.0	47376.0	48657.0	49952.0	51287.0	52475.0	53673.0	54829.0	55943.0	57117.0	58205.0	59297.0	60376.0	61450.0	62433.0	63430.0	64389.0	65336.0	66232.0	67114.0	68026.0	68946.0	69768.0	70588.0	71357.0	72194.0	72925.0	73679.0	74389.0	75082.0	75739.0	76465.0	77123.0	77755.0	78322.0	78937.0	79545.0	80103.0	80637.0	81190.0	81685.0	82163.0	82671.0	83134.0
5.0	7.0	10.0	11.0	13.0	15.0	17.0	23.0	28.0	31.0	36.0	47.0	61.0	74.0	94.0	109.0	131.0	154.0	178.0	205.0	235.0	276.0	328.0	383.0	436.0	519.0	615.0	716.0	834.0	975.0	1149.0	1338.0	1553.0	1802.0	2120.0	2474.0	2911.0	3407.0	3965.0	4609.0	5347.0	6240.0	7214.0	8396.0	9776.0	11383.0	13149.0	15265.0	17670.0	20471.0	23654.0	27221.0	29196.0	31240.0	33297.0	35408.0	37548.0	39624.0	41695.0	43729.0	45822.0	47755.0	49663.0	51445.0	53329.0	55148.0	56835.0	58632.0	60277.0	61936.0	63516.0	65063.0	66574.0	68070.0	69474.0	70878.0	72302.0	73675.0	75014.0	76253.0	77476.0	78696.0	79877.0	80988.0	82133.0	83217.0	84275.0	85315.0	86354.0	87357.0	88291.0	89241.0	90186.0	91066.0	91910.0	92730.0	93531.0	94260.0	94997.0	95735.0	96429.0	97096.0	97726.0	98398.0	99031.0	99604.0	100181.0	100787.0	101293.0	101778.0	102221.0	102685.0	103155.0
5.0	5.0	5.0	5.0	6.0	6.0	6.0	7.0	8.0	9.0	10.0	11.0	12.0	12.0	12.0	13.0	16.0	18.0	21.0	23.0	25.0	31.0	36.0	43.0	60.0	68.0	80.0	97.0	110.0	130.0	148.0	171.0	190.0	220.0	261.0	307.0	353.0	426.0	502.0	592.0	701.0	818.0	946.0	1108.0	1283.0	1472.0	1754.0	2074.0	2431.0	2821.0	3286.0	3814.0	4108.0	4413.0	4729.0	5041.0	5391.0	5722.0	6050.0	6373.0	6733.0	7099.0	7439.0	7786.0	8117.0	8478.0	8808.0	9143.0	9514.0	9869.0	10224.0	10596.0	10954.0	11273.0	11625.0	11978.0	12318.0	12659.0	13023.0	13371.0	13751.0	14084.0	14427.0	14786.0	15142.0	15488.0	15836.0	16176.0	16543.0	16891.0	17235.0	17584.0	17923.0	18277.0	18662.0	19025.0	19379.0	19728.0	20074.0	20415.0	20796.0	21162.0	21494.0	21869.0	22231.0	22602.0	22949.0	23323.0	23702.0	24097.0	24481.0	24848.0	25200.0
5.0	5.0	8.0	10.0	13.0	14.0	16.0	20.0	22.0	27.0	30.0	33.0	39.0	45.0	56.0	71.0	90.0	102.0	119.0	133.0	151.0	165.0	186.0	211.0	239.0	263.0	303.0	338.0	383.0	437.0	485.0	554.0	629.0	724.0	844.0	999.0	1179.0	1347.0	1543.0	1790.0	2075.0	2426.0	2820.0	3230.0	3740.0	4335.0	5068.0	5894.0	6886.0	7892.0	9117.0	10550.0	11348.0	12168.0	13034.0	13800.0	14667.0	15528.0	16381.0	17227.0	18094.0	18932.0	19780.0	20624.0	21458.0	22297.0	23146.0	23980.0	24794.0	25644.0	26512.0	27347.0	28122.0	28925.0	29720.0	30548.0	31361.0	32205.0	33008.0	33824.0	34638.0	35431.0	36204.0	36933.0	37696.0	38406.0	39155.0	39840.0	40505.0	41167.0	41868.0	42564.0	43208.0	43871.0	44546.0	45217.0	45891.0	46469.0	47108.0	47711.0	48348.0	48951.0	49551.0	50158.0	50717.0	51311.0	51900.0	52474.0	53042.0	53584.0	54159.0	54686.0	55241.0
5.0	6.0	8.0	11.0	14.0	14.0	19.0	22.0	24.0	26.0	31.0	36.0	43.0	55.0	70.0	86.0	99.0	109.0	125.0	143.0	166.0	186.0	216.0	243.0	278.0	313.0	358.0	423.0	490.0	569.0	655.0	754.0	855.0	1005.0	1194.0	1376.0	1605.0	1854.0	2165.0	2516.0	2914.0	3342.0	3882.0	4497.0	5192.0	6041.0	6936.0	8023.0	9308.0	10798.0	12544.0	14489.0	15606.0	16727.0	17876.0	19099.0	20323.0	21548.0	22809.0	24035.0	25235.0	26435.0	27614.0	28787.0	29964.0	31138.0	32265.0	33398.0	34579.0	35717.0	36851.0	38007.0	39151.0	40229.0	41343.0	42429.0	43487.0	44518.0	45495.0	46510.0	47494.0	48544.0	49497.0	50497.0	51463.0	52423.0	53386.0	54378.0	55293.0	56201.0	57097.0	57954.0	58814.0	59635.0	60521.0	61333.0	62149.0	62994.0	63707.0	64445.0	65188.0	65911.0	66618.0	67312.0	67978.0	68632.0	69290.0	69964.0	70616.0	71221.0	71830.0	72375.0	72927.0
5.0	5.0	5.0	6.0	8.0	8.0	9.0	13.0	17.0	18.0	23.0	31.0	35.0	40.0	50.0	57.0	65.0	76.0	84.0	102.0	120.0	145.0	175.0	209.0	241.0	288.0	337.0	378.0	449.0	527.0	627.0	738.0	879.0	1048.0	1218.0	1425.0	1667.0	1973.0	2309.0	2687.0	3127.0	3635.0	4237.0	4893.0	5722.0	6715.0	7796.0	9026.0	10549.0	12231.0	14182.0	16450.0	17725.0	18995.0	20224.0	21582.0	22927.0	24294.0	25561.0	26908.0	28198.0	29479.0	30766.0	32030.0	33285.0	34530.0	35750.0	37033.0	38238.0	39417.0	40593.0	41767.0	42989.0	44169.0	45267.0	46423.0	47528.0	48629.0	49684.0	50702.0	51731.0	52734.0	53719.0	54751.0	55713.0	56654.0	57552.0	58459.0	59350.0	60193.0	61081.0	61947.0	62777.0	63564.0	64368.0	65124.0	65901.0	66629.0	67355.0	68104.0	68757.0	69428.0	70054.0	70705.0	71334.0	71943.0	72538.0	73128.0	73732.0	74256.0	74810.0	75322.0	75798.0
5.0	5.0	6.0	7.0	9.0	10.0	14.0	19.0	21.0	24.0	28.0	29.0	33.0	41.0	42.0	46.0	55.0	64.0	78.0	90.0	104.0	117.0	138.0	160.0	193.0	228.0	268.0	312.0	363.0	423.0	495.0	582.0	669.0	781.0	901.0	1075.0	1265.0	1474.0	1732.0	2018.0	2356.0	2721.0	3155.0	3693.0	4291.0	5029.0	5843.0	6823.0	7916.0	9233.0	10832.0	12568.0	13494.0	14488.0	15540.0	16564.0	17606.0	18664.0	19755.0	20867.0	21916.0	23013.0	24138.0	25171.0	26247.0	27265.0	28283.0	29280.0	30366.0	31425.0	32477.0	33531.0	34533.0	35543.0	36556.0	37514.0	38523.0	39475.0	40482.0	41406.0	42295.0	43231.0	44140.0	45038.0	45923.0	46819.0	47697.0	48520.0	49343.0	50173.0	50981.0	51761.0	52584.0	53391.0	54120.0	54886.0	55623.0	56336.0	57041.0	57764.0	58459.0	59146.0	59857.0	60495.0	61136.0	61794.0	62415.0	63019.0	63625.0	64280.0	64889.0	65448.0	66018.0
5.0	5.0	5.0	5.0	7.0	7.0	8.0	8.0	10.0	12.0	12.0	14.0	16.0	19.0	23.0	25.0	27.0	34.0	40.0	54.0	60.0	68.0	81.0	103.0	119.0	140.0	160.0	189.0	240.0	307.0	363.0	435.0	525.0	628.0	732.0	895.0	1076.0	1268.0	1499.0	1761.0	2071.0	2435.0	2890.0	3441.0	4007.0	4718.0	5524.0	6438.0	7468.0	8673.0	10115.0	11753.0	12637.0	13623.0	14581.0	15576.0	16551.0	17489.0	18441.0	19438.0	20430.0	21399.0	22363.0	23390.0	24394.0	25337.0	26293.0	27289.0	28229.0	29166.0	30066.0	31042.0	31961.0	32915.0	33796.0	34743.0	35632.0	36549.0	37441.0	38332.0	39260.0	40131.0	40991.0	41828.0	42715.0	43581.0	44473.0	45309.0	46087.0	46902.0	47701.0	48455.0	49237.0	50051.0	50827.0	51613.0	52387.0	53065.0	53767.0	54418.0	55050.0	55769.0	56429.0	57092.0	57695.0	58318.0	58923.0	59523.0	60099.0	60702.0	61248.0	61795.0	62301.0
5.0	5.0	7.0	13.0	16.0	18.0	23.0	28.0	41.0	54.0	67.0	84.0	105.0	125.0	149.0	179.0	212.0	251.0	306.0	366.0	430.0	507.0	613.0	722.0	851.0	994.0	1163.0	1359.0	1602.0	1848.0	2145.0	2517.0	2968.0	3469.0	4030.0	4644.0	5418.0	6302.0	7262.0	8445.0	9789.0	11303.0	13062.0	15086.0	17361.0	19975.0	23105.0	26569.0	30536.0	35072.0	40093.0	45688.0	48791.0	51911.0	55054.0	58129.0	61199.0	64338.0	67279.0	70172.0	72876.0	75546.0	78203.0	80811.0	83281.0	85738.0	88073.0	90300.0	92325.0	94423.0	96474.0	98439.0	100245.0	102074.0	103799.0	105457.0	106993.0	108498.0	109941.0	111289.0	112596.0	113802.0	114982.0	116092.0	117187.0	118245.0	119220.0	120168.0	121064.0	121847.0	122636.0	123462.0	124204.0	124896.0	125582.0	126204.0	126755.0	127345.0	127904.0	128425.0	128925.0	129412.0	129835.0	130275.0	130648.0	131039.0	131418.0	131744.0	132080.0	132409.0	132725.0	132984.0	133254.0
5.0	7.0	9.0	12.0	15.0	19.0	22.0	26.0	28.0	30.0	34.0	41.0	49.0	55.0	61.0	68.0	78.0	89.0	107.0	124.0	145.0	176.0	205.0	250.0	284.0	334.0	395.0	465.0	541.0	629.0	719.0	826.0	987.0	1160.0	1340.0	1559.0	1807.0	2091.0	2432.0	2810.0	3289.0	3864.0	4537.0	5280.0	6186.0	7169.0	8348.0	9646.0	11221.0	13023.0	15049.0	17323.0	18588.0	19854.0	21186.0	22581.0	24013.0	25402.0	26736.0	28159.0	29507.0	30895.0	32160.0	33434.0	34730.0	36094.0	37339.0	38612.0	39809.0	41032.0	42225.0	43392.0	44567.0	45751.0	46929.0	48137.0	49242.0	50316.0	51418.0	52489.0	53502.0	54529.0	55529.0	56496.0	57493.0	58418.0	59373.0	60295.0	61197.0	62055.0	62950.0	63818.0	64662.0	65521.0	66307.0	67119.0	67928.0	68707.0	69454.0	70206.0	70918.0	71628.0	72321.0	73015.0	73687.0	74314.0	74949.0	75591.0	76185.0	76789.0	77375.0	77914.0	78448.0
5.0	6.0	6.0	7.0	10.0	11.0	12.0	14.0	19.0	23.0	28.0	35.0	40.0	47.0	60.0	74.0	84.0	96.0	114.0	136.0	161.0	192.0	233.0	267.0	309.0	361.0	423.0	508.0	601.0	710.0	829.0	947.0	1106.0	1276.0	1486.0	1725.0	2033.0	2374.0	2749.0	3182.0	3696.0	4279.0	4959.0	5738.0	6651.0	7759.0	9037.0	10519.0	12239.0	14160.0	16304.0	18833.0	20207.0	21620.0	23090.0	24662.0	26221.0	27765.0	29256.0	30772.0	32237.0	33743.0	35178.0	36604.0	37978.0	39406.0	40908.0	42287.0	43677.0	45072.0	46463.0	47743.0	49066.0	50339.0	51638.0	52910.0	54153.0	55378.0	56585.0	57794.0	58930.0	60106.0	61199.0	62326.0	63412.0	64429.0	65436.0	66435.0	67435.0	68419.0	69414.0	70341.0	71200.0	72055.0	72901.0	73698.0	74529.0	75313.0	76065.0	76819.0	77556.0	78246.0	78928.0	79569.0	80184.0	80752.0	81360.0	81950.0	82535.0	83094.0	83626.0	84150.0	84665.0
5.0	6.0	7.0	10.0	11.0	15.0	16.0	18.0	20.0	23.0	27.0	35.0	37.0	46.0	50.0	55.0	66.0	72.0	84.0	96.0	106.0	122.0	149.0	179.0	202.0	237.0	279.0	327.0	383.0	447.0	533.0	610.0	720.0	837.0	986.0	1154.0	1331.0	1566.0	1822.0	2121.0	2489.0	2876.0	3342.0	3887.0	4504.0	5191.0	5997.0	6938.0	8029.0	9331.0	10826.0	12500.0	13389.0	14398.0	15363.0	16312.0	17344.0	18387.0	19391.0	20405.0	21405.0	22419.0	23410.0	24389.0	25385.0	26325.0	27247.0	28181.0	29106.0	30082.0	31051.0	32019.0	32936.0	33877.0	34786.0	35699.0	36641.0	37567.0	38424.0	39283.0	40145.0	41003.0	41892.0	42767.0	43637.0	44414.0	45241.0	46051.0	46843.0	47628.0	48354.0	49136.0	49928.0	50701.0	51413.0	52159.0	52863.0	53576.0	54263.0	54936.0	55641.0	56343.0	56990.0	57636.0	58218.0	58824.0	59417.0	59984.0	60566.0	61118.0	61657.0	62218.0	62705.0
5.0	6.0	7.0	11.0	13.0	14.0	17.0	20.0	25.0	31.0	38.0	45.0	57.0	70.0	87.0	107.0	129.0	148.0	162.0	190.0	235.0	281.0	324.0	374.0	428.0	506.0	582.0	691.0	794.0	913.0	1072.0	1244.0	1456.0	1699.0	1956.0	2287.0	2675.0	3110.0	3600.0	4174.0	4867.0	5693.0	6612.0	7726.0	8888.0	10266.0	11894.0	13787.0	15901.0	18425.0	21285.0	24479.0	26234.0	28085.0	30033.0	31990.0	33830.0	35768.0	37659.0	39478.0	41329.0	43221.0	44937.0	46705.0	48428.0	50189.0	51878.0	53548.0	55100.0	56632.0	58171.0	59625.0	61180.0	62675.0	64075.0	65485.0	66796.0	68090.0	69344.0	70656.0	71869.0	73093.0	74237.0	75346.0	76444.0	77543.0	78529.0	79485.0	80449.0	81405.0	82317.0	83227.0	84086.0	84919.0	85706.0	86491.0	87262.0	88011.0	88741.0	89418.0	90082.0	90704.0	91316.0	91910.0	92495.0	93077.0	93591.0	94104.0	94607.0	95065.0	95514.0	95938.0	96374.0
5.0	7.0	11.0	15.0	17.0	20.0	28.0	36.0	41.0	49.0	56.0	72.0	86.0	101.0	122.0	141.0	172.0	202.0	234.0	271.0	313.0	371.0	438.0	522.0	627.0	725.0	843.0	987.0	1166.0	1380.0	1606.0	1889.0	2223.0	2583.0	3030.0	3562.0	4162.0	4861.0	5674.0	6660.0	7778.0	9078.0	10593.0	12328.0	14374.0	16713.0	19360.0	22417.0	25907.0	29858.0	34401.0	39485.0	42260.0	45042.0	47822.0	50770.0	53632.0	56457.0	59074.0	61706.0	64353.0	66906.0	69410.0	71843.0	74116.0	76348.0	78504.0	80675.0	82723.0	84724.0	86659.0	88541.0	90404.0	92192.0	93896.0	95568.0	97213.0	98726.0	100215.0	101624.0	103024.0	104367.0	105694.0	106878.0	108067.0	109194.0	110267.0	111320.0	112266.0	113181.0	114006.0	114797.0	115593.0	116366.0	117079.0	117784.0	118461.0	119072.0	119685.0	120250.0	120817.0	121349.0	121836.0	122318.0	122776.0	123195.0	123627.0	123964.0	124317.0	124685.0	125023.0	125327.0	125659.0
5.0	5.0	6.0	8.0	9.0	13.0	17.0	20.0	27.0	34.0	40.0	49.0	59.0	68.0	79.0	95.0	110.0	129.0	153.0	171.0	206.0	246.0	293.0	337.0	394.0	457.0	520.0	613.0	697.0	824.0	969.0	1128.0	1305.0	1499.0	1726.0	1979.0	2274.0	2613.0	3012.0	3495.0	4049.0	4656.0	5384.0	6196.0	7184.0	8371.0	9605.0	11114.0	12875.0	14908.0	17223.0	19876.0	21364.0	22870.0	24387.0	26003.0	27623.0	29204.0	30804.0	32413.0	33924.0	35453.0	36914.0	38346.0	39869.0	41355.0	42800.0	44211.0	45609.0	47002.0	48351.0	49664.0	50978.0	52348.0	53682.0	54974.0	56292.0	57516.0	58755.0	59939.0	61093.0	62208.0	63379.0	64477.0	65612.0	66664.0	67763.0	68776.0	69811.0	70803.0	71696.0	72621.0	73557.0	74440.0	75266.0	76052.0	76817.0	77583.0	78336.0	79058.0	79752.0	80433.0	81093.0	81719.0	82397.0	82977.0	83541.0	84090.0	84632.0	85169.0	85669.0	86186.0	86710.0
5.0	6.0	8.0	12.0	16.0	19.0	25.0	30.0	41.0	53.0	69.0	77.0	92.0	112.0	133.0	151.0	181.0	210.0	243.0	279.0	318.0	364.0	427.0	496.0	580.0	686.0	793.0	920.0	1059.0	1221.0	1414.0	1671.0	1983.0	2286.0	2643.0	3084.0	3580.0	4185.0	4854.0	5662.0	6573.0	7668.0	8929.0	10372.0	12018.0	13905.0	16108.0	18638.0	21478.0	24782.0	28487.0	32618.0	34920.0	37229.0	39665.0	42031.0	44410.0	46798.0	49051.0	51383.0	53620.0	55789.0	57904.0	59963.0	61935.0	63881.0	65814.0	67606.0	69459.0	71217.0	73001.0	74695.0	76345.0	77991.0	79587.0	81048.0	82538.0	83909.0	85225.0	86550.0	87905.0	89203.0	90427.0	91598.0	92752.0	93848.0	94951.0	96002.0	96958.0	97924.0	98869.0	99701.0	100517.0	101310.0	102115.0	102843.0	103548.0	104241.0	104892.0	105468.0	106080.0	106692.0	107269.0	107813.0	108315.0	108793.0	109269.0	109732.0	110172.0	110600.0	111020.0	111406.0	111790.0
5.0	5.0	7.0	10.0	12.0	12.0	15.0	19.0	21.0	28.0	34.0	40.0	51.0	60.0	78.0	89.0	105.0	117.0	142.0	162.0	206.0	241.0	282.0	325.0	389.0	446.0	515.0	611.0	707.0	803.0	921.0	1067.0	1272.0	1467.0	1707.0	2022.0	2374.0	2754.0	3193.0	3696.0	4317.0	5069.0	5938.0	6867.0	8008.0	9390.0	10927.0	12647.0	14567.0	16849.0	19424.0	22523.0	24189.0	25978.0	27774.0	29554.0	31365.0	33172.0	34870.0	36612.0	38338.0	40028.0	41715.0	43358.0	44945.0	46551.0	48108.0	49629.0	51119.0	52634.0	54122.0	55610.0	56998.0	58326.0	59630.0	60953.0	62286.0	63589.0	64825.0	66023.0	67203.0	68383.0	69545.0	70669.0	71815.0	72888.0	73923.0	74951.0	76031.0	77024.0	77944.0	78848.0	79788.0	80686.0	81544.0	82427.0	83235.0	84016.0	84779.0	85526.0	86232.0	86909.0	87616.0	88215.0	88841.0	89478.0	90044.0	90652.0	91226.0	91760.0	92241.0	92723.0	93244.0
5.0	7.0	8.0	9.0	10.0	12.0	18.0	23.0	26.0	29.0	33.0	37.0	44.0	52.0	60.0	72.0	83.0	95.0	108.0	121.0	137.0	165.0	185.0	203.0	230.0	266.0	298.0	342.0	394.0	453.0	518.0	597.0	674.0	777.0	910.0	1041.0	1209.0	1394.0	1606.0	1855.0	2128.0	2439.0	2813.0	3268.0	3830.0	4432.0	5136.0	5950.0	6905.0	8027.0	9252.0	10678.0	11505.0	12364.0	13264.0	14157.0	15055.0	15937.0	16828.0	17709.0	18604.0	19469.0	20320.0	21196.0	22088.0	22977.0	23863.0	24715.0	25589.0	26427.0	27283.0	28145.0	29015.0	29876.0	30744.0	31630.0	32489.0	33309.0	34158.0	34943.0	35776.0	36606.0	37449.0	38206.0	39019.0	39778.0	40533.0	41308.0	42083.0	42886.0	43626.0	44363.0	45128.0	45852.0	46628.0	47331.0	48034.0	48735.0	49386.0	50016.0	50746.0	51354.0	51955.0	52572.0	53215.0	53812.0	54417.0	54985.0	55559.0	56139.0	56647.0	57201.0	57740.0
5.0	5.0	6.0	8.0	9.0	11.0	12.0	16.0	18.0	21.0	25.0	27.0	33.0	41.0	50.0	58.0	76.0	98.0	118.0	146.0	169.0	195.0	225.0	272.0	327.0	376.0	455.0	547.0	653.0	769.0	884.0	1032.0	1182.0	1392.0	1669.0	1936.0	2250.0	2673.0	3166.0	3676.0	4332.0	5104.0	5964.0	6958.0	8149.0	9584.0	11235.0	13080.0	15264.0	17752.0	20523.0	23720.0	25458.0	27299.0	29208.0	31053.0	33014.0	34931.0	36808.0	38575.0	40444.0	42281.0	44153.0	45908.0	47586.0	49322.0	51009.0	52763.0	54389.0	55935.0	57540.0	59080.0	60649.0	62094.0	63563.0	65018.0	66417.0	67790.0	69132.0	70425.0	71739.0	73025.0	74268.0	75488.0	76717.0	77811.0	78907.0	79991.0	81082.0	82133.0	83053.0	84014.0	84976.0	85860.0	86736.0	87581.0	88406.0	89158.0	89949.0	90699.0	91463.0	92151.0	92832.0	93524.0	94191.0	94826.0	95435.0	95992.0	96540.0	97053.0	97593.0	98095.0	98555.0
5.0	5.0	5.0	8.0	8.0	10.0	14.0	16.0	21.0	27.0	29.0	33.0	37.0	48.0	61.0	71.0	81.0	90.0	109.0	125.0	137.0	162.0	190.0	219.0	258.0	308.0	348.0	403.0	459.0	518.0	596.0	682.0	782.0	902.0	1064.0	1268.0	1467.0	1688.0	1978.0	2302.0	2656.0	3067.0	3552.0	4126.0	4787.0	5566.0	6453.0	7456.0	8664.0	10028.0	11559.0	13394.0	14432.0	15463.0	16561.0	17672.0	18745.0	19913.0	21060.0	22188.0	23277.0	24395.0	25511.0	26632.0	27727.0	28855.0	29921.0	30997.0	32076.0	33126.0	34152.0	35187.0	36268.0	37288.0	38335.0	39374.0	40360.0	41384.0	42373.0	43359.0	44320.0	45273.0	46191.0	47109.0	48014.0	48883.0	49760.0	50625.0	51551.0	52406.0	53224.0	54015.0	54784.0	55572.0	56369.0	57130.0	57873.0	58601.0	59369.0	60082.0	60815.0	61461.0	62145.0	62798.0	63398.0	64054.0	64648.0	65238.0	65868.0	66472.0	67008.0	67598.0	68144.0
5.0	6.0	6.0	9.0	9.0	10.0	15.0	17.0	20.0	26.0	33.0	37.0	44.0	53.0	63.0	75.0	90.0	102.0	119.0	143.0	165.0	186.0	212.0	244.0	281.0	316.0	382.0	455.0	535.0	624.0	741.0	869.0	1025.0	1194.0	1447.0	1714.0	2000.0	2336.0	2714.0	3186.0	3726.0	4368.0	5051.0	5904.0	6830.0	7968.0	9289.0	10750.0	12469.0	14526.0	16828.0	19423.0	20833.0	22340.0	23923.0	25457.0	27035.0	28626.0	30240.0	31823.0	33351.0	34825.0	36431.0	37849.0	39324.0	40799.0	42235.0	43555.0	44972.0	46360.0	47722.0	49079.0	50392.0	51669.0	52965.0	54257.0	55474.0	56755.0	57905.0	59103.0	60223.0	61298.0	62433.0	63492.0	64552.0	65586.0	66556.0	67523.0	68483.0	69407.0	70324.0	71172.0	72018.0	72844.0	73645.0	74429.0	75151.0	75857.0	76573.0	77337.0	78029.0	78679.0	79284.0	79910.0	80547.0	81117.0	81710.0	82308.0	82812.0	83332.0	83829.0	84347.0	84834.0
5.0	5.0	7.0	8.0	10.0	13.0	14.0	16.0	18.0	23.0	27.0	33.0	41.0	52.0	58.0	71.0	83.0	95.0	122.0	140.0	161.0	192.0	231.0	268.0	313.0	374.0	437.0	503.0	585.0	691.0	809.0	943.0	1104.0	1306.0	1542.0	1782.0	2088.0	2431.0	2811.0	3290.0	3841.0	4495.0	5237.0	6128.0	7164.0	8344.0	9783.0	11394.0	13273.0	15302.0	17809.0	20641.0	22150.0	23802.0	25410.0	27082.0	28764.0	30435.0	32131.0	33800.0	35432.0	37115.0	38751.0	40283.0	41840.0	43419.0	44939.0	46464.0	47996.0	49509.0	51049.0	52533.0	53983.0	55400.0	56773.0	58117.0	59434.0	60804.0	62053.0	63292.0	64561.0	65784.0	66989.0	68141.0	69294.0	70388.0	71452.0	72483.0	73566.0	74607.0	75585.0	76509.0	77390.0	78293.0	79127.0	80022.0	80837.0	81591.0	82355.0	83075.0	83785.0	84522.0	85173.0	85825.0	86426.0	87002.0	87605.0	88169.0	88685.0	89265.0	89789.0	90264.0	90786.0
5.0	6.0	8.0	8.0	10.0	11.0	14.0	17.0	17.0	22.0	29.0	35.0	37.0	46.0	52.0	61.0	70.0	79.0	92.0	118.0	135.0	156.0	175.0	211.0	249.0	301.0	361.0	428.0	497.0	578.0	683.0	793.0	933.0	1095.0	1257.0	1480.0	1718.0	1982.0	2315.0	2693.0	3097.0	3661.0	4236.0	4959.0	5778.0	6668.0	7751.0	9006.0	10444.0	12130.0	14048.0	16268.0	17468.0	18701.0	20018.0	21261.0	22536.0	23853.0	25155.0	26452.0	27694.0	28969.0	30195.0	31451.0	32657.0	33845.0	35068.0	36237.0	37378.0	38572.0	39732.0	40853.0	41985.0	43063.0	44209.0	45377.0	46463.0	47553.0	48604.0	49675.0	50696.0	51736.0	52803.0	53793.0	54741.0	55705.0	56653.0	57586.0	58561.0	59433.0	60260.0	61114.0	61963.0	62829.0	63613.0	64407.0	65190.0	65929.0	66656.0	67374.0	68051.0	68760.0	69455.0	70101.0	70736.0	71377.0	72002.0	72619.0	73226.0	73787.0	74306.0	74832.0	75352.0
5.0	5.0	5.0	7.0	9.0	11.0	13.0	16.0	20.0	22.0	26.0	27.0	29.0	32.0	34.0	40.0	42.0	47.0	53.0	59.0	66.0	73.0	84.0	99.0	113.0	125.0	143.0	167.0	191.0	210.0	233.0	258.0	300.0	351.0	410.0	467.0	525.0	601.0	691.0	828.0	929.0	1071.0	1253.0	1452.0	1677.0	1946.0	2251.0	2609.0	3044.0	3521.0	4079.0	4775.0	5159.0	5517.0	5900.0	6309.0	6731.0	7135.0	7516.0	7909.0	8299.0	8682.0	9064.0	9488.0	9878.0	10259.0	10644.0	11050.0	11466.0	11864.0	12266.0	12670.0	13045.0	13449.0	13859.0	14250.0	14648.0	15052.0	15458.0	15884.0	16272.0	16673.0	17070.0	17461.0	17861.0	18217.0	18633.0	19047.0	19427.0	19813.0	20212.0	20606.0	20978.0	21341.0	21740.0	22155.0	22532.0	22916.0	23322.0	23711.0	24104.0	24506.0	24873.0	25285.0	25688.0	26075.0	26461.0	26839.0	27188.0	27567.0	27952.0	28348.0	28734.0
5.0	6.0	10.0	10.0	10.0	11.0	13.0	15.0	17.0	25.0	30.0	33.0	42.0	51.0	59.0	65.0	77.0	86.0	105.0	119.0	135.0	154.0	177.0	212.0	236.0	279.0	329.0	394.0	454.0	532.0	604.0	702.0	815.0	951.0	1093.0	1270.0	1479.0	1684.0	1961.0	2285.0	2655.0	3085.0	3598.0	4165.0	4805.0	5591.0	6523.0	7546.0	8725.0	10039.0	11609.0	13416.0	14386.0	15376.0	16432.0	17476.0	18561.0	19717.0	20807.0	21902.0	22952.0	24007.0	25103.0	26233.0	27247.0	28291.0	29376.0	30418.0	31497.0	32492.0	33571.0	34595.0	35660.0	36672.0	37642.0	38656.0	39683.0	40608.0	41548.0	42499.0	43426.0	44322.0	45219.0	46085.0	46952.0	47803.0	48591.0	49402.0	50189.0	50986.0	51743.0	52512.0	53226.0	53926.0	54680.0	55428.0	56201.0	56900.0	57558.0	58241.0	58862.0	59492.0	60089.0	60725.0	61331.0	61931.0	62492.0	63085.0	63644.0	64180.0	64692.0	65245.0	65774.0
5.0	6.0	8.0	9.0	13.0	16.0	20.0	26.0	29.0	36.0	42.0	49.0	53.0	62.0	75.0	86.0	103.0	120.0	142.0	166.0	197.0	233.0	285.0	334.0	382.0	460.0	546.0	645.0	747.0	867.0	1024.0	1190.0	1415.0	1661.0	1922.0	2236.0	2606.0	3034.0	3564.0	4135.0	4800.0	5536.0	6479.0	7571.0	8831.0	10233.0	11836.0	13651.0	15774.0	18208.0	21078.0	24350.0	26177.0	28076.0	29866.0	31745.0	33624.0	35415.0	37331.0	39138.0	40994.0	42823.0	44591.0	46265.0	47957.0	49629.0	51248.0	52804.0	54403.0	55950.0	57555.0	58980.0	60437.0	61834.0	63298.0	64667.0	65921.0	67201.0	68441.0	69675.0	70885.0	72069.0	73242.0	74341.0	75462.0	76538.0	77540.0	78531.0	79504.0	80445.0	81299.0	82158.0	82968.0	83786.0	84590.0	85357.0	86117.0	86862.0	87597.0	88300.0	88938.0	89602.0	90268.0	90850.0	91394.0	91932.0	92533.0	93047.0	93578.0	94092.0	94554.0	95017.0	95450.0
5.0	6.0	10.0	12.0	15.0	17.0	22.0	29.0	34.0	41.0	46.0	56.0	69.0	80.0	91.0	106.0	126.0	148.0	170.0	203.0	233.0	265.0	311.0	366.0	411.0	482.0	561.0	653.0	776.0	904.0	1084.0	1272.0	1500.0	1749.0	2030.0	2369.0	2763.0	3207.0	3730.0	4343.0	5083.0	5939.0	6970.0	8079.0	9368.0	10928.0	12716.0	14713.0	17049.0	19748.0	22733.0	26202.0	28080.0	30024.0	32018.0	33939.0	35897.0	37888.0	39871.0	41820.0	43737.0	45630.0	47405.0	49216.0	50990.0	52720.0	54411.0	56045.0	57787.0	59373.0	61058.0	62613.0	64128.0	65622.0	67053.0	68461.0	69761.0	71097.0	72461.0	73751.0	75087.0	76356.0	77546.0	78669.0	79746.0	80842.0	81957.0	82981.0	83956.0	84885.0	85825.0	86743.0	87604.0	88485.0	89337.0	90104.0	90881.0	91640.0	92338.0	93040.0	93706.0	94376.0	95038.0	95640.0	96209.0	96803.0	97329.0	97846.0	98374.0	98835.0	99314.0	99763.0	100178.0
5.0	6.0	6.0	6.0	8.0	9.0	10.0	12.0	15.0	16.0	18.0	19.0	26.0	29.0	34.0	44.0	56.0	76.0	86.0	110.0	137.0	164.0	197.0	232.0	271.0	317.0	368.0	422.0	485.0	561.0	644.0	746.0	869.0	996.0	1146.0	1328.0	1548.0	1789.0	2076.0	2422.0	2842.0	3331.0	3892.0	4543.0	5273.0	6123.0	7118.0	8272.0	9566.0	11083.0	12859.0	14896.0	16046.0	17225.0	18430.0	19624.0	20844.0	22141.0	23436.0	24684.0	25879.0	27143.0	28415.0	29663.0	30872.0	32003.0	33204.0	34373.0	35585.0	36802.0	37908.0	38980.0	40108.0	41233.0	42271.0	43343.0	44427.0	45459.0	46499.0	47528.0	48573.0	49589.0	50579.0	51514.0	52498.0	53467.0	54378.0	55283.0	56124.0	56958.0	57775.0	58611.0	59436.0	60220.0	61001.0	61765.0	62594.0	63339.0	64087.0	64805.0	65482.0	66205.0	66893.0	67582.0	68254.0	68908.0	69502.0	70122.0	70696.0	71295.0	71858.0	72346.0	72863.0
5.0	5.0	5.0	8.0	12.0	14.0	14.0	17.0	23.0	26.0	34.0	38.0	47.0	58.0	74.0	81.0	91.0	108.0	126.0	151.0	176.0	199.0	230.0	265.0	303.0	352.0	404.0	466.0	543.0	622.0	724.0	852.0	989.0	1152.0	1358.0	1584.0	1866.0	2142.0	2527.0	2915.0	3400.0	3954.0	4615.0	5345.0	6183.0	7196.0	8326.0	9619.0	11145.0	12891.0	14924.0	17213.0	18604.0	19973.0	21346.0	22727.0	24137.0	25538.0	27018.0	28451.0	29861.0	31258.0	32655.0	33935.0	35348.0	36715.0	38067.0	39406.0	40730.0	42020.0	43293.0	44559.0	45797.0	47056.0	48357.0	49617.0	50790.0	51936.0	53108.0	54242.0	55345.0	56516.0	57549.0	58588.0	59619.0	60671.0	61606.0	62546.0	63463.0	64451.0	65345.0	66241.0	67128.0	68006.0	68792.0	69590.0	70379.0	71080.0	71813.0	72613.0	73350.0	74025.0	74685.0	75354.0	76001.0	76613.0	77236.0	77854.0	78457.0	79012.0	79529.0	80071.0	80598.0
5.0	8.0	9.0	15.0	20.0	23.0	27.0	34.0	46.0	59.0	67.0	81.0	102.0	116.0	134.0	162.0	182.0	210.0	255.0	304.0	344.0	401.0	468.0	549.0	647.0	782.0	900.0	1074.0	1263.0	1468.0	1725.0	2051.0	2385.0	2772.0	3241.0	3735.0	4377.0	5061.0	5918.0	6900.0	7909.0	9152.0	10614.0	12356.0	14311.0	16582.0	19101.0	22061.0	25418.0	29186.0	33575.0	38428.0	41229.0	44063.0	46890.0	49699.0	52448.0	55190.0	57892.0	60526.0	63151.0	65696.0	68115.0	70527.0	72830.0	75129.0	77325.0	79455.0	81491.0	83482.0	85412.0	87320.0	89161.0	90957.0	92691.0	94361.0	95852.0	97250.0	98685.0	99980.0	101320.0	102586.0	103731.0	104878.0	105950.0	107003.0	107988.0	108949.0	109844.0	110756.0	111638.0	112404.0	113176.0	113916.0	114609.0	115327.0	115954.0	116572.0	117149.0	117737.0	118321.0	118840.0	119333.0	119790.0	120242.0	120680.0	121088.0	121507.0	121898.0	122285.0	122634.0	122981.0	123287.0
5.0	6.0	6.0	9.0	11.0	13.0	14.0	18.0	20.0	25.0	33.0	40.0	45.0	57.0	64.0	70.0	84.0	98.0	118.0	136.0	156.0	175.0	200.0	231.0	266.0	304.0	357.0	405.0	477.0	553.0	648.0	770.0	893.0	1046.0	1239.0	1458.0	1724.0	2006.0	2351.0	2719.0	3138.0	3638.0	4242.0	4916.0	5728.0	6630.0	7719.0	8926.0	10363.0	12037.0	13935.0	16153.0	17385.0	18623.0	19955.0	21180.0	22568.0	23937.0	25287.0	26592.0	27844.0	29110.0	30373.0	31568.0	32837.0	34028.0	35206.0	36405.0	37592.0	38767.0	39878.0	41044.0	42215.0	43399.0	44502.0	45575.0	46713.0	47821.0	48881.0	49971.0	51017.0	52036.0	53018.0	54061.0	55067.0	56085.0	57047.0	58037.0	59000.0	59879.0	60755.0	61625.0	62434.0	63268.0	64098.0	64907.0	65734.0	66511.0	67267.0	67961.0	68693.0	69426.0	70107.0	70809.0	71478.0	72144.0	72775.0	73377.0	73977.0	74575.0	75126.0	75665.0	76207.0
5.0	7.0	9.0	11.0	12.0	14.0	18.0	21.0	27.0	32.0	40.0	50.0	63.0	78.0	96.0	115.0	131.0	156.0	181.0	228.0	269.0	318.0	367.0	425.0	486.0	573.0	681.0	791.0	919.0	1062.0	1228.0	1444.0	1673.0	1928.0	2234.0	2603.0	3015.0	3490.0	4077.0	4836.0	5611.0	6533.0	7611.0	8827.0	10221.0	11855.0	13755.0	15938.0	18458.0	21307.0	24662.0	28351.0	30347.0	32492.0	34619.0	36719.0	38922.0	41053.0	43150.0	45251.0	47278.0	49260.0	51219.0	53094.0	54921.0	56786.0	58624.0	60411.0	62194.0	63843.0	65551.0	67198.0	68773.0	70275.0	71852.0	73294.0	74680.0	76088.0	77421.0	78713.0	79968.0	81170.0	82406.0	83612.0	84719.0	85854.0	86955.0	88027.0	89032.0	90009.0	90996.0	91887.0	92793.0	93653.0	94469.0	95272.0	96026.0	96750.0	97522.0	98235.0	98930.0	99555.0	100166.0	100738.0	101337.0	101889.0	102421.0	102917.0	103418.0	103889.0	104338.0	104771.0	105213.0
5.0	7.0	9.0	10.0	11.0	14.0	15.0	22.0	27.0	29.0	38.0	46.0	53.0	64.0	73.0	85.0	95.0	115.0	138.0	162.0	198.0	233.0	266.0	313.0	377.0	448.0	528.0	631.0	725.0	860.0	1035.0	1228.0	1428.0	1691.0	1992.0	2304.0	2713.0	3169.0	3736.0	4317.0	5034.0	5884.0	6853.0	7999.0	9274.0	10761.0	12433.0	14354.0	16622.0	19219.0	22193.0	25537.0	27378.0	29362.0	31225.0	33209.0	35283.0	37301.0	39261.0	41170.0	42997.0	44891.0	46678.0	48443.0	50260.0	52070.0	53796.0	55443.0	57051.0	58635.0	60224.0	61777.0	63288.0	64759.0	66247.0	67706.0	69047.0	70397.0	71670.0	72974.0	74185.0	75420.0	76628.0	77784.0	78912.0	79973.0	81017.0	82055.0	83041.0	84003.0	84928.0	85868.0	86740.0	87558.0	88402.0	89253.0	90104.0	90861.0	91599.0	92390.0	93155.0	93877.0	94536.0	95147.0	95772.0	96351.0	96952.0	97527.0	98060.0	98597.0	99059.0	99548.0	100013.0
5.0	7.0	9.0	10.0	11.0	13.0	15.0	15.0	17.0	19.0	21.0	26.0	32.0	36.0	41.0	47.0	55.0	65.0	75.0	86.0	94.0	106.0	119.0	140.0	157.0	182.0	214.0	253.0	297.0	343.0	392.0	462.0	537.0	613.0	735.0	859.0	1005.0	1174.0	1386.0	1609.0	1877.0	2194.0	2578.0	3025.0	3518.0	4104.0	4798.0	5614.0	6595.0	7668.0	8911.0	10322.0	11199.0	12013.0	12876.0	13756.0	14664.0	15574.0	16452.0	17428.0	18330.0	19190.0	20103.0	21033.0	21873.0	22775.0	23685.0	24587.0	25459.0	26327.0	27186.0	28085.0	28948.0	29868.0	30750.0	31624.0	32492.0	33357.0	34187.0	35046.0	35921.0	36714.0	37547.0	38400.0	39247.0	40104.0	40929.0	41748.0	42555.0	43368.0	44132.0	44838.0	45560.0	46312.0	47044.0	47723.0	48411.0	49055.0	49754.0	50435.0	51075.0	51750.0	52375.0	52959.0	53569.0	54239.0	54828.0	55353.0	55942.0	56484.0	57027.0	57612.0	58136.0
5.0	7.0	8.0	10.0	15.0	18.0	23.0	25.0	28.0	32.0	36.0	41.0	51.0	58.0	73.0	94.0	112.0	130.0	153.0	179.0	203.0	231.0	266.0	309.0	359.0	413.0	475.0	536.0	625.0	713.0	810.0	931.0	1051.0	1220.0	1442.0	1697.0	1997.0	2340.0	2696.0	3148.0	3654.0	4260.0	4976.0	5808.0	6725.0	7818.0	9066.0	10517.0	12210.0	14139.0	16271.0	18784.0	20176.0	21544.0	22946.0	24396.0	25887.0	27363.0	28847.0	30284.0	31742.0	33182.0	34570.0	35899.0	37198.0	38584.0	39921.0	41216.0	42477.0	43796.0	45070.0	46305.0	47521.0	48754.0	49954.0	51111.0	52322.0	53403.0	54530.0	55668.0	56779.0	57833.0	58878.0	59925.0	60946.0	61922.0	62962.0	63938.0	64871.0	65771.0	66636.0	67459.0	68280.0	69119.0	69939.0	70763.0	71524.0	72250.0	73007.0	73728.0	74420.0	75089.0	75738.0	76404.0	77033.0	77608.0	78226.0	78804.0	79349.0	79897.0	80436.0	80947.0	81457.0
5.0	7.0	9.0	12.0	15.0	20.0	22.0	27.0	38.0	45.0	58.0	72.0	85.0	105.0	122.0	151.0	173.0	212.0	252.0	302.0	367.0	440.0	522.0	602.0	688.0	806.0	936.0	1095.0	1264.0	1458.0	1682.0	1965.0	2256.0	2671.0	3112.0	3641.0	4232.0	4938.0	5757.0	6754.0	7830.0	9106.0	10549.0	12320.0	14321.0	16620.0	19259.0	22181.0	25567.0	29398.0	33850.0	38909.0	41573.0	44328.0	47113.0	49798.0	52677.0	55451.0	58109.0	60715.0	63309.0	65811.0	68217.0	70548.0	72908.0	75140.0	77202.0	79261.0	81248.0	83190.0	85097.0	86857.0	88669.0	90306.0	91908.0	93416.0	94932.0	96370.0	97784.0	99128.0	100405.0	101670.0	102817.0	103954.0	105096.0	106169.0	107237.0	108207.0	109170.0	110040.0	110875.0	111705.0	112465.0	113188.0	113919.0	114593.0	115243.0	115896.0	116487.0	117049.0	117570.0	118079.0	118544.0	119012.0	119448.0	119891.0	120309.0	120693.0	121065.0	121417.0	121778.0	122101.0	122431.0
5.0	6.0	8.0	10.0	11.0	16.0	20.0	28.0	36.0	43.0	51.0	58.0	64.0	77.0	88.0	107.0	119.0	137.0	162.0	185.0	220.0	262.0	298.0	355.0	410.0	468.0	548.0	650.0	738.0	871.0	1012.0	1190.0	1398.0	1659.0	1935.0	2269.0	2623.0	3040.0	3529.0	4093.0	4805.0	5617.0	6568.0	7708.0	8973.0	10413.0	12083.0	13984.0	16180.0	18659.0	21522.0	24858.0	26679.0	28537.0	30408.0	32342.0	34295.0	36155.0	37994.0	39848.0	41640.0	43385.0	45209.0	46954.0	48637.0	50332.0	52023.0	53652.0	55263.0	56828.0	58338.0	59862.0	61383.0	62828.0	64240.0	65645.0	66963.0	68230.0	69492.0	70802.0	72063.0	73294.0	74399.0	75532.0	76619.0	77653.0	78673.0	79675.0	80666.0	81591.0	82481.0	83375.0	84230.0	85054.0	85821.0	86629.0	87367.0	88091.0	88774.0	89482.0	90175.0	90846.0	91446.0	92019.0	92617.0	93193.0	93745.0	94298.0	94812.0	95312.0	95779.0	96249.0	96736.0
5.0	6.0	6.0	7.0	8.0	10.0	11.0	13.0	16.0	17.0	22.0	22.0	25.0	28.0	32.0	36.0	38.0	45.0	53.0	58.0	66.0	73.0	78.0	86.0	95.0	117.0	137.0	151.0	168.0	201.0	237.0	272.0	314.0	357.0	418.0	475.0	547.0	640.0	739.0	836.0	956.0	1107.0	1273.0	1473.0	1718.0	2004.0	2353.0	2763.0	3180.0	3689.0	4277.0	4931.0	5311.0	5730.0	6121.0	6566.0	6991.0	7447.0	7894.0	8328.0	8796.0	9217.0	9629.0	10041.0	10468.0	10855.0	11316.0	11738.0	12163.0	12603.0	13039.0	13483.0	13945.0	14398.0	14829.0	15259.0	15716.0	16191.0	16680.0	17115.0	17595.0	18109.0	18574.0	19052.0	19561.0	20052.0	20529.0	21042.0	21546.0	22067.0	22544.0	23007.0	23538.0	24060.0	24511.0	25036.0	25537.0	26018.0	26546.0	27052.0	27569.0	28084.0	28603.0	29050.0	29566.0	30005.0	30491.0	30970.0	31480.0	31933.0	32420.0	32845.0	33302.0
5.0	7.0	9.0	11.0	12.0	13.0	18.0	22.0	26.0	31.0	35.0	39.0	48.0	55.0	59.0	64.0	72.0	88.0	99.0	113.0	129.0	152.0	165.0	186.0	208.0	243.0	280.0	306.0	350.0	392.0	454.0	512.0	575.0	660.0	765.0	865.0	975.0	1094.0	1267.0	1474.0	1690.0	1941.0	2230.0	2574.0	2955.0	3404.0	3939.0	4531.0	5210.0	6032.0	6940.0	8055.0	8664.0	9259.0	9900.0	10498.0	11161.0	11839.0	12494.0	13210.0	13870.0	14541.0	15242.0	15907.0	16560.0	17247.0	17880.0	18535.0	19240.0	19884.0	20514.0	21182.0	21801.0	22453.0	23066.0	23632.0	24259.0	24906.0	25569.0	26227.0	26909.0	27549.0	28219.0	28905.0	29556.0	30201.0	30871.0	31488.0	32126.0	32743.0	33367.0	33996.0	34611.0	35239.0	35867.0	36472.0	37098.0	37685.0	38267.0	38842.0	39425.0	40022.0	40599.0	41177.0	41797.0	42404.0	42975.0	43537.0	44136.0	44692.0	45229.0	45748.0	46273.0
5.0	6.0	7.0	9.0	9.0	9.0	12.0	13.0	17.0	22.0	29.0	37.0	47.0	57.0	67.0	82.0	93.0	111.0	136.0	160.0	193.0	224.0	254.0	312.0	370.0	432.0	506.0	582.0	666.0	770.0	883.0	994.0	1174.0	1376.0	1597.0	1821.0	2118.0	2450.0	2829.0	3269.0	3810.0	4473.0	5183.0	5979.0	6874.0	7964.0	9267.0	10801.0	12514.0	14410.0	16638.0	19204.0	20619.0	22051.0	23571.0	25080.0	26679.0	28188.0	29739.0	31291.0	32831.0	34267.0	35749.0	37200.0	38607.0	40025.0	41397.0	42782.0	44157.0	45430.0	46784.0	48066.0	49313.0	50638.0	51982.0	53194.0	54375.0	55601.0	56764.0	57916.0	59109.0	60206.0	61266.0	62325.0	63336.0	64376.0	65332.0	66253.0	67224.0	68157.0	69048.0	69905.0	70751.0	71603.0	72448.0	73244.0	74015.0	74744.0	75452.0	76156.0	76812.0	77482.0	78131.0	78787.0	79412.0	79998.0	80566.0	81143.0	81674.0	82192.0	82703.0	83189.0	83675.0
5.0	6.0	8.0	9.0	11.0	13.0	18.0	23.0	26.0	28.0	35.0	36.0	40.0	43.0	53.0	58.0	64.0	70.0	75.0	81.0	89.0	96.0	103.0	117.0	128.0	137.0	149.0	163.0	188.0	214.0	247.0	277.0	318.0	370.0	423.0	484.0	557.0	641.0	734.0	828.0	952.0	1080.0	1253.0	1449.0	1660.0	1916.0	2215.0	2588.0	3052.0	3552.0	4128.0	4746.0	5142.0	5547.0	5915.0	6340.0	6739.0	7188.0	7595.0	8040.0	8453.0	8890.0	9310.0	9776.0	10214.0	10634.0	11046.0	11471.0	11910.0	12365.0	12798.0	13235.0	13706.0	14170.0	14603.0	15065.0	15500.0	15947.0	16362.0	16806.0	17263.0	17660.0	18080.0	18496.0	18939.0	19379.0	19791.0	20192.0	20612.0	20979.0	21386.0	21787.0	22222.0	22640.0	23057.0	23459.0	23853.0	24236.0	24655.0	25057.0	25471.0	25857.0	26243.0	26630.0	27057.0	27448.0	27848.0	28268.0	28671.0	29015.0	29409.0	29790.0	30142.0
5.0	7.0	7.0	9.0	13.0	17.0	19.0	23.0	28.0	33.0	37.0	46.0	56.0	67.0	79.0	102.0	126.0	149.0	178.0	207.0	240.0	280.0	342.0	399.0	470.0	539.0	619.0	704.0	843.0	982.0	1156.0	1346.0	1536.0	1804.0	2094.0	2455.0	2892.0	3377.0	3931.0	4579.0	5334.0	6215.0	7262.0	8405.0	9735.0	11215.0	12997.0	14979.0	17351.0	19913.0	22916.0	26355.0	28200.0	30193.0	32167.0	34248.0	36321.0	38412.0	40476.0	42437.0	44414.0	46321.0	48158.0	50104.0	51829.0	53618.0	55409.0	57126.0	58803.0	60527.0	62079.0	63672.0	65242.0	66774.0	68218.0	69609.0	70912.0	72294.0	73664.0	74965.0	76225.0	77394.0	78564.0	79759.0	80876.0	82021.0	83041.0	84061.0	85042.0	85973.0	86866.0	87817.0	88699.0	89596.0	90417.0	91233.0	92037.0	92778.0	93491.0	94155.0	94874.0	95512.0	96134.0	96751.0	97322.0	97878.0	98410.0	98910.0	99415.0	99853.0	100315.0	100750.0	101154.0
5.0	7.0	10.0	10.0	11.0	13.0	13.0	13.0	13.0	14.0	19.0	22.0	24.0	28.0	34.0	36.0	40.0	44.0	49.0	59.0	65.0	72.0	81.0	99.0	116.0	135.0	158.0	191.0	237.0	271.0	324.0	380.0	462.0	529.0	625.0	723.0	861.0	1013.0	1165.0	1338.0	1541.0	1787.0	2103.0	2443.0	2839.0	3276.0	3851.0	4508.0	5251.0	6143.0	7194.0	8353.0	8993.0	9623.0	10291.0	10961.0	11649.0	12381.0	13079.0	13787.0	14523.0	15239.0	15932.0	16604.0	17318.0	18021.0	18708.0	19423.0	20109.0	20803.0	21511.0	22158.0	22822.0	23523.0	24188.0	24821.0	25537.0	26219.0	26892.0	27562.0	28248.0	28907.0	29575.0	30259.0	30914.0	31533.0	32147.0	32793.0	33430.0	34055.0	34654.0	35245.0	35859.0	36386.0	36986.0	37571.0	38154.0	38714.0	39260.0	39777.0	40341.0	40907.0	41457.0	42001.0	42565.0	43087.0	43597.0	44134.0	44668.0	45186.0	45700.0	46197.0	46660.0
5.0	6.0	8.0	10.0	10.0	12.0	15.0	19.0	23.0	27.0	31.0	35.0	44.0	50.0	59.0	68.0	85.0	90.0	115.0	132.0	160.0	185.0	213.0	251.0	298.0	343.0	408.0	465.0	551.0	664.0	778.0	909.0	1052.0	1229.0	1439.0	1647.0	1925.0	2258.0	2628.0	3034.0	3520.0	4123.0	4782.0	5530.0	6425.0	7459.0	8692.0	10094.0	11754.0	13624.0	15721.0	18163.0	19562.0	20985.0	22395.0	23882.0	25329.0	26777.0	28233.0	29654.0	31031.0	32473.0	33901.0	35277.0	36686.0	37997.0	39363.0	40698.0	42006.0	43238.0	44508.0	45659.0	46827.0	48015.0	49228.0	50399.0	51601.0	52711.0	53821.0	54904.0	55965.0	57016.0	58004.0	59057.0	60067.0	60999.0	61957.0	62913.0	63858.0	64781.0	65661.0	66486.0	67293.0	68079.0	68892.0	69658.0	70439.0	71139.0	71846.0	72543.0	73234.0	73893.0	74530.0	75163.0	75819.0	76472.0	77103.0	77682.0	78227.0	78765.0	79311.0	79846.0	80343.0
5.0	6.0	7.0	8.0	11.0	12.0	13.0	17.0	22.0	28.0	32.0	38.0	43.0	57.0	65.0	76.0	88.0	105.0	118.0	141.0	166.0	204.0	245.0	293.0	360.0	421.0	503.0	612.0	728.0	854.0	956.0	1121.0	1307.0	1529.0	1792.0	2092.0	2418.0	2830.0	3298.0	3846.0	4484.0	5187.0	6026.0	7014.0	8129.0	9445.0	10909.0	12599.0	14547.0	16751.0	19359.0	22261.0	23853.0	25545.0	27205.0	28964.0	30694.0	32381.0	34123.0	35864.0	37550.0	39232.0	40752.0	42385.0	43934.0	45498.0	47003.0	48428.0	49808.0	51239.0	52595.0	53989.0	55324.0	56590.0	57897.0	59112.0	60424.0	61686.0	62870.0	64008.0	65149.0	66177.0	67253.0	68363.0	69380.0	70366.0	71342.0	72301.0	73159.0	74038.0	74889.0	75676.0	76499.0	77277.0	78103.0	78859.0	79573.0	80276.0	80938.0	81620.0	82265.0	82871.0	83427.0	83981.0	84542.0	85082.0	85621.0	86087.0	86577.0	86999.0	87448.0	87872.0	88312.0
5.0	6.0	7.0	7.0	8.0	10.0	13.0	14.0	17.0	20.0	21.0	23.0	25.0	29.0	31.0	34.0	38.0	41.0	45.0	51.0	62.0	74.0	83.0	97.0	118.0	138.0	168.0	208.0	246.0	286.0	341.0	400.0	468.0	539.0	640.0	749.0	877.0	1034.0	1197.0	1398.0	1646.0	1920.0	2231.0	2603.0	3049.0	3573.0	4134.0	4811.0	5575.0	6465.0	7579.0	8768.0	9468.0	10156.0	10861.0	11562.0	12297.0	13051.0	13845.0	14574.0	15296.0	15993.0	16727.0	17446.0	18164.0	18927.0	19663.0	20376.0	21182.0	21916.0	22665.0	23426.0	24170.0	24899.0	25623.0	26369.0	27131.0	27902.0	28635.0	29388.0	30082.0	30822.0	31576.0	32309.0	33053.0	33764.0	34519.0	35223.0	35893.0	36605.0	37330.0	38040.0	38723.0	39377.0	40021.0	40654.0	41300.0	41913.0	42599.0	43232.0	43900.0	44497.0	45079.0	45650.0	46227.0	46798.0	47344.0	47987.0	48512.0	49059.0	49578.0	50117.0	50652.0
5.0	5.0	6.0	8.0	10.0	12.0	13.0	20.0	24.0	31.0	37.0	48.0	65.0	80.0	95.0	116.0	139.0	167.0	190.0	228.0	262.0	303.0	351.0	406.0	472.0	558.0	651.0	756.0	897.0	1069.0	1258.0	1442.0	1669.0	1949.0	2278.0	2686.0	3146.0	3688.0	4298.0	4992.0	5769.0	6700.0	7801.0	9041.0	10431.0	12146.0	14097.0	16232.0	18847.0	21755.0	25042.0	28890.0	30999.0	33075.0	35239.0	37364.0	39527.0	41710.0	43828.0	46013.0	48090.0	50085.0	52052.0	53978.0	55899.0	57697.0	59504.0	61324.0	63071.0	64803.0	66442.0	68086.0	69659.0	71224.0	72798.0	74268.0	75716.0	77124.0	78454.0	79807.0	81108.0	82370.0	83596.0	84794.0	86003.0	87084.0	88163.0	89185.0	90198.0	91200.0	92129.0	93092.0	93977.0	94834.0	95666.0	96503.0	97250.0	97950.0	98624.0	99347.0	100033.0	100708.0	101349.0	101936.0	102481.0	103011.0	103510.0	104030.0	104503.0	104934.0	105365.0	105802.0	106216.0
5.0	6.0	6.0	8.0	10.0	14.0	17.0	20.0	23.0	29.0	36.0	43.0	49.0	55.0	62.0	72.0	84.0	97.0	110.0	129.0	152.0	179.0	209.0	247.0	290.0	354.0	399.0	474.0	551.0	642.0	757.0	912.0	1084.0	1255.0	1457.0	1681.0	1957.0	2289.0	2677.0	3141.0	3726.0	4372.0	5091.0	5946.0	6904.0	7996.0	9331.0	10765.0	12477.0	14446.0	16718.0	19412.0	20860.0	22341.0	23876.0	25429.0	27018.0	28562.0	30138.0	31633.0	33164.0	34672.0	36165.0	37703.0	39198.0	40697.0	42111.0	43536.0	44885.0	46221.0	47590.0	48946.0	50246.0	51555.0	52736.0	53901.0	55094.0	56289.0	57488.0	58683.0	59809.0	60925.0	62051.0	63127.0	64190.0	65239.0	66233.0	67203.0	68140.0	69078.0	70050.0	70975.0	71855.0	72662.0	73535.0	74340.0	75134.0	75888.0	76698.0	77444.0	78184.0	78852.0	79495.0	80201.0	80820.0	81436.0	82021.0	82609.0	83177.0	83740.0	84283.0	84804.0	85281.0
5.0	5.0	9.0	12.0	17.0	20.0	24.0	28.0	36.0	39.0	41.0	48.0	54.0	66.0	81.0	92.0	102.0	122.0	142.0	167.0	193.0	219.0	263.0	300.0	356.0	415.0	477.0	553.0	636.0	722.0	829.0	952.0	1123.0	1311.0	1543.0	1807.0	2080.0	2420.0	2830.0	3270.0	3799.0	4428.0	5135.0	5962.0	6960.0	8156.0	9453.0	10960.0	12641.0	14639.0	16932.0	19707.0	21170.0	22645.0	24198.0	25790.0	27385.0	28956.0	30437.0	31996.0	33519.0	35086.0	36591.0	38085.0	39515.0	40922.0	42323.0	43759.0	45090.0	46484.0	47874.0	49224.0	50532.0	51797.0	53054.0	54311.0	55550.0	56778.0	57968.0	59117.0	60251.0	61365.0	62429.0	63582.0	64628.0	65645.0	66670.0	67695.0	68706.0	69681.0	70606.0	71519.0	72398.0	73199.0	74013.0	74867.0	75685.0	76503.0	77261.0	77980.0	78688.0	79408.0	80044.0	80700.0	81348.0	81939.0	82459.0	83009.0	83569.0	84066.0	84555.0	85074.0	85566.0
5.0	5.0	5.0	5.0	5.0	6.0	6.0	6.0	7.0	7.0	7.0	8.0	9.0	10.0	11.0	12.0	14.0	16.0	19.0	20.0	25.0	28.0	36.0	44.0	57.0	65.0	76.0	90.0	107.0	121.0	136.0	156.0	185.0	223.0	262.0	305.0	359.0	413.0	488.0	599.0	712.0	831.0	980.0	1133.0	1359.0	1574.0	1857.0	2179.0	2552.0	2974.0	3459.0	4036.0	4379.0	4719.0	5040.0	5371.0	5739.0	6101.0	6465.0	6831.0	7229.0	7607.0	7957.0	8329.0	8728.0	9121.0	9515.0	9894.0	10282.0	10660.0	11061.0	11485.0	11864.0	12244.0	12623.0	13045.0	13423.0	13793.0	14184.0	14570.0	14958.0	15322.0	15726.0	16129.0	16527.0	16890.0	17305.0	17672.0	18038.0	18405.0	18771.0	19158.0	19515.0	19912.0	20265.0	20634.0	21003.0	21402.0	21784.0	22156.0	22511.0	22865.0	23237.0	23578.0	23940.0	24330.0	24693.0	25088.0	25469.0	25845.0	26209.0	26602.0	26986.0
5.0	5.0	5.0	6.0	7.0	8.0	8.0	9.0	9.0	11.0	12.0	14.0	20.0	23.0	26.0	31.0	36.0	41.0	48.0	53.0	60.0	73.0	89.0	100.0	116.0	130.0	151.0	170.0	189.0	212.0	235.0	262.0	292.0	343.0	397.0	464.0	541.0	622.0	711.0	812.0	919.0	1064.0	1207.0	1394.0	1598.0	1821.0	2100.0	2416.0	2758.0	3115.0	3555.0	4069.0	4369.0	4661.0	4980.0	5315.0	5611.0	5921.0	6238.0	6551.0	6876.0	7185.0	7529.0	7849.0	8179.0	8516.0	8834.0	9155.0	9456.0	9785.0	10120.0	10431.0	10753.0	11072.0	11363.0	11640.0	11962.0	12277.0	12584.0	12904.0	13228.0	13530.0	13828.0	14165.0	14467.0	14769.0	15086.0	15389.0	15708.0	16034.0	16368.0	16706.0	17024.0	17364.0	17720.0	18060.0	18365.0	18676.0	19001.0	19297.0	19646.0	19974.0	20255.0	20570.0	20873.0	21159.0	21452.0	21770.0	22066.0	22347.0	22606.0	22886.0	23188.0
5.0	5.0	6.0	9.0	9.0	9.0	11.0	16.0	16.0	21.0	25.0	26.0	30.0	32.0	38.0	44.0	51.0	56.0	62.0	71.0	80.0	89.0	106.0	121.0	137.0	159.0	180.0	210.0	245.0	284.0	345.0	404.0	474.0	559.0	655.0	765.0	888.0	1046.0	1217.0	1396.0	1646.0	1914.0	2233.0	2602.0	3030.0	3521.0	4086.0	4708.0	5462.0	6366.0	7439.0	8635.0	9315.0	10036.0	10776.0	11526.0	12228.0	12980.0	13686.0	14433.0	15185.0	15863.0	16623.0	17351.0	18068.0	18772.0	19490.0	20243.0	20999.0	21718.0	22478.0	23237.0	23943.0	24684.0	25428.0	26159.0	26852.0	27595.0	28315.0	29027.0	29782.0	30496.0	31178.0	31844.0	32542.0	33175.0	33811.0	34501.0	35112.0	35739.0	36393.0	36985.0	37607.0	38228.0	38862.0	39453.0	40021.0	40551.0	41154.0	41691.0	42253.0	42808.0	43344.0	43886.0	44425.0	44977.0	45492.0	46022.0	46532.0	47015.0	47519.0	48063.0	48556.0
5.0	5.0	7.0	7.0	8.0	8.0	8.0	8.0	9.0	11.0	12.0	14.0	16.0	17.0	20.0	21.0	21.0	21.0	23.0	23.0	27.0	29.0	33.0	40.0	44.0	49.0	63.0	73.0	82.0	93.0	121.0	149.0	174.0	203.0	225.0	260.0	292.0	322.0	380.0	439.0	494.0	594.0	683.0	792.0	916.0	1066.0	1220.0	1411.0	1660.0	1951.0	2293.0	2680.0	2880.0	3064.0	3274.0	3471.0	3661.0	3860.0	4087.0	4314.0	4510.0	4720.0	4941.0	5170.0	5388.0	5632.0	5833.0	6069.0	6350.0	6572.0	6794.0	7028.0	7263.0	7495.0	7720.0	7927.0	8138.0	8348.0	8579.0	8817.0	9047.0	9269.0	9486.0	9728.0	9952.0	10202.0	10463.0	10702.0	10961.0	11215.0	11470.0	11687.0	11945.0	12174.0	12434.0	12671.0	12941.0	13193.0	13446.0	13719.0	13984.0	14276.0	14534.0	14796.0	15056.0	15326.0	15578.0	15851.0	16108.0	16371.0	16632.0	16885.0	17141.0
5.0	6.0	6.0	8.0	10.0	11.0	12.0	15.0	20.0	25.0	29.0	31.0	31.0	35.0	40.0	49.0	58.0	66.0	70.0	84.0	96.0	110.0	124.0	152.0	172.0	202.0	234.0	270.0	309.0	364.0	414.0	500.0	579.0	663.0	763.0	883.0	1027.0	1196.0	1387.0	1603.0	1877.0	2210.0	2561.0	3012.0	3525.0	4050.0	4706.0	5469.0	6334.0	7352.0	8640.0	10072.0	10784.0	11541.0	12355.0	13214.0	14090.0	14957.0	15785.0	16657.0	17520.0	18352.0	19164.0	19951.0	20785.0	21579.0	22424.0	23258.0	24101.0	24913.0	25714.0	26560.0	27360.0	28168.0	28957.0	29735.0	30528.0	31327.0	32110.0	32862.0	33600.0	34345.0	35141.0	35880.0	36659.0	37427.0	38151.0	38958.0	39727.0	40438.0	41211.0	41928.0	42600.0	43256.0	43952.0	44650.0	45316.0	45985.0	46640.0	47297.0	47956.0	48591.0	49278.0	49880.0	50494.0	51124.0	51724.0	52307.0	52893.0	53452.0	54018.0	54587.0	55116.0
5.0	6.0	6.0	6.0	6.0	7.0	7.0	7.0	7.0	8.0	8.0	8.0	9.0	9.0	9.0	9.0	9.0	9.0	9.0	10.0	10.0	10.0	10.0	11.0	11.0	11.0	11.0	11.0	11.0	11.0	11.0	11.0	11.0	11.0	11.0	11.0	11.0	11.0	11.0	11.0	11.0	11.0	11.0	11.0	11.0	11.0	11.0	11.0	11.0	11.0	11.0	11.0	11.0	11.0	11.0	11.0	11.0	11.0	11.0	11.0	11.0	11.0	11.0	11.0	11.0	11.0	11.0	11.0	11.0	11.0	11.0	11.0	11.0	11.0	11.0	11.0	11.0	11.0	11.0	11.0	11.0	11.0	11.0	11.0	11.0	11.0	11.0	11.0	11.0	11.0	11.0	11.0	11.0	11.0	11.0	11.0	11.0	11.0	11.0	11.0	11.0	11.0	11.0	11.0	11.0	11.0	11.0	11.0	11.0	11.0	11.0	11.0	11.0
5.0	8.0	8.0	8.0	9.0	10.0	14.0	18.0	20.0	21.0	25.0	27.0	37.0	47.0	60.0	67.0	81.0	93.0	113.0	134.0	158.0	181.0	208.0	265.0	320.0	380.0	440.0	521.0	605.0	715.0	837.0	984.0	1156.0	1380.0	1611.0	1903.0	2216.0	2590.0	3031.0	3540.0	4140.0	4848.0	5652.0	6542.0	7594.0	8837.0	10308.0	11890.0	13870.0	16091.0	18598.0	21456.0	22994.0	24620.0	26253.0	27933.0	29585.0	31246.0	32873.0	34594.0	36243.0	37858.0	39465.0	41005.0	42659.0	44214.0	45712.0	47193.0	48631.0	50138.0	51562.0	52986.0	54405.0	55762.0	57028.0	58352.0	59597.0	60887.0	62130.0	63280.0	64392.0	65504.0	66612.0	67748.0	68760.0	69783.0	70797.0	71836.0	72803.0	73750.0	74681.0	75616.0	76485.0	77326.0	78174.0	78988.0	79787.0	80518.0	81279.0	82037.0	82739.0	83399.0	84035.0	84694.0	85325.0	85934.0	86530.0	87125.0	87717.0	88254.0	88763.0	89273.0	89777.0
5.0	6.0	7.0	9.0	9.0	10.0	11.0	13.0	14.0	19.0	21.0	24.0	25.0	27.0	34.0	37.0	43.0	46.0	53.0	58.0	63.0	69.0	85.0	96.0	113.0	132.0	150.0	171.0	189.0	224.0	257.0	290.0	331.0	388.0	441.0	513.0	603.0	701.0	808.0	920.0	1058.0	1243.0	1421.0	1644.0	1891.0	2217.0	2564.0	2980.0	3455.0	3986.0	4658.0	5432.0	5867.0	6259.0	6719.0	7192.0	7659.0	8137.0	8639.0	9081.0	9557.0	10038.0	10560.0	11058.0	11522.0	12008.0	12512.0	12994.0	13483.0	13994.0	14477.0	14942.0	15402.0	15894.0	16398.0	16877.0	17367.0	17843.0	18293.0	18796.0	19277.0	19771.0	20252.0	20702.0	21199.0	21677.0	22156.0	22641.0	23125.0	23600.0	24088.0	24587.0	25021.0	25493.0	25975.0	26437.0	26928.0	27395.0	27845.0	28294.0	28770.0	29250.0	29721.0	30158.0	30615.0	31034.0	31510.0	31969.0	32402.0	32836.0	33300.0	33762.0	34228.0
5.0	6.0	8.0	9.0	11.0	12.0	16.0	21.0	28.0	33.0	38.0	42.0	51.0	58.0	70.0	85.0	100.0	119.0	136.0	159.0	196.0	225.0	264.0	296.0	350.0	407.0	489.0	581.0	668.0	771.0	890.0	1049.0	1251.0	1460.0	1710.0	1981.0	2285.0	2643.0	3047.0	3565.0	4152.0	4803.0	5570.0	6502.0	7495.0	8680.0	10016.0	11639.0	13501.0	15605.0	18103.0	20922.0	22463.0	24066.0	25654.0	27266.0	28933.0	30551.0	32173.0	33731.0	35297.0	36890.0	38384.0	39909.0	41413.0	42898.0	44344.0	45683.0	47060.0	48409.0	49770.0	51094.0	52358.0	53552.0	54737.0	55942.0	57198.0	58295.0	59421.0	60588.0	61651.0	62731.0	63788.0	64839.0	65869.0	66818.0	67758.0	68708.0	69639.0	70484.0	71324.0	72218.0	73041.0	73875.0	74690.0	75463.0	76209.0	76975.0	77744.0	78462.0	79149.0	79836.0	80453.0	81090.0	81712.0	82266.0	82802.0	83348.0	83856.0	84343.0	84847.0	85318.0	85830.0
5.0	6.0	9.0	12.0	16.0	21.0	26.0	34.0	40.0	49.0	59.0	72.0	80.0	96.0	114.0	128.0	149.0	170.0	203.0	239.0	280.0	325.0	381.0	441.0	527.0	620.0	719.0	837.0	969.0	1118.0	1306.0	1540.0	1776.0	2036.0	2342.0	2703.0	3117.0	3644.0	4252.0	4920.0	5722.0	6603.0	7683.0	8910.0	10325.0	11900.0	13772.0	15900.0	18328.0	21141.0	24387.0	28058.0	30027.0	32093.0	34235.0	36344.0	38450.0	40588.0	42656.0	44657.0	46655.0	48625.0	50575.0	52477.0	54350.0	56086.0	57765.0	59498.0	61182.0	62841.0	64507.0	66123.0	67625.0	69126.0	70541.0	71863.0	73272.0	74564.0	75862.0	77187.0	78385.0	79586.0	80742.0	81905.0	83023.0	84075.0	85177.0	86210.0	87196.0	88127.0	89045.0	89936.0	90750.0	91534.0	92317.0	93079.0	93817.0	94554.0	95258.0	95893.0	96522.0	97090.0	97675.0	98212.0	98743.0	99268.0	99773.0	100260.0	100744.0	101188.0	101612.0	102032.0	102414.0
5.0	7.0	7.0	7.0	8.0	10.0	14.0	16.0	18.0	20.0	23.0	29.0	36.0	46.0	51.0	61.0	76.0	91.0	101.0	121.0	140.0	162.0	190.0	222.0	265.0	305.0	353.0	409.0	470.0	555.0	646.0	762.0	879.0	1015.0	1178.0	1366.0	1588.0	1821.0	2132.0	2480.0	2880.0	3340.0	3858.0	4504.0	5246.0	6074.0	7082.0	8235.0	9579.0	11085.0	12915.0	14903.0	16012.0	17130.0	18338.0	19576.0	20885.0	22165.0	23429.0	24668.0	25902.0	27230.0	28464.0	29645.0	30764.0	31946.0	33060.0	34223.0	35369.0	36476.0	37595.0	38748.0	39818.0	40897.0	41983.0	43037.0	44167.0	45175.0	46240.0	47298.0	48272.0	49277.0	50260.0	51252.0	52174.0	53123.0	54041.0	54921.0	55840.0	56776.0	57614.0	58483.0	59334.0	60169.0	61004.0	61752.0	62542.0	63281.0	64017.0	64681.0	65406.0	66169.0	66839.0	67526.0	68173.0	68832.0	69398.0	70005.0	70594.0	71160.0	71689.0	72208.0	72728.0
5.0	7.0	8.0	12.0	14.0	18.0	24.0	28.0	32.0	36.0	44.0	51.0	56.0	65.0	79.0	97.0	119.0	148.0	167.0	207.0	244.0	285.0	330.0	385.0	443.0	523.0	610.0	720.0	858.0	994.0	1158.0	1334.0	1545.0	1794.0	2077.0	2438.0	2860.0	3327.0	3904.0	4562.0	5306.0	6176.0	7192.0	8349.0	9706.0	11206.0	13019.0	15141.0	17500.0	20171.0	23287.0	26811.0	28772.0	30723.0	32775.0	34797.0	36863.0	38847.0	40825.0	42745.0	44652.0	46490.0	48329.0	50194.0	51962.0	53752.0	55513.0	57175.0	58819.0	60435.0	62007.0	63591.0	65071.0	66555.0	67967.0	69368.0	70776.0	72180.0	73503.0	74855.0	76112.0	77368.0	78550.0	79698.0	80824.0	81894.0	82995.0	84068.0	85088.0	86057.0	87026.0	87992.0	88867.0	89799.0	90607.0	91388.0	92133.0	92894.0	93580.0	94292.0	94972.0	95629.0	96221.0	96822.0	97379.0	97976.0	98492.0	98999.0	99500.0	99950.0	100399.0	100816.0	101245.0
5.0	6.0	7.0	7.0	10.0	11.0	12.0	15.0	16.0	17.0	19.0	21.0	25.0	29.0	35.0	44.0	54.0	70.0	89.0	101.0	115.0	136.0	152.0	179.0	206.0	241.0	291.0	344.0	408.0	476.0	564.0	661.0	778.0	892.0	1060.0	1249.0	1449.0	1675.0	1963.0	2306.0	2691.0	3183.0	3707.0	4307.0	5016.0	5866.0	6787.0	7882.0	9134.0	10665.0	12385.0	14308.0	15342.0	16455.0	17557.0	18685.0	19878.0	21042.0	22229.0	23407.0	24624.0	25772.0	26931.0	28072.0	29186.0	30309.0	31441.0	32521.0	33592.0	34572.0	35573.0	36586.0	37562.0	38603.0	39602.0	40567.0	41519.0	42467.0	43454.0	44367.0	45312.0	46277.0	47180.0	48113.0	48955.0	49816.0	50675.0	51511.0	52304.0	53085.0	53882.0	54678.0	55514.0	56253.0	56986.0	57750.0	58471.0	59204.0	59937.0	60606.0	61285.0	61938.0	62629.0	63268.0	63863.0	64463.0	65081.0	65635.0	66197.0	66787.0	67338.0	67889.0	68387.0
5.0	6.0	6.0	8.0	11.0	12.0	14.0	16.0	23.0	26.0	32.0	35.0	45.0	59.0	75.0	84.0	101.0	116.0	135.0	160.0	183.0	206.0	246.0	279.0	341.0	406.0	470.0	551.0	646.0	761.0	872.0	1004.0	1171.0	1342.0	1581.0	1811.0	2130.0	2475.0	2849.0	3323.0	3852.0	4496.0	5215.0	6005.0	6968.0	8094.0	9396.0	10888.0	12590.0	14572.0	16802.0	19381.0	20818.0	22387.0	23910.0	25382.0	26916.0	28423.0	30020.0	31571.0	33051.0	34500.0	36038.0	37528.0	38943.0	40389.0	41812.0	43203.0	44581.0	45973.0	47302.0	48668.0	49999.0	51291.0	52559.0	53859.0	55099.0	56310.0	57519.0	58713.0	59924.0	61044.0	62131.0	63216.0	64294.0	65303.0	66319.0	67297.0	68348.0	69275.0	70225.0	71084.0	71942.0	72851.0	73689.0	74517.0	75332.0	76100.0	76855.0	77589.0	78331.0	79059.0	79787.0	80441.0	81140.0	81782.0	82402.0	83050.0	83663.0	84239.0	84802.0	85308.0	85838.0
5.0	5.0	5.0	6.0	6.0	8.0	8.0	10.0	11.0	14.0	15.0	16.0	18.0	18.0	19.0	21.0	26.0	29.0	35.0	41.0	48.0	57.0	68.0	74.0	88.0	111.0	130.0	149.0	180.0	212.0	252.0	303.0	361.0	431.0	487.0	580.0	675.0	799.0	926.0	1082.0	1262.0	1486.0	1766.0	2082.0	2421.0	2833.0	3293.0	3838.0	4478.0	5167.0	6035.0	7052.0	7602.0	8164.0	8724.0	9355.0	9985.0	10639.0	11259.0	11956.0	12601.0	13242.0	13903.0	14535.0	15160.0	15817.0	16442.0	17061.0	17703.0	18366.0	19022.0	19641.0	20244.0	20899.0	21521.0	22128.0	22750.0	23388.0	24040.0	24701.0	25366.0	25966.0	26604.0	27266.0	27899.0	28531.0	29150.0	29835.0	30476.0	31058.0	31691.0	32336.0	32902.0	33494.0	34043.0	34604.0	35179.0	35769.0	36348.0	36914.0	37470.0	38001.0	38547.0	39109.0	39671.0	40229.0	40747.0	41263.0	41821.0	42335.0	42849.0	43370.0	43865.0
5.0	8.0	10.0	11.0	15.0	22.0	28.0	38.0	46.0	56.0	68.0	84.0	92.0	111.0	127.0	151.0	178.0	205.0	241.0	289.0	344.0	399.0	469.0	547.0	632.0	731.0	843.0	961.0	1117.0	1288.0	1524.0	1763.0	2018.0	2328.0	2733.0	3186.0	3680.0	4254.0	4926.0	5668.0	6569.0	7626.0	8841.0	10221.0	11858.0	13703.0	15791.0	18224.0	20940.0	24077.0	27787.0	31864.0	34071.0	36407.0	38749.0	41172.0	43474.0	45754.0	48026.0	50209.0	52380.0	54648.0	56743.0	58775.0	60778.0	62683.0	64562.0	66378.0	68244.0	70063.0	71857.0	73571.0	75243.0	76825.0	78336.0	79885.0	81389.0	82839.0	84213.0	85557.0	86867.0	88055.0	89216.0	90385.0	91542.0	92662.0	93716.0	94649.0	95620.0	96584.0	97487.0	98391.0	99208.0	100006.0	100791.0	101565.0	102268.0	102953.0	103577.0	104199.0	104800.0	105401.0	105941.0	106467.0	106956.0	107475.0	107942.0	108385.0	108804.0	109222.0	109618.0	110012.0	110357.0
5.0	6.0	9.0	12.0	17.0	19.0	22.0	27.0	31.0	41.0	49.0	58.0	73.0	86.0	106.0	121.0	141.0	161.0	192.0	224.0	263.0	309.0	361.0	417.0	500.0	590.0	674.0	794.0	928.0	1079.0	1241.0	1439.0	1639.0	1898.0	2205.0	2555.0	2990.0	3505.0	4074.0	4735.0	5552.0	6421.0	7461.0	8638.0	10008.0	11609.0	13464.0	15643.0	18161.0	20987.0	24183.0	27846.0	29795.0	31857.0	33967.0	36094.0	38241.0	40332.0	42500.0	44576.0	46603.0	48558.0	50545.0	52446.0	54248.0	56047.0	57851.0	59634.0	61298.0	62921.0	64577.0	66129.0	67648.0	69160.0	70616.0	72073.0	73484.0	74838.0	76176.0	77495.0	78738.0	79943.0	81104.0	82207.0	83328.0	84468.0	85534.0	86494.0	87480.0	88425.0	89343.0	90196.0	91024.0	91846.0	92635.0	93450.0	94168.0	94822.0	95517.0	96161.0	96809.0	97477.0	98097.0	98672.0	99267.0	99832.0	100345.0	100898.0	101411.0	101897.0	102355.0	102770.0	103206.0
5.0	6.0	8.0	10.0	11.0	15.0	17.0	22.0	26.0	32.0	38.0	46.0	54.0	65.0	75.0	85.0	100.0	118.0	140.0	159.0	190.0	217.0	254.0	300.0	338.0	389.0	445.0	534.0	603.0	687.0	790.0	906.0	1045.0	1216.0	1428.0	1663.0	1925.0	2227.0	2604.0	3012.0	3514.0	4077.0	4696.0	5450.0	6336.0	7369.0	8566.0	9927.0	11536.0	13351.0	15410.0	17785.0	19058.0	20429.0	21798.0	23214.0	24615.0	26053.0	27449.0	28816.0	30183.0	31540.0	32942.0	34267.0	35636.0	36904.0	38251.0	39550.0	40828.0	42134.0	43404.0	44642.0	45861.0	47122.0	48286.0	49471.0	50601.0	51698.0	52790.0	53918.0	55001.0	56091.0	57109.0	58101.0	59091.0	60076.0	61087.0	62007.0	62975.0	63820.0	64702.0	65545.0	66346.0	67197.0	67964.0	68745.0	69521.0	70262.0	70986.0	71731.0	72410.0	73096.0	73753.0	74396.0	75070.0	75690.0	76297.0	76885.0	77461.0	78032.0	78566.0	79093.0	79584.0
5.0	10.0	11.0	14.0	17.0	30.0	39.0	52.0	57.0	67.0	84.0	94.0	111.0	134.0	162.0	189.0	221.0	257.0	305.0	362.0	420.0	494.0	559.0	651.0	756.0	893.0	1052.0	1232.0	1445.0	1663.0	1946.0	2241.0	2610.0	2991.0	3494.0	4046.0	4697.0	5430.0	6337.0	7341.0	8530.0	9929.0	11545.0	13378.0	15492.0	17944.0	20709.0	23872.0	27479.0	31557.0	36184.0	41468.0	44237.0	47174.0	50082.0	53007.0	55883.0	58724.0	61505.0	64294.0	66911.0	69495.0	71964.0	74362.0	76721.0	78963.0	81206.0	83356.0	85362.0	87339.0	89214.0	91096.0	92891.0	94632.0	96286.0	97849.0	99413.0	100860.0	102265.0	103609.0	104942.0	106188.0	107470.0	108608.0	109744.0	110792.0	111852.0	112804.0	113673.0	114524.0	115393.0	116245.0	117035.0	117721.0	118430.0	119107.0	119772.0	120423.0	121035.0	121592.0	122134.0	122636.0	123155.0	123648.0	124105.0	124554.0	124970.0	125374.0	125735.0	126110.0	126465.0	126810.0	127119.0
5.0	7.0	7.0	9.0	13.0	18.0	24.0	29.0	35.0	44.0	54.0	62.0	78.0	91.0	103.0	125.0	145.0	176.0	203.0	251.0	307.0	356.0	418.0	490.0	592.0	696.0	812.0	957.0	1095.0	1277.0	1513.0	1804.0	2118.0	2467.0	2883.0	3355.0	3945.0	4610.0	5366.0	6250.0	7254.0	8400.0	9757.0	11284.0	13092.0	15157.0	17539.0	20168.0	23263.0	26702.0	30630.0	34999.0	37442.0	39942.0	42544.0	45080.0	47613.0	50111.0	52593.0	54989.0	57345.0	59661.0	61886.0	63942.0	66066.0	68159.0	70121.0	72065.0	73884.0	75694.0	77517.0	79176.0	80888.0	82467.0	84103.0	85586.0	87059.0	88431.0	89815.0	91162.0	92449.0	93649.0	94852.0	95995.0	97095.0	98165.0	99198.0	100183.0	101170.0	102065.0	102938.0	103754.0	104589.0	105406.0	106142.0	106892.0	107579.0	108251.0	108918.0	109550.0	110136.0	110697.0	111250.0	111770.0	112317.0	112782.0	113225.0	113651.0	114070.0	114473.0	114866.0	115251.0	115589.0
5.0	5.0	7.0	9.0	9.0	12.0	15.0	17.0	20.0	23.0	25.0	28.0	35.0	43.0	57.0	68.0	75.0	86.0	105.0	124.0	150.0	172.0	201.0	242.0	291.0	332.0	391.0	453.0	522.0	600.0	690.0	801.0	926.0	1072.0	1262.0	1473.0	1675.0	1969.0	2316.0	2700.0	3143.0	3633.0	4206.0	4887.0	5660.0	6575.0	7620.0	8829.0	10257.0	11871.0	13833.0	15998.0	17220.0	18457.0	19734.0	21015.0	22291.0	23591.0	24916.0	26232.0	27513.0	28789.0	30020.0	31356.0	32578.0	33852.0	35117.0	36282.0	37496.0	38688.0	39857.0	41004.0	42211.0	43427.0	44570.0	45691.0	46776.0	47908.0	48992.0	50059.0	51088.0	52093.0	53106.0	54094.0	55032.0	55985.0	56878.0	57777.0	58671.0	59567.0	60462.0	61289.0	62133.0	62958.0	63770.0	64488.0	65226.0	65980.0	66706.0	67410.0	68056.0	68681.0	69292.0	69906.0	70535.0	71171.0	71784.0	72389.0	72954.0	73500.0	74059.0	74600.0	75112.0
5.0	6.0	6.0	8.0	8.0	8.0	8.0	8.0	8.0	8.0	8.0	8.0	9.0	10.0	12.0	13.0	13.0	14.0	14.0	17.0	18.0	23.0	26.0	30.0	33.0	36.0	38.0	46.0	50.0	55.0	61.0	77.0	82.0	97.0	110.0	127.0	141.0	162.0	190.0	224.0	275.0	308.0	358.0	418.0	470.0	554.0	628.0	739.0	872.0	1023.0	1199.0	1419.0	1532.0	1643.0	1763.0	1883.0	2023.0	2168.0	2305.0	2453.0	2577.0	2722.0	2874.0	2991.0	3134.0	3286.0	3417.0	3558.0	3701.0	3849.0	3996.0	4149.0	4291.0	4423.0	4558.0	4706.0	4869.0	5024.0	5196.0	5365.0	5538.0	5702.0	5886.0	6069.0	6246.0	6414.0	6603.0	6785.0	6983.0	7189.0	7357.0	7535.0	7713.0	7898.0	8053.0	8227.0	8395.0	8598.0	8800.0	9012.0	9207.0	9374.0	9588.0	9778.0	9966.0	10167.0	10374.0	10561.0	10769.0	10972.0	11192.0	11412.0	11617.0
5.0	6.0	6.0	6.0	9.0	11.0	13.0	14.0	18.0	20.0	27.0	31.0	35.0	45.0	60.0	77.0	90.0	108.0	131.0	158.0	182.0	203.0	231.0	277.0	333.0	381.0	450.0	531.0	615.0	701.0	801.0	962.0	1126.0	1298.0	1495.0	1727.0	1999.0	2311.0	2688.0	3095.0	3545.0	4094.0	4717.0	5424.0	6350.0	7360.0	8509.0	9775.0	11236.0	12930.0	14889.0	17132.0	18429.0	19668.0	21003.0	22324.0	23663.0	24980.0	26353.0	27699.0	29020.0	30338.0	31625.0	32980.0	34223.0	35512.0	36753.0	37947.0	39161.0	40366.0	41495.0	42663.0	43793.0	44927.0	46073.0	47105.0	48159.0	49251.0	50259.0	51323.0	52322.0	53296.0	54276.0	55261.0	56262.0	57235.0	58166.0	59068.0	59958.0	60873.0	61728.0	62571.0	63385.0	64163.0	64943.0	65709.0	66480.0	67214.0	67909.0	68642.0	69344.0	70043.0	70722.0	71378.0	72002.0	72620.0	73171.0	73736.0	74336.0	74883.0	75433.0	75948.0	76420.0
5.0	6.0	8.0	11.0	13.0	19.0	25.0	28.0	37.0	41.0	48.0	54.0	66.0	83.0	95.0	110.0	130.0	153.0	177.0	208.0	250.0	286.0	348.0	422.0	501.0	591.0	699.0	831.0	988.0	1139.0	1328.0	1554.0	1814.0	2116.0	2434.0	2787.0	3259.0	3781.0	4383.0	5126.0	5955.0	6890.0	7969.0	9211.0	10644.0	12244.0	14027.0	16241.0	18766.0	21643.0	24996.0	28748.0	30836.0	32884.0	35045.0	37138.0	39298.0	41414.0	43471.0	45537.0	47537.0	49555.0	51477.0	53400.0	55321.0	57131.0	58981.0	60706.0	62400.0	64097.0	65784.0	67506.0	69103.0	70606.0	72152.0	73540.0	74993.0	76352.0	77698.0	79029.0	80324.0	81576.0	82757.0	83970.0	85086.0	86205.0	87253.0	88282.0	89316.0	90282.0	91242.0	92143.0	93006.0	93896.0	94652.0	95421.0	96164.0	96855.0	97552.0	98237.0	98896.0	99505.0	100160.0	100710.0	101327.0	101828.0	102378.0	102841.0	103328.0	103793.0	104246.0	104670.0	105076.0
5.0	6.0	6.0	8.0	11.0	14.0	18.0	22.0	29.0	34.0	44.0	52.0	66.0	78.0	94.0	108.0	131.0	157.0	188.0	221.0	253.0	288.0	342.0	387.0	452.0	518.0	591.0	682.0	790.0	921.0	1078.0	1253.0	1440.0	1656.0	1931.0	2233.0	2570.0	2987.0	3491.0	4077.0	4747.0	5545.0	6464.0	7510.0	8760.0	10141.0	11760.0	13627.0	15798.0	18285.0	21162.0	24436.0	26289.0	28175.0	30132.0	32049.0	33870.0	35796.0	37707.0	39593.0	41382.0	43195.0	45038.0	46859.0	48559.0	50352.0	51981.0	53672.0	55263.0	56857.0	58408.0	59922.0	61400.0	62868.0	64318.0	65701.0	67121.0	68410.0	69718.0	71008.0	72247.0	73473.0	74614.0	75774.0	76873.0	77897.0	78964.0	79856.0	80779.0	81733.0	82645.0	83512.0	84364.0	85149.0	85902.0	86686.0	87446.0	88140.0	88842.0	89518.0	90087.0	90716.0	91277.0	91862.0	92431.0	92961.0	93469.0	93954.0	94419.0	94897.0	95348.0	95745.0	96144.0
5.0	6.0	6.0	7.0	8.0	8.0	8.0	10.0	11.0	14.0	16.0	19.0	22.0	25.0	33.0	39.0	47.0	52.0	57.0	67.0	72.0	80.0	90.0	98.0	110.0	126.0	140.0	167.0	196.0	234.0	265.0	326.0	377.0	437.0	529.0	616.0	714.0	811.0	935.0	1069.0	1231.0	1455.0	1690.0	1955.0	2276.0	2632.0	3062.0	3611.0	4192.0	4953.0	5802.0	6751.0	7245.0	7783.0	8332.0	8907.0	9519.0	10092.0	10646.0	11228.0	11775.0	12368.0	12975.0	13598.0	14193.0	14758.0	15381.0	15999.0	16582.0	17192.0	17753.0	18346.0	18920.0	19496.0	20117.0	20695.0	21320.0	21937.0	22596.0	23176.0	23753.0	24328.0	24907.0	25511.0	26070.0	26667.0	27258.0	27847.0	28443.0	29005.0	29584.0	30182.0	30762.0	31313.0	31873.0	32479.0	33065.0	33586.0	34148.0	34737.0	35340.0	35931.0	36480.0	37012.0	37563.0	38090.0	38645.0	39161.0	39687.0	40212.0	40725.0	41248.0	41761.0
5.0	5.0	7.0	8.0	11.0	14.0	17.0	22.0	22.0	25.0	27.0	31.0	40.0	50.0	56.0	60.0	73.0	80.0	88.0	104.0	127.0	154.0	178.0	209.0	243.0	279.0	324.0	382.0	452.0	513.0	587.0	677.0	765.0	891.0	1033.0	1184.0	1356.0	1534.0	1770.0	2056.0	2372.0	2750.0	3221.0	3718.0	4286.0	4950.0	5780.0	6683.0	7794.0	9050.0	10510.0	12184.0	13152.0	14097.0	15092.0	16075.0	17151.0	18158.0	19192.0	20218.0	21259.0	22309.0	23327.0	24344.0	25357.0	26389.0	27386.0	28369.0	29396.0	30398.0	31357.0	32351.0	33344.0	34302.0	35222.0	36169.0	37116.0	38009.0	38925.0	39858.0	40719.0	41542.0	42371.0	43285.0	44134.0	44967.0	45753.0	46584.0	47388.0	48173.0	48907.0	49657.0	50419.0	51140.0	51843.0	52589.0	53277.0	53956.0	54627.0	55285.0	55927.0	56556.0	57224.0	57843.0	58457.0	59089.0	59697.0	60299.0	60894.0	61461.0	61991.0	62538.0	63091.0
5.0	5.0	6.0	6.0	8.0	11.0	13.0	14.0	17.0	19.0	23.0	24.0	28.0	33.0	35.0	40.0	41.0	45.0	50.0	59.0	68.0	77.0	86.0	98.0	116.0	133.0	160.0	185.0	221.0	249.0	287.0	326.0	379.0	433.0	488.0	561.0	633.0	707.0	809.0	945.0	1092.0	1266.0	1487.0	1701.0	1981.0	2305.0	2674.0	3121.0	3596.0	4199.0	4903.0	5640.0	6067.0	6465.0	6906.0	7350.0	7816.0	8306.0	8812.0	9389.0	9899.0	10366.0	10859.0	11380.0	11903.0	12404.0	12916.0	13431.0	13965.0	14479.0	14991.0	15534.0	16022.0	16533.0	17022.0	17516.0	17996.0	18482.0	18990.0	19479.0	19971.0	20452.0	20929.0	21455.0	21966.0	22443.0	22884.0	23326.0	23793.0	24221.0	24692.0	25112.0	25536.0	25982.0	26440.0	26918.0	27328.0	27758.0	28184.0	28592.0	29006.0	29432.0	29840.0	30270.0	30670.0	31060.0	31462.0	31868.0	32275.0	32662.0	33035.0	33413.0	33809.0
5.0	8.0	9.0	10.0	12.0	13.0	14.0	16.0	18.0	19.0	21.0	22.0	23.0	25.0	27.0	33.0	34.0	38.0	40.0	41.0	48.0	52.0	59.0	64.0	78.0	87.0	96.0	109.0	130.0	143.0	161.0	191.0	214.0	248.0	289.0	333.0	383.0	448.0	511.0	600.0	708.0	810.0	939.0	1088.0	1277.0	1486.0	1709.0	2003.0	2323.0	2725.0	3166.0	3680.0	3979.0	4289.0	4622.0	4955.0	5264.0	5542.0	5857.0	6164.0	6472.0	6810.0	7185.0	7504.0	7821.0	8129.0	8490.0	8820.0	9188.0	9563.0	9895.0	10230.0	10586.0	10916.0	11281.0	11653.0	12011.0	12380.0	12751.0	13117.0	13486.0	13856.0	14208.0	14590.0	14953.0	15297.0	15644.0	16025.0	16395.0	16742.0	17091.0	17448.0	17820.0	18166.0	18542.0	18910.0	19297.0	19668.0	20015.0	20391.0	20747.0	21089.0	21449.0	21813.0	22206.0	22548.0	22904.0	23255.0	23598.0	23965.0	24307.0	24669.0	24990.0
5.0	8.0	11.0	14.0	20.0	24.0	33.0	41.0	52.0	65.0	74.0	88.0	105.0	117.0	141.0	165.0	201.0	236.0	288.0	342.0	401.0	491.0	589.0	694.0	809.0	953.0	1128.0	1330.0	1572.0	1830.0	2140.0	2519.0	2938.0	3447.0	4045.0	4707.0	5493.0	6430.0	7479.0	8684.0	10059.0	11578.0	13434.0	15551.0	18015.0	20804.0	23992.0	27704.0	31737.0	36478.0	41715.0	47506.0	50685.0	53936.0	57217.0	60379.0	63722.0	66958.0	70073.0	73045.0	75972.0	78718.0	81449.0	84046.0	86529.0	88942.0	91248.0	93458.0	95646.0	97761.0	99741.0	101634.0	103479.0	105281.0	106986.0	108628.0	110186.0	111694.0	113172.0	114589.0	115992.0	117297.0	118502.0	119628.0	120718.0	121805.0	122768.0	123684.0	124548.0	125381.0	126200.0	126952.0	127698.0	128346.0	129006.0	129661.0	130216.0	130767.0	131350.0	131839.0	132308.0	132806.0	133265.0	133685.0	134110.0	134459.0	134813.0	135167.0	135489.0	135809.0	136080.0	136345.0	136607.0
5.0	7.0	9.0	11.0	13.0	18.0	24.0	26.0	30.0	31.0	34.0	37.0	44.0	47.0	52.0	57.0	65.0	73.0	78.0	88.0	95.0	109.0	122.0	135.0	157.0	177.0	212.0	243.0	275.0	313.0	368.0	420.0	507.0	592.0	664.0	769.0	885.0	1024.0	1192.0	1390.0	1622.0	1875.0	2153.0	2487.0	2911.0	3390.0	3910.0	4530.0	5238.0	6058.0	7047.0	8269.0	8928.0	9609.0	10313.0	11033.0	11733.0	12460.0	13183.0	13890.0	14633.0	15373.0	16153.0	16825.0	17515.0	18238.0	18915.0	19651.0	20350.0	21066.0	21771.0	22497.0	23219.0	23987.0	24698.0	25463.0	26194.0	26952.0	27688.0	28410.0	29124.0	29858.0	30590.0	31293.0	31951.0	32653.0	33371.0	34054.0	34721.0	35387.0	36063.0	36726.0	37370.0	37989.0	38601.0	39232.0	39857.0	40486.0	41116.0	41729.0	42308.0	42868.0	43467.0	44055.0	44624.0	45193.0	45739.0	46267.0	46744.0	47286.0	47847.0	48331.0	48830.0
5.0	7.0	8.0	10.0	12.0	12.0	17.0	20.0	26.0	30.0	35.0	39.0	48.0	64.0	75.0	84.0	101.0	117.0	132.0	164.0	190.0	217.0	253.0	295.0	356.0	410.0	493.0	572.0	661.0	779.0	907.0	1037.0	1205.0	1408.0	1652.0	1915.0	2217.0	2594.0	3001.0	3480.0	4010.0	4640.0	5433.0	6290.0	7291.0	8426.0	9807.0	11308.0	13115.0	15021.0	17345.0	20008.0	21460.0	22966.0	24449.0	26038.0	27618.0	29228.0	30780.0	32329.0	33823.0	35447.0	36871.0	38327.0	39705.0	41090.0	42525.0	43858.0	45197.0	46577.0	47938.0	49162.0	50460.0	51729.0	52965.0	54240.0	55419.0	56622.0	57732.0	58878.0	60007.0	61073.0	62164.0	63188.0	64206.0	65192.0	66158.0	67082.0	67990.0	68854.0	69701.0	70550.0	71348.0	72185.0	73028.0	73812.0	74561.0	75277.0	76005.0	76742.0	77427.0	78153.0	78782.0	79389.0	80002.0	80606.0	81200.0	81806.0	82365.0	82915.0	83438.0	83960.0	84456.0
5.0	5.0	7.0	7.0	7.0	9.0	11.0	14.0	16.0	18.0	20.0	24.0	26.0	28.0	34.0	41.0	49.0	56.0	60.0	69.0	77.0	87.0	102.0	118.0	137.0	157.0	185.0	211.0	248.0	285.0	330.0	381.0	451.0	542.0	640.0	757.0	893.0	1050.0	1238.0	1412.0	1639.0	1889.0	2182.0	2564.0	2984.0	3422.0	3998.0	4664.0	5392.0	6261.0	7236.0	8369.0	8985.0	9659.0	10386.0	11052.0	11789.0	12485.0	13173.0	13922.0	14627.0	15336.0	16035.0	16709.0	17467.0	18181.0	18913.0	19613.0	20352.0	21055.0	21736.0	22432.0	23150.0	23841.0	24526.0	25207.0	25905.0	26571.0	27254.0	27931.0	28582.0	29232.0	29894.0	30549.0	31170.0	31800.0	32465.0	33127.0	33755.0	34336.0	34956.0	35553.0	36153.0	36700.0	37291.0	37906.0	38432.0	38972.0	39512.0	40053.0	40605.0	41167.0	41677.0	42199.0	42726.0	43261.0	43768.0	44270.0	44772.0	45315.0	45784.0	46243.0	46708.0
5.0	5.0	5.0	7.0	7.0	7.0	9.0	9.0	9.0	9.0	11.0	13.0	14.0	14.0	17.0	19.0	20.0	24.0	29.0	34.0	39.0	45.0	55.0	66.0	77.0	88.0	106.0	126.0	140.0	166.0	191.0	225.0	280.0	319.0	374.0	425.0	500.0	576.0	670.0	776.0	902.0	1045.0	1231.0	1421.0	1657.0	1900.0	2255.0	2625.0	3073.0	3582.0	4203.0	4896.0	5291.0	5683.0	6105.0	6516.0	6979.0	7434.0	7881.0	8320.0	8793.0	9236.0	9707.0	10135.0	10562.0	11004.0	11447.0	11920.0	12388.0	12836.0	13291.0	13794.0	14237.0	14709.0	15183.0	15674.0	16178.0	16636.0	17109.0	17593.0	18115.0	18594.0	19081.0	19505.0	20030.0	20519.0	21049.0	21521.0	21964.0	22445.0	22937.0	23427.0	23882.0	24322.0	24810.0	25288.0	25762.0	26190.0	26677.0	27144.0	27584.0	28032.0	28465.0	28936.0	29360.0	29793.0	30268.0	30726.0	31162.0	31591.0	32058.0	32451.0	32871.0
