5.0,5.0,5.0,4.0,2.0,2.0,1.0,3.0,3.0,3.0,3.0,4.0,5.0,6.0,5.0,6.0,9.0,9.0,8.0,7.0,6.0,7.0,6.0,6.0,8.0,11.0,14.0,17.0,25.0,28.0,33.0,42.0,42.0,45.0,50.0,51.0,58.0,61.0,67.0,78.0,79.0,81.0,95.0,106.0,117.0,142.0,158.0,177.0,198.0,231.0,261.0,280.0,265.0,249.0,237.0,215.0,182.0,166.0,149.0,136.0,117.0,106.0,86.0,76.0,61.0,52.0,46.0,46.0,39.0,34.0,29.0,31.0,27.0,22.0,24.0,20.0,14.0,16.0,14.0,10.0,12.0,9.0,8.0,9.0,11.0,10.0
5.0,5.0,6.0,7.0,8.0,7.0,7.0,8.0,7.0,7.0,8.0,8.0,5.0,7.0,12.0,10.0,13.0,16.0,14.0,19.0,19.0,21.0,18.0,21.0,23.0,31.0,41.0,44.0,60.0,66.0,69.0,82.0,96.0,109.0,117.0,122.0,145.0,167.0,193.0,228.0,259.0,304.0,338.0,388.0,413.0,465.0,514.0,563.0,615.0,709.0,820.0,941.0,918.0,827.0,746.0,636.0,555.0,505.0,437.0,410.0,390.0,348.0,299.0,275.0,254.0,251.0,226.0,194.0,176.0,147.0,128.0,118.0,105.0,87.0,82.0,76.0,66.0,52.0,47.0,39.0,37.0,32.0,29.0,28.0,24.0,18.0
5.0,6.0,6.0,6.0,6.0,4.0,6.0,7.0,8.0,11.0,11.0,12.0,14.0,13.0,14.0,16.0,17.0,20.0,23.0,29.0,32.0,33.0,40.0,48.0,58.0,67.0,71.0,84.0,89.0,99.0,117.0,127.0,132.0,139.0,161.0,184.0,205.0,221.0,248.0,286.0,316.0,359.0,392.0,449.0,502.0,575.0,646.0,731.0,846.0,914.0,992.0,1114.0,1054.0,969.0,854.0,752.0,633.0,550.0,488.0,455.0,410.0,378.0,344.0,324.0,291.0,255.0,218.0,197.0,168.0,159.0,141.0,121.0,102.0,91.0,81.0,60.0,54.0,40.0,38.0,43.0,35.0,32.0,30.0,28.0,24.0,18.0
5.0,5.0,5.0,7.0,9.0,9.0,11.0,14.0,16.0,18.0,16.0,19.0,24.0,30.0,36.0,45.0,50.0,56.0,66.0,68.0,81.0,97.0,109.0,121.0,130.0,156.0,178.0,199.0,242.0,266.0,301.0,343.0,389.0,433.0,466.0,510.0,546.0,631.0,707.0,784.0,873.0,976.0,1097.0,1258.0,1386.0,1557.0,1731.0,1900.0,2150.0,2416.0,2715.0,3005.0,2862.0,2607.0,2271.0,2042.0,1841.0,1594.0,1425.0,1265.0,1154.0,1031.0,917.0,811.0,732.0,650.0,565.0,482.0,423.0,377.0,354.0,313.0,268.0,225.0,198.0,174.0,146.0,127.0,120.0,104.0,86.0,73.0,66.0,60.0,50.0,50.0
5.0,5.0,7.0,5.0,6.0,5.0,7.0,6.0,6.0,8.0,6.0,4.0,7.0,6.0,8.0,6.0,6.0,6.0,7.0,10.0,9.0,10.0,14.0,19.0,24.0,25.0,24.0,29.0,35.0,38.0,47.0,49.0,63.0,71.0,78.0,85.0,93.0,103.0,119.0,142.0,155.0,182.0,198.0,234.0,258.0,286.0,299.0,338.0,374.0,418.0,512.0,565.0,503.0,477.0,422.0,361.0,312.0,264.0,243.0,220.0,205.0,177.0,149.0,128.0,102.0,93.0,90.0,83.0,79.0,67.0,57.0,53.0,49.0,42.0,42.0,33.0,30.0,30.0,30.0,25.0,24.0,23.0,18.0,11.0,9.0,6.0
5.0,5.0,5.0,6.0,8.0,11.0,11.0,11.0,11.0,9.0,14.0,13.0,11.0,12.0,15.0,15.0,14.0,13.0,14.0,17.0,19.0,19.0,19.0,21.0,21.0,26.0,25.0,28.0,27.0,34.0,41.0,51.0,58.0,64.0,64.0,72.0,89.0,98.0,110.0,124.0,137.0,141.0,157.0,176.0,203.0,213.0,228.0,264.0,290.0,318.0,356.0,394.0,369.0,348.0,304.0,265.0,245.0,210.0,189.0,174.0,160.0,143.0,128.0,104.0,100.0,92.0,76.0,73.0,62.0,51.0,45.0,41.0,42.0,37.0,36.0,30.0,27.0,22.0,21.0,21.0,24.0,22.0,20.0,16.0,16.0,15.0
5.0,5.0,5.0,4.0,3.0,3.0,2.0,2.0,2.0,2.0,2.0,2.0,2.0,2.0,2.0,3.0,3.0,2.0,3.0,5.0,6.0,5.0,7.0,7.0,7.0,9.0,12.0,10.0,11.0,10.0,10.0,7.0,11.0,9.0,10.0,14.0,15.0,16.0,21.0,23.0,30.0,34.0,36.0,44.0,45.0,46.0,54.0,53.0,66.0,73.0,78.0,78.0,70.0,68.0,66.0,54.0,46.0,41.0,37.0,35.0,34.0,30.0,23.0,21.0,22.0,18.0,19.0,15.0,14.0,17.0,18.0,17.0,9.0,8.0,6.0,4.0,2.0,1.0,1.0,1.0,0.0,0.0,0.0,0.0,0.0,0.0
5.0,6.0,6.0,6.0,5.0,7.0,4.0,8.0,9.0,8.0,10.0,11.0,11.0,19.0,23.0,24.0,29.0,37.0,34.0,35.0,41.0,46.0,52.0,56.0,71.0,80.0,96.0,107.0,129.0,141.0,165.0,190.0,213.0,233.0,273.0,316.0,348.0,392.0,463.0,526.0,607.0,710.0,808.0,895.0,1019.0,1108.0,1253.0,1410.0,1543.0,1778.0,2027.0,2230.0,2030.0,1855.0,1636.0,1438.0,1288.0,1113.0,990.0,878.0,806.0,716.0,636.0,594.0,535.0,481.0,431.0,376.0,330.0,270.0,239.0,204.0,182.0,152.0,141.0,132.0,124.0,108.0,102.0,91.0,76.0,59.0,50.0,46.0,43.0,41.0
5.0,5.0,6.0,6.0,5.0,5.0,6.0,9.0,9.0,7.0,7.0,7.0,6.0,6.0,8.0,7.0,7.0,7.0,8.0,10.0,12.0,16.0,17.0,20.0,25.0,32.0,37.0,46.0,56.0,66.0,67.0,77.0,81.0,86.0,91.0,105.0,115.0,136.0,143.0,158.0,165.0,167.0,199.0,214.0,235.0,253.0,275.0,299.0,349.0,406.0,456.0,525.0,477.0,422.0,394.0,345.0,299.0,270.0,234.0,214.0,191.0,166.0,137.0,118.0,103.0,90.0,78.0,77.0,77.0,69.0,64.0,55.0,49.0,36.0,28.0,24.0,25.0,22.0,20.0,21.0,20.0,17.0,17.0,16.0,16.0,13.0
5.0,6.0,6.0,7.0,8.0,6.0,4.0,4.0,6.0,5.0,4.0,5.0,5.0,6.0,8.0,7.0,9.0,11.0,12.0,13.0,15.0,17.0,20.0,29.0,36.0,44.0,49.0,53.0,58.0,69.0,73.0,77.0,96.0,111.0,115.0,113.0,123.0,150.0,176.0,208.0,235.0,273.0,286.0,312.0,347.0,399.0,435.0,476.0,498.0,553.0,635.0,740.0,681.0,626.0,539.0,453.0,386.0,350.0,288.0,267.0,245.0,210.0,186.0,157.0,135.0,127.0,117.0,113.0,100.0,86.0,80.0,73.0,69.0,54.0,44.0,46.0,36.0,31.0,25.0,23.0,19.0,16.0,14.0,11.0,9.0,9.0
5.0,7.0,8.0,7.0,9.0,6.0,5.0,5.0,9.0,9.0,15.0,13.0,16.0,19.0,18.0,23.0,24.0,27.0,32.0,33.0,46.0,58.0,69.0,71.0,91.0,100.0,119.0,130.0,148.0,173.0,205.0,241.0,271.0,278.0,316.0,335.0,381.0,436.0,484.0,533.0,599.0,685.0,766.0,844.0,948.0,1075.0,1180.0,1333.0,1465.0,1620.0,1813.0,2064.0,1932.0,1782.0,1631.0,1471.0,1293.0,1119.0,975.0,879.0,776.0,682.0,613.0,538.0,499.0,429.0,361.0,322.0,282.0,244.0,226.0,198.0,174.0,149.0,122.0,109.0,97.0,92.0,90.0,82.0,72.0,68.0,60.0,46.0,37.0,31.0
5.0,6.0,7.0,7.0,7.0,6.0,6.0,6.0,7.0,8.0,7.0,8.0,8.0,8.0,10.0,12.0,13.0,11.0,13.0,16.0,15.0,20.0,21.0,22.0,23.0,28.0,28.0,39.0,40.0,48.0,55.0,64.0,57.0,64.0,70.0,79.0,86.0,97.0,107.0,117.0,141.0,165.0,190.0,203.0,232.0,236.0,274.0,295.0,330.0,351.0,413.0,470.0,446.0,427.0,393.0,347.0,312.0,278.0,243.0,217.0,209.0,187.0,185.0,162.0,143.0,123.0,91.0,81.0,61.0,60.0,54.0,47.0,45.0,35.0,30.0,29.0,26.0,25.0,27.0,28.0,29.0,21.0,17.0,11.0,11.0,7.0
5.0,6.0,6.0,5.0,5.0,5.0,3.0,2.0,1.0,1.0,1.0,1.0,0.0,0.0,0.0,0.0,0.0,0.0,0.0,0.0,0.0,0.0,0.0,0.0,0.0,0.0,0.0,0.0,0.0,0.0,0.0,0.0,0.0,0.0,0.0,0.0,0.0,0.0,0.0,0.0,0.0,0.0,0.0,0.0,0.0,0.0,0.0,0.0,0.0,0.0,0.0,0.0,0.0,0.0,0.0,0.0,0.0,0.0,0.0,0.0,0.0,0.0,0.0,0.0,0.0,0.0,0.0,0.0,0.0,0.0,0.0,0.0,0.0,0.0,0.0,0.0,0.0,0.0,0.0,0.0,0.0,0.0,0.0,0.0,0.0,0.0
5.0,5.0,5.0,3.0,2.0,1.0,1.0,0.0,0.0,0.0,0.0,0.0,0.0,0.0,0.0,0.0,0.0,0.0,0.0,0.0,0.0,0.0,0.0,0.0,0.0,0.0,0.0,0.0,0.0,0.0,0.0,0.0,0.0,0.0,0.0,0.0,0.0,0.0,0.0,0.0,0.0,0.0,0.0,0.0,0.0,0.0,0.0,0.0,0.0,0.0,0.0,0.0,0.0,0.0,0.0,0.0,0.0,0.0,0.0,0.0,0.0,0.0,0.0,0.0,0.0,0.0,0.0,0.0,0.0,0.0,0.0,0.0,0.0,0.0,0.0,0.0,0.0,0.0,0.0,0.0,0.0,0.0,0.0,0.0,0.0,0.0
5.0,5.0,6.0,6.0,8.0,12.0,11.0,10.0,11.0,11.0,12.0,17.0,24.0,24.0,27.0,28.0,30.0,29.0,37.0,40.0,53.0,58.0,71.0,81.0,88.0,99.0,107.0,123.0,139.0,152.0,164.0,171.0,186.0,200.0,223.0,264.0,293.0,329.0,403.0,464.0,515.0,570.0,678.0,735.0,842.0,964.0,1069.0,1197.0,1310.0,1514.0,1757.0,1992.0,1902.0,1715.0,1494.0,1320.0,1119.0,999.0,895.0,798.0,710.0,628.0,557.0,489.0,437.0,376.0,334.0,286.0,254.0,231.0,197.0,167.0,146.0,134.0,123.0,116.0,107.0,96.0,89.0,76.0,72.0,56.0,60.0,61.0,49.0,43.0
5.0,9.0,9.0,10.0,12.0,11.0,12.0,11.0,13.0,14.0,18.0,19.0,21.0,22.0,26.0,27.0,26.0,35.0,31.0,41.0,51.0,65.0,71.0,78.0,84.0,93.0,94.0,99.0,106.0,125.0,131.0,153.0,168.0,189.0,215.0,246.0,271.0,278.0,297.0,327.0,359.0,414.0,502.0,568.0,667.0,791.0,889.0,988.0,1106.0,1210.0,1355.0,1551.0,1468.0,1347.0,1191.0,1034.0,929.0,798.0,710.0,638.0,588.0,513.0,462.0,412.0,355.0,312.0,285.0,256.0,216.0,198.0,177.0,157.0,138.0,125.0,107.0,86.0,70.0,60.0,54.0,50.0,44.0,39.0,30.0,23.0,18.0,16.0
5.0,5.0,5.0,6.0,5.0,7.0,8.0,8.0,11.0,12.0,16.0,16.0,19.0,21.0,23.0,20.0,18.0,24.0,28.0,30.0,37.0,46.0,56.0,64.0,72.0,80.0,90.0,98.0,109.0,121.0,152.0,177.0,192.0,201.0,216.0,245.0,288.0,308.0,328.0,371.0,382.0,443.0,502.0,568.0,656.0,705.0,783.0,891.0,990.0,1114.0,1260.0,1409.0,1328.0,1213.0,1104.0,987.0,860.0,754.0,701.0,606.0,527.0,475.0,434.0,391.0,356.0,304.0,265.0,237.0,218.0,190.0,173.0,157.0,139.0,128.0,112.0,87.0,75.0,60.0,57.0,48.0,50.0,47.0,43.0,28.0,26.0,28.0
5.0,6.0,7.0,14.0,14.0,17.0,18.0,16.0,18.0,21.0,25.0,23.0,29.0,32.0,32.0,33.0,36.0,30.0,34.0,34.0,39.0,52.0,55.0,66.0,80.0,84.0,99.0,105.0,108.0,119.0,146.0,166.0,184.0,215.0,250.0,270.0,289.0,305.0,346.0,379.0,454.0,506.0,567.0,615.0,680.0,793.0,916.0,1033.0,1189.0,1318.0,1490.0,1710.0,1630.0,1513.0,1352.0,1197.0,1046.0,920.0,840.0,745.0,665.0,595.0,549.0,473.0,422.0,368.0,343.0,327.0,290.0,246.0,216.0,178.0,155.0,141.0,119.0,101.0,90.0,84.0,74.0,60.0,58.0,53.0,48.0,48.0,43.0,31.0
5.0,5.0,5.0,6.0,4.0,4.0,4.0,5.0,4.0,5.0,4.0,3.0,6.0,9.0,11.0,11.0,11.0,9.0,11.0,16.0,22.0,28.0,31.0,35.0,37.0,44.0,46.0,56.0,64.0,69.0,79.0,82.0,93.0,106.0,125.0,138.0,147.0,168.0,180.0,199.0,238.0,271.0,303.0,334.0,394.0,445.0,494.0,563.0,614.0,708.0,813.0,907.0,855.0,787.0,702.0,618.0,558.0,489.0,423.0,376.0,343.0,314.0,302.0,264.0,233.0,208.0,196.0,183.0,160.0,143.0,120.0,103.0,94.0,78.0,65.0,66.0,64.0,60.0,55.0,53.0,49.0,45.0,42.0,32.0,28.0,21.0
5.0,6.0,7.0,7.0,6.0,6.0,6.0,8.0,10.0,10.0,9.0,7.0,5.0,6.0,7.0,6.0,6.0,4.0,6.0,6.0,9.0,11.0,12.0,10.0,14.0,18.0,21.0,23.0,29.0,36.0,38.0,44.0,49.0,53.0,65.0,80.0,89.0,93.0,101.0,106.0,110.0,128.0,139.0,145.0,164.0,179.0,207.0,239.0,269.0,317.0,354.0,412.0,393.0,361.0,323.0,276.0,236.0,210.0,180.0,163.0,135.0,113.0,102.0,92.0,85.0,78.0,68.0,61.0,61.0,53.0,52.0,48.0,45.0,41.0,36.0,33.0,30.0,23.0,22.0,21.0,20.0,18.0,20.0,17.0,12.0,12.0
5.0,7.0,9.0,11.0,13.0,16.0,18.0,19.0,18.0,18.0,20.0,21.0,25.0,28.0,35.0,37.0,39.0,43.0,51.0,64.0,66.0,87.0,99.0,119.0,128.0,156.0,170.0,197.0,227.0,257.0,279.0,335.0,391.0,439.0,473.0,524.0,582.0,646.0,733.0,832.0,907.0,1030.0,1139.0,1241.0,1379.0,1577.0,1744.0,1927.0,2123.0,2366.0,2667.0,3032.0,2849.0,2565.0,2298.0,2040.0,1799.0,1551.0,1395.0,1244.0,1101.0,971.0,861.0,762.0,714.0,626.0,568.0,514.0,455.0,412.0,371.0,352.0,316.0,272.0,237.0,216.0,187.0,160.0,145.0,125.0,104.0,107.0,95.0,77.0,67.0,50.0
5.0,6.0,6.0,6.0,5.0,3.0,3.0,2.0,1.0,1.0,2.0,4.0,4.0,5.0,4.0,5.0,7.0,9.0,9.0,9.0,11.0,15.0,17.0,27.0,27.0,29.0,32.0,30.0,36.0,36.0,42.0,41.0,45.0,58.0,65.0,73.0,72.0,72.0,83.0,102.0,121.0,133.0,145.0,150.0,155.0,179.0,203.0,211.0,248.0,272.0,322.0,365.0,329.0,307.0,268.0,240.0,211.0,185.0,165.0,159.0,132.0,118.0,109.0,104.0,98.0,82.0,77.0,71.0,54.0,48.0,43.0,43.0,43.0,39.0,30.0,24.0,18.0,18.0,15.0,10.0,11.0,12.0,12.0,10.0,12.0,12.0
5.0,7.0,9.0,11.0,15.0,15.0,14.0,16.0,17.0,20.0,22.0,21.0,22.0,28.0,32.0,36.0,40.0,50.0,56.0,55.0,58.0,62.0,70.0,76.0,88.0,101.0,118.0,135.0,163.0,177.0,195.0,213.0,216.0,240.0,266.0,299.0,356.0,403.0,477.0,519.0,581.0,681.0,772.0,872.0,981.0,1066.0,1216.0,1363.0,1510.0,1728.0,1935.0,2155.0,2038.0,1847.0,1634.0,1437.0,1292.0,1134.0,1029.0,926.0,840.0,747.0,636.0,555.0,484.0,455.0,409.0,378.0,335.0,319.0,285.0,276.0,251.0,224.0,194.0,154.0,134.0,115.0,96.0,102.0,89.0,82.0,68.0,59.0,53.0,51.0
5.0,6.0,6.0,5.0,6.0,5.0,4.0,3.0,4.0,9.0,12.0,12.0,9.0,10.0,13.0,19.0,20.0,27.0,28.0,36.0,41.0,41.0,48.0,56.0,64.0,71.0,79.0,90.0,102.0,116.0,133.0,138.0,162.0,174.0,202.0,227.0,259.0,281.0,322.0,363.0,414.0,446.0,493.0,574.0,640.0,733.0,820.0,939.0,1042.0,1174.0,1337.0,1547.0,1456.0,1322.0,1146.0,991.0,888.0,780.0,723.0,619.0,563.0,514.0,444.0,393.0,357.0,319.0,281.0,244.0,210.0,184.0,148.0,128.0,113.0,108.0,87.0,77.0,66.0,55.0,42.0,41.0,34.0,30.0,26.0,27.0,29.0,24.0
5.0,5.0,6.0,7.0,8.0,10.0,10.0,11.0,13.0,11.0,13.0,11.0,14.0,15.0,13.0,16.0,19.0,28.0,29.0,29.0,32.0,41.0,47.0,52.0,59.0,67.0,75.0,86.0,99.0,117.0,133.0,156.0,164.0,194.0,218.0,248.0,268.0,315.0,342.0,356.0,390.0,463.0,541.0,603.0,689.0,772.0,878.0,1003.0,1129.0,1280.0,1403.0,1549.0,1462.0,1281.0,1143.0,1014.0,881.0,771.0,707.0,627.0,569.0,518.0,464.0,416.0,364.0,333.0,300.0,262.0,216.0,191.0,186.0,172.0,155.0,140.0,123.0,109.0,95.0,91.0,79.0,72.0,66.0,58.0,48.0,36.0,38.0,40.0
5.0,6.0,5.0,6.0,7.0,7.0,8.0,6.0,7.0,10.0,14.0,11.0,13.0,15.0,17.0,17.0,21.0,21.0,22.0,21.0,22.0,22.0,26.0,23.0,27.0,26.0,31.0,38.0,48.0,49.0,56.0,67.0,73.0,87.0,105.0,115.0,128.0,136.0,143.0,161.0,187.0,223.0,226.0,260.0,296.0,357.0,395.0,449.0,520.0,574.0,660.0,722.0,687.0,654.0,597.0,537.0,482.0,431.0,391.0,354.0,325.0,292.0,268.0,241.0,205.0,180.0,154.0,146.0,122.0,104.0,94.0,91.0,77.0,67.0,50.0,44.0,43.0,37.0,35.0,34.0,31.0,22.0,17.0,16.0,15.0,11.0
5.0,5.0,6.0,8.0,7.0,10.0,13.0,16.0,15.0,15.0,14.0,15.0,15.0,16.0,20.0,18.0,22.0,25.0,36.0,47.0,47.0,50.0,62.0,68.0,81.0,103.0,108.0,105.0,117.0,131.0,143.0,168.0,213.0,247.0,291.0,339.0,375.0,433.0,485.0,531.0,600.0,642.0,731.0,835.0,924.0,1030.0,1150.0,1295.0,1465.0,1666.0,1897.0,2109.0,1987.0,1829.0,1600.0,1434.0,1226.0,1052.0,948.0,855.0,770.0,696.0,626.0,549.0,508.0,460.0,398.0,358.0,312.0,274.0,257.0,229.0,207.0,187.0,166.0,138.0,122.0,112.0,98.0,80.0,74.0,71.0,60.0,56.0,48.0,47.0
5.0,5.0,5.0,4.0,5.0,5.0,4.0,5.0,6.0,6.0,7.0,10.0,14.0,14.0,22.0,29.0,33.0,32.0,37.0,50.0,51.0,55.0,57.0,72.0,81.0,89.0,91.0,105.0,120.0,148.0,172.0,197.0,208.0,212.0,245.0,277.0,333.0,365.0,394.0,452.0,538.0,587.0,658.0,734.0,816.0,923.0,1042.0,1205.0,1337.0,1525.0,1705.0,1961.0,1829.0,1656.0,1503.0,1301.0,1169.0,1024.0,960.0,854.0,780.0,693.0,601.0,532.0,480.0,440.0,377.0,336.0,289.0,259.0,239.0,209.0,184.0,169.0,130.0,109.0,101.0,84.0,79.0,65.0,65.0,62.0,64.0,58.0,46.0,43.0
5.0,5.0,5.0,4.0,2.0,1.0,1.0,2.0,3.0,3.0,3.0,3.0,3.0,2.0,5.0,6.0,8.0,16.0,21.0,25.0,32.0,39.0,36.0,45.0,57.0,63.0,67.0,65.0,71.0,71.0,81.0,102.0,118.0,134.0,158.0,180.0,187.0,200.0,224.0,277.0,303.0,327.0,369.0,418.0,515.0,601.0,682.0,755.0,814.0,908.0,1031.0,1164.0,1109.0,1053.0,937.0,825.0,729.0,646.0,565.0,496.0,434.0,387.0,346.0,315.0,266.0,241.0,214.0,190.0,165.0,138.0,119.0,112.0,99.0,77.0,69.0,58.0,45.0,46.0,44.0,36.0,39.0,33.0,28.0,24.0,22.0,21.0
5.0,5.0,5.0,5.0,4.0,5.0,4.0,6.0,6.0,7.0,8.0,9.0,13.0,12.0,12.0,17.0,21.0,24.0,28.0,34.0,42.0,46.0,53.0,58.0,66.0,62.0,69.0,76.0,92.0,101.0,112.0,123.0,139.0,164.0,178.0,193.0,225.0,257.0,305.0,363.0,437.0,514.0,591.0,693.0,780.0,866.0,920.0,1025.0,1123.0,1269.0,1420.0,1556.0,1484.0,1412.0,1255.0,1117.0,957.0,862.0,764.0,688.0,616.0,546.0,507.0,470.0,418.0,363.0,315.0,273.0,251.0,227.0,200.0,183.0,156.0,142.0,133.0,104.0,92.0,81.0,72.0,64.0,56.0,52.0,44.0,36.0,36.0,30.0
5.0,5.0,7.0,9.0,14.0,13.0,14.0,15.0,19.0,17.0,23.0,25.0,31.0,33.0,34.0,34.0,44.0,52.0,53.0,69.0,75.0,90.0,105.0,114.0,144.0,162.0,191.0,204.0,220.0,255.0,272.0,312.0,361.0,404.0,465.0,539.0,620.0,715.0,791.0,890.0,995.0,1133.0,1271.0,1384.0,1534.0,1719.0,1943.0,2154.0,2371.0,2669.0,2976.0,3373.0,3154.0,2942.0,2576.0,2278.0,1987.0,1714.0,1534.0,1336.0,1208.0,1061.0,945.0,865.0,773.0,690.0,625.0,554.0,488.0,412.0,362.0,307.0,259.0,228.0,211.0,175.0,156.0,140.0,116.0,100.0,88.0,79.0,72.0,76.0,66.0,57.0
5.0,5.0,5.0,3.0,4.0,3.0,3.0,4.0,7.0,7.0,6.0,7.0,7.0,7.0,9.0,11.0,12.0,16.0,17.0,17.0,18.0,24.0,24.0,23.0,28.0,38.0,44.0,44.0,49.0,50.0,62.0,71.0,83.0,97.0,108.0,103.0,121.0,122.0,145.0,166.0,185.0,212.0,240.0,272.0,334.0,368.0,418.0,479.0,549.0,624.0,670.0,748.0,713.0,662.0,578.0,494.0,438.0,387.0,346.0,319.0,297.0,274.0,246.0,217.0,199.0,175.0,148.0,126.0,109.0,100.0,89.0,76.0,70.0,68.0,59.0,57.0,54.0,47.0,44.0,30.0,25.0,22.0,19.0,16.0,15.0,15.0
5.0,5.0,6.0,5.0,4.0,3.0,4.0,3.0,3.0,2.0,2.0,2.0,4.0,6.0,10.0,9.0,8.0,8.0,6.0,7.0,9.0,9.0,12.0,15.0,17.0,12.0,13.0,13.0,16.0,18.0,22.0,23.0,23.0,32.0,37.0,43.0,50.0,54.0,56.0,71.0,79.0,94.0,108.0,116.0,127.0,144.0,146.0,158.0,196.0,201.0,235.0,256.0,243.0,221.0,190.0,170.0,139.0,118.0,105.0,90.0,92.0,83.0,74.0,69.0,63.0,49.0,38.0,39.0,35.0,29.0,20.0,12.0,10.0,9.0,11.0,11.0,8.0,8.0,4.0,3.0,2.0,3.0,3.0,4.0,3.0,2.0
5.0,6.0,7.0,7.0,7.0,8.0,6.0,8.0,9.0,12.0,13.0,13.0,13.0,14.0,20.0,27.0,30.0,35.0,37.0,34.0,36.0,44.0,48.0,52.0,57.0,65.0,72.0,78.0,81.0,98.0,122.0,139.0,157.0,169.0,190.0,226.0,259.0,299.0,336.0,399.0,424.0,452.0,479.0,534.0,604.0,650.0,731.0,802.0,929.0,1058.0,1214.0,1362.0,1300.0,1205.0,1074.0,949.0,831.0,736.0,650.0,614.0,533.0,460.0,417.0,377.0,349.0,313.0,278.0,240.0,208.0,180.0,174.0,147.0,118.0,97.0,86.0,73.0,65.0,62.0,59.0,55.0,52.0,50.0,42.0,35.0,28.0,27.0
5.0,6.0,6.0,6.0,5.0,5.0,9.0,8.0,8.0,6.0,6.0,5.0,6.0,4.0,6.0,7.0,7.0,10.0,10.0,11.0,15.0,20.0,28.0,33.0,43.0,49.0,48.0,58.0,59.0,73.0,74.0,76.0,97.0,109.0,129.0,158.0,193.0,229.0,247.0,272.0,303.0,330.0,349.0,383.0,455.0,490.0,537.0,605.0,637.0,690.0,762.0,888.0,858.0,782.0,734.0,664.0,582.0,511.0,438.0,385.0,353.0,304.0,271.0,239.0,211.0,179.0,168.0,147.0,125.0,113.0,98.0,89.0,77.0,66.0,59.0,51.0,43.0,37.0,38.0,38.0,30.0,29.0,28.0,28.0,25.0,21.0
5.0,8.0,7.0,6.0,9.0,8.0,9.0,13.0,14.0,16.0,14.0,16.0,16.0,14.0,14.0,16.0,24.0,25.0,32.0,42.0,44.0,52.0,47.0,59.0,61.0,63.0,65.0,84.0,92.0,103.0,109.0,124.0,132.0,153.0,174.0,197.0,222.0,236.0,272.0,311.0,382.0,446.0,509.0,560.0,618.0,695.0,758.0,834.0,951.0,1072.0,1218.0,1345.0,1251.0,1172.0,1025.0,859.0,755.0,667.0,626.0,555.0,499.0,443.0,385.0,335.0,302.0,264.0,238.0,223.0,203.0,187.0,162.0,141.0,123.0,111.0,107.0,94.0,88.0,82.0,72.0,61.0,53.0,47.0,42.0,40.0,36.0,31.0
5.0,6.0,6.0,8.0,7.0,7.0,11.0,14.0,16.0,17.0,17.0,18.0,18.0,17.0,18.0,19.0,20.0,27.0,33.0,38.0,43.0,45.0,50.0,57.0,58.0,60.0,66.0,75.0,84.0,87.0,101.0,125.0,137.0,148.0,171.0,206.0,237.0,302.0,328.0,367.0,419.0,462.0,536.0,612.0,686.0,753.0,845.0,955.0,1019.0,1198.0,1350.0,1492.0,1415.0,1305.0,1168.0,1050.0,928.0,824.0,752.0,677.0,619.0,570.0,518.0,474.0,407.0,369.0,333.0,287.0,260.0,225.0,203.0,184.0,165.0,150.0,134.0,128.0,112.0,98.0,83.0,82.0,76.0,63.0,54.0,51.0,42.0,40.0
5.0,5.0,6.0,6.0,7.0,8.0,7.0,6.0,7.0,8.0,7.0,8.0,10.0,14.0,14.0,15.0,13.0,14.0,15.0,15.0,12.0,13.0,16.0,19.0,22.0,30.0,28.0,31.0,35.0,35.0,38.0,38.0,44.0,41.0,50.0,57.0,74.0,83.0,91.0,97.0,111.0,131.0,147.0,169.0,202.0,221.0,262.0,299.0,344.0,389.0,433.0,491.0,477.0,439.0,403.0,348.0,306.0,267.0,249.0,243.0,211.0,184.0,158.0,140.0,121.0,117.0,100.0,92.0,77.0,72.0,65.0,58.0,56.0,49.0,42.0,44.0,35.0,28.0,23.0,20.0,16.0,16.0,13.0,12.0,9.0,10.0
5.0,6.0,8.0,11.0,11.0,13.0,13.0,14.0,12.0,13.0,17.0,18.0,23.0,26.0,34.0,40.0,47.0,57.0,68.0,74.0,84.0,91.0,98.0,112.0,124.0,137.0,162.0,180.0,201.0,227.0,257.0,294.0,348.0,382.0,436.0,490.0,553.0,618.0,681.0,786.0,877.0,990.0,1091.0,1243.0,1357.0,1521.0,1692.0,1967.0,2196.0,2407.0,2732.0,3088.0,2947.0,2723.0,2396.0,2117.0,1849.0,1612.0,1463.0,1303.0,1157.0,1027.0,917.0,788.0,699.0,616.0,553.0,501.0,469.0,414.0,347.0,292.0,259.0,230.0,200.0,179.0,152.0,142.0,126.0,115.0,95.0,81.0,79.0,71.0,53.0,51.0
5.0,6.0,7.0,8.0,9.0,10.0,8.0,8.0,9.0,9.0,11.0,16.0,24.0,32.0,34.0,39.0,48.0,54.0,64.0,87.0,103.0,103.0,133.0,136.0,162.0,172.0,208.0,225.0,255.0,276.0,312.0,360.0,396.0,445.0,514.0,603.0,695.0,802.0,902.0,986.0,1128.0,1259.0,1408.0,1546.0,1750.0,1984.0,2222.0,2464.0,2770.0,3138.0,3548.0,3997.0,3776.0,3443.0,3047.0,2665.0,2340.0,2111.0,1861.0,1667.0,1486.0,1348.0,1197.0,1073.0,930.0,855.0,757.0,655.0,578.0,511.0,450.0,392.0,358.0,314.0,287.0,255.0,225.0,203.0,183.0,170.0,143.0,128.0,111.0,98.0,87.0,75.0
5.0,5.0,5.0,5.0,5.0,3.0,4.0,4.0,4.0,5.0,6.0,7.0,5.0,5.0,5.0,6.0,7.0,11.0,13.0,16.0,17.0,18.0,18.0,19.0,21.0,21.0,17.0,20.0,17.0,23.0,26.0,34.0,33.0,39.0,42.0,50.0,54.0,54.0,51.0,52.0,67.0,74.0,88.0,105.0,118.0,131.0,147.0,171.0,201.0,233.0,248.0,274.0,251.0,239.0,217.0,199.0,183.0,149.0,138.0,127.0,108.0,87.0,75.0,72.0,65.0,58.0,50.0,53.0,43.0,33.0,31.0,29.0,27.0,21.0,16.0,13.0,14.0,15.0,20.0,18.0,15.0,12.0,12.0,9.0,7.0,3.0
5.0,6.0,7.0,6.0,6.0,7.0,9.0,13.0,14.0,11.0,12.0,11.0,11.0,15.0,16.0,16.0,18.0,26.0,32.0,37.0,47.0,57.0,68.0,78.0,77.0,86.0,91.0,98.0,105.0,115.0,126.0,149.0,169.0,188.0,216.0,240.0,275.0,321.0,345.0,392.0,426.0,464.0,546.0,590.0,651.0,756.0,856.0,986.0,1106.0,1262.0,1435.0,1584.0,1496.0,1353.0,1207.0,1071.0,947.0,849.0,758.0,678.0,608.0,534.0,475.0,435.0,385.0,333.0,295.0,269.0,232.0,212.0,204.0,181.0,161.0,142.0,125.0,114.0,104.0,99.0,94.0,87.0,84.0,67.0,64.0,53.0,46.0,42.0
5.0,6.0,7.0,9.0,10.0,13.0,12.0,13.0,17.0,20.0,22.0,22.0,25.0,29.0,31.0,39.0,43.0,46.0,58.0,61.0,70.0,85.0,88.0,98.0,109.0,120.0,142.0,158.0,178.0,193.0,207.0,232.0,250.0,286.0,321.0,341.0,378.0,419.0,469.0,532.0,570.0,653.0,700.0,825.0,918.0,1015.0,1153.0,1296.0,1480.0,1649.0,1848.0,2101.0,2004.0,1804.0,1611.0,1416.0,1246.0,1089.0,967.0,847.0,759.0,690.0,627.0,564.0,483.0,420.0,378.0,347.0,314.0,281.0,253.0,222.0,200.0,164.0,136.0,131.0,105.0,91.0,86.0,83.0,80.0,70.0,61.0,51.0,48.0,43.0
5.0,5.0,6.0,6.0,5.0,6.0,7.0,9.0,15.0,17.0,19.0,21.0,26.0,31.0,36.0,36.0,43.0,43.0,55.0,69.0,75.0,85.0,88.0,91.0,102.0,101.0,116.0,140.0,149.0,176.0,204.0,230.0,268.0,306.0,351.0,402.0,480.0,532.0,611.0,686.0,786.0,891.0,1010.0,1094.0,1245.0,1384.0,1579.0,1810.0,2006.0,2278.0,2585.0,2896.0,2707.0,2485.0,2203.0,1947.0,1714.0,1538.0,1346.0,1189.0,1085.0,982.0,861.0,758.0,696.0,618.0,567.0,496.0,440.0,390.0,344.0,299.0,256.0,209.0,185.0,171.0,161.0,132.0,122.0,106.0,86.0,88.0,84.0,73.0,67.0,59.0
5.0,6.0,7.0,8.0,9.0,10.0,10.0,11.0,10.0,11.0,11.0,10.0,12.0,13.0,14.0,15.0,13.0,12.0,16.0,16.0,18.0,18.0,20.0,23.0,24.0,26.0,31.0,39.0,48.0,58.0,64.0,74.0,82.0,96.0,107.0,119.0,127.0,139.0,149.0,167.0,201.0,245.0,286.0,328.0,395.0,445.0,490.0,550.0,636.0,716.0,785.0,894.0,857.0,784.0,717.0,645.0,590.0,511.0,451.0,381.0,339.0,296.0,255.0,241.0,202.0,184.0,159.0,131.0,114.0,99.0,93.0,78.0,67.0,57.0,49.0,41.0,35.0,26.0,21.0,21.0,19.0,20.0,17.0,16.0,10.0,11.0
5.0,7.0,8.0,6.0,7.0,7.0,9.0,8.0,10.0,14.0,13.0,15.0,14.0,18.0,18.0,23.0,26.0,31.0,34.0,45.0,50.0,60.0,75.0,81.0,92.0,114.0,125.0,139.0,174.0,214.0,248.0,273.0,301.0,326.0,365.0,399.0,454.0,507.0,584.0,659.0,743.0,841.0,939.0,1050.0,1153.0,1282.0,1406.0,1595.0,1835.0,2063.0,2337.0,2592.0,2435.0,2223.0,1952.0,1743.0,1522.0,1360.0,1229.0,1085.0,973.0,860.0,756.0,676.0,613.0,547.0,494.0,420.0,380.0,346.0,319.0,279.0,242.0,213.0,198.0,172.0,152.0,145.0,134.0,125.0,113.0,103.0,84.0,75.0,75.0,71.0
5.0,5.0,5.0,7.0,6.0,6.0,5.0,3.0,3.0,8.0,9.0,11.0,11.0,15.0,15.0,13.0,12.0,14.0,14.0,13.0,13.0,16.0,20.0,23.0,26.0,31.0,38.0,49.0,58.0,63.0,64.0,78.0,76.0,85.0,100.0,118.0,137.0,163.0,201.0,220.0,231.0,276.0,296.0,332.0,384.0,437.0,507.0,575.0,666.0,731.0,807.0,914.0,855.0,778.0,700.0,595.0,515.0,453.0,406.0,371.0,329.0,273.0,258.0,224.0,206.0,190.0,172.0,151.0,141.0,128.0,109.0,93.0,80.0,63.0,57.0,52.0,48.0,42.0,38.0,35.0,30.0,25.0,23.0,17.0,17.0,15.0
5.0,9.0,11.0,15.0,14.0,13.0,13.0,16.0,19.0,16.0,22.0,23.0,25.0,24.0,26.0,36.0,36.0,42.0,57.0,68.0,71.0,76.0,85.0,92.0,94.0,98.0,113.0,138.0,166.0,200.0,222.0,239.0,276.0,327.0,362.0,411.0,445.0,505.0,557.0,602.0,684.0,776.0,859.0,966.0,1108.0,1209.0,1351.0,1470.0,1637.0,1793.0,2007.0,2237.0,2098.0,1940.0,1753.0,1544.0,1334.0,1186.0,1081.0,944.0,859.0,771.0,699.0,620.0,569.0,506.0,484.0,433.0,376.0,347.0,303.0,275.0,243.0,221.0,206.0,181.0,157.0,148.0,131.0,118.0,111.0,110.0,88.0,78.0,79.0,66.0
5.0,7.0,9.0,9.0,10.0,8.0,5.0,7.0,9.0,11.0,16.0,20.0,23.0,32.0,30.0,32.0,35.0,35.0,36.0,42.0,42.0,53.0,56.0,57.0,63.0,79.0,85.0,97.0,111.0,129.0,147.0,166.0,193.0,219.0,254.0,288.0,323.0,373.0,430.0,459.0,520.0,563.0,625.0,696.0,789.0,875.0,1012.0,1122.0,1276.0,1425.0,1562.0,1749.0,1674.0,1509.0,1362.0,1222.0,1068.0,923.0,828.0,732.0,637.0,589.0,518.0,457.0,409.0,371.0,340.0,306.0,267.0,226.0,200.0,193.0,167.0,149.0,135.0,124.0,117.0,99.0,97.0,88.0,73.0,66.0,62.0,59.0,47.0,43.0
5.0,6.0,6.0,5.0,7.0,8.0,8.0,12.0,10.0,14.0,15.0,12.0,14.0,15.0,22.0,27.0,28.0,30.0,28.0,40.0,45.0,56.0,59.0,67.0,72.0,84.0,94.0,117.0,131.0,149.0,165.0,181.0,199.0,217.0,242.0,260.0,296.0,329.0,375.0,442.0,482.0,525.0,570.0,645.0,727.0,819.0,937.0,1039.0,1222.0,1330.0,1484.0,1608.0,1514.0,1407.0,1236.0,1081.0,950.0,814.0,715.0,654.0,591.0,538.0,486.0,432.0,364.0,323.0,276.0,222.0,186.0,156.0,131.0,118.0,104.0,99.0,82.0,65.0,59.0,56.0,52.0,43.0,42.0,43.0,39.0,33.0,32.0,24.0
5.0,5.0,5.0,7.0,8.0,13.0,13.0,16.0,20.0,24.0,26.0,28.0,39.0,47.0,56.0,60.0,72.0,87.0,107.0,123.0,132.0,148.0,163.0,179.0,200.0,234.0,259.0,299.0,335.0,347.0,377.0,436.0,499.0,555.0,620.0,699.0,798.0,901.0,1047.0,1167.0,1318.0,1496.0,1697.0,1893.0,2139.0,2406.0,2694.0,3059.0,3436.0,3813.0,4275.0,4819.0,4559.0,4100.0,3627.0,3186.0,2773.0,2441.0,2155.0,1959.0,1757.0,1606.0,1446.0,1315.0,1156.0,1013.0,906.0,793.0,684.0,619.0,553.0,472.0,436.0,419.0,352.0,292.0,267.0,230.0,208.0,181.0,151.0,148.0,139.0,129.0,111.0,101.0
5.0,7.0,9.0,9.0,8.0,9.0,11.0,12.0,17.0,18.0,20.0,24.0,28.0,35.0,44.0,50.0,56.0,65.0,73.0,78.0,88.0,99.0,123.0,133.0,158.0,183.0,206.0,238.0,280.0,310.0,351.0,396.0,455.0,518.0,593.0,695.0,788.0,886.0,1012.0,1112.0,1257.0,1394.0,1554.0,1734.0,1904.0,2151.0,2428.0,2763.0,3107.0,3502.0,3886.0,4338.0,4093.0,3769.0,3349.0,2913.0,2579.0,2292.0,2016.0,1764.0,1578.0,1403.0,1270.0,1167.0,1039.0,952.0,848.0,735.0,669.0,615.0,565.0,499.0,441.0,386.0,328.0,276.0,265.0,227.0,199.0,170.0,162.0,156.0,141.0,121.0,97.0,82.0
5.0,5.0,5.0,4.0,2.0,2.0,2.0,1.0,1.0,1.0,0.0,0.0,2.0,3.0,4.0,4.0,5.0,5.0,5.0,4.0,4.0,7.0,8.0,12.0,11.0,11.0,13.0,14.0,17.0,16.0,18.0,15.0,19.0,22.0,22.0,28.0,29.0,39.0,40.0,40.0,43.0,45.0,46.0,42.0,45.0,51.0,59.0,74.0,87.0,85.0,88.0,102.0,94.0,80.0,73.0,71.0,68.0,66.0,61.0,54.0,50.0,53.0,47.0,42.0,39.0,35.0,29.0,21.0,21.0,18.0,19.0,20.0,15.0,15.0,11.0,13.0,13.0,10.0,7.0,5.0,4.0,3.0,2.0,1.0,1.0,1.0
5.0,5.0,6.0,6.0,3.0,5.0,5.0,8.0,8.0,9.0,9.0,11.0,13.0,11.0,9.0,7.0,11.0,13.0,12.0,12.0,13.0,14.0,13.0,13.0,13.0,15.0,15.0,19.0,27.0,35.0,38.0,45.0,47.0,43.0,50.0,53.0,55.0,63.0,57.0,69.0,74.0,83.0,98.0,110.0,123.0,139.0,173.0,201.0,226.0,255.0,299.0,319.0,286.0,269.0,236.0,205.0,181.0,161.0,143.0,133.0,113.0,104.0,93.0,94.0,85.0,72.0,67.0,57.0,52.0,40.0,42.0,40.0,36.0,32.0,25.0,19.0,17.0,13.0,11.0,9.0,6.0,4.0,3.0,4.0,4.0,5.0
5.0,5.0,7.0,8.0,7.0,10.0,11.0,12.0,15.0,17.0,17.0,22.0,25.0,28.0,31.0,33.0,35.0,46.0,49.0,52.0,58.0,62.0,78.0,87.0,99.0,97.0,108.0,130.0,157.0,184.0,196.0,224.0,247.0,280.0,322.0,369.0,420.0,457.0,517.0,592.0,649.0,732.0,822.0,951.0,1078.0,1201.0,1366.0,1541.0,1712.0,1941.0,2214.0,2448.0,2339.0,2186.0,1958.0,1746.0,1532.0,1350.0,1204.0,1087.0,974.0,877.0,779.0,689.0,596.0,500.0,443.0,397.0,357.0,323.0,278.0,242.0,218.0,181.0,155.0,129.0,105.0,88.0,75.0,69.0,63.0,61.0,56.0,51.0,51.0,43.0
5.0,5.0,7.0,8.0,8.0,8.0,6.0,8.0,11.0,12.0,14.0,15.0,19.0,17.0,17.0,21.0,23.0,24.0,26.0,28.0,37.0,40.0,38.0,40.0,44.0,42.0,44.0,47.0,44.0,47.0,58.0,73.0,85.0,98.0,103.0,126.0,137.0,142.0,154.0,160.0,191.0,220.0,248.0,269.0,307.0,334.0,360.0,411.0,481.0,539.0,604.0,686.0,632.0,589.0,516.0,458.0,394.0,349.0,329.0,291.0,257.0,219.0,204.0,188.0,173.0,153.0,143.0,124.0,102.0,92.0,78.0,66.0,59.0,50.0,45.0,34.0,33.0,28.0,27.0,22.0,20.0,16.0,12.0,12.0,11.0,10.0
5.0,5.0,5.0,6.0,5.0,3.0,3.0,4.0,6.0,6.0,6.0,7.0,6.0,7.0,6.0,11.0,11.0,11.0,15.0,14.0,12.0,14.0,19.0,18.0,24.0,24.0,23.0,29.0,32.0,32.0,42.0,49.0,55.0,64.0,76.0,89.0,102.0,110.0,139.0,155.0,164.0,186.0,210.0,246.0,272.0,308.0,354.0,405.0,458.0,513.0,570.0,655.0,616.0,566.0,499.0,437.0,391.0,341.0,299.0,283.0,255.0,244.0,206.0,189.0,169.0,152.0,136.0,120.0,108.0,89.0,76.0,70.0,63.0,51.0,56.0,55.0,50.0,45.0,44.0,42.0,39.0,34.0,26.0,22.0,19.0,20.0
5.0,5.0,6.0,7.0,7.0,10.0,11.0,9.0,11.0,13.0,16.0,20.0,20.0,24.0,23.0,27.0,27.0,34.0,40.0,34.0,40.0,53.0,77.0,99.0,110.0,126.0,155.0,180.0,208.0,238.0,270.0,324.0,352.0,399.0,446.0,532.0,591.0,669.0,754.0,835.0,931.0,1045.0,1161.0,1286.0,1440.0,1587.0,1756.0,2006.0,2298.0,2543.0,2899.0,3228.0,3010.0,2751.0,2434.0,2129.0,1864.0,1631.0,1440.0,1275.0,1167.0,1050.0,932.0,838.0,760.0,675.0,606.0,527.0,453.0,398.0,367.0,312.0,273.0,236.0,217.0,196.0,178.0,159.0,141.0,108.0,86.0,83.0,84.0,69.0,58.0,50.0
5.0,5.0,4.0,5.0,5.0,5.0,6.0,5.0,6.0,6.0,7.0,8.0,9.0,14.0,15.0,14.0,14.0,14.0,17.0,22.0,22.0,29.0,32.0,28.0,33.0,36.0,37.0,42.0,47.0,56.0,78.0,93.0,98.0,117.0,142.0,167.0,179.0,195.0,190.0,226.0,256.0,302.0,340.0,377.0,426.0,473.0,532.0,590.0,645.0,724.0,830.0,917.0,862.0,775.0,685.0,611.0,545.0,476.0,432.0,402.0,363.0,315.0,281.0,237.0,216.0,184.0,161.0,148.0,140.0,127.0,112.0,101.0,95.0,84.0,71.0,63.0,57.0,52.0,45.0,37.0,34.0,34.0,33.0,26.0,27.0,24.0
5.0,5.0,6.0,3.0,5.0,4.0,5.0,6.0,6.0,6.0,9.0,10.0,13.0,14.0,12.0,13.0,19.0,22.0,29.0,35.0,36.0,43.0,45.0,55.0,57.0,63.0,67.0,79.0,88.0,94.0,108.0,123.0,127.0,153.0,172.0,191.0,209.0,246.0,271.0,297.0,330.0,375.0,444.0,502.0,557.0,602.0,697.0,792.0,886.0,1020.0,1157.0,1316.0,1255.0,1148.0,1008.0,871.0,776.0,704.0,651.0,574.0,505.0,448.0,402.0,357.0,303.0,290.0,270.0,243.0,213.0,186.0,174.0,151.0,132.0,114.0,101.0,89.0,76.0,73.0,63.0,52.0,45.0,32.0,31.0,30.0,29.0,27.0
5.0,7.0,8.0,6.0,6.0,7.0,5.0,7.0,8.0,10.0,11.0,14.0,14.0,14.0,15.0,19.0,19.0,16.0,14.0,18.0,20.0,23.0,27.0,34.0,36.0,45.0,47.0,55.0,65.0,66.0,71.0,80.0,82.0,87.0,102.0,107.0,120.0,135.0,149.0,167.0,187.0,215.0,229.0,255.0,285.0,316.0,366.0,406.0,461.0,489.0,526.0,609.0,569.0,525.0,447.0,400.0,360.0,313.0,287.0,263.0,241.0,237.0,207.0,187.0,177.0,155.0,138.0,120.0,100.0,89.0,76.0,69.0,61.0,58.0,52.0,43.0,32.0,30.0,27.0,28.0,24.0,23.0,18.0,16.0,14.0,13.0
5.0,6.0,6.0,4.0,5.0,5.0,9.0,10.0,8.0,8.0,9.0,11.0,13.0,13.0,14.0,20.0,21.0,24.0,30.0,39.0,46.0,53.0,64.0,68.0,77.0,83.0,102.0,102.0,108.0,125.0,148.0,187.0,221.0,242.0,256.0,292.0,322.0,327.0,357.0,427.0,473.0,542.0,606.0,698.0,766.0,857.0,975.0,1126.0,1229.0,1375.0,1566.0,1741.0,1651.0,1525.0,1374.0,1209.0,1024.0,907.0,811.0,730.0,645.0,610.0,546.0,486.0,442.0,386.0,338.0,310.0,267.0,239.0,205.0,183.0,146.0,130.0,113.0,110.0,96.0,85.0,69.0,53.0,46.0,39.0,36.0,34.0,30.0,28.0
5.0,5.0,8.0,10.0,11.0,8.0,10.0,11.0,16.0,20.0,24.0,31.0,34.0,34.0,38.0,44.0,49.0,56.0,62.0,68.0,77.0,78.0,90.0,110.0,121.0,145.0,167.0,185.0,200.0,204.0,242.0,281.0,301.0,328.0,373.0,431.0,484.0,540.0,598.0,678.0,764.0,889.0,995.0,1086.0,1229.0,1382.0,1525.0,1695.0,1913.0,2106.0,2362.0,2609.0,2445.0,2207.0,1970.0,1736.0,1551.0,1387.0,1225.0,1121.0,1005.0,880.0,772.0,697.0,613.0,565.0,534.0,459.0,430.0,400.0,340.0,293.0,249.0,209.0,188.0,172.0,150.0,137.0,124.0,107.0,94.0,85.0,72.0,61.0,57.0,49.0
5.0,8.0,11.0,10.0,13.0,13.0,11.0,15.0,20.0,23.0,26.0,30.0,32.0,38.0,46.0,50.0,51.0,51.0,60.0,75.0,81.0,92.0,96.0,103.0,105.0,110.0,120.0,133.0,152.0,172.0,207.0,235.0,266.0,315.0,353.0,383.0,424.0,483.0,529.0,576.0,656.0,733.0,845.0,939.0,1069.0,1193.0,1297.0,1441.0,1660.0,1853.0,2085.0,2363.0,2205.0,2033.0,1828.0,1642.0,1431.0,1268.0,1133.0,992.0,891.0,825.0,770.0,690.0,614.0,534.0,447.0,404.0,352.0,303.0,278.0,252.0,207.0,174.0,151.0,145.0,130.0,126.0,119.0,106.0,89.0,70.0,67.0,54.0,48.0,49.0
5.0,5.0,4.0,5.0,4.0,3.0,3.0,5.0,4.0,4.0,6.0,7.0,9.0,11.0,12.0,16.0,17.0,18.0,19.0,26.0,26.0,29.0,32.0,41.0,46.0,54.0,66.0,77.0,85.0,101.0,101.0,108.0,119.0,137.0,143.0,157.0,172.0,196.0,214.0,255.0,299.0,336.0,380.0,432.0,509.0,583.0,672.0,746.0,839.0,925.0,1033.0,1159.0,1081.0,958.0,844.0,720.0,631.0,569.0,503.0,444.0,410.0,371.0,330.0,298.0,267.0,234.0,207.0,192.0,160.0,138.0,117.0,113.0,91.0,82.0,81.0,68.0,67.0,56.0,50.0,50.0,45.0,43.0,38.0,31.0,28.0,24.0
5.0,7.0,7.0,7.0,8.0,8.0,8.0,7.0,10.0,11.0,12.0,12.0,11.0,11.0,13.0,15.0,18.0,20.0,27.0,26.0,22.0,21.0,30.0,31.0,42.0,47.0,61.0,72.0,78.0,89.0,105.0,115.0,137.0,152.0,178.0,205.0,229.0,271.0,315.0,345.0,379.0,403.0,454.0,496.0,573.0,640.0,710.0,798.0,930.0,1053.0,1209.0,1344.0,1278.0,1160.0,1018.0,900.0,782.0,683.0,598.0,537.0,499.0,453.0,418.0,380.0,337.0,304.0,275.0,249.0,223.0,195.0,170.0,144.0,131.0,121.0,108.0,101.0,87.0,75.0,66.0,59.0,51.0,46.0,41.0,29.0,24.0,21.0
5.0,6.0,8.0,7.0,7.0,6.0,9.0,6.0,8.0,7.0,7.0,10.0,13.0,13.0,22.0,24.0,28.0,31.0,38.0,39.0,42.0,51.0,55.0,64.0,70.0,84.0,98.0,106.0,116.0,133.0,135.0,157.0,192.0,215.0,229.0,251.0,277.0,307.0,352.0,369.0,417.0,483.0,565.0,647.0,723.0,827.0,907.0,1001.0,1148.0,1289.0,1439.0,1640.0,1557.0,1418.0,1256.0,1115.0,975.0,872.0,795.0,728.0,640.0,565.0,501.0,436.0,393.0,349.0,313.0,257.0,235.0,211.0,181.0,158.0,140.0,124.0,109.0,107.0,90.0,84.0,74.0,69.0,58.0,48.0,43.0,39.0,35.0,31.0
5.0,5.0,7.0,8.0,6.0,7.0,10.0,11.0,9.0,9.0,9.0,10.0,11.0,14.0,16.0,20.0,19.0,20.0,23.0,28.0,25.0,25.0,31.0,38.0,47.0,48.0,49.0,62.0,65.0,72.0,81.0,101.0,114.0,119.0,145.0,153.0,170.0,186.0,220.0,249.0,298.0,357.0,381.0,437.0,494.0,583.0,640.0,731.0,793.0,888.0,1012.0,1118.0,1050.0,997.0,895.0,765.0,694.0,610.0,547.0,505.0,470.0,414.0,377.0,340.0,308.0,267.0,235.0,202.0,182.0,166.0,150.0,141.0,129.0,109.0,101.0,79.0,67.0,63.0,59.0,57.0,54.0,44.0,38.0,28.0,25.0,23.0
5.0,5.0,5.0,6.0,8.0,8.0,8.0,9.0,8.0,8.0,6.0,7.0,8.0,8.0,9.0,8.0,7.0,6.0,7.0,7.0,9.0,12.0,12.0,15.0,19.0,23.0,26.0,24.0,27.0,27.0,26.0,32.0,35.0,43.0,51.0,55.0,70.0,78.0,89.0,100.0,123.0,135.0,144.0,157.0,169.0,179.0,193.0,222.0,264.0,297.0,337.0,375.0,346.0,314.0,269.0,233.0,195.0,172.0,151.0,138.0,118.0,108.0,98.0,82.0,75.0,64.0,64.0,58.0,49.0,45.0,35.0,31.0,25.0,27.0,24.0,22.0,14.0,11.0,13.0,16.0,14.0,12.0,11.0,9.0,9.0,5.0
5.0,6.0,6.0,5.0,7.0,10.0,12.0,11.0,16.0,17.0,22.0,20.0,21.0,18.0,22.0,22.0,22.0,25.0,32.0,37.0,41.0,48.0,58.0,67.0,69.0,70.0,77.0,87.0,107.0,118.0,122.0,143.0,155.0,161.0,191.0,207.0,215.0,250.0,277.0,290.0,338.0,368.0,405.0,450.0,525.0,618.0,673.0,764.0,831.0,938.0,1052.0,1177.0,1118.0,1035.0,942.0,805.0,673.0,599.0,524.0,466.0,401.0,360.0,316.0,289.0,276.0,240.0,201.0,191.0,163.0,151.0,127.0,109.0,99.0,89.0,65.0,58.0,50.0,48.0,43.0,41.0,36.0,33.0,29.0,27.0,20.0,19.0
5.0,7.0,7.0,9.0,9.0,9.0,8.0,12.0,9.0,10.0,10.0,11.0,13.0,14.0,15.0,15.0,20.0,26.0,30.0,33.0,43.0,58.0,62.0,59.0,62.0,60.0,68.0,71.0,77.0,86.0,96.0,113.0,136.0,158.0,175.0,184.0,193.0,214.0,236.0,281.0,291.0,324.0,341.0,392.0,426.0,468.0,526.0,589.0,697.0,811.0,920.0,981.0,920.0,847.0,733.0,650.0,585.0,497.0,474.0,417.0,353.0,334.0,278.0,248.0,221.0,201.0,182.0,170.0,142.0,132.0,110.0,106.0,100.0,94.0,83.0,73.0,62.0,60.0,60.0,51.0,41.0,35.0,32.0,32.0,27.0,22.0
5.0,6.0,6.0,5.0,4.0,3.0,2.0,2.0,1.0,2.0,2.0,2.0,2.0,1.0,2.0,1.0,1.0,2.0,2.0,1.0,1.0,1.0,1.0,1.0,1.0,0.0,0.0,0.0,0.0,0.0,0.0,0.0,0.0,0.0,0.0,0.0,0.0,0.0,0.0,0.0,0.0,0.0,0.0,0.0,0.0,0.0,0.0,0.0,0.0,0.0,0.0,0.0,0.0,0.0,0.0,0.0,0.0,0.0,0.0,0.0,0.0,0.0,0.0,0.0,0.0,0.0,0.0,0.0,0.0,0.0,0.0,0.0,0.0,0.0,0.0,0.0,0.0,0.0,0.0,0.0,0.0,0.0,0.0,0.0,0.0,0.0
5.0,5.0,6.0,9.0,13.0,12.0,13.0,13.0,11.0,11.0,10.0,10.0,12.0,12.0,16.0,13.0,17.0,22.0,25.0,27.0,35.0,48.0,63.0,72.0,77.0,90.0,93.0,117.0,121.0,139.0,154.0,171.0,177.0,198.0,220.0,247.0,284.0,324.0,371.0,421.0,476.0,537.0,586.0,674.0,771.0,856.0,943.0,1053.0,1183.0,1356.0,1551.0,1743.0,1654.0,1509.0,1336.0,1126.0,979.0,875.0,758.0,683.0,612.0,544.0,480.0,424.0,375.0,334.0,311.0,277.0,250.0,219.0,193.0,164.0,131.0,120.0,107.0,93.0,80.0,74.0,61.0,56.0,49.0,48.0,52.0,46.0,42.0,37.0
5.0,6.0,5.0,4.0,3.0,2.0,2.0,1.0,1.0,1.0,1.0,2.0,2.0,1.0,0.0,0.0,0.0,1.0,1.0,1.0,1.0,2.0,1.0,1.0,0.0,0.0,0.0,0.0,0.0,0.0,0.0,0.0,0.0,0.0,0.0,0.0,0.0,0.0,0.0,0.0,0.0,0.0,0.0,0.0,0.0,0.0,0.0,0.0,0.0,0.0,0.0,0.0,0.0,0.0,0.0,0.0,0.0,0.0,0.0,0.0,0.0,0.0,0.0,0.0,0.0,0.0,0.0,0.0,0.0,0.0,0.0,0.0,0.0,0.0,0.0,0.0,0.0,0.0,0.0,0.0,0.0,0.0,0.0,0.0,0.0,0.0
5.0,6.0,5.0,5.0,5.0,2.0,4.0,5.0,5.0,3.0,3.0,2.0,1.0,2.0,4.0,4.0,4.0,4.0,4.0,4.0,2.0,1.0,1.0,2.0,2.0,2.0,2.0,3.0,4.0,3.0,3.0,3.0,3.0,4.0,4.0,3.0,4.0,8.0,10.0,12.0,14.0,11.0,12.0,18.0,19.0,23.0,23.0,25.0,30.0,32.0,36.0,32.0,27.0,27.0,24.0,25.0,26.0,19.0,16.0,17.0,16.0,12.0,12.0,14.0,12.0,11.0,10.0,9.0,3.0,1.0,1.0,0.0,0.0,0.0,0.0,0.0,0.0,1.0,1.0,1.0,1.0,0.0,0.0,1.0,1.0,1.0
5.0,5.0,4.0,5.0,6.0,5.0,6.0,8.0,9.0,8.0,7.0,8.0,11.0,11.0,13.0,13.0,15.0,17.0,21.0,20.0,20.0,31.0,37.0,47.0,57.0,61.0,66.0,77.0,80.0,90.0,103.0,112.0,128.0,142.0,165.0,183.0,212.0,241.0,275.0,306.0,369.0,419.0,474.0,528.0,599.0,694.0,778.0,887.0,1012.0,1138.0,1299.0,1480.0,1392.0,1295.0,1145.0,1021.0,877.0,798.0,712.0,643.0,586.0,521.0,452.0,375.0,320.0,272.0,252.0,234.0,213.0,192.0,178.0,158.0,138.0,126.0,102.0,88.0,75.0,69.0,61.0,55.0,46.0,36.0,39.0,37.0,27.0,24.0
5.0,6.0,8.0,7.0,7.0,8.0,8.0,10.0,11.0,11.0,15.0,14.0,18.0,17.0,17.0,21.0,25.0,32.0,36.0,34.0,31.0,36.0,45.0,53.0,67.0,75.0,88.0,94.0,112.0,130.0,138.0,152.0,182.0,206.0,235.0,262.0,281.0,315.0,335.0,384.0,420.0,483.0,558.0,590.0,672.0,766.0,846.0,922.0,1024.0,1127.0,1221.0,1358.0,1231.0,1151.0,1034.0,906.0,779.0,679.0,595.0,504.0,451.0,399.0,362.0,313.0,287.0,259.0,241.0,231.0,189.0,158.0,151.0,135.0,116.0,110.0,105.0,93.0,81.0,78.0,75.0,69.0,66.0,58.0,48.0,41.0,36.0,33.0
5.0,6.0,6.0,5.0,4.0,5.0,7.0,9.0,14.0,14.0,14.0,16.0,20.0,19.0,22.0,28.0,34.0,39.0,40.0,55.0,58.0,64.0,75.0,88.0,96.0,104.0,115.0,136.0,147.0,160.0,178.0,204.0,222.0,235.0,253.0,273.0,323.0,364.0,394.0,448.0,511.0,580.0,679.0,751.0,818.0,873.0,986.0,1092.0,1228.0,1384.0,1548.0,1747.0,1649.0,1547.0,1392.0,1212.0,1100.0,963.0,869.0,772.0,689.0,624.0,541.0,466.0,428.0,411.0,369.0,324.0,288.0,260.0,212.0,184.0,152.0,134.0,116.0,100.0,86.0,85.0,82.0,72.0,62.0,48.0,41.0,33.0,28.0,28.0
5.0,8.0,9.0,11.0,14.0,15.0,16.0,15.0,21.0,29.0,29.0,30.0,34.0,32.0,40.0,43.0,52.0,72.0,73.0,80.0,96.0,110.0,127.0,151.0,178.0,209.0,236.0,269.0,307.0,334.0,388.0,443.0,514.0,574.0,660.0,763.0,858.0,970.0,1115.0,1248.0,1400.0,1547.0,1725.0,1915.0,2112.0,2375.0,2657.0,2967.0,3296.0,3708.0,4202.0,4654.0,4366.0,3966.0,3553.0,3151.0,2775.0,2462.0,2180.0,2011.0,1787.0,1585.0,1401.0,1239.0,1095.0,979.0,894.0,801.0,734.0,663.0,578.0,508.0,459.0,403.0,339.0,302.0,263.0,234.0,215.0,206.0,195.0,165.0,153.0,141.0,123.0,112.0
5.0,7.0,7.0,8.0,7.0,7.0,5.0,8.0,11.0,10.0,11.0,9.0,13.0,13.0,16.0,19.0,19.0,22.0,25.0,26.0,32.0,33.0,34.0,40.0,43.0,39.0,50.0,57.0,62.0,69.0,89.0,112.0,136.0,143.0,167.0,190.0,203.0,234.0,258.0,273.0,313.0,363.0,405.0,462.0,513.0,605.0,683.0,784.0,875.0,993.0,1142.0,1300.0,1238.0,1101.0,983.0,861.0,761.0,689.0,616.0,531.0,480.0,435.0,392.0,344.0,286.0,253.0,245.0,224.0,214.0,192.0,167.0,152.0,137.0,116.0,92.0,85.0,74.0,72.0,59.0,54.0,46.0,41.0,36.0,28.0,27.0,23.0
5.0,6.0,7.0,7.0,6.0,7.0,7.0,7.0,9.0,9.0,10.0,8.0,7.0,7.0,11.0,14.0,19.0,20.0,17.0,20.0,21.0,22.0,26.0,27.0,27.0,30.0,35.0,36.0,43.0,51.0,53.0,58.0,64.0,74.0,81.0,89.0,100.0,112.0,125.0,151.0,176.0,195.0,214.0,240.0,267.0,307.0,334.0,372.0,379.0,423.0,503.0,570.0,561.0,531.0,463.0,411.0,351.0,322.0,298.0,245.0,203.0,168.0,155.0,132.0,111.0,104.0,93.0,85.0,84.0,80.0,72.0,67.0,64.0,64.0,49.0,45.0,40.0,33.0,30.0,25.0,23.0,21.0,16.0,14.0,15.0,15.0
5.0,5.0,4.0,4.0,6.0,5.0,5.0,6.0,9.0,12.0,14.0,15.0,16.0,17.0,15.0,17.0,21.0,25.0,30.0,36.0,35.0,33.0,41.0,46.0,52.0,61.0,64.0,70.0,77.0,81.0,97.0,115.0,125.0,141.0,158.0,180.0,195.0,214.0,225.0,262.0,304.0,373.0,408.0,416.0,489.0,530.0,618.0,691.0,779.0,868.0,947.0,1097.0,1048.0,954.0,856.0,768.0,655.0,609.0,540.0,506.0,446.0,389.0,344.0,307.0,273.0,247.0,209.0,202.0,189.0,172.0,154.0,140.0,125.0,103.0,95.0,85.0,76.0,71.0,64.0,51.0,45.0,35.0,30.0,26.0,23.0,23.0
5.0,5.0,6.0,7.0,6.0,4.0,3.0,3.0,6.0,7.0,7.0,7.0,9.0,10.0,16.0,19.0,24.0,31.0,31.0,38.0,43.0,47.0,56.0,67.0,70.0,70.0,69.0,73.0,82.0,92.0,111.0,132.0,146.0,158.0,177.0,200.0,223.0,252.0,269.0,292.0,322.0,370.0,424.0,481.0,527.0,579.0,643.0,708.0,801.0,864.0,985.0,1138.0,1080.0,1027.0,905.0,822.0,739.0,644.0,584.0,501.0,416.0,407.0,375.0,344.0,299.0,266.0,226.0,203.0,178.0,160.0,146.0,115.0,98.0,86.0,74.0,74.0,66.0,54.0,47.0,35.0,32.0,29.0,24.0,24.0,18.0,15.0
5.0,5.0,6.0,8.0,11.0,12.0,15.0,16.0,16.0,16.0,19.0,27.0,36.0,34.0,34.0,36.0,43.0,49.0,56.0,63.0,77.0,83.0,83.0,93.0,96.0,111.0,127.0,130.0,131.0,165.0,173.0,208.0,241.0,272.0,323.0,368.0,423.0,471.0,535.0,587.0,673.0,798.0,918.0,1021.0,1138.0,1295.0,1421.0,1603.0,1798.0,2037.0,2315.0,2610.0,2446.0,2249.0,2039.0,1780.0,1535.0,1326.0,1171.0,1053.0,930.0,844.0,752.0,680.0,607.0,529.0,478.0,434.0,390.0,346.0,332.0,289.0,251.0,226.0,195.0,167.0,135.0,116.0,104.0,110.0,101.0,92.0,73.0,71.0,62.0,56.0
5.0,6.0,5.0,6.0,4.0,3.0,7.0,7.0,9.0,9.0,11.0,17.0,17.0,22.0,25.0,30.0,30.0,39.0,45.0,51.0,56.0,50.0,63.0,82.0,102.0,109.0,125.0,136.0,139.0,160.0,174.0,208.0,223.0,255.0,286.0,317.0,357.0,414.0,449.0,487.0,552.0,633.0,718.0,797.0,890.0,994.0,1118.0,1250.0,1394.0,1589.0,1783.0,2000.0,1885.0,1708.0,1527.0,1350.0,1146.0,1019.0,918.0,853.0,784.0,697.0,635.0,575.0,507.0,455.0,427.0,379.0,353.0,310.0,266.0,235.0,202.0,184.0,159.0,135.0,115.0,93.0,82.0,71.0,63.0,52.0,38.0,36.0,37.0,35.0
5.0,6.0,7.0,6.0,6.0,6.0,9.0,12.0,13.0,17.0,20.0,20.0,19.0,28.0,27.0,32.0,37.0,41.0,39.0,44.0,49.0,58.0,70.0,77.0,92.0,99.0,114.0,132.0,157.0,179.0,191.0,206.0,238.0,282.0,318.0,357.0,398.0,454.0,532.0,594.0,693.0,793.0,884.0,971.0,1067.0,1189.0,1301.0,1456.0,1636.0,1855.0,2087.0,2393.0,2264.0,2065.0,1843.0,1594.0,1385.0,1216.0,1105.0,990.0,901.0,829.0,754.0,654.0,565.0,501.0,426.0,397.0,359.0,323.0,301.0,247.0,221.0,192.0,167.0,152.0,130.0,132.0,128.0,105.0,89.0,85.0,72.0,59.0,47.0,48.0
5.0,5.0,6.0,7.0,9.0,15.0,19.0,23.0,28.0,30.0,30.0,31.0,33.0,38.0,43.0,42.0,52.0,54.0,51.0,53.0,57.0,67.0,78.0,83.0,105.0,122.0,124.0,133.0,156.0,171.0,201.0,221.0,249.0,286.0,331.0,361.0,410.0,451.0,498.0,544.0,601.0,687.0,769.0,874.0,1029.0,1183.0,1325.0,1446.0,1577.0,1765.0,1960.0,2206.0,2078.0,1887.0,1687.0,1487.0,1310.0,1174.0,1053.0,937.0,836.0,750.0,671.0,612.0,539.0,476.0,443.0,391.0,345.0,315.0,284.0,265.0,242.0,209.0,185.0,171.0,161.0,141.0,122.0,103.0,89.0,71.0,74.0,67.0,62.0,55.0
5.0,5.0,6.0,6.0,6.0,3.0,3.0,4.0,4.0,4.0,5.0,7.0,9.0,13.0,15.0,19.0,20.0,25.0,28.0,26.0,33.0,38.0,48.0,57.0,71.0,77.0,94.0,112.0,130.0,140.0,176.0,204.0,244.0,278.0,286.0,326.0,382.0,437.0,511.0,585.0,685.0,748.0,846.0,950.0,1079.0,1238.0,1395.0,1523.0,1658.0,1863.0,2112.0,2371.0,2280.0,2092.0,1836.0,1627.0,1455.0,1315.0,1147.0,1025.0,928.0,845.0,735.0,646.0,581.0,506.0,445.0,409.0,365.0,321.0,290.0,263.0,230.0,201.0,171.0,151.0,137.0,138.0,118.0,110.0,100.0,89.0,79.0,71.0,60.0,59.0
5.0,5.0,7.0,5.0,4.0,5.0,4.0,5.0,8.0,9.0,11.0,11.0,11.0,14.0,13.0,14.0,13.0,13.0,15.0,15.0,17.0,20.0,18.0,16.0,17.0,12.0,14.0,16.0,17.0,24.0,26.0,27.0,37.0,38.0,49.0,56.0,60.0,58.0,55.0,64.0,67.0,78.0,90.0,105.0,122.0,134.0,164.0,189.0,218.0,233.0,260.0,292.0,277.0,256.0,231.0,205.0,184.0,180.0,157.0,140.0,113.0,102.0,90.0,80.0,71.0,74.0,68.0,57.0,48.0,40.0,37.0,32.0,27.0,17.0,17.0,14.0,12.0,9.0,9.0,9.0,6.0,7.0,7.0,4.0,4.0,4.0
5.0,6.0,7.0,7.0,5.0,5.0,5.0,4.0,4.0,5.0,9.0,12.0,13.0,15.0,17.0,19.0,21.0,21.0,15.0,16.0,31.0,37.0,42.0,41.0,39.0,45.0,49.0,56.0,63.0,71.0,83.0,96.0,118.0,135.0,142.0,154.0,177.0,181.0,213.0,250.0,266.0,301.0,335.0,377.0,415.0,462.0,528.0,582.0,644.0,695.0,814.0,913.0,864.0,770.0,699.0,614.0,529.0,468.0,406.0,373.0,337.0,287.0,247.0,225.0,204.0,181.0,158.0,126.0,114.0,104.0,96.0,85.0,78.0,82.0,76.0,72.0,55.0,48.0,40.0,36.0,31.0,29.0,24.0,17.0,14.0,13.0
5.0,6.0,8.0,9.0,9.0,7.0,11.0,12.0,14.0,14.0,18.0,23.0,22.0,25.0,25.0,30.0,36.0,43.0,53.0,59.0,58.0,57.0,64.0,71.0,84.0,98.0,104.0,111.0,122.0,136.0,148.0,153.0,177.0,214.0,262.0,309.0,367.0,421.0,480.0,521.0,585.0,659.0,759.0,889.0,998.0,1092.0,1227.0,1356.0,1576.0,1764.0,1984.0,2233.0,2054.0,1914.0,1696.0,1514.0,1336.0,1186.0,1105.0,998.0,908.0,814.0,746.0,629.0,561.0,495.0,429.0,387.0,343.0,289.0,259.0,232.0,198.0,180.0,165.0,139.0,135.0,115.0,107.0,96.0,89.0,79.0,76.0,64.0,59.0,50.0
5.0,6.0,7.0,6.0,5.0,4.0,5.0,3.0,2.0,2.0,0.0,0.0,1.0,1.0,1.0,3.0,3.0,4.0,4.0,4.0,3.0,3.0,6.0,5.0,4.0,5.0,7.0,5.0,4.0,6.0,5.0,8.0,12.0,13.0,15.0,17.0,16.0,15.0,13.0,20.0,25.0,31.0,37.0,41.0,44.0,42.0,45.0,46.0,52.0,69.0,83.0,95.0,96.0,90.0,74.0,64.0,57.0,51.0,39.0,36.0,35.0,31.0,29.0,26.0,19.0,19.0,14.0,12.0,10.0,6.0,7.0,7.0,8.0,7.0,8.0,7.0,5.0,4.0,1.0,2.0,2.0,1.0,1.0,1.0,1.0,2.0
5.0,5.0,8.0,8.0,7.0,5.0,5.0,6.0,4.0,5.0,6.0,7.0,6.0,9.0,11.0,8.0,11.0,14.0,15.0,15.0,11.0,18.0,24.0,28.0,29.0,37.0,36.0,35.0,42.0,50.0,56.0,70.0,77.0,94.0,114.0,120.0,126.0,135.0,154.0,165.0,175.0,208.0,252.0,293.0,311.0,359.0,402.0,438.0,519.0,569.0,649.0,745.0,724.0,674.0,604.0,527.0,450.0,397.0,347.0,306.0,267.0,239.0,223.0,210.0,174.0,167.0,151.0,134.0,122.0,109.0,102.0,98.0,89.0,73.0,65.0,54.0,49.0,45.0,35.0,31.0,25.0,25.0,24.0,17.0,14.0,14.0
5.0,6.0,6.0,6.0,6.0,7.0,8.0,9.0,9.0,10.0,12.0,15.0,13.0,15.0,20.0,22.0,26.0,31.0,33.0,36.0,45.0,61.0,80.0,82.0,94.0,97.0,104.0,112.0,129.0,138.0,167.0,181.0,203.0,233.0,252.0,281.0,318.0,366.0,408.0,422.0,479.0,565.0,629.0,717.0,802.0,891.0,975.0,1105.0,1241.0,1410.0,1616.0,1819.0,1725.0,1604.0,1477.0,1326.0,1182.0,1030.0,899.0,793.0,720.0,654.0,592.0,513.0,454.0,425.0,396.0,360.0,329.0,290.0,265.0,237.0,212.0,188.0,163.0,134.0,123.0,107.0,101.0,86.0,87.0,76.0,68.0,68.0,64.0,61.0
5.0,5.0,5.0,6.0,7.0,8.0,8.0,10.0,12.0,12.0,10.0,13.0,15.0,21.0,22.0,26.0,27.0,29.0,30.0,28.0,32.0,34.0,32.0,40.0,51.0,63.0,80.0,94.0,109.0,115.0,140.0,158.0,159.0,189.0,194.0,218.0,266.0,283.0,319.0,349.0,379.0,408.0,453.0,488.0,547.0,621.0,711.0,809.0,902.0,998.0,1126.0,1288.0,1238.0,1147.0,1033.0,896.0,801.0,699.0,623.0,569.0,499.0,428.0,373.0,333.0,320.0,275.0,246.0,226.0,208.0,189.0,165.0,153.0,136.0,122.0,109.0,91.0,83.0,73.0,69.0,67.0,66.0,58.0,50.0,46.0,40.0,33.0
5.0,6.0,6.0,6.0,8.0,9.0,9.0,10.0,9.0,9.0,8.0,10.0,12.0,16.0,15.0,16.0,17.0,20.0,23.0,23.0,26.0,25.0,31.0,28.0,37.0,42.0,47.0,51.0,55.0,56.0,67.0,77.0,88.0,100.0,107.0,118.0,130.0,144.0,156.0,179.0,217.0,244.0,292.0,285.0,319.0,355.0,410.0,445.0,510.0,558.0,637.0,731.0,710.0,656.0,592.0,520.0,462.0,413.0,375.0,336.0,306.0,275.0,265.0,233.0,212.0,178.0,157.0,141.0,134.0,114.0,97.0,88.0,70.0,53.0,46.0,39.0,33.0,27.0,24.0,23.0,17.0,15.0,14.0,13.0,15.0,14.0
5.0,8.0,9.0,8.0,7.0,11.0,12.0,10.0,14.0,21.0,26.0,28.0,31.0,31.0,33.0,30.0,31.0,32.0,36.0,44.0,54.0,61.0,68.0,89.0,90.0,98.0,110.0,125.0,138.0,152.0,173.0,196.0,212.0,242.0,272.0,296.0,360.0,388.0,423.0,499.0,555.0,629.0,720.0,817.0,919.0,1017.0,1178.0,1316.0,1455.0,1669.0,1878.0,2108.0,1979.0,1829.0,1654.0,1451.0,1262.0,1146.0,1026.0,941.0,862.0,778.0,699.0,628.0,542.0,488.0,430.0,382.0,344.0,310.0,278.0,258.0,223.0,199.0,177.0,160.0,125.0,111.0,103.0,96.0,83.0,82.0,67.0,64.0,60.0,53.0
5.0,5.0,8.0,8.0,8.0,6.0,4.0,4.0,6.0,7.0,6.0,7.0,6.0,8.0,7.0,9.0,11.0,10.0,11.0,13.0,14.0,19.0,25.0,25.0,32.0,38.0,38.0,42.0,51.0,64.0,70.0,79.0,80.0,99.0,119.0,126.0,141.0,152.0,169.0,190.0,216.0,248.0,286.0,335.0,376.0,425.0,487.0,542.0,628.0,740.0,856.0,956.0,881.0,823.0,756.0,649.0,550.0,486.0,426.0,377.0,358.0,334.0,302.0,290.0,254.0,235.0,207.0,172.0,155.0,137.0,127.0,124.0,114.0,94.0,88.0,82.0,68.0,60.0,54.0,44.0,43.0,36.0,35.0,29.0,24.0,23.0
5.0,5.0,5.0,7.0,7.0,6.0,7.0,9.0,11.0,12.0,10.0,16.0,20.0,22.0,26.0,27.0,23.0,35.0,44.0,53.0,59.0,69.0,82.0,104.0,122.0,135.0,150.0,178.0,191.0,209.0,221.0,252.0,298.0,327.0,362.0,401.0,460.0,529.0,602.0,656.0,727.0,799.0,956.0,1042.0,1182.0,1285.0,1456.0,1672.0,1855.0,2160.0,2398.0,2718.0,2552.0,2321.0,2077.0,1823.0,1572.0,1404.0,1237.0,1087.0,972.0,868.0,771.0,693.0,640.0,562.0,492.0,439.0,382.0,328.0,300.0,263.0,243.0,219.0,185.0,156.0,145.0,123.0,96.0,84.0,66.0,63.0,56.0,52.0,45.0,38.0
5.0,5.0,5.0,6.0,4.0,5.0,8.0,9.0,7.0,8.0,5.0,5.0,6.0,8.0,10.0,13.0,16.0,15.0,17.0,18.0,19.0,21.0,24.0,30.0,34.0,41.0,51.0,47.0,52.0,59.0,69.0,74.0,81.0,98.0,111.0,124.0,131.0,133.0,156.0,167.0,180.0,213.0,217.0,239.0,265.0,297.0,339.0,389.0,433.0,487.0,538.0,605.0,579.0,543.0,482.0,424.0,375.0,350.0,338.0,297.0,253.0,221.0,187.0,170.0,155.0,125.0,103.0,90.0,81.0,79.0,79.0,65.0,56.0,50.0,41.0,35.0,28.0,23.0,20.0,16.0,11.0,11.0,12.0,15.0,17.0,14.0
