499995.0,499995.0,499995.0,499995.0,499995.0,499995.0,499995.0,499993.0,499992.0,499992.0,499991.0,499990.0,499988.0,499986.0,499986.0,499985.0,499982.0,499981.0,499980.0,499979.0,499979.0,499977.0,499975.0,499972.0,499970.0,499967.0,499963.0,499956.0,499953.0,499949.0,499944.0,499940.0,499936.0,499926.0,499917.0,499911.0,499905.0,499894.0,499883.0,499870.0,499850.0,499834.0,499818.0,499793.0,499764.0,499730.0,499703.0,499658.0,499612.0,499561.0,499547.0,499532.0,499521.0,499505.0,499496.0,499488.0,499484.0,499476.0,499471.0,499459.0,499456.0,499452.0,499449.0,499444.0,499437.0,499436.0,499433.0,499430.0,499426.0,499425.0,499420.0,499418.0,499416.0,499412.0,499408.0,499407.0,499406.0,499405.0,499403.0,499403.0,499401.0,499400.0,499400.0,499400.0
499995.0,499995.0,499994.0,499992.0,499991.0,499991.0,499988.0,499985.0,499983.0,499978.0,499966.0,499963.0,499955.0,499947.0,499938.0,499927.0,499915.0,499895.0,499880.0,499868.0,499857.0,499833.0,499811.0,499790.0,499761.0,499729.0,499684.0,499648.0,499605.0,499555.0,499485.0,499419.0,499341.0,499253.0,499158.0,499044.0,498911.0,498769.0,498593.0,498414.0,498226.0,497996.0,497762.0,497468.0,497138.0,496777.0,496342.0,495854.0,495289.0,494700.0,494458.0,494244.0,494033.0,493854.0,493660.0,493464.0,493314.0,493174.0,493069.0,492975.0,492860.0,492759.0,492696.0,492629.0,492576.0,492529.0,492483.0,492452.0,492427.0,492401.0,492377.0,492350.0,492335.0,492321.0,492311.0,492299.0,492288.0,492275.0,492264.0,492253.0,492246.0,492236.0,492227.0,492222.0
499995.0,499994.0,499994.0,499993.0,499991.0,499991.0,499989.0,499988.0,499986.0,499981.0,499981.0,499979.0,499974.0,499971.0,499963.0,499958.0,499951.0,499944.0,499938.0,499931.0,499923.0,499906.0,499893.0,499878.0,499856.0,499840.0,499821.0,499799.0,499776.0,499746.0,499720.0,499681.0,499647.0,499609.0,499565.0,499531.0,499489.0,499441.0,499372.0,499316.0,499240.0,499157.0,499066.0,498960.0,498815.0,498663.0,498498.0,498306.0,498113.0,497875.0,497800.0,497714.0,497642.0,497557.0,497482.0,497417.0,497354.0,497296.0,497246.0,497198.0,497158.0,497122.0,497082.0,497048.0,497016.0,496996.0,496974.0,496961.0,496950.0,496932.0,496915.0,496897.0,496891.0,496882.0,496875.0,496869.0,496864.0,496858.0,496853.0,496849.0,496848.0,496846.0,496842.0,496839.0
499995.0,499995.0,499994.0,499992.0,499989.0,499988.0,499984.0,499981.0,499976.0,499971.0,499969.0,499962.0,499957.0,499949.0,499942.0,499935.0,499923.0,499909.0,499891.0,499876.0,499858.0,499835.0,499805.0,499770.0,499736.0,499688.0,499633.0,499577.0,499510.0,499437.0,499342.0,499247.0,499119.0,498996.0,498859.0,498703.0,498524.0,498320.0,498115.0,497876.0,497595.0,497260.0,496882.0,496456.0,495975.0,495456.0,494851.0,494224.0,493479.0,492641.0,492347.0,492035.0,491742.0,491473.0,491186.0,490943.0,490729.0,490531.0,490348.0,490176.0,490041.0,489913.0,489805.0,489691.0,489615.0,489543.0,489487.0,489434.0,489382.0,489340.0,489299.0,489266.0,489247.0,489221.0,489189.0,489172.0,489153.0,489129.0,489116.0,489104.0,489097.0,489086.0,489078.0,489069.0
499995.0,499995.0,499993.0,499992.0,499991.0,499990.0,499988.0,499987.0,499986.0,499984.0,499984.0,499983.0,499980.0,499980.0,499978.0,499977.0,499976.0,499975.0,499973.0,499969.0,499967.0,499964.0,499960.0,499952.0,499947.0,499943.0,499940.0,499930.0,499918.0,499910.0,499901.0,499891.0,499868.0,499856.0,499833.0,499810.0,499791.0,499762.0,499731.0,499689.0,499643.0,499597.0,499545.0,499483.0,499437.0,499365.0,499269.0,499174.0,499066.0,498949.0,498906.0,498859.0,498817.0,498787.0,498746.0,498718.0,498693.0,498661.0,498631.0,498610.0,498589.0,498573.0,498557.0,498542.0,498533.0,498525.0,498511.0,498506.0,498501.0,498491.0,498486.0,498480.0,498474.0,498469.0,498466.0,498461.0,498461.0,498460.0,498457.0,498455.0,498452.0,498449.0,498447.0,498447.0
499995.0,499995.0,499994.0,499993.0,499990.0,499986.0,499982.0,499977.0,499973.0,499972.0,499968.0,499964.0,499958.0,499951.0,499947.0,499941.0,499935.0,499926.0,499919.0,499908.0,499894.0,499873.0,499857.0,499839.0,499819.0,499801.0,499775.0,499743.0,499706.0,499674.0,499633.0,499583.0,499534.0,499466.0,499414.0,499356.0,499261.0,499166.0,499056.0,498939.0,498791.0,498621.0,498460.0,498254.0,498032.0,497790.0,497515.0,497169.0,496787.0,496352.0,496194.0,496048.0,495902.0,495774.0,495630.0,495511.0,495403.0,495301.0,495215.0,495158.0,495094.0,495040.0,494994.0,494943.0,494903.0,494872.0,494838.0,494810.0,494789.0,494768.0,494754.0,494740.0,494732.0,494721.0,494716.0,494705.0,494700.0,494695.0,494688.0,494685.0,494682.0,494677.0,494677.0,494675.0
499995.0,499995.0,499993.0,499993.0,499992.0,499991.0,499989.0,499986.0,499981.0,499975.0,499971.0,499967.0,499962.0,499954.0,499947.0,499938.0,499926.0,499916.0,499905.0,499888.0,499871.0,499853.0,499829.0,499808.0,499779.0,499746.0,499712.0,499654.0,499606.0,499545.0,499477.0,499408.0,499314.0,499212.0,499098.0,498984.0,498854.0,498679.0,498502.0,498283.0,498046.0,497776.0,497440.0,497107.0,496716.0,496321.0,495840.0,495303.0,494671.0,493924.0,493631.0,493344.0,493083.0,492860.0,492639.0,492437.0,492267.0,492110.0,491966.0,491821.0,491720.0,491617.0,491522.0,491444.0,491355.0,491284.0,491237.0,491192.0,491141.0,491108.0,491072.0,491048.0,491028.0,491000.0,490979.0,490963.0,490946.0,490934.0,490918.0,490904.0,490888.0,490878.0,490872.0,490864.0
499995.0,499994.0,499994.0,499994.0,499993.0,499991.0,499991.0,499987.0,499986.0,499986.0,499983.0,499981.0,499978.0,499968.0,499961.0,499958.0,499955.0,499948.0,499940.0,499935.0,499928.0,499916.0,499909.0,499899.0,499879.0,499863.0,499843.0,499813.0,499783.0,499758.0,499733.0,499690.0,499655.0,499611.0,499566.0,499509.0,499439.0,499362.0,499276.0,499186.0,499057.0,498939.0,498790.0,498645.0,498482.0,498284.0,498072.0,497794.0,497520.0,497181.0,497053.0,496922.0,496815.0,496716.0,496597.0,496505.0,496434.0,496363.0,496298.0,496229.0,496181.0,496129.0,496075.0,496026.0,495990.0,495956.0,495934.0,495898.0,495874.0,495861.0,495848.0,495835.0,495819.0,495807.0,495796.0,495786.0,495781.0,495770.0,495758.0,495750.0,495743.0,495736.0,495732.0,495730.0
499995.0,499995.0,499994.0,499993.0,499993.0,499991.0,499990.0,499986.0,499985.0,499984.0,499983.0,499982.0,499981.0,499980.0,499977.0,499977.0,499976.0,499975.0,499972.0,499967.0,499964.0,499963.0,499958.0,499956.0,499952.0,499947.0,499941.0,499933.0,499920.0,499904.0,499887.0,499867.0,499853.0,499827.0,499805.0,499780.0,499749.0,499718.0,499687.0,499643.0,499576.0,499518.0,499442.0,499383.0,499293.0,499200.0,499083.0,498963.0,498829.0,498658.0,498597.0,498547.0,498491.0,498439.0,498403.0,498362.0,498326.0,498292.0,498265.0,498244.0,498212.0,498194.0,498173.0,498151.0,498134.0,498119.0,498106.0,498094.0,498085.0,498080.0,498074.0,498068.0,498058.0,498047.0,498045.0,498042.0,498041.0,498040.0,498037.0,498036.0,498032.0,498032.0,498031.0,498031.0
499995.0,499994.0,499994.0,499993.0,499991.0,499991.0,499990.0,499990.0,499988.0,499988.0,499988.0,499986.0,499986.0,499985.0,499982.0,499981.0,499979.0,499975.0,499971.0,499969.0,499963.0,499955.0,499950.0,499944.0,499937.0,499928.0,499917.0,499901.0,499887.0,499863.0,499849.0,499833.0,499804.0,499775.0,499749.0,499712.0,499665.0,499608.0,499550.0,499487.0,499422.0,499346.0,499255.0,499171.0,499057.0,498940.0,498823.0,498659.0,498492.0,498294.0,498218.0,498134.0,498072.0,498004.0,497943.0,497890.0,497827.0,497781.0,497738.0,497696.0,497669.0,497635.0,497609.0,497587.0,497573.0,497553.0,497534.0,497528.0,497509.0,497498.0,497494.0,497482.0,497474.0,497464.0,497453.0,497450.0,497443.0,497439.0,497432.0,497428.0,497427.0,497423.0,497421.0,497412.0
499995.0,499993.0,499992.0,499991.0,499989.0,499987.0,499985.0,499984.0,499982.0,499980.0,499977.0,499976.0,499973.0,499968.0,499960.0,499953.0,499949.0,499945.0,499938.0,499932.0,499925.0,499916.0,499901.0,499885.0,499869.0,499852.0,499829.0,499803.0,499775.0,499738.0,499699.0,499655.0,499598.0,499541.0,499476.0,499407.0,499328.0,499245.0,499146.0,499023.0,498894.0,498738.0,498581.0,498388.0,498168.0,497923.0,497653.0,497361.0,497042.0,496679.0,496533.0,496376.0,496227.0,496103.0,495983.0,495881.0,495774.0,495705.0,495629.0,495563.0,495506.0,495448.0,495402.0,495362.0,495324.0,495278.0,495254.0,495233.0,495201.0,495188.0,495172.0,495151.0,495142.0,495133.0,495125.0,495113.0,495105.0,495097.0,495090.0,495085.0,495078.0,495073.0,495071.0,495067.0
499995.0,499994.0,499993.0,499993.0,499991.0,499991.0,499989.0,499987.0,499985.0,499984.0,499982.0,499981.0,499978.0,499975.0,499974.0,499972.0,499970.0,499965.0,499960.0,499958.0,499953.0,499952.0,499949.0,499948.0,499945.0,499937.0,499927.0,499919.0,499913.0,499904.0,499895.0,499883.0,499872.0,499858.0,499845.0,499826.0,499811.0,499787.0,499768.0,499746.0,499715.0,499690.0,499657.0,499619.0,499580.0,499529.0,499471.0,499419.0,499348.0,499281.0,499249.0,499221.0,499198.0,499173.0,499148.0,499127.0,499112.0,499093.0,499081.0,499066.0,499057.0,499051.0,499042.0,499031.0,499023.0,499020.0,499013.0,499006.0,498999.0,498995.0,498991.0,498989.0,498984.0,498982.0,498979.0,498978.0,498976.0,498975.0,498974.0,498971.0,498971.0,498968.0,498968.0,498967.0
499995.0,499994.0,499994.0,499992.0,499992.0,499992.0,499992.0,499992.0,499992.0,499991.0,499991.0,499991.0,499991.0,499991.0,499991.0,499991.0,499991.0,499991.0,499991.0,499991.0,499991.0,499991.0,499991.0,499991.0,499991.0,499991.0,499991.0,499991.0,499991.0,499991.0,499991.0,499991.0,499991.0,499991.0,499991.0,499991.0,499991.0,499991.0,499991.0,499991.0,499991.0,499991.0,499991.0,499991.0,499991.0,499991.0,499991.0,499991.0,499991.0,499991.0,499991.0,499991.0,499991.0,499991.0,499991.0,499991.0,499991.0,499991.0,499991.0,499991.0,499991.0,499991.0,499991.0,499991.0,499991.0,499991.0,499991.0,499991.0,499991.0,499991.0,499991.0,499991.0,499991.0,499991.0,499991.0,499991.0,499991.0,499991.0,499991.0,499991.0,499991.0,499991.0,499991.0,499991.0
499995.0,499995.0,499995.0,499995.0,499995.0,499995.0,499995.0,499995.0,499995.0,499995.0,499995.0,499995.0,499995.0,499995.0,499995.0,499995.0,499995.0,499995.0,499995.0,499995.0,499995.0,499995.0,499995.0,499995.0,499995.0,499995.0,499995.0,499995.0,499995.0,499995.0,499995.0,499995.0,499995.0,499995.0,499995.0,499995.0,499995.0,499995.0,499995.0,499995.0,499995.0,499995.0,499995.0,499995.0,499995.0,499995.0,499995.0,499995.0,499995.0,499995.0,499995.0,499995.0,499995.0,499995.0,499995.0,499995.0,499995.0,499995.0,499995.0,499995.0,499995.0,499995.0,499995.0,499995.0,499995.0,499995.0,499995.0,499995.0,499995.0,499995.0,499995.0,499995.0,499995.0,499995.0,499995.0,499995.0,499995.0,499995.0,499995.0,499995.0,499995.0,499995.0,499995.0,499995.0
499995.0,499995.0,499994.0,499994.0,499991.0,499985.0,499985.0,499984.0,499982.0,499978.0,499975.0,499968.0,499961.0,499958.0,499949.0,499944.0,499937.0,499928.0,499916.0,499905.0,499893.0,499874.0,499857.0,499835.0,499810.0,499781.0,499755.0,499719.0,499688.0,499648.0,499606.0,499547.0,499486.0,499425.0,499343.0,499259.0,499156.0,499023.0,498888.0,498734.0,498573.0,498374.0,498165.0,497904.0,497613.0,497315.0,496962.0,496546.0,496106.0,495606.0,495423.0,495242.0,495082.0,494905.0,494734.0,494614.0,494488.0,494361.0,494259.0,494158.0,494066.0,493992.0,493909.0,493834.0,493791.0,493738.0,493699.0,493663.0,493636.0,493608.0,493580.0,493555.0,493533.0,493512.0,493497.0,493485.0,493473.0,493458.0,493442.0,493429.0,493419.0,493413.0,493403.0,493393.0
499995.0,499991.0,499991.0,499989.0,499987.0,499984.0,499983.0,499982.0,499981.0,499979.0,499975.0,499972.0,499969.0,499967.0,499961.0,499956.0,499951.0,499934.0,499927.0,499920.0,499912.0,499901.0,499885.0,499871.0,499849.0,499826.0,499808.0,499793.0,499764.0,499730.0,499693.0,499652.0,499602.0,499559.0,499491.0,499433.0,499352.0,499274.0,499175.0,499081.0,498950.0,498792.0,498616.0,498464.0,498258.0,498022.0,497750.0,497490.0,497195.0,496837.0,496705.0,496564.0,496422.0,496308.0,496199.0,496112.0,496019.0,495935.0,495853.0,495775.0,495724.0,495676.0,495628.0,495591.0,495553.0,495517.0,495490.0,495470.0,495452.0,495432.0,495414.0,495398.0,495388.0,495375.0,495366.0,495360.0,495351.0,495346.0,495335.0,495326.0,495323.0,495316.0,495312.0,495308.0
499995.0,499995.0,499995.0,499994.0,499994.0,499991.0,499990.0,499989.0,499985.0,499983.0,499978.0,499976.0,499970.0,499964.0,499958.0,499954.0,499946.0,499940.0,499928.0,499918.0,499912.0,499900.0,499874.0,499854.0,499834.0,499809.0,499785.0,499750.0,499713.0,499669.0,499612.0,499555.0,499493.0,499427.0,499347.0,499269.0,499189.0,499078.0,498969.0,498830.0,498683.0,498505.0,498315.0,498087.0,497838.0,497552.0,497255.0,496890.0,496456.0,495961.0,495770.0,495599.0,495443.0,495279.0,495152.0,495018.0,494914.0,494807.0,494720.0,494652.0,494585.0,494528.0,494476.0,494426.0,494374.0,494336.0,494304.0,494269.0,494245.0,494226.0,494205.0,494189.0,494173.0,494164.0,494158.0,494149.0,494140.0,494134.0,494128.0,494125.0,494123.0,494121.0,494120.0,494114.0
499995.0,499994.0,499993.0,499985.0,499983.0,499980.0,499977.0,499974.0,499969.0,499965.0,499960.0,499956.0,499946.0,499940.0,499934.0,499922.0,499908.0,499894.0,499880.0,499860.0,499837.0,499813.0,499796.0,499770.0,499742.0,499709.0,499677.0,499628.0,499583.0,499531.0,499457.0,499374.0,499290.0,499193.0,499085.0,498962.0,498780.0,498612.0,498444.0,498249.0,498040.0,497812.0,497525.0,497224.0,496895.0,496504.0,496057.0,495582.0,495047.0,494429.0,494191.0,493984.0,493782.0,493562.0,493371.0,493192.0,493035.0,492889.0,492761.0,492665.0,492558.0,492474.0,492392.0,492315.0,492246.0,492192.0,492128.0,492090.0,492058.0,492022.0,491983.0,491940.0,491912.0,491896.0,491872.0,491855.0,491843.0,491827.0,491821.0,491809.0,491795.0,491786.0,491782.0,491777.0
499995.0,499995.0,499995.0,499994.0,499993.0,499993.0,499989.0,499985.0,499984.0,499980.0,499979.0,499973.0,499970.0,499965.0,499962.0,499956.0,499952.0,499945.0,499930.0,499920.0,499910.0,499887.0,499861.0,499841.0,499810.0,499785.0,499755.0,499726.0,499681.0,499630.0,499566.0,499516.0,499429.0,499342.0,499237.0,499127.0,499027.0,498888.0,498742.0,498572.0,498399.0,498175.0,497915.0,497625.0,497291.0,496915.0,496513.0,496060.0,495543.0,494974.0,494765.0,494519.0,494302.0,494112.0,493919.0,493780.0,493624.0,493482.0,493378.0,493270.0,493168.0,493086.0,493020.0,492972.0,492916.0,492862.0,492817.0,492772.0,492740.0,492718.0,492685.0,492657.0,492642.0,492627.0,492605.0,492593.0,492581.0,492565.0,492553.0,492541.0,492533.0,492525.0,492516.0,492509.0
499995.0,499994.0,499993.0,499992.0,499992.0,499990.0,499990.0,499988.0,499986.0,499984.0,499980.0,499977.0,499971.0,499968.0,499964.0,499954.0,499945.0,499940.0,499933.0,499923.0,499906.0,499899.0,499878.0,499866.0,499847.0,499825.0,499799.0,499774.0,499737.0,499703.0,499663.0,499610.0,499548.0,499482.0,499419.0,499343.0,499246.0,499134.0,499022.0,498881.0,498739.0,498563.0,498378.0,498150.0,497906.0,497642.0,497350.0,497008.0,496654.0,496209.0,496083.0,495931.0,495786.0,495637.0,495489.0,495362.0,495262.0,495173.0,495083.0,495009.0,494941.0,494882.0,494839.0,494787.0,494745.0,494706.0,494679.0,494652.0,494630.0,494616.0,494604.0,494590.0,494579.0,494566.0,494558.0,494550.0,494542.0,494538.0,494531.0,494524.0,494517.0,494514.0,494508.0,494504.0
499995.0,499993.0,499991.0,499988.0,499985.0,499980.0,499976.0,499973.0,499970.0,499967.0,499961.0,499955.0,499948.0,499942.0,499931.0,499924.0,499915.0,499904.0,499892.0,499870.0,499849.0,499832.0,499819.0,499797.0,499779.0,499747.0,499713.0,499679.0,499649.0,499607.0,499537.0,499473.0,499406.0,499324.0,499234.0,499128.0,498989.0,498848.0,498676.0,498503.0,498264.0,498030.0,497772.0,497473.0,497149.0,496768.0,496369.0,495880.0,495306.0,494700.0,494453.0,494244.0,494016.0,493801.0,493600.0,493415.0,493262.0,493111.0,492978.0,492881.0,492766.0,492676.0,492611.0,492547.0,492491.0,492433.0,492384.0,492349.0,492310.0,492267.0,492230.0,492204.0,492179.0,492148.0,492126.0,492099.0,492084.0,492070.0,492050.0,492036.0,492023.0,492012.0,492006.0,491991.0
499995.0,499994.0,499994.0,499993.0,499993.0,499992.0,499992.0,499992.0,499992.0,499992.0,499991.0,499989.0,499989.0,499985.0,499984.0,499983.0,499981.0,499979.0,499976.0,499974.0,499971.0,499970.0,499967.0,499963.0,499959.0,499957.0,499954.0,499950.0,499947.0,499944.0,499937.0,499933.0,499929.0,499921.0,499915.0,499904.0,499891.0,499883.0,499875.0,499862.0,499848.0,499836.0,499823.0,499809.0,499785.0,499767.0,499744.0,499715.0,499686.0,499656.0,499641.0,499627.0,499615.0,499598.0,499584.0,499576.0,499568.0,499560.0,499552.0,499543.0,499538.0,499532.0,499524.0,499517.0,499511.0,499507.0,499505.0,499501.0,499497.0,499494.0,499491.0,499488.0,499484.0,499484.0,499483.0,499480.0,499479.0,499478.0,499474.0,499473.0,499471.0,499471.0,499470.0,499470.0
499995.0,499993.0,499991.0,499989.0,499985.0,499984.0,499982.0,499977.0,499972.0,499969.0,499964.0,499957.0,499951.0,499941.0,499932.0,499916.0,499907.0,499893.0,499880.0,499853.0,499831.0,499813.0,499779.0,499748.0,499707.0,499664.0,499626.0,499587.0,499529.0,499480.0,499404.0,499334.0,499247.0,499133.0,499008.0,498877.0,498720.0,498539.0,498354.0,498090.0,497816.0,497547.0,497211.0,496846.0,496430.0,495980.0,495461.0,494911.0,494244.0,493491.0,493224.0,492961.0,492718.0,492478.0,492227.0,492016.0,491809.0,491623.0,491473.0,491311.0,491198.0,491093.0,491017.0,490939.0,490869.0,490814.0,490753.0,490698.0,490658.0,490625.0,490593.0,490566.0,490539.0,490515.0,490496.0,490478.0,490460.0,490447.0,490428.0,490414.0,490407.0,490399.0,490394.0,490385.0
499995.0,499994.0,499994.0,499993.0,499992.0,499991.0,499991.0,499989.0,499988.0,499981.0,499978.0,499978.0,499977.0,499975.0,499970.0,499963.0,499958.0,499948.0,499943.0,499932.0,499926.0,499916.0,499904.0,499894.0,499875.0,499859.0,499841.0,499812.0,499788.0,499761.0,499726.0,499695.0,499656.0,499618.0,499559.0,499489.0,499419.0,499349.0,499254.0,499148.0,499033.0,498905.0,498759.0,498587.0,498397.0,498195.0,497956.0,497702.0,497429.0,497070.0,496939.0,496809.0,496670.0,496569.0,496479.0,496390.0,496316.0,496240.0,496172.0,496111.0,496062.0,496020.0,495981.0,495945.0,495905.0,495879.0,495856.0,495836.0,495819.0,495803.0,495783.0,495767.0,495749.0,495735.0,495726.0,495714.0,495707.0,495703.0,495694.0,495685.0,495679.0,495677.0,495673.0,495667.0
499995.0,499995.0,499994.0,499993.0,499991.0,499988.0,499988.0,499986.0,499983.0,499982.0,499978.0,499976.0,499973.0,499964.0,499959.0,499954.0,499950.0,499943.0,499938.0,499932.0,499927.0,499918.0,499903.0,499893.0,499879.0,499864.0,499850.0,499828.0,499799.0,499776.0,499739.0,499698.0,499657.0,499625.0,499575.0,499512.0,499450.0,499394.0,499319.0,499245.0,499151.0,499059.0,498943.0,498813.0,498678.0,498503.0,498325.0,498115.0,497874.0,497588.0,497488.0,497400.0,497314.0,497237.0,497154.0,497084.0,497032.0,496961.0,496904.0,496864.0,496812.0,496778.0,496751.0,496719.0,496699.0,496669.0,496648.0,496634.0,496624.0,496612.0,496599.0,496587.0,496576.0,496573.0,496566.0,496560.0,496554.0,496547.0,496544.0,496541.0,496540.0,496534.0,496534.0,496533.0
499995.0,499993.0,499993.0,499991.0,499991.0,499989.0,499987.0,499980.0,499976.0,499973.0,499965.0,499959.0,499949.0,499943.0,499928.0,499922.0,499904.0,499886.0,499869.0,499848.0,499823.0,499793.0,499749.0,499708.0,499661.0,499611.0,499554.0,499496.0,499415.0,499353.0,499251.0,499146.0,499016.0,498878.0,498720.0,498563.0,498349.0,498133.0,497871.0,497568.0,497215.0,496810.0,496428.0,495922.0,495398.0,494800.0,494129.0,493323.0,492431.0,491422.0,491035.0,490683.0,490334.0,490003.0,489706.0,489430.0,489192.0,488994.0,488801.0,488612.0,488445.0,488298.0,488179.0,488075.0,487978.0,487896.0,487811.0,487751.0,487679.0,487629.0,487584.0,487543.0,487507.0,487475.0,487434.0,487402.0,487372.0,487357.0,487340.0,487319.0,487301.0,487286.0,487274.0,487263.0
499995.0,499995.0,499994.0,499992.0,499990.0,499986.0,499983.0,499980.0,499978.0,499976.0,499974.0,499969.0,499967.0,499961.0,499956.0,499945.0,499936.0,499926.0,499919.0,499911.0,499903.0,499895.0,499878.0,499852.0,499832.0,499806.0,499790.0,499765.0,499739.0,499709.0,499683.0,499628.0,499570.0,499524.0,499468.0,499408.0,499333.0,499261.0,499163.0,499077.0,498971.0,498855.0,498725.0,498578.0,498420.0,498231.0,498020.0,497785.0,497491.0,497177.0,497054.0,496927.0,496837.0,496744.0,496665.0,496581.0,496503.0,496441.0,496376.0,496318.0,496270.0,496230.0,496187.0,496164.0,496137.0,496105.0,496080.0,496065.0,496045.0,496031.0,496021.0,496011.0,495998.0,495986.0,495978.0,495970.0,495962.0,495956.0,495950.0,495946.0,495937.0,495931.0,495924.0,495924.0
499995.0,499995.0,499995.0,499994.0,499993.0,499992.0,499991.0,499990.0,499987.0,499987.0,499985.0,499982.0,499977.0,499974.0,499965.0,499958.0,499955.0,499951.0,499942.0,499927.0,499917.0,499901.0,499888.0,499866.0,499836.0,499811.0,499785.0,499753.0,499712.0,499678.0,499639.0,499592.0,499540.0,499463.0,499384.0,499301.0,499219.0,499124.0,498991.0,498857.0,498698.0,498505.0,498295.0,498081.0,497779.0,497487.0,497185.0,496816.0,496390.0,495864.0,495675.0,495483.0,495325.0,495167.0,494986.0,494857.0,494729.0,494637.0,494534.0,494447.0,494361.0,494300.0,494226.0,494160.0,494103.0,494047.0,494003.0,493964.0,493928.0,493890.0,493860.0,493839.0,493828.0,493811.0,493798.0,493784.0,493771.0,493763.0,493756.0,493746.0,493739.0,493734.0,493727.0,493722.0
499995.0,499995.0,499995.0,499995.0,499995.0,499995.0,499995.0,499994.0,499993.0,499992.0,499992.0,499992.0,499991.0,499991.0,499988.0,499986.0,499983.0,499975.0,499970.0,499961.0,499958.0,499952.0,499944.0,499936.0,499925.0,499914.0,499905.0,499895.0,499883.0,499871.0,499847.0,499826.0,499808.0,499786.0,499760.0,499724.0,499684.0,499644.0,499611.0,499548.0,499491.0,499420.0,499348.0,499263.0,499158.0,499040.0,498909.0,498758.0,498592.0,498402.0,498338.0,498246.0,498166.0,498109.0,498038.0,497981.0,497930.0,497869.0,497819.0,497788.0,497758.0,497742.0,497718.0,497688.0,497668.0,497649.0,497632.0,497618.0,497606.0,497595.0,497589.0,497581.0,497579.0,497575.0,497572.0,497569.0,497568.0,497565.0,497562.0,497561.0,497560.0,497559.0,497559.0,497558.0
499995.0,499995.0,499995.0,499994.0,499994.0,499991.0,499991.0,499989.0,499988.0,499987.0,499984.0,499982.0,499978.0,499977.0,499974.0,499961.0,499956.0,499948.0,499937.0,499924.0,499912.0,499896.0,499884.0,499862.0,499834.0,499808.0,499772.0,499734.0,499703.0,499656.0,499594.0,499542.0,499470.0,499400.0,499298.0,499182.0,499079.0,498949.0,498802.0,498644.0,498495.0,498291.0,498069.0,497827.0,497582.0,497291.0,496986.0,496610.0,496191.0,495726.0,495547.0,495372.0,495222.0,495071.0,494932.0,494789.0,494658.0,494556.0,494443.0,494349.0,494273.0,494205.0,494146.0,494098.0,494054.0,494012.0,493966.0,493932.0,493911.0,493880.0,493862.0,493842.0,493828.0,493809.0,493802.0,493795.0,493784.0,493777.0,493769.0,493764.0,493762.0,493760.0,493755.0,493752.0
499995.0,499995.0,499991.0,499990.0,499989.0,499985.0,499979.0,499973.0,499965.0,499958.0,499944.0,499930.0,499920.0,499903.0,499881.0,499865.0,499845.0,499823.0,499802.0,499785.0,499756.0,499722.0,499681.0,499642.0,499591.0,499537.0,499478.0,499396.0,499311.0,499224.0,499112.0,499016.0,498895.0,498751.0,498583.0,498399.0,498177.0,497953.0,497659.0,497327.0,496965.0,496578.0,496110.0,495630.0,495045.0,494422.0,493729.0,492847.0,491944.0,490904.0,490521.0,490163.0,489820.0,489482.0,489175.0,488913.0,488681.0,488466.0,488291.0,488109.0,487971.0,487840.0,487732.0,487631.0,487549.0,487473.0,487420.0,487368.0,487326.0,487268.0,487220.0,487200.0,487175.0,487153.0,487136.0,487123.0,487103.0,487086.0,487073.0,487060.0,487048.0,487043.0,487035.0,487028.0
499995.0,499995.0,499995.0,499995.0,499994.0,499994.0,499993.0,499992.0,499989.0,499989.0,499989.0,499987.0,499986.0,499984.0,499980.0,499978.0,499975.0,499971.0,499969.0,499966.0,499963.0,499955.0,499951.0,499949.0,499939.0,499924.0,499912.0,499905.0,499892.0,499877.0,499863.0,499842.0,499823.0,499796.0,499773.0,499747.0,499712.0,499670.0,499622.0,499580.0,499519.0,499465.0,499407.0,499315.0,499228.0,499142.0,499014.0,498857.0,498712.0,498512.0,498453.0,498384.0,498331.0,498270.0,498212.0,498156.0,498118.0,498066.0,498025.0,497987.0,497953.0,497926.0,497897.0,497866.0,497838.0,497822.0,497798.0,497785.0,497772.0,497756.0,497748.0,497742.0,497732.0,497722.0,497720.0,497714.0,497706.0,497698.0,497692.0,497685.0,497684.0,497680.0,497678.0,497676.0
499995.0,499995.0,499994.0,499994.0,499994.0,499993.0,499992.0,499992.0,499992.0,499992.0,499991.0,499991.0,499989.0,499986.0,499982.0,499982.0,499981.0,499980.0,499978.0,499975.0,499973.0,499972.0,499968.0,499963.0,499959.0,499958.0,499955.0,499953.0,499947.0,499941.0,499935.0,499931.0,499923.0,499914.0,499907.0,499903.0,499896.0,499886.0,499879.0,499870.0,499861.0,499845.0,499835.0,499822.0,499800.0,499790.0,499770.0,499750.0,499723.0,499689.0,499679.0,499674.0,499663.0,499651.0,499642.0,499637.0,499630.0,499623.0,499615.0,499610.0,499606.0,499601.0,499599.0,499595.0,499592.0,499589.0,499585.0,499584.0,499584.0,499584.0,499583.0,499583.0,499583.0,499582.0,499582.0,499581.0,499581.0,499580.0,499580.0,499580.0,499579.0,499578.0,499578.0,499578.0
499995.0,499994.0,499993.0,499992.0,499991.0,499989.0,499988.0,499984.0,499982.0,499979.0,499977.0,499975.0,499970.0,499967.0,499959.0,499950.0,499945.0,499931.0,499919.0,499909.0,499897.0,499882.0,499870.0,499844.0,499819.0,499794.0,499765.0,499729.0,499694.0,499649.0,499610.0,499559.0,499494.0,499431.0,499336.0,499245.0,499128.0,499013.0,498901.0,498768.0,498625.0,498479.0,498278.0,498041.0,497797.0,497518.0,497172.0,496824.0,496427.0,495938.0,495766.0,495606.0,495442.0,495286.0,495110.0,494957.0,494835.0,494736.0,494640.0,494553.0,494485.0,494409.0,494346.0,494279.0,494230.0,494188.0,494152.0,494127.0,494087.0,494059.0,494023.0,494012.0,493998.0,493973.0,493959.0,493933.0,493923.0,493915.0,493907.0,493897.0,493889.0,493882.0,493877.0,493870.0
499995.0,499994.0,499993.0,499993.0,499992.0,499990.0,499986.0,499985.0,499983.0,499982.0,499982.0,499982.0,499980.0,499980.0,499977.0,499974.0,499974.0,499969.0,499968.0,499966.0,499960.0,499954.0,499945.0,499936.0,499924.0,499913.0,499908.0,499893.0,499877.0,499860.0,499839.0,499817.0,499786.0,499753.0,499725.0,499684.0,499645.0,499599.0,499556.0,499492.0,499435.0,499349.0,499280.0,499200.0,499106.0,498992.0,498871.0,498743.0,498586.0,498426.0,498354.0,498292.0,498237.0,498176.0,498119.0,498079.0,498032.0,497995.0,497958.0,497917.0,497884.0,497857.0,497832.0,497814.0,497795.0,497780.0,497770.0,497758.0,497749.0,497741.0,497728.0,497721.0,497710.0,497709.0,497703.0,497700.0,497698.0,497696.0,497695.0,497692.0,497692.0,497690.0,497688.0,497688.0
499995.0,499992.0,499992.0,499991.0,499989.0,499986.0,499984.0,499978.0,499974.0,499966.0,499957.0,499950.0,499938.0,499926.0,499911.0,499895.0,499873.0,499858.0,499829.0,499794.0,499769.0,499727.0,499673.0,499628.0,499563.0,499501.0,499430.0,499361.0,499265.0,499167.0,499047.0,498914.0,498784.0,498602.0,498391.0,498168.0,497890.0,497602.0,497281.0,496912.0,496474.0,495991.0,495458.0,494890.0,494244.0,493473.0,492650.0,491744.0,490698.0,489537.0,489124.0,488718.0,488297.0,487946.0,487594.0,487266.0,486988.0,486738.0,486532.0,486333.0,486171.0,486004.0,485865.0,485739.0,485651.0,485557.0,485474.0,485409.0,485360.0,485293.0,485243.0,485200.0,485163.0,485121.0,485088.0,485064.0,485041.0,485018.0,485007.0,484993.0,484973.0,484956.0,484943.0,484934.0
499995.0,499994.0,499994.0,499992.0,499992.0,499989.0,499984.0,499981.0,499977.0,499973.0,499972.0,499970.0,499965.0,499960.0,499952.0,499947.0,499942.0,499934.0,499924.0,499914.0,499908.0,499897.0,499881.0,499870.0,499857.0,499843.0,499828.0,499810.0,499794.0,499765.0,499734.0,499705.0,499671.0,499624.0,499573.0,499515.0,499446.0,499376.0,499294.0,499199.0,499100.0,498977.0,498827.0,498673.0,498460.0,498239.0,498011.0,497706.0,497394.0,497046.0,496916.0,496780.0,496660.0,496555.0,496436.0,496338.0,496251.0,496179.0,496104.0,496052.0,495990.0,495943.0,495896.0,495860.0,495834.0,495813.0,495784.0,495761.0,495744.0,495724.0,495715.0,495695.0,495679.0,495670.0,495663.0,495657.0,495650.0,495647.0,495643.0,495636.0,495630.0,495626.0,495622.0,495619.0
499995.0,499995.0,499994.0,499994.0,499993.0,499992.0,499990.0,499990.0,499987.0,499986.0,499986.0,499984.0,499980.0,499975.0,499973.0,499972.0,499969.0,499965.0,499958.0,499952.0,499942.0,499933.0,499917.0,499904.0,499888.0,499870.0,499852.0,499835.0,499814.0,499776.0,499743.0,499709.0,499669.0,499631.0,499582.0,499530.0,499455.0,499377.0,499281.0,499185.0,499079.0,498949.0,498805.0,498639.0,498438.0,498255.0,498050.0,497795.0,497520.0,497180.0,497056.0,496952.0,496834.0,496727.0,496626.0,496529.0,496448.0,496360.0,496282.0,496219.0,496175.0,496119.0,496074.0,496033.0,495997.0,495966.0,495938.0,495911.0,495885.0,495866.0,495847.0,495828.0,495806.0,495793.0,495782.0,495775.0,495763.0,495759.0,495752.0,495748.0,495744.0,495739.0,495737.0,495731.0
499995.0,499994.0,499992.0,499989.0,499988.0,499986.0,499984.0,499981.0,499980.0,499974.0,499968.0,499964.0,499954.0,499948.0,499935.0,499927.0,499913.0,499905.0,499894.0,499878.0,499857.0,499838.0,499820.0,499799.0,499775.0,499745.0,499712.0,499679.0,499632.0,499573.0,499514.0,499429.0,499346.0,499247.0,499135.0,499013.0,498896.0,498734.0,498550.0,498359.0,498122.0,497890.0,497623.0,497330.0,496967.0,496549.0,496099.0,495555.0,494988.0,494329.0,494091.0,493867.0,493633.0,493431.0,493260.0,493078.0,492918.0,492786.0,492669.0,492561.0,492473.0,492373.0,492305.0,492236.0,492197.0,492149.0,492107.0,492067.0,492027.0,491998.0,491964.0,491938.0,491921.0,491903.0,491883.0,491862.0,491849.0,491839.0,491831.0,491823.0,491810.0,491799.0,491792.0,491786.0
499995.0,499994.0,499993.0,499992.0,499990.0,499989.0,499988.0,499986.0,499983.0,499982.0,499982.0,499982.0,499980.0,499979.0,499972.0,499967.0,499962.0,499958.0,499949.0,499946.0,499940.0,499932.0,499922.0,499917.0,499902.0,499895.0,499884.0,499875.0,499865.0,499850.0,499817.0,499790.0,499766.0,499741.0,499717.0,499681.0,499659.0,499616.0,499571.0,499535.0,499485.0,499431.0,499371.0,499281.0,499205.0,499103.0,498993.0,498878.0,498739.0,498581.0,498534.0,498468.0,498419.0,498374.0,498325.0,498286.0,498250.0,498204.0,498168.0,498139.0,498118.0,498091.0,498064.0,498042.0,498027.0,498011.0,497996.0,497990.0,497971.0,497967.0,497956.0,497947.0,497943.0,497938.0,497935.0,497932.0,497930.0,497928.0,497925.0,497922.0,497920.0,497916.0,497912.0,497910.0
499995.0,499995.0,499995.0,499995.0,499995.0,499995.0,499993.0,499991.0,499990.0,499989.0,499988.0,499986.0,499984.0,499982.0,499980.0,499977.0,499975.0,499974.0,499972.0,499968.0,499965.0,499961.0,499958.0,499955.0,499949.0,499942.0,499936.0,499932.0,499923.0,499908.0,499891.0,499869.0,499848.0,499826.0,499807.0,499781.0,499745.0,499709.0,499669.0,499615.0,499563.0,499499.0,499449.0,499372.0,499296.0,499221.0,499118.0,498992.0,498830.0,498688.0,498623.0,498558.0,498511.0,498468.0,498417.0,498368.0,498326.0,498288.0,498260.0,498223.0,498193.0,498169.0,498148.0,498138.0,498119.0,498104.0,498096.0,498091.0,498081.0,498080.0,498075.0,498071.0,498066.0,498064.0,498062.0,498052.0,498048.0,498042.0,498041.0,498041.0,498038.0,498035.0,498032.0,498028.0
499995.0,499994.0,499993.0,499993.0,499992.0,499990.0,499988.0,499983.0,499981.0,499978.0,499976.0,499972.0,499971.0,499967.0,499964.0,499962.0,499959.0,499948.0,499939.0,499930.0,499913.0,499895.0,499879.0,499862.0,499850.0,499827.0,499796.0,499771.0,499744.0,499707.0,499664.0,499610.0,499555.0,499495.0,499422.0,499345.0,499256.0,499162.0,499054.0,498916.0,498757.0,498581.0,498398.0,498165.0,497898.0,497590.0,497262.0,496927.0,496518.0,496011.0,495833.0,495665.0,495499.0,495349.0,495212.0,495070.0,494937.0,494817.0,494719.0,494636.0,494540.0,494457.0,494385.0,494332.0,494286.0,494256.0,494213.0,494190.0,494163.0,494137.0,494113.0,494093.0,494080.0,494065.0,494049.0,494038.0,494032.0,494023.0,494014.0,494003.0,493999.0,493992.0,493987.0,493982.0
499995.0,499994.0,499993.0,499991.0,499989.0,499985.0,499983.0,499981.0,499975.0,499969.0,499966.0,499963.0,499957.0,499947.0,499939.0,499926.0,499919.0,499915.0,499900.0,499884.0,499863.0,499835.0,499817.0,499787.0,499748.0,499706.0,499676.0,499638.0,499593.0,499551.0,499496.0,499430.0,499365.0,499288.0,499208.0,499126.0,499028.0,498909.0,498775.0,498613.0,498445.0,498256.0,498025.0,497783.0,497480.0,497176.0,496813.0,496412.0,495953.0,495427.0,495235.0,495075.0,494891.0,494749.0,494586.0,494431.0,494308.0,494165.0,494077.0,493980.0,493894.0,493814.0,493741.0,493682.0,493628.0,493574.0,493526.0,493483.0,493447.0,493422.0,493396.0,493370.0,493351.0,493332.0,493311.0,493296.0,493284.0,493271.0,493258.0,493246.0,493238.0,493228.0,493224.0,493217.0
499995.0,499995.0,499994.0,499994.0,499992.0,499990.0,499988.0,499986.0,499978.0,499974.0,499970.0,499965.0,499957.0,499948.0,499941.0,499935.0,499920.0,499913.0,499893.0,499871.0,499854.0,499837.0,499823.0,499800.0,499771.0,499746.0,499708.0,499672.0,499631.0,499594.0,499544.0,499482.0,499415.0,499332.0,499229.0,499126.0,499000.0,498879.0,498733.0,498566.0,498370.0,498133.0,497897.0,497644.0,497357.0,497000.0,496591.0,496163.0,495621.0,495053.0,494812.0,494605.0,494432.0,494242.0,494058.0,493901.0,493756.0,493624.0,493513.0,493419.0,493331.0,493243.0,493182.0,493111.0,493059.0,493012.0,492972.0,492929.0,492896.0,492866.0,492841.0,492812.0,492785.0,492769.0,492745.0,492730.0,492722.0,492707.0,492696.0,492689.0,492681.0,492675.0,492671.0,492664.0
499995.0,499994.0,499992.0,499992.0,499987.0,499985.0,499980.0,499977.0,499971.0,499970.0,499965.0,499958.0,499952.0,499943.0,499935.0,499923.0,499917.0,499907.0,499891.0,499882.0,499866.0,499850.0,499834.0,499808.0,499778.0,499753.0,499723.0,499690.0,499656.0,499616.0,499579.0,499534.0,499472.0,499401.0,499309.0,499204.0,499093.0,498967.0,498843.0,498681.0,498492.0,498307.0,498070.0,497807.0,497522.0,497201.0,496848.0,496439.0,495975.0,495461.0,495281.0,495084.0,494900.0,494736.0,494585.0,494443.0,494306.0,494168.0,494060.0,493947.0,493862.0,493799.0,493726.0,493655.0,493602.0,493562.0,493511.0,493480.0,493451.0,493425.0,493388.0,493366.0,493347.0,493324.0,493300.0,493288.0,493276.0,493263.0,493252.0,493240.0,493227.0,493214.0,493207.0,493201.0
499995.0,499993.0,499992.0,499989.0,499986.0,499986.0,499982.0,499976.0,499973.0,499968.0,499960.0,499954.0,499947.0,499933.0,499920.0,499902.0,499888.0,499869.0,499847.0,499823.0,499787.0,499758.0,499719.0,499666.0,499616.0,499568.0,499514.0,499443.0,499356.0,499273.0,499172.0,499040.0,498909.0,498771.0,498629.0,498433.0,498221.0,497982.0,497709.0,497399.0,497069.0,496718.0,496287.0,495795.0,495253.0,494669.0,494009.0,493289.0,492506.0,491511.0,491189.0,490841.0,490518.0,490225.0,489944.0,489687.0,489443.0,489243.0,489049.0,488890.0,488765.0,488610.0,488502.0,488388.0,488302.0,488211.0,488138.0,488073.0,488020.0,487974.0,487934.0,487893.0,487858.0,487830.0,487801.0,487770.0,487745.0,487721.0,487703.0,487684.0,487669.0,487647.0,487636.0,487620.0
499995.0,499995.0,499995.0,499992.0,499992.0,499992.0,499992.0,499991.0,499990.0,499985.0,499984.0,499981.0,499980.0,499973.0,499971.0,499968.0,499963.0,499959.0,499956.0,499949.0,499938.0,499932.0,499919.0,499912.0,499907.0,499888.0,499866.0,499853.0,499841.0,499825.0,499809.0,499791.0,499764.0,499738.0,499720.0,499689.0,499657.0,499615.0,499581.0,499533.0,499476.0,499408.0,499349.0,499254.0,499166.0,499086.0,498989.0,498860.0,498719.0,498574.0,498504.0,498455.0,498409.0,498351.0,498307.0,498272.0,498236.0,498210.0,498183.0,498160.0,498144.0,498129.0,498116.0,498108.0,498094.0,498080.0,498075.0,498064.0,498060.0,498055.0,498054.0,498047.0,498044.0,498038.0,498035.0,498033.0,498030.0,498027.0,498023.0,498020.0,498017.0,498014.0,498011.0,498009.0
499995.0,499991.0,499989.0,499985.0,499984.0,499982.0,499980.0,499976.0,499969.0,499967.0,499959.0,499954.0,499949.0,499943.0,499938.0,499935.0,499928.0,499919.0,499903.0,499887.0,499869.0,499853.0,499826.0,499800.0,499773.0,499746.0,499710.0,499669.0,499627.0,499572.0,499516.0,499459.0,499375.0,499273.0,499162.0,499032.0,498870.0,498694.0,498481.0,498247.0,497984.0,497716.0,497396.0,497021.0,496592.0,496113.0,495616.0,495034.0,494389.0,493640.0,493355.0,493095.0,492854.0,492623.0,492387.0,492193.0,491975.0,491808.0,491640.0,491509.0,491377.0,491287.0,491207.0,491130.0,491053.0,490999.0,490936.0,490889.0,490860.0,490819.0,490778.0,490745.0,490726.0,490707.0,490687.0,490672.0,490658.0,490643.0,490635.0,490624.0,490613.0,490608.0,490598.0,490593.0
499995.0,499993.0,499990.0,499990.0,499985.0,499985.0,499982.0,499980.0,499977.0,499975.0,499972.0,499966.0,499964.0,499953.0,499950.0,499946.0,499932.0,499929.0,499924.0,499913.0,499904.0,499899.0,499883.0,499868.0,499849.0,499832.0,499815.0,499791.0,499765.0,499738.0,499712.0,499672.0,499637.0,499594.0,499549.0,499499.0,499454.0,499393.0,499318.0,499248.0,499162.0,499052.0,498938.0,498831.0,498694.0,498538.0,498363.0,498143.0,497910.0,497638.0,497558.0,497467.0,497375.0,497298.0,497229.0,497159.0,497101.0,497034.0,497002.0,496961.0,496912.0,496865.0,496828.0,496800.0,496774.0,496760.0,496740.0,496725.0,496705.0,496696.0,496684.0,496673.0,496668.0,496657.0,496651.0,496641.0,496637.0,496630.0,496622.0,496614.0,496612.0,496609.0,496609.0,496608.0
499995.0,499994.0,499994.0,499993.0,499989.0,499988.0,499987.0,499983.0,499982.0,499977.0,499975.0,499973.0,499969.0,499960.0,499949.0,499940.0,499933.0,499922.0,499913.0,499902.0,499887.0,499874.0,499859.0,499840.0,499808.0,499782.0,499746.0,499711.0,499664.0,499607.0,499566.0,499515.0,499448.0,499366.0,499283.0,499171.0,499065.0,498948.0,498804.0,498660.0,498487.0,498303.0,498073.0,497819.0,497548.0,497246.0,496910.0,496527.0,496092.0,495603.0,495427.0,495257.0,495084.0,494934.0,494786.0,494658.0,494523.0,494404.0,494313.0,494236.0,494165.0,494097.0,494044.0,493994.0,493948.0,493909.0,493867.0,493835.0,493799.0,493780.0,493764.0,493745.0,493731.0,493705.0,493690.0,493682.0,493669.0,493662.0,493654.0,493650.0,493643.0,493637.0,493634.0,493630.0
499995.0,499995.0,499994.0,499991.0,499989.0,499984.0,499982.0,499977.0,499970.0,499963.0,499958.0,499948.0,499936.0,499919.0,499902.0,499891.0,499876.0,499854.0,499831.0,499805.0,499774.0,499727.0,499683.0,499630.0,499578.0,499515.0,499430.0,499340.0,499254.0,499157.0,499037.0,498882.0,498691.0,498518.0,498318.0,498088.0,497814.0,497535.0,497218.0,496867.0,496437.0,495964.0,495474.0,494879.0,494253.0,493480.0,492606.0,491669.0,490607.0,489377.0,488940.0,488493.0,488090.0,487711.0,487384.0,487078.0,486809.0,486499.0,486277.0,486061.0,485866.0,485736.0,485583.0,485461.0,485352.0,485248.0,485152.0,485076.0,485013.0,484954.0,484910.0,484878.0,484828.0,484802.0,484770.0,484749.0,484726.0,484708.0,484677.0,484661.0,484648.0,484632.0,484626.0,484611.0
499995.0,499993.0,499991.0,499990.0,499989.0,499988.0,499983.0,499982.0,499979.0,499977.0,499972.0,499967.0,499960.0,499956.0,499950.0,499938.0,499928.0,499921.0,499913.0,499899.0,499894.0,499879.0,499865.0,499852.0,499829.0,499803.0,499771.0,499738.0,499703.0,499658.0,499617.0,499565.0,499517.0,499441.0,499360.0,499268.0,499161.0,499069.0,498943.0,498799.0,498649.0,498470.0,498296.0,498079.0,497843.0,497589.0,497276.0,496933.0,496554.0,496155.0,496012.0,495858.0,495699.0,495540.0,495406.0,495286.0,495181.0,495071.0,494992.0,494913.0,494844.0,494773.0,494721.0,494686.0,494646.0,494610.0,494579.0,494556.0,494534.0,494505.0,494487.0,494474.0,494457.0,494441.0,494425.0,494416.0,494404.0,494399.0,494390.0,494387.0,494386.0,494381.0,494378.0,494375.0
499995.0,499995.0,499994.0,499994.0,499993.0,499993.0,499993.0,499993.0,499993.0,499993.0,499993.0,499993.0,499991.0,499990.0,499989.0,499989.0,499988.0,499987.0,499986.0,499986.0,499985.0,499981.0,499979.0,499975.0,499975.0,499974.0,499970.0,499966.0,499961.0,499959.0,499956.0,499953.0,499946.0,499942.0,499939.0,499929.0,499923.0,499913.0,499907.0,499894.0,499891.0,499883.0,499865.0,499847.0,499828.0,499796.0,499766.0,499742.0,499719.0,499680.0,499659.0,499640.0,499628.0,499613.0,499597.0,499579.0,499570.0,499561.0,499556.0,499551.0,499543.0,499539.0,499534.0,499530.0,499528.0,499522.0,499519.0,499514.0,499512.0,499512.0,499510.0,499508.0,499507.0,499506.0,499505.0,499505.0,499505.0,499505.0,499505.0,499504.0,499504.0,499504.0,499503.0,499503.0
499995.0,499995.0,499994.0,499994.0,499994.0,499991.0,499990.0,499987.0,499983.0,499979.0,499974.0,499973.0,499971.0,499964.0,499961.0,499958.0,499954.0,499948.0,499939.0,499933.0,499918.0,499909.0,499893.0,499881.0,499861.0,499840.0,499814.0,499793.0,499771.0,499742.0,499700.0,499654.0,499613.0,499554.0,499477.0,499416.0,499317.0,499206.0,499091.0,498961.0,498806.0,498651.0,498446.0,498244.0,498020.0,497782.0,497455.0,497103.0,496721.0,496290.0,496131.0,495966.0,495822.0,495680.0,495545.0,495433.0,495314.0,495205.0,495122.0,495031.0,494968.0,494899.0,494843.0,494788.0,494752.0,494720.0,494685.0,494651.0,494625.0,494600.0,494574.0,494552.0,494537.0,494529.0,494513.0,494502.0,494491.0,494484.0,494477.0,494471.0,494466.0,494461.0,494454.0,494446.0
499995.0,499995.0,499993.0,499991.0,499990.0,499985.0,499984.0,499981.0,499977.0,499975.0,499970.0,499964.0,499957.0,499950.0,499945.0,499930.0,499924.0,499916.0,499904.0,499892.0,499874.0,499860.0,499843.0,499825.0,499793.0,499765.0,499733.0,499694.0,499646.0,499593.0,499529.0,499454.0,499371.0,499294.0,499203.0,499086.0,498935.0,498792.0,498624.0,498429.0,498213.0,497963.0,497695.0,497372.0,497017.0,496646.0,496170.0,495674.0,495090.0,494433.0,494189.0,493932.0,493709.0,493491.0,493312.0,493145.0,492990.0,492851.0,492714.0,492594.0,492481.0,492390.0,492316.0,492257.0,492194.0,492144.0,492088.0,492047.0,492009.0,491970.0,491934.0,491917.0,491883.0,491867.0,491848.0,491831.0,491820.0,491797.0,491786.0,491778.0,491768.0,491758.0,491752.0,491744.0
499995.0,499995.0,499992.0,499991.0,499991.0,499990.0,499988.0,499986.0,499983.0,499981.0,499978.0,499976.0,499971.0,499968.0,499965.0,499960.0,499955.0,499949.0,499944.0,499938.0,499927.0,499917.0,499914.0,499904.0,499895.0,499880.0,499863.0,499844.0,499830.0,499812.0,499787.0,499764.0,499733.0,499696.0,499663.0,499624.0,499562.0,499507.0,499460.0,499394.0,499309.0,499215.0,499102.0,498975.0,498832.0,498683.0,498513.0,498305.0,498093.0,497863.0,497765.0,497670.0,497564.0,497476.0,497384.0,497302.0,497227.0,497160.0,497101.0,497054.0,497011.0,496968.0,496929.0,496890.0,496864.0,496832.0,496809.0,496795.0,496769.0,496755.0,496744.0,496726.0,496711.0,496705.0,496696.0,496691.0,496688.0,496684.0,496681.0,496676.0,496669.0,496668.0,496668.0,496666.0
499995.0,499995.0,499995.0,499993.0,499993.0,499993.0,499993.0,499992.0,499990.0,499990.0,499988.0,499986.0,499986.0,499984.0,499982.0,499977.0,499974.0,499969.0,499964.0,499961.0,499954.0,499950.0,499939.0,499929.0,499911.0,499896.0,499874.0,499856.0,499824.0,499794.0,499763.0,499723.0,499665.0,499618.0,499564.0,499500.0,499426.0,499335.0,499237.0,499118.0,498987.0,498847.0,498690.0,498548.0,498355.0,498123.0,497851.0,497571.0,497245.0,496892.0,496759.0,496629.0,496493.0,496381.0,496288.0,496195.0,496101.0,496020.0,495938.0,495870.0,495803.0,495757.0,495716.0,495669.0,495628.0,495596.0,495577.0,495550.0,495528.0,495504.0,495482.0,495466.0,495445.0,495437.0,495428.0,495414.0,495399.0,495390.0,495379.0,495375.0,495372.0,495368.0,495361.0,495354.0
499995.0,499995.0,499994.0,499993.0,499991.0,499987.0,499986.0,499985.0,499982.0,499980.0,499977.0,499970.0,499965.0,499960.0,499956.0,499953.0,499951.0,499944.0,499936.0,499926.0,499918.0,499907.0,499893.0,499883.0,499863.0,499849.0,499830.0,499808.0,499780.0,499752.0,499718.0,499678.0,499627.0,499580.0,499519.0,499446.0,499377.0,499257.0,499154.0,499019.0,498869.0,498704.0,498498.0,498300.0,498054.0,497799.0,497526.0,497217.0,496841.0,496422.0,496277.0,496119.0,495969.0,495833.0,495707.0,495609.0,495515.0,495415.0,495341.0,495259.0,495200.0,495143.0,495096.0,495049.0,495006.0,494967.0,494933.0,494907.0,494883.0,494859.0,494840.0,494818.0,494795.0,494781.0,494765.0,494752.0,494741.0,494731.0,494719.0,494710.0,494701.0,494696.0,494691.0,494686.0
499995.0,499995.0,499995.0,499994.0,499993.0,499993.0,499992.0,499991.0,499990.0,499989.0,499987.0,499985.0,499982.0,499977.0,499975.0,499973.0,499970.0,499966.0,499960.0,499953.0,499948.0,499938.0,499928.0,499920.0,499915.0,499909.0,499899.0,499884.0,499862.0,499840.0,499828.0,499810.0,499787.0,499753.0,499727.0,499683.0,499635.0,499582.0,499527.0,499471.0,499405.0,499318.0,499242.0,499132.0,499041.0,498919.0,498790.0,498647.0,498461.0,498282.0,498212.0,498142.0,498083.0,498031.0,497981.0,497922.0,497889.0,497857.0,497822.0,497796.0,497775.0,497752.0,497731.0,497711.0,497694.0,497682.0,497668.0,497658.0,497653.0,497649.0,497644.0,497635.0,497627.0,497622.0,497614.0,497612.0,497608.0,497602.0,497600.0,497598.0,497595.0,497594.0,497592.0,497590.0
499995.0,499995.0,499994.0,499993.0,499991.0,499991.0,499990.0,499987.0,499986.0,499985.0,499982.0,499981.0,499977.0,499974.0,499972.0,499968.0,499962.0,499955.0,499941.0,499928.0,499916.0,499901.0,499887.0,499862.0,499846.0,499823.0,499798.0,499775.0,499754.0,499723.0,499699.0,499656.0,499615.0,499561.0,499505.0,499441.0,499375.0,499301.0,499219.0,499137.0,499028.0,498899.0,498734.0,498568.0,498368.0,498154.0,497911.0,497610.0,497297.0,496945.0,496812.0,496666.0,496536.0,496398.0,496278.0,496182.0,496090.0,496014.0,495959.0,495901.0,495838.0,495788.0,495752.0,495720.0,495686.0,495662.0,495636.0,495611.0,495593.0,495565.0,495547.0,495535.0,495517.0,495500.0,495485.0,495469.0,495455.0,495445.0,495434.0,495427.0,495422.0,495418.0,495413.0,495413.0
499995.0,499993.0,499992.0,499992.0,499991.0,499990.0,499989.0,499986.0,499984.0,499981.0,499980.0,499978.0,499976.0,499972.0,499968.0,499965.0,499961.0,499960.0,499956.0,499951.0,499949.0,499946.0,499943.0,499941.0,499938.0,499933.0,499930.0,499927.0,499921.0,499917.0,499909.0,499901.0,499892.0,499880.0,499873.0,499860.0,499847.0,499832.0,499813.0,499798.0,499772.0,499743.0,499706.0,499674.0,499630.0,499591.0,499540.0,499482.0,499421.0,499361.0,499331.0,499302.0,499273.0,499242.0,499217.0,499199.0,499179.0,499160.0,499147.0,499132.0,499125.0,499114.0,499109.0,499102.0,499097.0,499092.0,499084.0,499080.0,499076.0,499073.0,499071.0,499069.0,499067.0,499065.0,499061.0,499058.0,499056.0,499055.0,499054.0,499052.0,499049.0,499049.0,499049.0,499049.0
499995.0,499994.0,499994.0,499993.0,499992.0,499991.0,499987.0,499986.0,499984.0,499983.0,499981.0,499977.0,499974.0,499967.0,499963.0,499957.0,499949.0,499944.0,499933.0,499928.0,499915.0,499900.0,499892.0,499882.0,499872.0,499855.0,499848.0,499829.0,499805.0,499776.0,499742.0,499711.0,499679.0,499625.0,499569.0,499517.0,499449.0,499364.0,499288.0,499189.0,499073.0,498952.0,498813.0,498665.0,498487.0,498269.0,498059.0,497815.0,497538.0,497208.0,497083.0,496966.0,496864.0,496768.0,496665.0,496581.0,496491.0,496422.0,496370.0,496317.0,496266.0,496231.0,496199.0,496154.0,496119.0,496097.0,496080.0,496055.0,496032.0,496016.0,495994.0,495983.0,495967.0,495959.0,495954.0,495947.0,495939.0,495926.0,495919.0,495915.0,495911.0,495905.0,495898.0,495894.0
499995.0,499995.0,499992.0,499990.0,499988.0,499986.0,499984.0,499980.0,499974.0,499972.0,499970.0,499965.0,499955.0,499946.0,499936.0,499920.0,499908.0,499897.0,499884.0,499867.0,499846.0,499825.0,499795.0,499762.0,499718.0,499684.0,499648.0,499597.0,499550.0,499493.0,499419.0,499342.0,499253.0,499171.0,499074.0,498962.0,498825.0,498667.0,498499.0,498298.0,498074.0,497840.0,497578.0,497285.0,496956.0,496565.0,496133.0,495638.0,495132.0,494511.0,494286.0,494069.0,493862.0,493661.0,493457.0,493289.0,493137.0,492981.0,492849.0,492711.0,492607.0,492516.0,492434.0,492364.0,492292.0,492240.0,492192.0,492152.0,492116.0,492088.0,492057.0,492037.0,492014.0,491993.0,491975.0,491959.0,491950.0,491941.0,491927.0,491918.0,491911.0,491904.0,491894.0,491887.0
499995.0,499992.0,499989.0,499987.0,499985.0,499983.0,499982.0,499978.0,499975.0,499972.0,499966.0,499961.0,499957.0,499951.0,499946.0,499939.0,499927.0,499917.0,499907.0,499895.0,499884.0,499864.0,499849.0,499825.0,499799.0,499762.0,499735.0,499701.0,499665.0,499619.0,499571.0,499521.0,499467.0,499382.0,499299.0,499213.0,499118.0,499012.0,498903.0,498751.0,498595.0,498397.0,498226.0,497983.0,497713.0,497460.0,497149.0,496818.0,496442.0,496041.0,495865.0,495699.0,495532.0,495398.0,495273.0,495124.0,494994.0,494891.0,494796.0,494710.0,494647.0,494585.0,494530.0,494486.0,494449.0,494418.0,494398.0,494367.0,494344.0,494320.0,494303.0,494284.0,494275.0,494264.0,494254.0,494248.0,494239.0,494236.0,494226.0,494220.0,494216.0,494209.0,494207.0,494203.0
499995.0,499995.0,499995.0,499994.0,499994.0,499994.0,499994.0,499991.0,499990.0,499990.0,499988.0,499986.0,499984.0,499982.0,499977.0,499973.0,499970.0,499966.0,499962.0,499954.0,499949.0,499943.0,499938.0,499925.0,499917.0,499912.0,499896.0,499877.0,499859.0,499846.0,499820.0,499794.0,499766.0,499731.0,499698.0,499654.0,499601.0,499555.0,499494.0,499432.0,499360.0,499264.0,499161.0,499058.0,498926.0,498784.0,498614.0,498433.0,498221.0,497973.0,497877.0,497794.0,497715.0,497632.0,497556.0,497475.0,497398.0,497343.0,497268.0,497218.0,497175.0,497137.0,497103.0,497063.0,497026.0,497006.0,496985.0,496966.0,496949.0,496932.0,496911.0,496905.0,496894.0,496885.0,496878.0,496869.0,496864.0,496852.0,496847.0,496843.0,496835.0,496833.0,496829.0,496824.0
499995.0,499993.0,499993.0,499993.0,499992.0,499991.0,499989.0,499988.0,499985.0,499984.0,499979.0,499977.0,499974.0,499974.0,499971.0,499967.0,499960.0,499953.0,499945.0,499939.0,499932.0,499924.0,499918.0,499908.0,499890.0,499874.0,499855.0,499838.0,499819.0,499788.0,499754.0,499714.0,499682.0,499641.0,499587.0,499523.0,499453.0,499381.0,499292.0,499196.0,499092.0,498976.0,498851.0,498689.0,498536.0,498348.0,498104.0,497854.0,497558.0,497237.0,497106.0,496985.0,496874.0,496767.0,496680.0,496601.0,496535.0,496469.0,496416.0,496369.0,496314.0,496261.0,496225.0,496191.0,496164.0,496137.0,496116.0,496089.0,496068.0,496044.0,496027.0,496011.0,496003.0,495994.0,495985.0,495980.0,495974.0,495966.0,495959.0,495951.0,495947.0,495941.0,495936.0,495933.0
499995.0,499994.0,499992.0,499992.0,499991.0,499990.0,499987.0,499986.0,499983.0,499983.0,499983.0,499979.0,499975.0,499973.0,499963.0,499958.0,499952.0,499944.0,499934.0,499929.0,499917.0,499903.0,499889.0,499870.0,499854.0,499828.0,499807.0,499784.0,499763.0,499730.0,499689.0,499646.0,499590.0,499546.0,499490.0,499415.0,499348.0,499259.0,499146.0,499021.0,498886.0,498716.0,498539.0,498308.0,498077.0,497819.0,497501.0,497142.0,496806.0,496376.0,496220.0,496075.0,495936.0,495797.0,495668.0,495542.0,495435.0,495344.0,495246.0,495180.0,495102.0,495033.0,494982.0,494937.0,494887.0,494856.0,494835.0,494813.0,494791.0,494762.0,494746.0,494726.0,494717.0,494704.0,494691.0,494680.0,494668.0,494657.0,494648.0,494639.0,494634.0,494626.0,494623.0,494619.0
499995.0,499995.0,499993.0,499992.0,499991.0,499989.0,499985.0,499983.0,499983.0,499981.0,499981.0,499979.0,499977.0,499973.0,499967.0,499962.0,499958.0,499956.0,499952.0,499948.0,499943.0,499939.0,499934.0,499926.0,499913.0,499903.0,499895.0,499885.0,499877.0,499864.0,499853.0,499838.0,499820.0,499798.0,499773.0,499742.0,499710.0,499682.0,499642.0,499601.0,499552.0,499483.0,499419.0,499342.0,499261.0,499161.0,499032.0,498917.0,498774.0,498603.0,498545.0,498491.0,498432.0,498372.0,498308.0,498258.0,498212.0,498176.0,498134.0,498107.0,498085.0,498051.0,498028.0,498015.0,498004.0,497986.0,497974.0,497961.0,497953.0,497941.0,497932.0,497929.0,497924.0,497921.0,497917.0,497911.0,497906.0,497903.0,497902.0,497900.0,497898.0,497898.0,497897.0,497894.0
499995.0,499995.0,499995.0,499993.0,499991.0,499990.0,499988.0,499987.0,499987.0,499987.0,499986.0,499983.0,499981.0,499980.0,499978.0,499977.0,499976.0,499973.0,499972.0,499969.0,499968.0,499967.0,499962.0,499959.0,499957.0,499954.0,499951.0,499946.0,499941.0,499932.0,499930.0,499927.0,499922.0,499914.0,499904.0,499895.0,499884.0,499875.0,499862.0,499850.0,499836.0,499813.0,499801.0,499775.0,499758.0,499730.0,499703.0,499679.0,499652.0,499615.0,499598.0,499581.0,499563.0,499552.0,499544.0,499533.0,499527.0,499522.0,499513.0,499510.0,499506.0,499502.0,499498.0,499493.0,499488.0,499487.0,499486.0,499485.0,499484.0,499484.0,499483.0,499482.0,499481.0,499480.0,499479.0,499477.0,499477.0,499477.0,499477.0,499477.0,499477.0,499477.0,499477.0,499477.0
499995.0,499994.0,499993.0,499993.0,499991.0,499988.0,499985.0,499983.0,499978.0,499974.0,499971.0,499966.0,499961.0,499954.0,499946.0,499934.0,499921.0,499904.0,499890.0,499874.0,499858.0,499838.0,499818.0,499795.0,499770.0,499739.0,499695.0,499643.0,499592.0,499539.0,499485.0,499415.0,499326.0,499227.0,499121.0,499007.0,498873.0,498735.0,498571.0,498403.0,498196.0,497964.0,497696.0,497419.0,497088.0,496697.0,496275.0,495775.0,495226.0,494583.0,494340.0,494120.0,493904.0,493689.0,493511.0,493341.0,493178.0,493033.0,492904.0,492785.0,492675.0,492596.0,492507.0,492444.0,492374.0,492317.0,492272.0,492225.0,492188.0,492161.0,492140.0,492120.0,492087.0,492073.0,492050.0,492037.0,492020.0,492014.0,492006.0,492001.0,491994.0,491986.0,491980.0,491976.0
499995.0,499993.0,499992.0,499990.0,499988.0,499987.0,499987.0,499982.0,499982.0,499979.0,499978.0,499977.0,499974.0,499972.0,499968.0,499966.0,499960.0,499951.0,499942.0,499934.0,499922.0,499905.0,499896.0,499886.0,499879.0,499865.0,499843.0,499821.0,499805.0,499776.0,499750.0,499727.0,499699.0,499672.0,499627.0,499579.0,499519.0,499466.0,499407.0,499351.0,499292.0,499215.0,499120.0,499019.0,498907.0,498792.0,498635.0,498483.0,498296.0,498045.0,497971.0,497910.0,497851.0,497789.0,497727.0,497660.0,497603.0,497545.0,497499.0,497457.0,497421.0,497394.0,497369.0,497339.0,497322.0,497307.0,497290.0,497278.0,497260.0,497240.0,497227.0,497216.0,497211.0,497195.0,497184.0,497179.0,497172.0,497168.0,497161.0,497160.0,497157.0,497156.0,497155.0,497149.0
499995.0,499994.0,499994.0,499994.0,499994.0,499994.0,499994.0,499994.0,499994.0,499993.0,499992.0,499992.0,499992.0,499992.0,499991.0,499991.0,499991.0,499990.0,499990.0,499990.0,499990.0,499990.0,499990.0,499990.0,499990.0,499990.0,499990.0,499990.0,499990.0,499990.0,499990.0,499990.0,499990.0,499990.0,499990.0,499990.0,499990.0,499990.0,499990.0,499990.0,499990.0,499990.0,499990.0,499990.0,499990.0,499990.0,499990.0,499990.0,499990.0,499990.0,499990.0,499990.0,499990.0,499990.0,499990.0,499990.0,499990.0,499990.0,499990.0,499990.0,499990.0,499990.0,499990.0,499990.0,499990.0,499990.0,499990.0,499990.0,499990.0,499990.0,499990.0,499990.0,499990.0,499990.0,499990.0,499990.0,499990.0,499990.0,499990.0,499990.0,499990.0,499990.0,499990.0,499990.0
499995.0,499995.0,499994.0,499990.0,499986.0,499986.0,499985.0,499983.0,499982.0,499979.0,499976.0,499973.0,499970.0,499965.0,499961.0,499954.0,499950.0,499948.0,499940.0,499928.0,499924.0,499910.0,499899.0,499881.0,499867.0,499855.0,499837.0,499817.0,499785.0,499759.0,499735.0,499693.0,499638.0,499592.0,499547.0,499489.0,499422.0,499338.0,499258.0,499156.0,499034.0,498922.0,498764.0,498595.0,498420.0,498231.0,497977.0,497720.0,497396.0,497060.0,496949.0,496806.0,496688.0,496578.0,496483.0,496395.0,496316.0,496236.0,496170.0,496114.0,496057.0,496015.0,495977.0,495943.0,495907.0,495889.0,495866.0,495846.0,495829.0,495814.0,495793.0,495779.0,495768.0,495762.0,495754.0,495743.0,495737.0,495731.0,495725.0,495721.0,495719.0,495715.0,495711.0,495708.0
499995.0,499994.0,499994.0,499994.0,499994.0,499993.0,499993.0,499993.0,499993.0,499993.0,499992.0,499991.0,499991.0,499991.0,499991.0,499991.0,499991.0,499990.0,499990.0,499990.0,499990.0,499989.0,499989.0,499989.0,499989.0,499989.0,499989.0,499989.0,499989.0,499989.0,499989.0,499989.0,499989.0,499989.0,499989.0,499989.0,499989.0,499989.0,499989.0,499989.0,499989.0,499989.0,499989.0,499989.0,499989.0,499989.0,499989.0,499989.0,499989.0,499989.0,499989.0,499989.0,499989.0,499989.0,499989.0,499989.0,499989.0,499989.0,499989.0,499989.0,499989.0,499989.0,499989.0,499989.0,499989.0,499989.0,499989.0,499989.0,499989.0,499989.0,499989.0,499989.0,499989.0,499989.0,499989.0,499989.0,499989.0,499989.0,499989.0,499989.0,499989.0,499989.0,499989.0,499989.0
499995.0,499994.0,499994.0,499994.0,499994.0,499994.0,499992.0,499990.0,499990.0,499990.0,499990.0,499989.0,499989.0,499988.0,499986.0,499986.0,499986.0,499986.0,499986.0,499985.0,499985.0,499985.0,499985.0,499984.0,499984.0,499983.0,499983.0,499982.0,499981.0,499981.0,499981.0,499981.0,499980.0,499979.0,499979.0,499978.0,499977.0,499973.0,499970.0,499967.0,499965.0,499964.0,499962.0,499954.0,499949.0,499943.0,499939.0,499933.0,499923.0,499916.0,499909.0,499908.0,499907.0,499902.0,499900.0,499899.0,499897.0,499896.0,499895.0,499894.0,499894.0,499893.0,499892.0,499892.0,499892.0,499891.0,499891.0,499891.0,499891.0,499890.0,499889.0,499889.0,499889.0,499889.0,499888.0,499888.0,499888.0,499888.0,499888.0,499888.0,499888.0,499888.0,499888.0,499888.0
499995.0,499995.0,499995.0,499994.0,499992.0,499991.0,499990.0,499987.0,499985.0,499985.0,499984.0,499979.0,499975.0,499971.0,499966.0,499964.0,499958.0,499954.0,499951.0,499940.0,499931.0,499920.0,499914.0,499901.0,499884.0,499863.0,499851.0,499839.0,499816.0,499792.0,499766.0,499750.0,499720.0,499689.0,499655.0,499605.0,499558.0,499497.0,499435.0,499376.0,499298.0,499202.0,499087.0,498979.0,498844.0,498700.0,498531.0,498348.0,498143.0,497916.0,497819.0,497723.0,497632.0,497556.0,497484.0,497411.0,497337.0,497283.0,497243.0,497209.0,497167.0,497126.0,497094.0,497069.0,497040.0,497024.0,497003.0,496986.0,496972.0,496962.0,496947.0,496937.0,496928.0,496919.0,496907.0,496898.0,496891.0,496887.0,496883.0,496878.0,496874.0,496868.0,496862.0,496855.0
499995.0,499994.0,499991.0,499991.0,499989.0,499986.0,499983.0,499980.0,499977.0,499973.0,499972.0,499968.0,499962.0,499960.0,499956.0,499951.0,499942.0,499940.0,499933.0,499922.0,499908.0,499900.0,499885.0,499867.0,499845.0,499828.0,499813.0,499791.0,499770.0,499750.0,499720.0,499686.0,499655.0,499608.0,499556.0,499505.0,499455.0,499378.0,499303.0,499212.0,499113.0,498986.0,498856.0,498717.0,498555.0,498361.0,498148.0,497889.0,497607.0,497327.0,497221.0,497125.0,497033.0,496945.0,496849.0,496765.0,496678.0,496609.0,496555.0,496494.0,496451.0,496407.0,496370.0,496345.0,496301.0,496281.0,496267.0,496244.0,496225.0,496213.0,496202.0,496187.0,496179.0,496172.0,496163.0,496152.0,496146.0,496138.0,496135.0,496129.0,496124.0,496123.0,496122.0,496120.0
499995.0,499994.0,499994.0,499994.0,499993.0,499991.0,499988.0,499986.0,499981.0,499979.0,499976.0,499973.0,499969.0,499963.0,499955.0,499945.0,499940.0,499931.0,499920.0,499907.0,499897.0,499881.0,499871.0,499852.0,499830.0,499806.0,499779.0,499761.0,499738.0,499710.0,499679.0,499649.0,499614.0,499561.0,499515.0,499462.0,499409.0,499337.0,499274.0,499189.0,499102.0,498988.0,498867.0,498715.0,498564.0,498380.0,498185.0,497949.0,497676.0,497390.0,497279.0,497155.0,497063.0,496963.0,496859.0,496770.0,496700.0,496634.0,496577.0,496520.0,496467.0,496424.0,496379.0,496354.0,496326.0,496299.0,496274.0,496257.0,496232.0,496219.0,496207.0,496188.0,496175.0,496158.0,496144.0,496136.0,496131.0,496124.0,496120.0,496116.0,496116.0,496112.0,496111.0,496107.0
499995.0,499992.0,499991.0,499989.0,499988.0,499987.0,499987.0,499985.0,499981.0,499978.0,499973.0,499972.0,499969.0,499967.0,499962.0,499959.0,499953.0,499946.0,499935.0,499930.0,499917.0,499900.0,499884.0,499870.0,499854.0,499833.0,499817.0,499795.0,499768.0,499737.0,499696.0,499658.0,499615.0,499566.0,499508.0,499437.0,499335.0,499253.0,499162.0,499062.0,498925.0,498756.0,498607.0,498447.0,498223.0,498004.0,497727.0,497427.0,497087.0,496708.0,496559.0,496404.0,496293.0,496166.0,496045.0,495938.0,495845.0,495747.0,495672.0,495614.0,495551.0,495487.0,495432.0,495380.0,495334.0,495296.0,495256.0,495225.0,495199.0,495168.0,495149.0,495134.0,495115.0,495101.0,495083.0,495057.0,495050.0,495038.0,495029.0,495020.0,495007.0,495001.0,494995.0,494991.0
499995.0,499993.0,499993.0,499992.0,499992.0,499992.0,499991.0,499987.0,499984.0,499984.0,499981.0,499977.0,499971.0,499965.0,499963.0,499961.0,499955.0,499949.0,499945.0,499935.0,499923.0,499913.0,499899.0,499884.0,499866.0,499855.0,499842.0,499820.0,499801.0,499772.0,499739.0,499707.0,499676.0,499635.0,499591.0,499534.0,499469.0,499395.0,499322.0,499239.0,499138.0,499036.0,498914.0,498777.0,498603.0,498400.0,498192.0,497946.0,497681.0,497371.0,497269.0,497164.0,497066.0,496960.0,496865.0,496771.0,496670.0,496602.0,496535.0,496479.0,496438.0,496393.0,496356.0,496323.0,496288.0,496256.0,496231.0,496198.0,496173.0,496150.0,496124.0,496106.0,496090.0,496076.0,496070.0,496055.0,496047.0,496036.0,496030.0,496022.0,496013.0,496007.0,496005.0,496000.0
499995.0,499994.0,499993.0,499993.0,499992.0,499990.0,499989.0,499987.0,499984.0,499984.0,499983.0,499982.0,499980.0,499979.0,499975.0,499971.0,499965.0,499964.0,499961.0,499958.0,499952.0,499948.0,499938.0,499927.0,499912.0,499897.0,499879.0,499861.0,499842.0,499826.0,499803.0,499780.0,499760.0,499733.0,499691.0,499649.0,499602.0,499556.0,499493.0,499426.0,499358.0,499285.0,499178.0,499082.0,498959.0,498825.0,498662.0,498484.0,498282.0,498050.0,497959.0,497879.0,497803.0,497736.0,497664.0,497593.0,497531.0,497474.0,497432.0,497387.0,497356.0,497323.0,497290.0,497266.0,497243.0,497218.0,497196.0,497175.0,497161.0,497147.0,497137.0,497126.0,497121.0,497114.0,497108.0,497104.0,497100.0,497093.0,497089.0,497083.0,497079.0,497078.0,497074.0,497071.0
499995.0,499995.0,499995.0,499994.0,499991.0,499991.0,499990.0,499988.0,499984.0,499979.0,499974.0,499972.0,499969.0,499963.0,499957.0,499949.0,499941.0,499931.0,499924.0,499915.0,499905.0,499891.0,499880.0,499861.0,499844.0,499825.0,499802.0,499776.0,499749.0,499722.0,499679.0,499618.0,499550.0,499471.0,499399.0,499320.0,499216.0,499128.0,499012.0,498874.0,498719.0,498527.0,498320.0,498085.0,497828.0,497592.0,497278.0,496941.0,496552.0,496087.0,495925.0,495774.0,495614.0,495453.0,495306.0,495157.0,495039.0,494933.0,494843.0,494751.0,494662.0,494592.0,494540.0,494485.0,494433.0,494392.0,494349.0,494302.0,494271.0,494241.0,494218.0,494198.0,494177.0,494163.0,494149.0,494137.0,494126.0,494118.0,494106.0,494103.0,494093.0,494083.0,494079.0,494072.0
499995.0,499995.0,499994.0,499993.0,499993.0,499993.0,499992.0,499991.0,499988.0,499987.0,499986.0,499985.0,499981.0,499978.0,499975.0,499974.0,499971.0,499971.0,499970.0,499967.0,499964.0,499958.0,499951.0,499946.0,499944.0,499941.0,499937.0,499924.0,499915.0,499903.0,499894.0,499887.0,499877.0,499867.0,499848.0,499835.0,499812.0,499802.0,499782.0,499760.0,499744.0,499729.0,499697.0,499654.0,499612.0,499572.0,499534.0,499492.0,499427.0,499354.0,499327.0,499309.0,499285.0,499264.0,499250.0,499225.0,499207.0,499193.0,499177.0,499172.0,499155.0,499143.0,499136.0,499131.0,499123.0,499114.0,499106.0,499102.0,499098.0,499096.0,499094.0,499091.0,499086.0,499083.0,499081.0,499075.0,499074.0,499072.0,499070.0,499067.0,499067.0,499065.0,499064.0,499064.0
499995.0,499995.0,499994.0,499992.0,499987.0,499985.0,499981.0,499979.0,499975.0,499969.0,499963.0,499953.0,499947.0,499939.0,499932.0,499923.0,499910.0,499893.0,499874.0,499852.0,499833.0,499804.0,499773.0,499753.0,499718.0,499679.0,499628.0,499589.0,499539.0,499479.0,499411.0,499333.0,499241.0,499143.0,499027.0,498890.0,498762.0,498589.0,498428.0,498215.0,498002.0,497762.0,497441.0,497056.0,496639.0,496208.0,495725.0,495133.0,494503.0,493808.0,493545.0,493268.0,493036.0,492787.0,492566.0,492346.0,492155.0,492006.0,491846.0,491709.0,491596.0,491495.0,491392.0,491329.0,491249.0,491183.0,491121.0,491064.0,491016.0,490977.0,490943.0,490913.0,490874.0,490841.0,490818.0,490789.0,490769.0,490757.0,490742.0,490721.0,490716.0,490706.0,490695.0,490687.0
499995.0,499994.0,499994.0,499993.0,499993.0,499992.0,499988.0,499988.0,499986.0,499984.0,499980.0,499973.0,499970.0,499963.0,499952.0,499949.0,499931.0,499919.0,499910.0,499893.0,499869.0,499851.0,499832.0,499797.0,499773.0,499744.0,499715.0,499679.0,499628.0,499579.0,499512.0,499426.0,499350.0,499246.0,499143.0,499039.0,498913.0,498770.0,498607.0,498407.0,498210.0,497944.0,497661.0,497328.0,496960.0,496567.0,496122.0,495605.0,495020.0,494315.0,494053.0,493793.0,493556.0,493341.0,493134.0,492943.0,492792.0,492669.0,492529.0,492417.0,492288.0,492202.0,492107.0,492012.0,491931.0,491869.0,491816.0,491771.0,491727.0,491695.0,491653.0,491620.0,491597.0,491562.0,491538.0,491514.0,491491.0,491474.0,491457.0,491443.0,491430.0,491413.0,491405.0,491395.0
499995.0,499994.0,499993.0,499993.0,499991.0,499989.0,499986.0,499983.0,499980.0,499975.0,499968.0,499965.0,499964.0,499954.0,499946.0,499939.0,499930.0,499919.0,499910.0,499899.0,499885.0,499869.0,499859.0,499847.0,499821.0,499797.0,499768.0,499743.0,499711.0,499681.0,499634.0,499585.0,499537.0,499477.0,499412.0,499335.0,499255.0,499172.0,499066.0,498939.0,498818.0,498668.0,498464.0,498267.0,498064.0,497829.0,497579.0,497271.0,496941.0,496526.0,496353.0,496226.0,496070.0,495936.0,495803.0,495700.0,495592.0,495504.0,495419.0,495350.0,495279.0,495224.0,495182.0,495140.0,495107.0,495072.0,495045.0,495023.0,495006.0,494985.0,494968.0,494954.0,494943.0,494925.0,494918.0,494915.0,494907.0,494897.0,494893.0,494887.0,494882.0,494876.0,494871.0,494871.0
499995.0,499995.0,499994.0,499991.0,499988.0,499982.0,499977.0,499971.0,499962.0,499956.0,499950.0,499943.0,499934.0,499924.0,499911.0,499899.0,499880.0,499863.0,499841.0,499824.0,499808.0,499785.0,499763.0,499732.0,499702.0,499675.0,499630.0,499583.0,499533.0,499480.0,499417.0,499344.0,499269.0,499179.0,499072.0,498959.0,498829.0,498695.0,498506.0,498319.0,498093.0,497829.0,497560.0,497260.0,496898.0,496498.0,496060.0,495559.0,494968.0,494395.0,494144.0,493912.0,493676.0,493472.0,493290.0,493102.0,492935.0,492787.0,492659.0,492559.0,492440.0,492372.0,492286.0,492223.0,492161.0,492103.0,492054.0,492024.0,491983.0,491937.0,491907.0,491876.0,491857.0,491834.0,491822.0,491805.0,491795.0,491781.0,491770.0,491761.0,491749.0,491743.0,491742.0,491738.0
499995.0,499995.0,499994.0,499994.0,499994.0,499994.0,499994.0,499993.0,499991.0,499990.0,499989.0,499986.0,499983.0,499978.0,499975.0,499969.0,499968.0,499961.0,499954.0,499948.0,499940.0,499936.0,499929.0,499924.0,499916.0,499901.0,499887.0,499869.0,499855.0,499837.0,499823.0,499803.0,499776.0,499749.0,499709.0,499667.0,499629.0,499582.0,499519.0,499457.0,499396.0,499310.0,499229.0,499112.0,499002.0,498869.0,498704.0,498541.0,498373.0,498173.0,498095.0,498013.0,497936.0,497865.0,497804.0,497733.0,497672.0,497609.0,497569.0,497529.0,497502.0,497465.0,497426.0,497402.0,497378.0,497359.0,497342.0,497330.0,497320.0,497310.0,497304.0,497295.0,497287.0,497279.0,497268.0,497265.0,497259.0,497255.0,497251.0,497251.0,497249.0,497246.0,497243.0,497242.0
499995.0,499995.0,499993.0,499993.0,499992.0,499991.0,499991.0,499989.0,499985.0,499980.0,499978.0,499975.0,499970.0,499962.0,499959.0,499953.0,499947.0,499943.0,499933.0,499920.0,499907.0,499892.0,499869.0,499850.0,499823.0,499795.0,499760.0,499727.0,499686.0,499646.0,499589.0,499539.0,499484.0,499422.0,499340.0,499244.0,499151.0,499032.0,498879.0,498737.0,498567.0,498381.0,498140.0,497891.0,497604.0,497288.0,496911.0,496470.0,495946.0,495400.0,495199.0,494997.0,494789.0,494607.0,494425.0,494274.0,494144.0,494000.0,493886.0,493800.0,493714.0,493641.0,493564.0,493502.0,493448.0,493408.0,493360.0,493327.0,493292.0,493258.0,493229.0,493203.0,493188.0,493171.0,493160.0,493140.0,493124.0,493111.0,493102.0,493096.0,493093.0,493090.0,493085.0,493078.0
499995.0,499994.0,499993.0,499992.0,499992.0,499991.0,499990.0,499989.0,499988.0,499986.0,499982.0,499978.0,499973.0,499968.0,499963.0,499960.0,499957.0,499951.0,499944.0,499931.0,499922.0,499911.0,499906.0,499893.0,499881.0,499864.0,499855.0,499834.0,499821.0,499791.0,499770.0,499734.0,499702.0,499663.0,499620.0,499566.0,499492.0,499427.0,499357.0,499269.0,499174.0,499099.0,498976.0,498847.0,498701.0,498543.0,498353.0,498122.0,497889.0,497653.0,497539.0,497434.0,497338.0,497241.0,497175.0,497087.0,497023.0,496965.0,496907.0,496864.0,496822.0,496785.0,496759.0,496732.0,496709.0,496691.0,496666.0,496649.0,496625.0,496610.0,496599.0,496585.0,496576.0,496568.0,496557.0,496546.0,496539.0,496533.0,496531.0,496525.0,496524.0,496519.0,496515.0,496511.0
499995.0,499994.0,499992.0,499990.0,499990.0,499987.0,499983.0,499980.0,499977.0,499975.0,499971.0,499966.0,499965.0,499958.0,499954.0,499944.0,499934.0,499921.0,499911.0,499895.0,499888.0,499870.0,499856.0,499839.0,499819.0,499792.0,499762.0,499732.0,499694.0,499650.0,499613.0,499573.0,499501.0,499429.0,499344.0,499253.0,499141.0,499008.0,498887.0,498730.0,498550.0,498356.0,498120.0,497867.0,497594.0,497268.0,496911.0,496479.0,496000.0,495486.0,495265.0,495056.0,494858.0,494693.0,494514.0,494382.0,494262.0,494148.0,494029.0,493942.0,493861.0,493800.0,493741.0,493687.0,493627.0,493581.0,493546.0,493515.0,493480.0,493460.0,493423.0,493394.0,493377.0,493368.0,493351.0,493337.0,493331.0,493324.0,493320.0,493314.0,493303.0,493301.0,493291.0,493284.0
499995.0,499994.0,499993.0,499992.0,499991.0,499991.0,499990.0,499990.0,499990.0,499990.0,499990.0,499989.0,499988.0,499987.0,499984.0,499984.0,499983.0,499982.0,499981.0,499980.0,499980.0,499980.0,499980.0,499978.0,499975.0,499974.0,499974.0,499972.0,499969.0,499966.0,499966.0,499964.0,499958.0,499953.0,499950.0,499946.0,499937.0,499926.0,499916.0,499913.0,499904.0,499896.0,499875.0,499863.0,499848.0,499831.0,499807.0,499786.0,499768.0,499741.0,499734.0,499722.0,499716.0,499709.0,499700.0,499688.0,499679.0,499672.0,499667.0,499660.0,499653.0,499647.0,499644.0,499643.0,499642.0,499638.0,499638.0,499636.0,499633.0,499632.0,499632.0,499631.0,499630.0,499629.0,499628.0,499628.0,499627.0,499627.0,499627.0,499627.0,499626.0,499626.0,499626.0,499626.0
499995.0,499995.0,499992.0,499991.0,499991.0,499990.0,499990.0,499988.0,499988.0,499987.0,499985.0,499983.0,499983.0,499980.0,499978.0,499976.0,499972.0,499968.0,499964.0,499956.0,499948.0,499931.0,499921.0,499910.0,499895.0,499877.0,499856.0,499823.0,499793.0,499745.0,499698.0,499648.0,499592.0,499526.0,499451.0,499360.0,499266.0,499167.0,499060.0,498917.0,498764.0,498592.0,498392.0,498159.0,497885.0,497577.0,497233.0,496850.0,496432.0,495955.0,495782.0,495615.0,495458.0,495309.0,495166.0,495029.0,494903.0,494793.0,494702.0,494619.0,494543.0,494469.0,494399.0,494351.0,494293.0,494250.0,494208.0,494178.0,494148.0,494122.0,494092.0,494061.0,494037.0,494023.0,494008.0,493993.0,493983.0,493972.0,493960.0,493954.0,493943.0,493932.0,493922.0,493917.0
499995.0,499994.0,499993.0,499992.0,499991.0,499989.0,499987.0,499985.0,499982.0,499981.0,499976.0,499973.0,499972.0,499966.0,499958.0,499953.0,499944.0,499936.0,499931.0,499924.0,499909.0,499894.0,499876.0,499855.0,499821.0,499792.0,499764.0,499736.0,499705.0,499663.0,499630.0,499588.0,499541.0,499498.0,499448.0,499395.0,499325.0,499236.0,499141.0,499024.0,498889.0,498692.0,498535.0,498362.0,498116.0,497899.0,497628.0,497317.0,496962.0,496531.0,496380.0,496231.0,496109.0,495991.0,495876.0,495768.0,495659.0,495565.0,495491.0,495429.0,495363.0,495314.0,495267.0,495229.0,495191.0,495159.0,495128.0,495110.0,495092.0,495073.0,495061.0,495051.0,495037.0,495023.0,495009.0,494994.0,494984.0,494976.0,494973.0,494968.0,494963.0,494960.0,494953.0,494946.0
499995.0,499995.0,499995.0,499994.0,499992.0,499989.0,499986.0,499985.0,499983.0,499981.0,499974.0,499968.0,499966.0,499963.0,499958.0,499951.0,499943.0,499933.0,499925.0,499920.0,499912.0,499902.0,499878.0,499855.0,499840.0,499819.0,499798.0,499770.0,499731.0,499702.0,499663.0,499608.0,499558.0,499503.0,499452.0,499379.0,499301.0,499222.0,499139.0,499028.0,498893.0,498753.0,498585.0,498393.0,498198.0,497961.0,497673.0,497383.0,497028.0,496660.0,496522.0,496388.0,496258.0,496137.0,496020.0,495908.0,495810.0,495714.0,495658.0,495588.0,495541.0,495494.0,495449.0,495401.0,495359.0,495333.0,495308.0,495286.0,495269.0,495247.0,495233.0,495220.0,495210.0,495200.0,495189.0,495176.0,495168.0,495164.0,495160.0,495158.0,495157.0,495156.0,495156.0,495155.0
499995.0,499994.0,499994.0,499993.0,499991.0,499989.0,499988.0,499986.0,499985.0,499982.0,499981.0,499979.0,499976.0,499972.0,499970.0,499970.0,499965.0,499959.0,499951.0,499948.0,499941.0,499934.0,499925.0,499913.0,499905.0,499890.0,499876.0,499857.0,499835.0,499807.0,499779.0,499760.0,499729.0,499696.0,499672.0,499625.0,499577.0,499525.0,499467.0,499391.0,499322.0,499246.0,499156.0,499049.0,498938.0,498787.0,498632.0,498450.0,498248.0,498011.0,497924.0,497854.0,497759.0,497673.0,497605.0,497535.0,497468.0,497409.0,497356.0,497317.0,497273.0,497237.0,497198.0,497161.0,497138.0,497118.0,497101.0,497088.0,497065.0,497047.0,497034.0,497023.0,497015.0,497006.0,497000.0,496996.0,496992.0,496987.0,496986.0,496982.0,496978.0,496975.0,496972.0,496970.0
499995.0,499992.0,499991.0,499990.0,499990.0,499986.0,499981.0,499978.0,499968.0,499964.0,499955.0,499949.0,499938.0,499926.0,499915.0,499902.0,499890.0,499873.0,499846.0,499816.0,499784.0,499748.0,499714.0,499675.0,499622.0,499562.0,499509.0,499429.0,499347.0,499260.0,499160.0,499060.0,498893.0,498744.0,498572.0,498374.0,498147.0,497876.0,497597.0,497256.0,496850.0,496429.0,495968.0,495405.0,494802.0,494084.0,493305.0,492464.0,491484.0,490405.0,490003.0,489615.0,489220.0,488863.0,488522.0,488202.0,487941.0,487677.0,487452.0,487279.0,487112.0,486991.0,486861.0,486741.0,486643.0,486549.0,486460.0,486377.0,486318.0,486273.0,486217.0,486177.0,486147.0,486111.0,486086.0,486066.0,486041.0,486023.0,486005.0,485992.0,485975.0,485965.0,485956.0,485945.0
499995.0,499995.0,499992.0,499992.0,499991.0,499991.0,499991.0,499989.0,499987.0,499985.0,499984.0,499983.0,499983.0,499980.0,499980.0,499977.0,499974.0,499973.0,499970.0,499967.0,499962.0,499955.0,499948.0,499943.0,499935.0,499926.0,499919.0,499910.0,499896.0,499881.0,499867.0,499846.0,499826.0,499803.0,499780.0,499761.0,499724.0,499694.0,499658.0,499612.0,499557.0,499500.0,499444.0,499380.0,499298.0,499202.0,499105.0,498995.0,498864.0,498706.0,498664.0,498615.0,498566.0,498511.0,498467.0,498427.0,498390.0,498359.0,498331.0,498304.0,498282.0,498267.0,498254.0,498240.0,498227.0,498212.0,498197.0,498184.0,498178.0,498169.0,498165.0,498162.0,498155.0,498151.0,498150.0,498146.0,498143.0,498143.0,498140.0,498137.0,498136.0,498134.0,498132.0,498131.0
499995.0,499995.0,499994.0,499992.0,499991.0,499990.0,499988.0,499986.0,499982.0,499980.0,499978.0,499973.0,499968.0,499963.0,499959.0,499956.0,499952.0,499946.0,499943.0,499933.0,499923.0,499916.0,499908.0,499896.0,499884.0,499868.0,499853.0,499835.0,499815.0,499788.0,499763.0,499739.0,499699.0,499664.0,499608.0,499553.0,499497.0,499432.0,499344.0,499265.0,499169.0,499049.0,498918.0,498794.0,498627.0,498418.0,498219.0,497972.0,497685.0,497375.0,497271.0,497183.0,497084.0,496987.0,496889.0,496801.0,496724.0,496650.0,496587.0,496527.0,496476.0,496427.0,496388.0,496361.0,496334.0,496306.0,496279.0,496261.0,496237.0,496219.0,496203.0,496187.0,496174.0,496169.0,496158.0,496150.0,496141.0,496134.0,496121.0,496116.0,496110.0,496104.0,496097.0,496096.0
499995.0,499995.0,499995.0,499994.0,499994.0,499993.0,499990.0,499987.0,499986.0,499984.0,499984.0,499983.0,499981.0,499979.0,499975.0,499972.0,499968.0,499964.0,499962.0,499958.0,499953.0,499948.0,499944.0,499935.0,499929.0,499918.0,499904.0,499896.0,499886.0,499869.0,499859.0,499848.0,499833.0,499814.0,499801.0,499782.0,499756.0,499727.0,499705.0,499664.0,499622.0,499570.0,499514.0,499454.0,499398.0,499324.0,499232.0,499122.0,499015.0,498887.0,498841.0,498790.0,498747.0,498710.0,498672.0,498632.0,498606.0,498575.0,498546.0,498529.0,498511.0,498492.0,498477.0,498453.0,498439.0,498425.0,498416.0,498406.0,498393.0,498386.0,498378.0,498372.0,498365.0,498363.0,498355.0,498345.0,498343.0,498342.0,498338.0,498335.0,498333.0,498331.0,498330.0,498327.0
