0.0,0.0,0.0,0.0,1.0,1.0,1.0,2.0,2.0,2.0,4.0,5.0,5.0,5.0,3.0,3.0,4.0,4.0,5.0,5.0,5.0,6.0,9.0,9.0,9.0,9.0,10.0,8.0,10.0,13.0,15.0,18.0,20.0,23.0,28.0,36.0,35.0,38.0,37.0,39.0,52.0,54.0,69.0,78.0,92.0,96.0,107.0,128.0,151.0,166.0,194.0,242.0,278.0,317.0,355.0,401.0,439.0,474.0,517.0,540.0,566.0,582.0,598.0,579.0,588.0,600.0,599.0,596.0,588.0,572.0,565.0,550.0,524.0,499.0,492.0,473.0,458.0,451.0,439.0,423.0,404.0,380.0,365.0,350.0,340.0,324.0
0.0,0.0,0.0,0.0,1.0,1.0,1.0,2.0,3.0,2.0,2.0,3.0,5.0,6.0,5.0,6.0,5.0,5.0,6.0,9.0,10.0,10.0,11.0,13.0,16.0,18.0,22.0,24.0,24.0,25.0,29.0,37.0,44.0,54.0,62.0,68.0,76.0,85.0,95.0,106.0,118.0,129.0,159.0,172.0,185.0,189.0,210.0,220.0,243.0,276.0,305.0,347.0,404.0,446.0,495.0,559.0,625.0,690.0,734.0,793.0,819.0,848.0,855.0,867.0,857.0,861.0,837.0,826.0,808.0,787.0,768.0,749.0,734.0,708.0,674.0,651.0,628.0,595.0,573.0,558.0,525.0,503.0,478.0,450.0,421.0,405.0
0.0,0.0,0.0,0.0,0.0,0.0,1.0,2.0,2.0,3.0,4.0,5.0,4.0,3.0,5.0,5.0,9.0,7.0,10.0,10.0,10.0,12.0,15.0,16.0,19.0,21.0,27.0,33.0,37.0,33.0,39.0,49.0,64.0,71.0,83.0,97.0,112.0,117.0,129.0,142.0,153.0,163.0,192.0,209.0,250.0,258.0,282.0,320.0,361.0,402.0,461.0,536.0,607.0,685.0,760.0,836.0,949.0,1011.0,1073.0,1120.0,1163.0,1180.0,1214.0,1206.0,1229.0,1223.0,1217.0,1214.0,1184.0,1150.0,1122.0,1078.0,1046.0,1021.0,991.0,953.0,923.0,890.0,856.0,823.0,795.0,765.0,733.0,704.0,667.0,649.0
0.0,0.0,0.0,0.0,0.0,0.0,0.0,2.0,3.0,2.0,3.0,7.0,6.0,7.0,6.0,8.0,12.0,16.0,20.0,24.0,25.0,32.0,36.0,42.0,52.0,61.0,61.0,75.0,85.0,100.0,118.0,143.0,156.0,173.0,186.0,212.0,258.0,295.0,341.0,380.0,426.0,489.0,551.0,613.0,696.0,788.0,899.0,997.0,1136.0,1263.0,1446.0,1618.0,1835.0,2055.0,2331.0,2605.0,2885.0,3132.0,3296.0,3459.0,3573.0,3686.0,3726.0,3747.0,3751.0,3764.0,3688.0,3631.0,3579.0,3495.0,3410.0,3360.0,3251.0,3130.0,3031.0,2913.0,2822.0,2705.0,2593.0,2505.0,2375.0,2284.0,2207.0,2109.0,2014.0,1920.0
0.0,0.0,0.0,1.0,1.0,2.0,2.0,1.0,2.0,3.0,5.0,5.0,5.0,5.0,5.0,5.0,8.0,8.0,7.0,7.0,7.0,7.0,7.0,8.0,10.0,12.0,13.0,13.0,14.0,17.0,15.0,15.0,16.0,16.0,18.0,21.0,25.0,36.0,42.0,43.0,43.0,51.0,59.0,68.0,81.0,90.0,102.0,105.0,127.0,143.0,170.0,190.0,221.0,245.0,281.0,314.0,343.0,376.0,402.0,425.0,449.0,455.0,466.0,471.0,485.0,480.0,472.0,479.0,478.0,482.0,472.0,466.0,450.0,430.0,414.0,406.0,399.0,389.0,373.0,367.0,359.0,342.0,326.0,315.0,309.0,294.0
0.0,0.0,0.0,0.0,0.0,1.0,2.0,2.0,4.0,6.0,7.0,9.0,11.0,12.0,11.0,13.0,14.0,17.0,19.0,21.0,22.0,23.0,25.0,26.0,27.0,28.0,33.0,36.0,37.0,36.0,38.0,38.0,41.0,42.0,41.0,42.0,43.0,51.0,59.0,63.0,70.0,81.0,90.0,94.0,105.0,117.0,133.0,141.0,154.0,175.0,191.0,208.0,245.0,262.0,289.0,323.0,353.0,379.0,402.0,427.0,443.0,447.0,461.0,462.0,472.0,481.0,481.0,475.0,462.0,450.0,440.0,429.0,415.0,395.0,388.0,374.0,359.0,346.0,333.0,316.0,303.0,292.0,279.0,270.0,256.0,249.0
0.0,0.0,0.0,0.0,0.0,0.0,1.0,2.0,3.0,3.0,3.0,3.0,3.0,3.0,3.0,4.0,4.0,3.0,3.0,4.0,5.0,5.0,5.0,5.0,5.0,4.0,4.0,7.0,8.0,8.0,8.0,11.0,12.0,11.0,11.0,15.0,17.0,16.0,15.0,18.0,19.0,20.0,22.0,25.0,28.0,27.0,30.0,35.0,38.0,43.0,49.0,51.0,62.0,71.0,85.0,94.0,105.0,108.0,115.0,128.0,124.0,130.0,129.0,130.0,125.0,123.0,129.0,127.0,127.0,131.0,131.0,124.0,121.0,118.0,118.0,116.0,113.0,108.0,104.0,101.0,97.0,98.0,93.0,88.0,84.0,79.0
0.0,0.0,0.0,0.0,0.0,0.0,0.0,0.0,0.0,0.0,0.0,0.0,0.0,2.0,1.0,4.0,7.0,9.0,10.0,12.0,16.0,20.0,19.0,23.0,30.0,30.0,36.0,47.0,55.0,64.0,74.0,87.0,108.0,113.0,123.0,142.0,152.0,174.0,190.0,221.0,257.0,298.0,344.0,385.0,438.0,509.0,581.0,649.0,725.0,825.0,922.0,1050.0,1183.0,1335.0,1495.0,1656.0,1767.0,1876.0,1988.0,2109.0,2183.0,2225.0,2236.0,2239.0,2215.0,2240.0,2198.0,2166.0,2129.0,2135.0,2079.0,2032.0,1983.0,1907.0,1842.0,1795.0,1737.0,1683.0,1631.0,1559.0,1506.0,1438.0,1375.0,1336.0,1297.0,1249.0
0.0,0.0,0.0,0.0,1.0,1.0,2.0,4.0,3.0,4.0,5.0,5.0,5.0,5.0,7.0,8.0,8.0,9.0,10.0,10.0,11.0,12.0,10.0,10.0,9.0,12.0,12.0,12.0,15.0,21.0,24.0,27.0,32.0,41.0,51.0,56.0,59.0,67.0,77.0,89.0,99.0,107.0,123.0,144.0,156.0,169.0,189.0,209.0,235.0,280.0,324.0,363.0,416.0,463.0,515.0,573.0,631.0,685.0,746.0,772.0,812.0,861.0,882.0,873.0,871.0,884.0,880.0,868.0,851.0,825.0,796.0,774.0,752.0,713.0,694.0,669.0,638.0,616.0,593.0,574.0,552.0,528.0,508.0,482.0,462.0,448.0
0.0,0.0,0.0,0.0,0.0,1.0,1.0,1.0,1.0,1.0,2.0,2.0,3.0,2.0,4.0,4.0,5.0,6.0,6.0,6.0,7.0,7.0,10.0,14.0,16.0,17.0,16.0,20.0,25.0,29.0,34.0,39.0,44.0,48.0,54.0,62.0,72.0,88.0,99.0,113.0,130.0,148.0,162.0,166.0,192.0,220.0,238.0,273.0,299.0,342.0,389.0,417.0,447.0,502.0,548.0,610.0,661.0,726.0,768.0,801.0,836.0,854.0,856.0,862.0,842.0,846.0,835.0,822.0,811.0,789.0,769.0,747.0,727.0,706.0,688.0,670.0,648.0,612.0,577.0,546.0,533.0,510.0,500.0,487.0,465.0,452.0
0.0,0.0,0.0,0.0,1.0,1.0,2.0,3.0,4.0,6.0,7.0,8.0,8.0,9.0,12.0,13.0,13.0,12.0,13.0,16.0,20.0,23.0,27.0,32.0,36.0,38.0,42.0,50.0,52.0,58.0,63.0,80.0,95.0,112.0,144.0,165.0,181.0,200.0,218.0,236.0,265.0,310.0,353.0,405.0,453.0,509.0,586.0,679.0,768.0,851.0,963.0,1073.0,1197.0,1324.0,1505.0,1680.0,1871.0,2002.0,2110.0,2224.0,2298.0,2364.0,2419.0,2438.0,2451.0,2433.0,2421.0,2374.0,2315.0,2285.0,2250.0,2207.0,2134.0,2061.0,2003.0,1927.0,1862.0,1810.0,1747.0,1681.0,1624.0,1537.0,1477.0,1426.0,1369.0,1291.0
0.0,0.0,0.0,0.0,0.0,2.0,3.0,3.0,4.0,4.0,5.0,5.0,5.0,5.0,7.0,7.0,7.0,10.0,11.0,12.0,11.0,12.0,13.0,14.0,13.0,14.0,15.0,16.0,16.0,20.0,24.0,27.0,35.0,44.0,43.0,47.0,49.0,55.0,59.0,58.0,63.0,66.0,79.0,88.0,104.0,120.0,135.0,158.0,185.0,207.0,212.0,243.0,282.0,303.0,326.0,362.0,390.0,423.0,455.0,482.0,494.0,506.0,516.0,514.0,516.0,511.0,506.0,505.0,498.0,485.0,468.0,458.0,454.0,441.0,423.0,411.0,393.0,386.0,375.0,362.0,348.0,333.0,314.0,304.0,292.0,289.0
0.0,0.0,0.0,0.0,1.0,3.0,3.0,4.0,4.0,6.0,7.0,7.0,7.0,8.0,8.0,7.0,7.0,7.0,7.0,7.0,7.0,6.0,6.0,6.0,6.0,6.0,6.0,6.0,5.0,5.0,5.0,5.0,4.0,4.0,4.0,4.0,4.0,3.0,3.0,3.0,3.0,3.0,3.0,3.0,3.0,3.0,3.0,3.0,3.0,3.0,3.0,3.0,3.0,3.0,3.0,3.0,3.0,3.0,3.0,3.0,3.0,3.0,3.0,3.0,3.0,3.0,3.0,2.0,2.0,2.0,2.0,2.0,2.0,2.0,2.0,2.0,2.0,2.0,2.0,2.0,2.0,2.0,2.0,2.0,2.0,2.0
0.0,0.0,0.0,0.0,1.0,2.0,2.0,2.0,1.0,1.0,1.0,1.0,1.0,1.0,1.0,1.0,0.0,0.0,0.0,0.0,0.0,0.0,0.0,0.0,0.0,0.0,0.0,0.0,0.0,0.0,0.0,0.0,0.0,0.0,0.0,0.0,0.0,0.0,0.0,0.0,0.0,0.0,0.0,0.0,0.0,0.0,0.0,0.0,0.0,0.0,0.0,0.0,0.0,0.0,0.0,0.0,0.0,0.0,0.0,0.0,0.0,0.0,0.0,0.0,0.0,0.0,0.0,0.0,0.0,0.0,0.0,0.0,0.0,0.0,0.0,0.0,0.0,0.0,0.0,0.0,0.0,0.0,0.0,0.0,0.0,0.0
0.0,0.0,0.0,0.0,1.0,3.0,2.0,3.0,6.0,6.0,6.0,7.0,6.0,8.0,9.0,9.0,9.0,15.0,16.0,17.0,18.0,21.0,27.0,31.0,39.0,42.0,52.0,64.0,70.0,77.0,83.0,93.0,104.0,117.0,128.0,150.0,166.0,178.0,196.0,216.0,229.0,254.0,277.0,318.0,360.0,401.0,445.0,533.0,594.0,680.0,767.0,872.0,971.0,1101.0,1225.0,1341.0,1439.0,1545.0,1637.0,1715.0,1788.0,1841.0,1887.0,1899.0,1924.0,1908.0,1884.0,1868.0,1841.0,1804.0,1767.0,1721.0,1660.0,1624.0,1574.0,1523.0,1477.0,1406.0,1366.0,1333.0,1283.0,1244.0,1213.0,1177.0,1143.0,1096.0
0.0,0.0,0.0,0.0,0.0,0.0,0.0,2.0,4.0,7.0,7.0,7.0,8.0,10.0,11.0,15.0,18.0,19.0,19.0,21.0,24.0,29.0,33.0,37.0,43.0,48.0,53.0,63.0,68.0,72.0,87.0,90.0,105.0,113.0,127.0,137.0,154.0,159.0,182.0,201.0,230.0,246.0,274.0,301.0,348.0,381.0,424.0,467.0,539.0,631.0,716.0,796.0,867.0,960.0,1087.0,1215.0,1315.0,1411.0,1507.0,1571.0,1662.0,1680.0,1689.0,1719.0,1710.0,1678.0,1674.0,1636.0,1614.0,1597.0,1552.0,1506.0,1463.0,1413.0,1368.0,1320.0,1262.0,1215.0,1162.0,1120.0,1082.0,1036.0,1003.0,963.0,931.0,892.0
0.0,0.0,0.0,0.0,0.0,0.0,1.0,1.0,1.0,2.0,3.0,3.0,4.0,6.0,6.0,7.0,10.0,12.0,15.0,16.0,15.0,16.0,15.0,19.0,22.0,28.0,31.0,38.0,44.0,53.0,64.0,77.0,89.0,104.0,115.0,132.0,147.0,156.0,171.0,184.0,206.0,241.0,285.0,313.0,361.0,400.0,477.0,526.0,589.0,656.0,738.0,842.0,957.0,1068.0,1186.0,1318.0,1445.0,1572.0,1666.0,1771.0,1824.0,1866.0,1935.0,1954.0,1961.0,1961.0,1938.0,1912.0,1860.0,1834.0,1787.0,1735.0,1701.0,1642.0,1586.0,1549.0,1496.0,1421.0,1372.0,1334.0,1279.0,1209.0,1178.0,1140.0,1102.0,1045.0
0.0,0.0,0.0,0.0,0.0,1.0,2.0,4.0,6.0,10.0,13.0,13.0,13.0,15.0,18.0,23.0,27.0,31.0,32.0,34.0,37.0,37.0,40.0,46.0,45.0,49.0,58.0,63.0,68.0,72.0,81.0,87.0,95.0,109.0,115.0,141.0,160.0,177.0,204.0,226.0,253.0,281.0,315.0,359.0,391.0,432.0,475.0,537.0,594.0,659.0,763.0,896.0,1007.0,1118.0,1287.0,1432.0,1573.0,1735.0,1826.0,1922.0,1987.0,2030.0,2034.0,2036.0,2049.0,2073.0,2061.0,2035.0,2005.0,1956.0,1885.0,1819.0,1770.0,1721.0,1664.0,1605.0,1550.0,1489.0,1410.0,1353.0,1303.0,1257.0,1205.0,1151.0,1105.0,1042.0
0.0,0.0,0.0,0.0,0.0,0.0,0.0,1.0,1.0,1.0,2.0,2.0,3.0,3.0,3.0,3.0,3.0,6.0,9.0,9.0,10.0,10.0,11.0,12.0,17.0,19.0,23.0,26.0,31.0,32.0,38.0,45.0,47.0,57.0,60.0,64.0,77.0,89.0,97.0,108.0,119.0,133.0,147.0,162.0,176.0,206.0,223.0,252.0,289.0,323.0,367.0,403.0,467.0,525.0,592.0,658.0,750.0,807.0,843.0,892.0,944.0,968.0,990.0,996.0,971.0,974.0,946.0,935.0,912.0,897.0,888.0,867.0,832.0,801.0,754.0,731.0,716.0,693.0,674.0,646.0,620.0,604.0,586.0,560.0,541.0,523.0
0.0,0.0,0.0,0.0,1.0,3.0,3.0,3.0,4.0,3.0,3.0,5.0,4.0,6.0,5.0,8.0,9.0,9.0,10.0,10.0,10.0,10.0,12.0,10.0,10.0,12.0,15.0,15.0,14.0,15.0,17.0,19.0,22.0,23.0,24.0,30.0,38.0,39.0,44.0,53.0,57.0,57.0,68.0,82.0,86.0,92.0,102.0,116.0,133.0,149.0,173.0,194.0,212.0,234.0,273.0,306.0,323.0,346.0,360.0,375.0,385.0,390.0,391.0,383.0,378.0,373.0,377.0,377.0,363.0,354.0,337.0,330.0,314.0,299.0,286.0,283.0,280.0,270.0,256.0,248.0,243.0,239.0,230.0,222.0,215.0,205.0
0.0,0.0,0.0,0.0,1.0,1.0,1.0,3.0,5.0,7.0,7.0,9.0,11.0,11.0,12.0,16.0,19.0,23.0,31.0,36.0,37.0,39.0,48.0,54.0,66.0,71.0,84.0,88.0,97.0,113.0,120.0,127.0,141.0,156.0,178.0,203.0,226.0,270.0,308.0,345.0,381.0,426.0,476.0,523.0,580.0,662.0,753.0,854.0,991.0,1100.0,1225.0,1358.0,1541.0,1730.0,1942.0,2145.0,2324.0,2499.0,2646.0,2800.0,2888.0,2942.0,3007.0,3027.0,3039.0,3063.0,3040.0,3012.0,2925.0,2874.0,2821.0,2748.0,2683.0,2612.0,2539.0,2465.0,2373.0,2281.0,2197.0,2123.0,2023.0,1931.0,1858.0,1772.0,1704.0,1629.0
0.0,0.0,0.0,1.0,1.0,2.0,1.0,2.0,2.0,3.0,2.0,2.0,2.0,1.0,2.0,3.0,3.0,2.0,3.0,4.0,4.0,4.0,6.0,6.0,7.0,7.0,9.0,12.0,15.0,17.0,20.0,24.0,24.0,24.0,30.0,32.0,38.0,43.0,50.0,55.0,59.0,67.0,80.0,91.0,102.0,116.0,119.0,128.0,146.0,163.0,178.0,193.0,218.0,236.0,268.0,304.0,343.0,370.0,399.0,420.0,428.0,441.0,439.0,429.0,435.0,435.0,434.0,429.0,417.0,409.0,404.0,397.0,388.0,387.0,388.0,373.0,371.0,362.0,345.0,343.0,329.0,306.0,293.0,274.0,260.0,254.0
0.0,0.0,0.0,0.0,0.0,0.0,1.0,1.0,3.0,5.0,5.0,6.0,8.0,9.0,9.0,13.0,16.0,18.0,18.0,18.0,23.0,25.0,32.0,37.0,36.0,39.0,38.0,48.0,55.0,62.0,66.0,82.0,98.0,116.0,139.0,163.0,179.0,210.0,249.0,270.0,307.0,330.0,350.0,398.0,474.0,527.0,587.0,655.0,725.0,814.0,914.0,1028.0,1154.0,1274.0,1477.0,1646.0,1843.0,2009.0,2160.0,2253.0,2333.0,2370.0,2405.0,2422.0,2417.0,2435.0,2440.0,2416.0,2368.0,2323.0,2287.0,2247.0,2182.0,2126.0,2049.0,1962.0,1905.0,1833.0,1751.0,1680.0,1633.0,1584.0,1514.0,1456.0,1378.0,1308.0
0.0,0.0,0.0,0.0,0.0,2.0,4.0,5.0,5.0,5.0,6.0,7.0,6.0,8.0,9.0,10.0,11.0,10.0,13.0,13.0,16.0,17.0,19.0,22.0,24.0,30.0,36.0,39.0,44.0,52.0,60.0,64.0,78.0,93.0,108.0,118.0,131.0,143.0,153.0,179.0,210.0,227.0,255.0,279.0,310.0,346.0,379.0,428.0,481.0,542.0,607.0,675.0,766.0,880.0,1002.0,1117.0,1211.0,1323.0,1388.0,1460.0,1500.0,1513.0,1549.0,1567.0,1566.0,1567.0,1548.0,1528.0,1524.0,1507.0,1489.0,1440.0,1395.0,1349.0,1310.0,1277.0,1224.0,1183.0,1126.0,1086.0,1046.0,1013.0,978.0,938.0,907.0,866.0
0.0,0.0,0.0,0.0,0.0,1.0,2.0,1.0,1.0,2.0,2.0,4.0,6.0,7.0,10.0,11.0,12.0,10.0,11.0,11.0,11.0,11.0,12.0,20.0,25.0,29.0,30.0,32.0,40.0,46.0,54.0,56.0,60.0,67.0,77.0,90.0,109.0,125.0,147.0,178.0,191.0,216.0,233.0,264.0,298.0,318.0,369.0,414.0,474.0,535.0,597.0,675.0,752.0,854.0,963.0,1086.0,1183.0,1269.0,1351.0,1448.0,1519.0,1572.0,1611.0,1633.0,1622.0,1609.0,1585.0,1541.0,1519.0,1490.0,1453.0,1403.0,1372.0,1328.0,1293.0,1258.0,1218.0,1182.0,1132.0,1092.0,1047.0,993.0,952.0,914.0,879.0,850.0
0.0,0.0,0.0,0.0,1.0,1.0,1.0,2.0,3.0,3.0,1.0,1.0,2.0,4.0,5.0,8.0,10.0,10.0,10.0,9.0,13.0,14.0,18.0,22.0,24.0,26.0,25.0,29.0,32.0,32.0,35.0,38.0,46.0,51.0,55.0,63.0,69.0,75.0,84.0,92.0,103.0,109.0,121.0,142.0,159.0,168.0,200.0,223.0,249.0,263.0,292.0,340.0,383.0,422.0,466.0,509.0,551.0,586.0,647.0,693.0,721.0,740.0,750.0,761.0,775.0,764.0,742.0,728.0,730.0,716.0,704.0,687.0,670.0,650.0,622.0,601.0,585.0,561.0,537.0,512.0,496.0,485.0,457.0,446.0,427.0,412.0
0.0,0.0,0.0,0.0,0.0,0.0,2.0,2.0,3.0,4.0,5.0,6.0,7.0,7.0,10.0,11.0,12.0,14.0,14.0,16.0,19.0,22.0,25.0,29.0,34.0,36.0,38.0,44.0,52.0,64.0,65.0,72.0,85.0,95.0,106.0,121.0,135.0,153.0,176.0,210.0,242.0,267.0,321.0,378.0,429.0,486.0,542.0,631.0,706.0,785.0,871.0,975.0,1106.0,1208.0,1379.0,1552.0,1715.0,1851.0,1935.0,2027.0,2127.0,2178.0,2210.0,2227.0,2229.0,2214.0,2175.0,2146.0,2084.0,2034.0,1978.0,1942.0,1871.0,1827.0,1780.0,1717.0,1653.0,1597.0,1544.0,1477.0,1425.0,1371.0,1292.0,1232.0,1172.0,1116.0
0.0,0.0,0.0,1.0,2.0,1.0,1.0,2.0,3.0,2.0,3.0,3.0,3.0,3.0,4.0,4.0,4.0,5.0,8.0,11.0,12.0,13.0,18.0,23.0,31.0,31.0,42.0,48.0,61.0,63.0,70.0,75.0,91.0,105.0,114.0,132.0,150.0,180.0,207.0,236.0,268.0,291.0,323.0,348.0,384.0,432.0,477.0,525.0,598.0,658.0,755.0,834.0,926.0,1035.0,1159.0,1298.0,1417.0,1514.0,1605.0,1687.0,1729.0,1774.0,1806.0,1831.0,1846.0,1843.0,1819.0,1794.0,1775.0,1753.0,1703.0,1664.0,1632.0,1606.0,1536.0,1492.0,1440.0,1388.0,1348.0,1311.0,1240.0,1186.0,1142.0,1084.0,1029.0,1009.0
0.0,0.0,0.0,0.0,1.0,2.0,2.0,2.0,2.0,3.0,3.0,3.0,3.0,3.0,3.0,3.0,3.0,3.0,4.0,5.0,6.0,8.0,14.0,19.0,20.0,22.0,25.0,27.0,30.0,34.0,42.0,46.0,51.0,61.0,68.0,79.0,85.0,92.0,95.0,106.0,128.0,133.0,150.0,176.0,205.0,223.0,246.0,272.0,323.0,369.0,418.0,465.0,534.0,574.0,649.0,720.0,783.0,825.0,865.0,906.0,919.0,938.0,969.0,988.0,985.0,984.0,980.0,958.0,932.0,894.0,891.0,866.0,843.0,808.0,769.0,746.0,718.0,691.0,669.0,645.0,622.0,603.0,583.0,562.0,525.0,503.0
0.0,0.0,0.0,0.0,0.0,1.0,1.0,1.0,2.0,2.0,2.0,3.0,4.0,5.0,6.0,6.0,9.0,11.0,12.0,13.0,12.0,14.0,15.0,19.0,25.0,30.0,34.0,37.0,38.0,43.0,49.0,63.0,74.0,75.0,85.0,96.0,106.0,121.0,142.0,150.0,178.0,199.0,220.0,242.0,266.0,302.0,341.0,396.0,445.0,486.0,556.0,627.0,702.0,772.0,858.0,961.0,1031.0,1114.0,1179.0,1256.0,1301.0,1314.0,1334.0,1320.0,1326.0,1323.0,1329.0,1301.0,1272.0,1247.0,1208.0,1177.0,1122.0,1095.0,1060.0,1025.0,994.0,952.0,914.0,870.0,825.0,784.0,757.0,729.0,701.0,679.0
0.0,0.0,0.0,0.0,0.0,0.0,1.0,1.0,1.0,1.0,2.0,6.0,8.0,8.0,12.0,15.0,16.0,18.0,23.0,26.0,31.0,35.0,38.0,45.0,48.0,56.0,59.0,67.0,84.0,99.0,119.0,136.0,153.0,181.0,197.0,221.0,239.0,275.0,304.0,359.0,400.0,455.0,551.0,633.0,711.0,783.0,875.0,1018.0,1151.0,1277.0,1448.0,1668.0,1844.0,2066.0,2323.0,2560.0,2790.0,2984.0,3204.0,3375.0,3522.0,3584.0,3624.0,3668.0,3684.0,3670.0,3647.0,3639.0,3588.0,3529.0,3424.0,3306.0,3220.0,3086.0,2994.0,2882.0,2775.0,2676.0,2597.0,2481.0,2370.0,2281.0,2200.0,2096.0,1981.0,1896.0
0.0,0.0,0.0,0.0,0.0,1.0,0.0,0.0,0.0,0.0,2.0,3.0,3.0,4.0,5.0,5.0,8.0,8.0,9.0,10.0,12.0,15.0,15.0,14.0,15.0,13.0,14.0,17.0,22.0,24.0,30.0,37.0,40.0,40.0,40.0,49.0,53.0,64.0,68.0,78.0,94.0,108.0,122.0,139.0,156.0,175.0,189.0,199.0,220.0,245.0,272.0,291.0,315.0,340.0,378.0,397.0,424.0,460.0,481.0,512.0,523.0,540.0,552.0,545.0,548.0,573.0,567.0,558.0,555.0,551.0,529.0,522.0,518.0,506.0,487.0,472.0,447.0,427.0,396.0,378.0,361.0,339.0,321.0,303.0,299.0,282.0
0.0,0.0,0.0,0.0,0.0,1.0,3.0,3.0,3.0,3.0,3.0,3.0,4.0,4.0,5.0,7.0,8.0,8.0,10.0,11.0,13.0,13.0,13.0,13.0,14.0,11.0,14.0,14.0,14.0,19.0,22.0,19.0,19.0,20.0,22.0,25.0,27.0,28.0,26.0,30.0,32.0,37.0,39.0,48.0,52.0,57.0,61.0,68.0,76.0,84.0,91.0,90.0,103.0,114.0,116.0,131.0,150.0,170.0,188.0,199.0,200.0,200.0,210.0,210.0,208.0,208.0,211.0,210.0,202.0,195.0,188.0,180.0,167.0,165.0,164.0,158.0,152.0,149.0,143.0,132.0,130.0,124.0,120.0,118.0,113.0,109.0
0.0,0.0,0.0,0.0,1.0,1.0,3.0,4.0,5.0,6.0,6.0,6.0,9.0,9.0,11.0,10.0,12.0,14.0,15.0,22.0,25.0,31.0,35.0,39.0,44.0,48.0,47.0,54.0,60.0,65.0,67.0,69.0,66.0,77.0,87.0,97.0,112.0,128.0,149.0,173.0,188.0,206.0,232.0,264.0,308.0,345.0,382.0,418.0,474.0,526.0,570.0,643.0,723.0,820.0,914.0,1017.0,1080.0,1156.0,1218.0,1246.0,1302.0,1341.0,1360.0,1375.0,1393.0,1384.0,1374.0,1370.0,1351.0,1308.0,1300.0,1281.0,1246.0,1201.0,1154.0,1119.0,1082.0,1051.0,1014.0,964.0,951.0,926.0,884.0,851.0,815.0,793.0
0.0,0.0,0.0,0.0,0.0,2.0,1.0,4.0,4.0,8.0,9.0,10.0,10.0,9.0,7.0,8.0,9.0,10.0,11.0,12.0,12.0,11.0,11.0,11.0,14.0,14.0,14.0,14.0,20.0,23.0,30.0,33.0,40.0,49.0,50.0,53.0,62.0,73.0,97.0,108.0,116.0,132.0,147.0,165.0,189.0,210.0,248.0,279.0,311.0,342.0,390.0,458.0,518.0,568.0,620.0,679.0,755.0,843.0,903.0,945.0,999.0,1020.0,1041.0,1019.0,1029.0,1037.0,1029.0,990.0,983.0,973.0,954.0,935.0,917.0,896.0,872.0,855.0,833.0,804.0,764.0,732.0,691.0,651.0,634.0,607.0,583.0,554.0
0.0,0.0,0.0,0.0,0.0,1.0,2.0,2.0,4.0,3.0,6.0,7.0,8.0,9.0,10.0,11.0,16.0,17.0,18.0,20.0,17.0,21.0,25.0,28.0,29.0,32.0,39.0,37.0,38.0,44.0,52.0,53.0,57.0,65.0,77.0,73.0,82.0,91.0,96.0,102.0,115.0,135.0,146.0,163.0,185.0,204.0,222.0,249.0,265.0,295.0,334.0,369.0,406.0,448.0,510.0,576.0,622.0,645.0,690.0,740.0,764.0,750.0,767.0,776.0,790.0,776.0,777.0,755.0,765.0,754.0,746.0,732.0,717.0,697.0,675.0,657.0,636.0,604.0,576.0,549.0,524.0,507.0,491.0,467.0,453.0,426.0
0.0,0.0,0.0,0.0,0.0,1.0,0.0,1.0,1.0,2.0,3.0,5.0,6.0,8.0,11.0,11.0,13.0,17.0,25.0,27.0,32.0,36.0,34.0,38.0,38.0,37.0,42.0,49.0,50.0,57.0,63.0,71.0,75.0,74.0,82.0,88.0,105.0,124.0,144.0,162.0,184.0,206.0,242.0,279.0,318.0,365.0,415.0,461.0,530.0,606.0,688.0,797.0,898.0,983.0,1122.0,1239.0,1372.0,1481.0,1572.0,1659.0,1714.0,1767.0,1806.0,1829.0,1825.0,1807.0,1765.0,1744.0,1706.0,1660.0,1606.0,1563.0,1535.0,1495.0,1446.0,1390.0,1343.0,1286.0,1229.0,1196.0,1151.0,1111.0,1078.0,1028.0,990.0,946.0
0.0,0.0,0.0,0.0,0.0,0.0,2.0,1.0,2.0,2.0,2.0,3.0,4.0,4.0,5.0,4.0,7.0,8.0,8.0,7.0,8.0,9.0,11.0,13.0,13.0,15.0,17.0,19.0,22.0,24.0,27.0,30.0,29.0,32.0,33.0,37.0,43.0,46.0,54.0,63.0,70.0,79.0,84.0,91.0,104.0,105.0,122.0,147.0,160.0,175.0,194.0,226.0,246.0,280.0,311.0,348.0,402.0,436.0,464.0,483.0,494.0,502.0,522.0,525.0,530.0,525.0,522.0,508.0,487.0,482.0,465.0,458.0,459.0,449.0,438.0,429.0,415.0,406.0,397.0,377.0,367.0,360.0,347.0,333.0,316.0,304.0
0.0,0.0,0.0,0.0,0.0,0.0,2.0,2.0,3.0,3.0,4.0,9.0,9.0,9.0,10.0,9.0,9.0,12.0,16.0,21.0,23.0,34.0,37.0,40.0,55.0,62.0,77.0,89.0,93.0,102.0,118.0,135.0,155.0,163.0,189.0,205.0,229.0,246.0,269.0,307.0,349.0,400.0,443.0,490.0,550.0,609.0,660.0,760.0,859.0,979.0,1097.0,1247.0,1383.0,1543.0,1700.0,1876.0,2039.0,2164.0,2299.0,2376.0,2499.0,2554.0,2590.0,2608.0,2616.0,2613.0,2589.0,2552.0,2527.0,2502.0,2440.0,2380.0,2320.0,2273.0,2196.0,2110.0,2042.0,1966.0,1899.0,1821.0,1730.0,1654.0,1576.0,1506.0,1440.0,1386.0
0.0,0.0,0.0,0.0,0.0,0.0,2.0,3.0,4.0,6.0,4.0,4.0,5.0,6.0,8.0,9.0,12.0,13.0,18.0,19.0,24.0,29.0,37.0,39.0,50.0,61.0,71.0,88.0,104.0,116.0,137.0,159.0,183.0,210.0,249.0,276.0,318.0,347.0,406.0,468.0,525.0,596.0,677.0,760.0,844.0,961.0,1072.0,1190.0,1337.0,1511.0,1673.0,1864.0,2109.0,2357.0,2630.0,2940.0,3197.0,3461.0,3688.0,3827.0,4004.0,4079.0,4134.0,4135.0,4165.0,4169.0,4134.0,4116.0,4035.0,3955.0,3856.0,3715.0,3614.0,3515.0,3378.0,3255.0,3139.0,3032.0,2895.0,2778.0,2679.0,2585.0,2481.0,2377.0,2277.0,2183.0
0.0,0.0,0.0,0.0,0.0,0.0,1.0,3.0,3.0,4.0,5.0,5.0,7.0,7.0,7.0,6.0,8.0,7.0,10.0,9.0,9.0,9.0,11.0,12.0,15.0,16.0,19.0,18.0,16.0,19.0,22.0,24.0,25.0,27.0,30.0,33.0,36.0,36.0,43.0,47.0,50.0,54.0,58.0,64.0,72.0,84.0,90.0,104.0,111.0,125.0,139.0,160.0,171.0,188.0,215.0,225.0,252.0,275.0,300.0,328.0,339.0,365.0,374.0,386.0,378.0,371.0,370.0,370.0,360.0,351.0,351.0,343.0,332.0,324.0,317.0,308.0,295.0,280.0,266.0,251.0,243.0,231.0,217.0,213.0,207.0,201.0
0.0,0.0,0.0,0.0,0.0,2.0,2.0,2.0,4.0,5.0,5.0,11.0,12.0,11.0,12.0,14.0,14.0,14.0,16.0,17.0,17.0,20.0,23.0,27.0,28.0,34.0,38.0,42.0,47.0,51.0,59.0,65.0,70.0,79.0,91.0,109.0,127.0,139.0,149.0,168.0,196.0,208.0,230.0,259.0,315.0,346.0,386.0,435.0,506.0,573.0,639.0,720.0,809.0,898.0,975.0,1070.0,1186.0,1267.0,1352.0,1431.0,1466.0,1509.0,1553.0,1552.0,1544.0,1531.0,1526.0,1505.0,1481.0,1470.0,1432.0,1393.0,1344.0,1300.0,1264.0,1244.0,1194.0,1155.0,1112.0,1050.0,1014.0,999.0,958.0,914.0,890.0,836.0
0.0,0.0,0.0,0.0,0.0,0.0,0.0,3.0,3.0,5.0,5.0,5.0,7.0,8.0,8.0,15.0,18.0,19.0,22.0,26.0,24.0,29.0,32.0,37.0,42.0,51.0,63.0,79.0,85.0,108.0,120.0,137.0,146.0,175.0,204.0,241.0,260.0,298.0,324.0,380.0,435.0,493.0,534.0,603.0,685.0,789.0,875.0,967.0,1067.0,1229.0,1360.0,1519.0,1722.0,1976.0,2226.0,2478.0,2716.0,2882.0,3022.0,3141.0,3246.0,3343.0,3404.0,3445.0,3471.0,3500.0,3516.0,3473.0,3403.0,3350.0,3255.0,3156.0,3074.0,2966.0,2851.0,2757.0,2666.0,2590.0,2499.0,2395.0,2321.0,2244.0,2149.0,2069.0,1983.0,1911.0
0.0,0.0,0.0,0.0,1.0,1.0,2.0,1.0,1.0,1.0,3.0,4.0,8.0,10.0,9.0,10.0,12.0,19.0,21.0,24.0,28.0,38.0,42.0,45.0,46.0,47.0,55.0,61.0,69.0,79.0,86.0,98.0,116.0,129.0,138.0,168.0,196.0,234.0,261.0,287.0,332.0,375.0,422.0,462.0,547.0,633.0,726.0,835.0,958.0,1051.0,1170.0,1342.0,1529.0,1722.0,1919.0,2118.0,2346.0,2530.0,2699.0,2851.0,3000.0,3063.0,3120.0,3105.0,3110.0,3073.0,3027.0,2991.0,2925.0,2857.0,2776.0,2700.0,2659.0,2594.0,2512.0,2432.0,2340.0,2246.0,2166.0,2083.0,2013.0,1913.0,1820.0,1715.0,1649.0,1600.0
0.0,0.0,0.0,0.0,0.0,0.0,1.0,1.0,1.0,1.0,2.0,5.0,4.0,4.0,4.0,6.0,7.0,7.0,13.0,16.0,15.0,17.0,14.0,15.0,16.0,18.0,16.0,20.0,22.0,24.0,23.0,27.0,34.0,47.0,47.0,51.0,56.0,68.0,81.0,92.0,104.0,116.0,125.0,138.0,152.0,168.0,198.0,222.0,242.0,287.0,322.0,365.0,418.0,475.0,527.0,574.0,622.0,666.0,718.0,720.0,742.0,762.0,759.0,770.0,773.0,770.0,759.0,750.0,730.0,704.0,691.0,680.0,657.0,643.0,627.0,605.0,579.0,561.0,534.0,515.0,492.0,479.0,459.0,446.0,422.0,412.0
0.0,0.0,0.0,1.0,1.0,3.0,4.0,4.0,5.0,6.0,7.0,7.0,8.0,11.0,12.0,15.0,15.0,16.0,18.0,19.0,22.0,23.0,24.0,27.0,30.0,34.0,40.0,55.0,61.0,67.0,79.0,91.0,112.0,139.0,159.0,177.0,209.0,241.0,257.0,298.0,331.0,375.0,429.0,485.0,549.0,614.0,722.0,829.0,951.0,1084.0,1236.0,1411.0,1594.0,1815.0,2046.0,2224.0,2477.0,2673.0,2847.0,2989.0,3107.0,3190.0,3257.0,3300.0,3309.0,3303.0,3283.0,3232.0,3199.0,3107.0,3047.0,2960.0,2882.0,2782.0,2701.0,2618.0,2542.0,2441.0,2362.0,2261.0,2188.0,2090.0,2008.0,1908.0,1817.0,1741.0
0.0,0.0,0.0,0.0,1.0,1.0,2.0,3.0,4.0,3.0,3.0,3.0,3.0,4.0,4.0,7.0,7.0,9.0,11.0,12.0,12.0,12.0,12.0,15.0,16.0,19.0,21.0,22.0,22.0,29.0,28.0,31.0,36.0,43.0,45.0,48.0,57.0,59.0,64.0,70.0,87.0,107.0,122.0,142.0,169.0,201.0,220.0,246.0,290.0,332.0,382.0,431.0,481.0,550.0,619.0,692.0,762.0,799.0,846.0,888.0,912.0,938.0,942.0,958.0,986.0,995.0,1006.0,987.0,961.0,945.0,931.0,908.0,903.0,877.0,857.0,818.0,792.0,750.0,721.0,695.0,662.0,630.0,611.0,577.0,555.0,533.0
0.0,0.0,0.0,0.0,2.0,3.0,5.0,5.0,8.0,8.0,9.0,9.0,10.0,10.0,12.0,14.0,16.0,19.0,25.0,32.0,35.0,41.0,41.0,42.0,46.0,56.0,71.0,82.0,84.0,86.0,106.0,124.0,141.0,155.0,173.0,192.0,221.0,236.0,254.0,287.0,310.0,342.0,395.0,437.0,494.0,547.0,611.0,696.0,808.0,863.0,937.0,1031.0,1144.0,1302.0,1454.0,1599.0,1741.0,1833.0,1934.0,2034.0,2088.0,2127.0,2145.0,2163.0,2150.0,2141.0,2148.0,2106.0,2074.0,2013.0,1973.0,1903.0,1842.0,1802.0,1764.0,1718.0,1648.0,1593.0,1546.0,1495.0,1443.0,1378.0,1316.0,1274.0,1230.0,1191.0
0.0,0.0,0.0,0.0,0.0,0.0,0.0,0.0,1.0,3.0,4.0,6.0,7.0,9.0,8.0,7.0,7.0,8.0,11.0,13.0,18.0,20.0,21.0,29.0,36.0,39.0,43.0,46.0,60.0,62.0,78.0,89.0,100.0,108.0,128.0,138.0,160.0,179.0,197.0,214.0,266.0,292.0,331.0,383.0,440.0,494.0,569.0,659.0,735.0,823.0,931.0,1059.0,1166.0,1301.0,1456.0,1617.0,1732.0,1812.0,1953.0,2069.0,2149.0,2184.0,2209.0,2223.0,2240.0,2217.0,2220.0,2190.0,2157.0,2112.0,2060.0,1985.0,1948.0,1879.0,1829.0,1777.0,1716.0,1644.0,1583.0,1511.0,1461.0,1406.0,1340.0,1299.0,1246.0,1191.0
0.0,0.0,0.0,0.0,2.0,3.0,3.0,3.0,4.0,6.0,7.0,8.0,10.0,10.0,12.0,13.0,11.0,13.0,16.0,16.0,17.0,19.0,25.0,31.0,35.0,35.0,49.0,53.0,61.0,71.0,81.0,94.0,108.0,118.0,132.0,155.0,175.0,193.0,212.0,238.0,275.0,310.0,332.0,380.0,415.0,441.0,497.0,546.0,620.0,701.0,775.0,884.0,990.0,1102.0,1240.0,1360.0,1493.0,1607.0,1742.0,1805.0,1863.0,1913.0,1937.0,1928.0,1935.0,1947.0,1931.0,1902.0,1888.0,1862.0,1825.0,1778.0,1726.0,1681.0,1628.0,1583.0,1526.0,1481.0,1424.0,1353.0,1296.0,1260.0,1212.0,1168.0,1126.0,1080.0
0.0,0.0,0.0,0.0,0.0,1.0,0.0,0.0,1.0,3.0,5.0,7.0,9.0,11.0,11.0,15.0,16.0,22.0,27.0,28.0,36.0,52.0,67.0,74.0,87.0,96.0,99.0,115.0,132.0,144.0,172.0,197.0,237.0,262.0,289.0,332.0,378.0,433.0,482.0,551.0,620.0,698.0,824.0,925.0,1021.0,1137.0,1252.0,1396.0,1565.0,1754.0,1947.0,2216.0,2455.0,2736.0,3069.0,3410.0,3691.0,3968.0,4195.0,4358.0,4466.0,4568.0,4612.0,4652.0,4620.0,4594.0,4552.0,4445.0,4404.0,4356.0,4244.0,4137.0,3993.0,3865.0,3779.0,3654.0,3546.0,3426.0,3294.0,3173.0,3061.0,2966.0,2866.0,2755.0,2655.0,2528.0
0.0,0.0,0.0,0.0,0.0,1.0,1.0,3.0,4.0,3.0,4.0,6.0,6.0,6.0,8.0,9.0,12.0,16.0,22.0,27.0,33.0,35.0,43.0,50.0,64.0,73.0,80.0,99.0,109.0,129.0,140.0,154.0,178.0,203.0,240.0,275.0,314.0,348.0,425.0,487.0,565.0,636.0,724.0,798.0,894.0,989.0,1101.0,1265.0,1418.0,1565.0,1795.0,2025.0,2309.0,2593.0,2921.0,3264.0,3560.0,3842.0,4074.0,4256.0,4419.0,4584.0,4638.0,4716.0,4675.0,4669.0,4691.0,4617.0,4544.0,4426.0,4300.0,4170.0,4045.0,3919.0,3802.0,3681.0,3539.0,3412.0,3288.0,3166.0,3030.0,2903.0,2806.0,2700.0,2592.0,2483.0
0.0,0.0,0.0,2.0,3.0,3.0,3.0,3.0,4.0,4.0,4.0,4.0,4.0,4.0,4.0,4.0,5.0,4.0,4.0,5.0,6.0,6.0,6.0,7.0,6.0,7.0,7.0,8.0,8.0,8.0,9.0,14.0,16.0,18.0,18.0,18.0,22.0,23.0,25.0,26.0,26.0,30.0,35.0,43.0,45.0,46.0,50.0,52.0,58.0,66.0,68.0,74.0,73.0,83.0,96.0,101.0,109.0,114.0,113.0,119.0,115.0,119.0,126.0,127.0,123.0,118.0,123.0,119.0,112.0,116.0,113.0,111.0,113.0,111.0,106.0,103.0,96.0,97.0,96.0,93.0,88.0,92.0,87.0,86.0,83.0,82.0
0.0,0.0,0.0,0.0,0.0,0.0,0.0,1.0,3.0,3.0,3.0,3.0,4.0,5.0,7.0,6.0,7.0,8.0,9.0,10.0,12.0,12.0,12.0,14.0,11.0,13.0,11.0,10.0,11.0,11.0,10.0,14.0,13.0,17.0,20.0,24.0,24.0,27.0,29.0,29.0,37.0,41.0,45.0,48.0,51.0,56.0,63.0,73.0,83.0,99.0,116.0,125.0,140.0,157.0,176.0,189.0,216.0,235.0,240.0,259.0,268.0,258.0,263.0,266.0,261.0,261.0,258.0,265.0,261.0,253.0,250.0,239.0,235.0,230.0,230.0,230.0,225.0,218.0,211.0,204.0,193.0,188.0,177.0,163.0,157.0,147.0
0.0,0.0,0.0,0.0,0.0,1.0,3.0,3.0,4.0,5.0,8.0,7.0,9.0,10.0,11.0,12.0,14.0,16.0,21.0,26.0,30.0,34.0,37.0,44.0,45.0,53.0,55.0,62.0,69.0,83.0,86.0,99.0,110.0,126.0,138.0,153.0,168.0,196.0,219.0,240.0,270.0,301.0,327.0,366.0,422.0,476.0,545.0,623.0,708.0,794.0,883.0,1011.0,1143.0,1272.0,1424.0,1568.0,1714.0,1861.0,1967.0,2047.0,2132.0,2195.0,2232.0,2260.0,2287.0,2306.0,2271.0,2249.0,2249.0,2220.0,2157.0,2109.0,2040.0,1994.0,1933.0,1879.0,1820.0,1728.0,1651.0,1568.0,1510.0,1464.0,1405.0,1340.0,1296.0,1244.0
0.0,0.0,0.0,0.0,0.0,1.0,4.0,4.0,6.0,7.0,7.0,7.0,7.0,9.0,11.0,14.0,14.0,16.0,16.0,19.0,22.0,26.0,27.0,29.0,32.0,39.0,42.0,46.0,46.0,44.0,48.0,50.0,56.0,58.0,66.0,75.0,78.0,90.0,98.0,110.0,121.0,136.0,154.0,174.0,188.0,218.0,248.0,277.0,312.0,336.0,385.0,428.0,485.0,529.0,569.0,628.0,676.0,738.0,792.0,820.0,845.0,872.0,889.0,895.0,911.0,901.0,895.0,893.0,876.0,861.0,845.0,827.0,816.0,799.0,770.0,733.0,708.0,684.0,656.0,630.0,602.0,580.0,561.0,540.0,521.0,501.0
0.0,0.0,0.0,0.0,0.0,0.0,1.0,2.0,2.0,3.0,4.0,6.0,6.0,7.0,7.0,7.0,7.0,8.0,11.0,14.0,14.0,17.0,18.0,18.0,18.0,17.0,18.0,19.0,19.0,20.0,22.0,25.0,27.0,28.0,33.0,34.0,34.0,34.0,36.0,46.0,52.0,56.0,58.0,64.0,71.0,84.0,92.0,96.0,106.0,119.0,141.0,154.0,176.0,198.0,224.0,232.0,268.0,310.0,330.0,348.0,356.0,380.0,383.0,393.0,407.0,396.0,397.0,394.0,384.0,382.0,359.0,348.0,337.0,322.0,319.0,294.0,271.0,255.0,245.0,235.0,228.0,215.0,203.0,194.0,188.0,185.0
0.0,0.0,0.0,0.0,1.0,0.0,0.0,0.0,1.0,2.0,2.0,5.0,5.0,11.0,14.0,12.0,14.0,18.0,19.0,22.0,20.0,21.0,22.0,29.0,35.0,41.0,49.0,61.0,79.0,90.0,91.0,96.0,111.0,122.0,143.0,162.0,177.0,187.0,212.0,238.0,281.0,300.0,347.0,402.0,478.0,548.0,620.0,694.0,750.0,849.0,975.0,1090.0,1255.0,1439.0,1590.0,1753.0,1918.0,2078.0,2200.0,2308.0,2414.0,2477.0,2506.0,2545.0,2542.0,2558.0,2540.0,2493.0,2466.0,2406.0,2321.0,2266.0,2197.0,2110.0,2055.0,1994.0,1911.0,1856.0,1781.0,1727.0,1648.0,1581.0,1520.0,1450.0,1389.0,1325.0
0.0,0.0,1.0,0.0,0.0,1.0,1.0,1.0,1.0,1.0,1.0,2.0,3.0,3.0,2.0,5.0,5.0,5.0,9.0,8.0,10.0,12.0,11.0,13.0,15.0,18.0,22.0,22.0,27.0,25.0,26.0,28.0,38.0,39.0,50.0,58.0,66.0,75.0,96.0,111.0,125.0,145.0,159.0,186.0,223.0,240.0,263.0,291.0,319.0,357.0,392.0,445.0,502.0,580.0,655.0,726.0,784.0,853.0,907.0,942.0,986.0,1019.0,1022.0,1040.0,1047.0,1059.0,1054.0,1048.0,1034.0,1018.0,994.0,963.0,928.0,893.0,865.0,842.0,812.0,778.0,744.0,715.0,677.0,643.0,622.0,598.0,578.0,555.0
0.0,0.0,0.0,1.0,2.0,3.0,4.0,4.0,5.0,3.0,3.0,4.0,4.0,4.0,5.0,6.0,7.0,8.0,8.0,9.0,11.0,14.0,20.0,24.0,30.0,30.0,36.0,38.0,44.0,52.0,55.0,64.0,69.0,79.0,82.0,89.0,98.0,108.0,133.0,142.0,164.0,187.0,199.0,226.0,252.0,277.0,313.0,348.0,399.0,444.0,484.0,552.0,626.0,708.0,780.0,869.0,953.0,1029.0,1085.0,1114.0,1153.0,1183.0,1205.0,1213.0,1219.0,1230.0,1227.0,1217.0,1175.0,1158.0,1130.0,1119.0,1102.0,1081.0,1061.0,1031.0,996.0,958.0,918.0,878.0,835.0,795.0,773.0,741.0,719.0,688.0
0.0,0.0,0.0,2.0,2.0,3.0,3.0,4.0,4.0,6.0,8.0,7.0,7.0,7.0,10.0,11.0,12.0,13.0,13.0,13.0,18.0,21.0,22.0,22.0,20.0,23.0,23.0,30.0,31.0,37.0,41.0,44.0,49.0,49.0,54.0,60.0,72.0,77.0,89.0,109.0,116.0,127.0,130.0,142.0,160.0,171.0,199.0,217.0,235.0,252.0,282.0,317.0,353.0,400.0,451.0,515.0,555.0,612.0,651.0,676.0,698.0,717.0,737.0,729.0,737.0,744.0,733.0,701.0,686.0,660.0,668.0,637.0,615.0,604.0,576.0,566.0,544.0,526.0,501.0,485.0,465.0,440.0,431.0,418.0,400.0,381.0
0.0,0.0,0.0,0.0,1.0,2.0,2.0,2.0,2.0,5.0,5.0,4.0,5.0,6.0,7.0,5.0,7.0,8.0,11.0,12.0,14.0,15.0,17.0,26.0,32.0,34.0,36.0,40.0,43.0,53.0,64.0,72.0,82.0,105.0,115.0,132.0,146.0,164.0,191.0,201.0,231.0,242.0,260.0,287.0,324.0,365.0,424.0,486.0,533.0,584.0,661.0,758.0,837.0,921.0,1028.0,1121.0,1214.0,1321.0,1405.0,1487.0,1538.0,1565.0,1597.0,1598.0,1589.0,1592.0,1604.0,1579.0,1549.0,1530.0,1488.0,1455.0,1409.0,1370.0,1323.0,1279.0,1245.0,1190.0,1160.0,1107.0,1059.0,1006.0,959.0,929.0,890.0,857.0
0.0,0.0,0.0,0.0,0.0,1.0,1.0,1.0,1.0,4.0,4.0,4.0,5.0,6.0,12.0,15.0,15.0,24.0,25.0,30.0,29.0,30.0,32.0,34.0,35.0,50.0,60.0,71.0,83.0,95.0,107.0,121.0,125.0,141.0,153.0,174.0,195.0,211.0,234.0,256.0,286.0,316.0,376.0,422.0,457.0,531.0,603.0,664.0,744.0,859.0,962.0,1077.0,1227.0,1357.0,1527.0,1731.0,1874.0,1984.0,2120.0,2229.0,2313.0,2376.0,2389.0,2436.0,2455.0,2430.0,2412.0,2370.0,2318.0,2307.0,2274.0,2196.0,2139.0,2085.0,2005.0,1938.0,1873.0,1803.0,1766.0,1704.0,1643.0,1574.0,1511.0,1453.0,1396.0,1354.0
0.0,0.0,0.0,0.0,1.0,2.0,2.0,2.0,2.0,3.0,6.0,7.0,10.0,10.0,10.0,17.0,20.0,21.0,31.0,35.0,38.0,46.0,49.0,57.0,63.0,69.0,82.0,88.0,96.0,99.0,120.0,128.0,148.0,177.0,191.0,207.0,232.0,271.0,305.0,353.0,390.0,437.0,490.0,542.0,604.0,668.0,764.0,854.0,946.0,1073.0,1197.0,1361.0,1533.0,1724.0,1924.0,2144.0,2408.0,2573.0,2716.0,2865.0,2971.0,3046.0,3107.0,3105.0,3103.0,3104.0,3034.0,3009.0,2937.0,2873.0,2792.0,2730.0,2668.0,2577.0,2492.0,2427.0,2355.0,2269.0,2167.0,2062.0,1989.0,1921.0,1837.0,1770.0,1702.0,1625.0
0.0,0.0,0.0,0.0,0.0,0.0,1.0,1.0,4.0,4.0,4.0,4.0,4.0,5.0,6.0,6.0,10.0,11.0,11.0,10.0,11.0,11.0,10.0,12.0,16.0,21.0,24.0,28.0,30.0,35.0,46.0,49.0,61.0,71.0,77.0,95.0,101.0,112.0,116.0,126.0,138.0,150.0,159.0,183.0,193.0,209.0,237.0,274.0,313.0,358.0,418.0,475.0,540.0,617.0,702.0,789.0,850.0,918.0,987.0,1056.0,1099.0,1139.0,1159.0,1157.0,1142.0,1155.0,1158.0,1140.0,1105.0,1091.0,1050.0,1034.0,1005.0,979.0,935.0,915.0,878.0,841.0,797.0,766.0,723.0,686.0,656.0,640.0,618.0,596.0
0.0,0.0,0.0,0.0,0.0,0.0,3.0,3.0,4.0,4.0,3.0,4.0,5.0,6.0,6.0,6.0,10.0,11.0,11.0,13.0,15.0,18.0,19.0,23.0,23.0,27.0,28.0,29.0,34.0,35.0,41.0,46.0,50.0,54.0,65.0,70.0,77.0,93.0,117.0,133.0,168.0,193.0,213.0,251.0,291.0,319.0,334.0,381.0,426.0,478.0,523.0,569.0,649.0,731.0,820.0,913.0,1004.0,1101.0,1167.0,1219.0,1260.0,1303.0,1316.0,1315.0,1339.0,1335.0,1317.0,1309.0,1291.0,1265.0,1232.0,1212.0,1173.0,1133.0,1110.0,1087.0,1060.0,1032.0,1014.0,980.0,943.0,904.0,856.0,816.0,783.0,754.0
0.0,0.0,0.0,0.0,0.0,0.0,0.0,1.0,3.0,4.0,4.0,5.0,5.0,6.0,4.0,7.0,9.0,10.0,13.0,16.0,19.0,24.0,25.0,24.0,28.0,33.0,39.0,48.0,51.0,56.0,63.0,68.0,77.0,94.0,119.0,136.0,152.0,164.0,177.0,203.0,222.0,255.0,295.0,324.0,362.0,407.0,429.0,476.0,533.0,579.0,662.0,730.0,814.0,889.0,1003.0,1074.0,1183.0,1265.0,1325.0,1394.0,1410.0,1425.0,1461.0,1468.0,1462.0,1469.0,1445.0,1437.0,1411.0,1394.0,1346.0,1302.0,1271.0,1250.0,1203.0,1151.0,1120.0,1073.0,1031.0,990.0,947.0,918.0,868.0,832.0,795.0,756.0
0.0,0.0,0.0,0.0,0.0,0.0,0.0,2.0,4.0,7.0,8.0,9.0,9.0,12.0,13.0,13.0,14.0,15.0,15.0,17.0,21.0,22.0,25.0,24.0,26.0,30.0,33.0,36.0,37.0,39.0,44.0,48.0,54.0,61.0,66.0,76.0,90.0,105.0,112.0,128.0,141.0,166.0,184.0,222.0,242.0,273.0,319.0,351.0,388.0,430.0,485.0,541.0,618.0,688.0,780.0,847.0,917.0,1010.0,1085.0,1148.0,1219.0,1267.0,1306.0,1325.0,1339.0,1328.0,1320.0,1293.0,1290.0,1278.0,1253.0,1216.0,1183.0,1148.0,1130.0,1097.0,1064.0,1030.0,989.0,956.0,906.0,868.0,835.0,808.0,766.0,745.0
0.0,0.0,0.0,1.0,1.0,1.0,2.0,3.0,4.0,5.0,5.0,7.0,8.0,8.0,8.0,6.0,6.0,5.0,9.0,12.0,12.0,11.0,10.0,12.0,14.0,14.0,14.0,14.0,16.0,18.0,22.0,19.0,22.0,21.0,21.0,20.0,25.0,27.0,30.0,35.0,41.0,47.0,55.0,67.0,68.0,73.0,75.0,76.0,89.0,104.0,106.0,128.0,148.0,167.0,192.0,211.0,225.0,245.0,267.0,280.0,284.0,287.0,296.0,292.0,301.0,300.0,305.0,305.0,303.0,293.0,290.0,283.0,265.0,261.0,255.0,243.0,233.0,232.0,227.0,217.0,205.0,201.0,193.0,188.0,182.0,170.0
0.0,0.0,0.0,0.0,0.0,0.0,0.0,1.0,1.0,3.0,4.0,7.0,8.0,8.0,9.0,12.0,17.0,17.0,18.0,23.0,24.0,26.0,27.0,27.0,29.0,37.0,38.0,40.0,43.0,48.0,56.0,61.0,69.0,75.0,83.0,107.0,117.0,137.0,150.0,169.0,185.0,226.0,260.0,289.0,329.0,377.0,418.0,477.0,549.0,636.0,719.0,791.0,920.0,1026.0,1161.0,1298.0,1401.0,1499.0,1582.0,1658.0,1719.0,1779.0,1837.0,1861.0,1891.0,1895.0,1845.0,1838.0,1821.0,1780.0,1737.0,1696.0,1646.0,1602.0,1559.0,1510.0,1456.0,1396.0,1343.0,1288.0,1236.0,1177.0,1143.0,1094.0,1056.0,1023.0
0.0,0.0,0.0,0.0,0.0,1.0,4.0,4.0,4.0,4.0,4.0,5.0,4.0,3.0,4.0,4.0,5.0,4.0,5.0,7.0,11.0,13.0,14.0,14.0,18.0,29.0,32.0,44.0,49.0,57.0,64.0,67.0,69.0,79.0,81.0,94.0,98.0,110.0,124.0,133.0,151.0,161.0,174.0,192.0,219.0,252.0,280.0,314.0,348.0,374.0,414.0,459.0,505.0,567.0,646.0,715.0,787.0,854.0,881.0,909.0,941.0,976.0,989.0,1000.0,994.0,1011.0,1018.0,1009.0,995.0,970.0,944.0,915.0,890.0,850.0,822.0,813.0,797.0,765.0,736.0,702.0,662.0,639.0,611.0,580.0,552.0,535.0
0.0,0.0,0.0,0.0,1.0,2.0,2.0,1.0,1.0,1.0,1.0,0.0,2.0,1.0,1.0,1.0,2.0,2.0,2.0,2.0,3.0,3.0,3.0,3.0,2.0,2.0,2.0,2.0,3.0,2.0,2.0,2.0,2.0,2.0,1.0,1.0,1.0,1.0,1.0,1.0,1.0,1.0,1.0,1.0,1.0,1.0,1.0,1.0,1.0,1.0,1.0,1.0,1.0,1.0,1.0,1.0,1.0,1.0,1.0,1.0,1.0,1.0,1.0,1.0,1.0,1.0,1.0,1.0,1.0,1.0,1.0,1.0,1.0,1.0,1.0,1.0,1.0,1.0,1.0,1.0,1.0,1.0,1.0,1.0,1.0,1.0
0.0,0.0,0.0,0.0,0.0,1.0,1.0,3.0,4.0,5.0,5.0,5.0,6.0,5.0,5.0,6.0,10.0,11.0,14.0,16.0,16.0,17.0,22.0,25.0,29.0,34.0,38.0,41.0,48.0,53.0,64.0,68.0,83.0,95.0,105.0,118.0,142.0,165.0,185.0,215.0,246.0,280.0,332.0,382.0,424.0,481.0,548.0,614.0,691.0,768.0,869.0,995.0,1130.0,1273.0,1405.0,1580.0,1727.0,1877.0,1985.0,2082.0,2154.0,2206.0,2253.0,2263.0,2282.0,2263.0,2258.0,2200.0,2173.0,2125.0,2066.0,2009.0,1965.0,1898.0,1833.0,1773.0,1704.0,1635.0,1551.0,1520.0,1477.0,1421.0,1369.0,1319.0,1257.0,1193.0
0.0,0.0,0.0,1.0,2.0,3.0,4.0,4.0,4.0,4.0,4.0,5.0,5.0,5.0,6.0,6.0,5.0,5.0,5.0,5.0,5.0,5.0,5.0,5.0,5.0,6.0,6.0,6.0,6.0,6.0,6.0,5.0,3.0,3.0,3.0,3.0,3.0,2.0,2.0,2.0,2.0,2.0,2.0,2.0,2.0,2.0,2.0,2.0,2.0,2.0,2.0,2.0,2.0,2.0,2.0,2.0,2.0,2.0,2.0,2.0,2.0,2.0,2.0,2.0,2.0,2.0,2.0,2.0,2.0,2.0,2.0,2.0,1.0,1.0,1.0,1.0,1.0,1.0,1.0,1.0,1.0,1.0,1.0,0.0,0.0,0.0
0.0,0.0,0.0,1.0,1.0,1.0,3.0,3.0,4.0,4.0,5.0,6.0,6.0,7.0,9.0,7.0,7.0,7.0,6.0,7.0,6.0,5.0,6.0,6.0,6.0,6.0,4.0,4.0,6.0,6.0,7.0,7.0,7.0,7.0,7.0,7.0,6.0,7.0,5.0,7.0,6.0,6.0,5.0,6.0,9.0,11.0,12.0,13.0,13.0,16.0,18.0,21.0,22.0,26.0,34.0,34.0,33.0,35.0,43.0,45.0,48.0,47.0,50.0,47.0,49.0,48.0,50.0,52.0,50.0,44.0,40.0,42.0,41.0,38.0,37.0,32.0,30.0,29.0,29.0,27.0,25.0,23.0,23.0,24.0,22.0,21.0
0.0,0.0,1.0,1.0,1.0,1.0,1.0,1.0,2.0,3.0,3.0,3.0,4.0,5.0,6.0,8.0,11.0,12.0,14.0,14.0,15.0,16.0,16.0,17.0,16.0,16.0,19.0,20.0,25.0,30.0,34.0,38.0,49.0,53.0,66.0,76.0,85.0,91.0,107.0,123.0,136.0,148.0,173.0,191.0,217.0,255.0,300.0,361.0,408.0,455.0,537.0,605.0,698.0,792.0,893.0,986.0,1111.0,1226.0,1297.0,1356.0,1419.0,1465.0,1499.0,1502.0,1510.0,1512.0,1508.0,1494.0,1488.0,1478.0,1445.0,1418.0,1377.0,1338.0,1307.0,1273.0,1214.0,1165.0,1130.0,1098.0,1047.0,1008.0,966.0,933.0,895.0,859.0
0.0,0.0,0.0,0.0,1.0,2.0,3.0,3.0,4.0,4.0,5.0,6.0,6.0,9.0,12.0,12.0,12.0,14.0,14.0,19.0,22.0,23.0,23.0,23.0,27.0,32.0,37.0,40.0,42.0,51.0,60.0,73.0,82.0,93.0,111.0,126.0,137.0,151.0,184.0,212.0,237.0,265.0,290.0,318.0,360.0,382.0,420.0,469.0,526.0,603.0,689.0,765.0,865.0,986.0,1100.0,1212.0,1303.0,1431.0,1520.0,1603.0,1646.0,1699.0,1732.0,1728.0,1725.0,1717.0,1712.0,1695.0,1644.0,1604.0,1568.0,1528.0,1472.0,1437.0,1384.0,1345.0,1299.0,1246.0,1209.0,1161.0,1129.0,1081.0,1038.0,1008.0,960.0,926.0
0.0,0.0,0.0,0.0,2.0,1.0,2.0,2.0,2.0,4.0,6.0,4.0,4.0,7.0,10.0,10.0,10.0,13.0,16.0,21.0,24.0,31.0,36.0,38.0,43.0,46.0,54.0,62.0,73.0,79.0,93.0,99.0,113.0,123.0,138.0,160.0,167.0,178.0,206.0,234.0,241.0,269.0,312.0,338.0,391.0,434.0,492.0,554.0,635.0,719.0,787.0,905.0,1029.0,1159.0,1305.0,1457.0,1613.0,1740.0,1849.0,1934.0,2009.0,2048.0,2065.0,2091.0,2109.0,2092.0,2081.0,2066.0,2047.0,2013.0,1929.0,1901.0,1866.0,1826.0,1785.0,1726.0,1671.0,1621.0,1550.0,1489.0,1440.0,1374.0,1314.0,1257.0,1200.0,1151.0
0.0,0.0,0.0,0.0,0.0,0.0,0.0,4.0,5.0,6.0,6.0,9.0,8.0,8.0,11.0,15.0,20.0,23.0,31.0,33.0,39.0,46.0,53.0,56.0,65.0,72.0,83.0,100.0,108.0,129.0,152.0,170.0,181.0,220.0,248.0,299.0,346.0,410.0,474.0,535.0,601.0,688.0,793.0,903.0,1001.0,1130.0,1261.0,1390.0,1536.0,1717.0,1920.0,2163.0,2423.0,2744.0,3102.0,3427.0,3767.0,4121.0,4352.0,4636.0,4818.0,4929.0,5055.0,5109.0,5123.0,5044.0,5024.0,4958.0,4862.0,4744.0,4664.0,4525.0,4396.0,4249.0,4121.0,3988.0,3840.0,3697.0,3563.0,3422.0,3283.0,3160.0,3035.0,2903.0,2764.0,2613.0
0.0,0.0,0.0,0.0,0.0,0.0,1.0,2.0,3.0,4.0,5.0,7.0,7.0,8.0,10.0,12.0,15.0,17.0,18.0,19.0,20.0,22.0,25.0,24.0,30.0,32.0,31.0,34.0,40.0,44.0,51.0,55.0,62.0,69.0,74.0,86.0,97.0,105.0,110.0,131.0,157.0,178.0,192.0,209.0,243.0,266.0,287.0,322.0,373.0,413.0,468.0,527.0,604.0,701.0,790.0,904.0,993.0,1068.0,1143.0,1193.0,1245.0,1285.0,1303.0,1326.0,1346.0,1321.0,1326.0,1300.0,1268.0,1250.0,1207.0,1174.0,1140.0,1111.0,1088.0,1050.0,1018.0,980.0,937.0,910.0,889.0,870.0,832.0,797.0,763.0,724.0
0.0,0.0,0.0,0.0,1.0,1.0,2.0,4.0,5.0,6.0,6.0,6.0,7.0,8.0,8.0,10.0,11.0,9.0,9.0,11.0,13.0,13.0,16.0,18.0,22.0,24.0,26.0,28.0,28.0,35.0,32.0,36.0,41.0,43.0,48.0,56.0,59.0,62.0,63.0,68.0,79.0,83.0,98.0,109.0,125.0,142.0,156.0,168.0,198.0,228.0,244.0,282.0,314.0,349.0,397.0,438.0,487.0,524.0,546.0,574.0,602.0,609.0,631.0,626.0,635.0,625.0,626.0,611.0,599.0,590.0,580.0,554.0,536.0,523.0,502.0,497.0,478.0,458.0,436.0,417.0,401.0,379.0,367.0,351.0,348.0,333.0
0.0,0.0,0.0,0.0,0.0,2.0,1.0,1.0,1.0,0.0,1.0,3.0,4.0,5.0,7.0,8.0,10.0,12.0,12.0,14.0,15.0,15.0,19.0,24.0,27.0,30.0,34.0,37.0,43.0,48.0,50.0,56.0,62.0,71.0,79.0,88.0,95.0,105.0,119.0,135.0,156.0,168.0,205.0,228.0,251.0,281.0,310.0,354.0,400.0,449.0,496.0,559.0,629.0,707.0,788.0,867.0,969.0,1046.0,1107.0,1144.0,1194.0,1225.0,1230.0,1227.0,1216.0,1219.0,1208.0,1200.0,1184.0,1159.0,1121.0,1084.0,1044.0,1008.0,968.0,928.0,900.0,860.0,827.0,802.0,784.0,761.0,728.0,709.0,681.0,664.0
0.0,0.0,0.0,0.0,0.0,0.0,1.0,2.0,2.0,2.0,2.0,2.0,3.0,3.0,3.0,4.0,5.0,7.0,9.0,12.0,14.0,18.0,21.0,21.0,27.0,38.0,42.0,49.0,55.0,60.0,68.0,76.0,87.0,95.0,103.0,124.0,137.0,155.0,169.0,188.0,214.0,244.0,273.0,309.0,343.0,370.0,438.0,499.0,563.0,627.0,706.0,800.0,913.0,1006.0,1152.0,1258.0,1380.0,1508.0,1591.0,1659.0,1725.0,1782.0,1834.0,1830.0,1820.0,1822.0,1806.0,1791.0,1757.0,1712.0,1686.0,1660.0,1609.0,1564.0,1499.0,1451.0,1388.0,1331.0,1280.0,1229.0,1180.0,1141.0,1094.0,1034.0,997.0,969.0
0.0,0.0,0.0,0.0,0.0,0.0,1.0,1.0,3.0,4.0,5.0,8.0,8.0,13.0,15.0,17.0,16.0,18.0,18.0,25.0,29.0,34.0,34.0,46.0,60.0,66.0,74.0,91.0,94.0,104.0,115.0,128.0,135.0,138.0,149.0,162.0,178.0,205.0,229.0,254.0,272.0,304.0,334.0,379.0,430.0,475.0,531.0,601.0,678.0,754.0,814.0,924.0,1030.0,1149.0,1237.0,1420.0,1546.0,1691.0,1780.0,1884.0,1963.0,2027.0,2085.0,2108.0,2121.0,2131.0,2114.0,2065.0,2033.0,2017.0,1983.0,1915.0,1829.0,1749.0,1702.0,1623.0,1566.0,1513.0,1455.0,1401.0,1346.0,1290.0,1240.0,1185.0,1147.0,1094.0
0.0,0.0,0.0,0.0,0.0,0.0,0.0,0.0,1.0,1.0,4.0,5.0,7.0,9.0,10.0,10.0,14.0,15.0,16.0,18.0,21.0,27.0,27.0,30.0,35.0,44.0,51.0,55.0,65.0,71.0,74.0,83.0,107.0,119.0,139.0,151.0,179.0,203.0,234.0,260.0,295.0,343.0,381.0,426.0,475.0,512.0,562.0,624.0,686.0,782.0,880.0,1003.0,1125.0,1261.0,1418.0,1576.0,1777.0,1923.0,2058.0,2156.0,2239.0,2303.0,2337.0,2313.0,2351.0,2296.0,2298.0,2268.0,2230.0,2172.0,2107.0,2058.0,1983.0,1936.0,1886.0,1810.0,1741.0,1663.0,1611.0,1550.0,1486.0,1419.0,1359.0,1314.0,1259.0,1193.0
0.0,0.0,0.0,0.0,1.0,1.0,1.0,2.0,3.0,5.0,6.0,7.0,9.0,11.0,14.0,19.0,21.0,22.0,24.0,24.0,32.0,32.0,32.0,37.0,41.0,45.0,53.0,60.0,58.0,67.0,71.0,84.0,96.0,122.0,136.0,151.0,161.0,186.0,216.0,244.0,285.0,317.0,359.0,408.0,464.0,531.0,625.0,695.0,790.0,883.0,1011.0,1096.0,1247.0,1397.0,1546.0,1727.0,1892.0,2058.0,2187.0,2299.0,2386.0,2447.0,2503.0,2504.0,2552.0,2561.0,2548.0,2513.0,2465.0,2405.0,2348.0,2255.0,2185.0,2104.0,2053.0,1992.0,1917.0,1846.0,1761.0,1709.0,1643.0,1583.0,1520.0,1459.0,1415.0,1357.0
0.0,0.0,0.0,0.0,1.0,2.0,2.0,4.0,7.0,11.0,14.0,16.0,16.0,22.0,27.0,25.0,28.0,30.0,37.0,45.0,53.0,56.0,67.0,66.0,66.0,70.0,84.0,87.0,93.0,92.0,97.0,126.0,145.0,159.0,169.0,177.0,194.0,215.0,251.0,289.0,337.0,366.0,406.0,454.0,500.0,558.0,604.0,703.0,797.0,895.0,1009.0,1131.0,1254.0,1420.0,1591.0,1787.0,1960.0,2098.0,2188.0,2300.0,2366.0,2429.0,2460.0,2490.0,2480.0,2486.0,2463.0,2438.0,2381.0,2324.0,2260.0,2195.0,2141.0,2084.0,2027.0,1974.0,1919.0,1865.0,1787.0,1703.0,1643.0,1581.0,1512.0,1451.0,1404.0,1340.0
0.0,0.0,0.0,0.0,0.0,0.0,1.0,1.0,2.0,2.0,2.0,2.0,1.0,2.0,4.0,4.0,4.0,5.0,6.0,8.0,11.0,16.0,16.0,20.0,23.0,24.0,25.0,27.0,27.0,33.0,39.0,46.0,48.0,53.0,54.0,57.0,66.0,80.0,90.0,101.0,116.0,133.0,161.0,177.0,203.0,224.0,261.0,303.0,332.0,378.0,417.0,465.0,512.0,574.0,635.0,699.0,752.0,827.0,890.0,927.0,961.0,976.0,1009.0,1015.0,1019.0,1026.0,1033.0,1021.0,1011.0,986.0,974.0,952.0,913.0,882.0,866.0,849.0,830.0,797.0,768.0,749.0,705.0,676.0,659.0,629.0,611.0,586.0
0.0,0.0,0.0,1.0,1.0,2.0,2.0,2.0,3.0,4.0,4.0,4.0,8.0,8.0,12.0,11.0,12.0,11.0,12.0,13.0,17.0,18.0,23.0,26.0,27.0,25.0,26.0,26.0,25.0,26.0,27.0,30.0,32.0,35.0,33.0,33.0,35.0,39.0,38.0,47.0,52.0,55.0,55.0,65.0,75.0,83.0,79.0,85.0,94.0,101.0,110.0,129.0,135.0,156.0,176.0,201.0,218.0,240.0,257.0,277.0,285.0,279.0,278.0,280.0,285.0,293.0,283.0,276.0,274.0,266.0,262.0,258.0,250.0,246.0,241.0,239.0,227.0,222.0,216.0,216.0,206.0,199.0,196.0,192.0,185.0,179.0
0.0,0.0,0.0,1.0,1.0,1.0,3.0,4.0,4.0,4.0,3.0,3.0,3.0,6.0,7.0,7.0,8.0,8.0,11.0,14.0,16.0,16.0,17.0,18.0,16.0,21.0,22.0,31.0,33.0,35.0,39.0,44.0,52.0,55.0,66.0,74.0,85.0,96.0,106.0,121.0,132.0,154.0,171.0,197.0,215.0,239.0,271.0,299.0,329.0,375.0,408.0,462.0,495.0,562.0,630.0,705.0,789.0,825.0,862.0,888.0,907.0,949.0,957.0,951.0,949.0,952.0,947.0,940.0,940.0,919.0,911.0,907.0,883.0,856.0,827.0,790.0,752.0,725.0,698.0,685.0,668.0,653.0,619.0,592.0,573.0,549.0
0.0,0.0,0.0,0.0,1.0,1.0,1.0,2.0,3.0,4.0,5.0,5.0,6.0,6.0,6.0,7.0,10.0,11.0,16.0,17.0,23.0,31.0,33.0,35.0,41.0,46.0,53.0,54.0,59.0,68.0,76.0,83.0,91.0,96.0,112.0,122.0,133.0,157.0,168.0,188.0,228.0,259.0,285.0,335.0,381.0,456.0,502.0,586.0,669.0,743.0,853.0,941.0,1059.0,1233.0,1370.0,1517.0,1670.0,1806.0,1934.0,2017.0,2098.0,2163.0,2192.0,2241.0,2211.0,2213.0,2203.0,2173.0,2106.0,2049.0,2006.0,1966.0,1909.0,1860.0,1806.0,1723.0,1670.0,1637.0,1600.0,1548.0,1493.0,1449.0,1373.0,1324.0,1261.0,1220.0
0.0,0.0,0.0,2.0,4.0,4.0,4.0,4.0,4.0,5.0,5.0,6.0,6.0,5.0,4.0,4.0,4.0,4.0,6.0,6.0,5.0,5.0,6.0,6.0,7.0,8.0,8.0,10.0,10.0,11.0,11.0,12.0,13.0,12.0,14.0,12.0,10.0,10.0,13.0,14.0,17.0,17.0,20.0,18.0,21.0,20.0,24.0,30.0,31.0,35.0,38.0,40.0,47.0,53.0,67.0,66.0,73.0,80.0,87.0,90.0,95.0,99.0,97.0,97.0,96.0,96.0,97.0,93.0,92.0,96.0,96.0,91.0,93.0,92.0,87.0,85.0,80.0,77.0,75.0,75.0,74.0,70.0,69.0,67.0,65.0,62.0
0.0,0.0,0.0,0.0,0.0,2.0,3.0,4.0,4.0,4.0,4.0,5.0,5.0,5.0,6.0,6.0,7.0,7.0,9.0,8.0,11.0,12.0,9.0,9.0,10.0,13.0,17.0,18.0,21.0,23.0,25.0,30.0,29.0,34.0,38.0,42.0,54.0,61.0,69.0,72.0,85.0,93.0,113.0,128.0,136.0,154.0,173.0,207.0,245.0,280.0,316.0,353.0,405.0,472.0,529.0,611.0,667.0,717.0,773.0,810.0,831.0,868.0,888.0,886.0,878.0,880.0,878.0,856.0,852.0,838.0,833.0,818.0,791.0,753.0,723.0,688.0,674.0,645.0,618.0,599.0,574.0,545.0,530.0,505.0,478.0,446.0
0.0,0.0,0.0,1.0,2.0,3.0,3.0,2.0,6.0,6.0,6.0,6.0,7.0,8.0,8.0,11.0,12.0,14.0,15.0,18.0,20.0,22.0,25.0,30.0,31.0,34.0,43.0,53.0,58.0,64.0,78.0,89.0,104.0,105.0,124.0,151.0,160.0,166.0,183.0,209.0,238.0,277.0,322.0,357.0,396.0,448.0,500.0,554.0,608.0,689.0,770.0,876.0,949.0,1071.0,1216.0,1337.0,1471.0,1586.0,1706.0,1803.0,1903.0,1980.0,2008.0,2001.0,2040.0,2044.0,2023.0,2000.0,1981.0,1947.0,1898.0,1868.0,1830.0,1782.0,1734.0,1680.0,1625.0,1566.0,1518.0,1452.0,1396.0,1329.0,1280.0,1236.0,1188.0,1151.0
0.0,0.0,0.0,0.0,1.0,1.0,1.0,1.0,1.0,1.0,3.0,4.0,5.0,7.0,8.0,11.0,12.0,13.0,16.0,16.0,18.0,17.0,16.0,18.0,21.0,23.0,30.0,31.0,33.0,38.0,51.0,60.0,70.0,81.0,91.0,107.0,117.0,130.0,152.0,167.0,199.0,227.0,256.0,271.0,312.0,361.0,411.0,471.0,519.0,589.0,663.0,737.0,824.0,927.0,1055.0,1163.0,1272.0,1408.0,1484.0,1535.0,1611.0,1670.0,1707.0,1712.0,1716.0,1699.0,1679.0,1676.0,1667.0,1651.0,1618.0,1576.0,1507.0,1444.0,1388.0,1343.0,1308.0,1246.0,1204.0,1163.0,1123.0,1059.0,1019.0,975.0,931.0,888.0
0.0,0.0,0.0,0.0,0.0,1.0,1.0,1.0,2.0,3.0,4.0,4.0,3.0,5.0,7.0,10.0,12.0,11.0,15.0,15.0,20.0,19.0,18.0,21.0,27.0,30.0,33.0,34.0,36.0,40.0,43.0,50.0,50.0,52.0,55.0,61.0,70.0,75.0,85.0,90.0,100.0,113.0,123.0,141.0,157.0,175.0,197.0,221.0,239.0,269.0,304.0,334.0,359.0,419.0,475.0,528.0,589.0,676.0,716.0,753.0,784.0,810.0,823.0,827.0,847.0,838.0,812.0,798.0,784.0,767.0,754.0,724.0,693.0,679.0,659.0,641.0,616.0,594.0,563.0,540.0,524.0,507.0,503.0,490.0,470.0,446.0
0.0,0.0,0.0,0.0,0.0,0.0,1.0,1.0,1.0,1.0,4.0,7.0,9.0,10.0,12.0,15.0,20.0,23.0,23.0,27.0,29.0,31.0,35.0,31.0,36.0,43.0,44.0,51.0,61.0,72.0,85.0,91.0,103.0,115.0,141.0,145.0,175.0,188.0,216.0,254.0,284.0,327.0,364.0,410.0,468.0,521.0,593.0,672.0,753.0,845.0,945.0,1047.0,1176.0,1344.0,1520.0,1699.0,1827.0,1929.0,2022.0,2141.0,2191.0,2265.0,2279.0,2301.0,2276.0,2274.0,2242.0,2221.0,2190.0,2140.0,2106.0,2053.0,2007.0,1958.0,1901.0,1839.0,1763.0,1713.0,1642.0,1589.0,1519.0,1459.0,1393.0,1337.0,1293.0,1240.0
0.0,0.0,0.0,0.0,0.0,1.0,3.0,4.0,4.0,7.0,6.0,6.0,5.0,6.0,7.0,7.0,6.0,6.0,7.0,8.0,11.0,13.0,12.0,12.0,13.0,13.0,17.0,19.0,21.0,22.0,25.0,29.0,36.0,45.0,46.0,52.0,57.0,74.0,82.0,87.0,91.0,104.0,120.0,134.0,154.0,190.0,216.0,251.0,274.0,302.0,336.0,377.0,430.0,486.0,532.0,612.0,694.0,764.0,830.0,869.0,911.0,931.0,964.0,980.0,982.0,989.0,969.0,966.0,946.0,919.0,877.0,844.0,829.0,797.0,769.0,750.0,712.0,693.0,664.0,655.0,623.0,599.0,575.0,555.0,540.0,527.0
0.0,0.0,1.0,1.0,1.0,2.0,2.0,3.0,5.0,6.0,7.0,7.0,8.0,8.0,8.0,8.0,10.0,13.0,15.0,17.0,18.0,22.0,28.0,30.0,33.0,40.0,48.0,59.0,68.0,88.0,98.0,110.0,118.0,140.0,172.0,185.0,212.0,247.0,289.0,332.0,381.0,429.0,498.0,538.0,598.0,655.0,754.0,888.0,990.0,1111.0,1240.0,1425.0,1615.0,1815.0,2007.0,2259.0,2429.0,2610.0,2796.0,2923.0,3065.0,3129.0,3175.0,3228.0,3257.0,3266.0,3248.0,3245.0,3216.0,3118.0,3066.0,2965.0,2884.0,2788.0,2680.0,2586.0,2512.0,2415.0,2316.0,2232.0,2158.0,2073.0,1989.0,1916.0,1824.0,1741.0
0.0,0.0,0.0,0.0,1.0,1.0,1.0,2.0,2.0,3.0,6.0,10.0,10.0,10.0,10.0,11.0,14.0,13.0,14.0,15.0,16.0,19.0,21.0,19.0,18.0,20.0,23.0,26.0,28.0,32.0,36.0,38.0,41.0,48.0,55.0,61.0,68.0,76.0,85.0,102.0,112.0,116.0,128.0,147.0,154.0,163.0,177.0,204.0,230.0,256.0,282.0,328.0,370.0,417.0,468.0,508.0,544.0,593.0,641.0,665.0,692.0,737.0,768.0,778.0,772.0,753.0,741.0,739.0,728.0,713.0,712.0,683.0,665.0,644.0,614.0,597.0,571.0,554.0,539.0,525.0,512.0,491.0,477.0,459.0,446.0,431.0
