0.0,0.0,0.0,0.0,0.0,0.0,0.0,0.0,0.0,0.0,0.0,0.0,0.0,0.0,0.0,0.0,0.0,0.0,0.0,0.0,0.0,0.0,0.0,0.0,0.0,0.0,0.0,0.0,0.0,0.0,0.0,1.0,1.0,1.0,1.0,1.0,1.0,2.0,2.0,4.0,4.0,4.0,5.0,5.0,5.0,5.0,6.0,6.0,8.0,9.0,15.0,20.0,25.0,27.0,33.0,41.0,48.0,59.0,70.0,86.0,107.0,121.0,147.0,173.0,193.0,236.0,272.0,318.0,357.0,418.0,485.0,550.0,601.0,662.0,716.0,776.0,845.0,910.0,973.0,1023.0,1086.0,1160.0,1234.0,1289.0,1351.0,1412.0,1469.0,1527.0,1572.0
0.0,0.0,0.0,0.0,0.0,0.0,0.0,0.0,0.0,0.0,0.0,0.0,0.0,0.0,1.0,1.0,1.0,1.0,1.0,1.0,1.0,1.0,1.0,1.0,1.0,1.0,1.0,1.0,1.0,1.0,2.0,3.0,4.0,5.0,5.0,5.0,5.0,5.0,5.0,5.0,8.0,8.0,11.0,13.0,15.0,18.0,21.0,26.0,31.0,41.0,51.0,63.0,71.0,79.0,92.0,112.0,130.0,159.0,180.0,222.0,271.0,315.0,378.0,451.0,525.0,612.0,696.0,804.0,908.0,1024.0,1153.0,1280.0,1426.0,1584.0,1719.0,1867.0,2007.0,2168.0,2297.0,2443.0,2567.0,2677.0,2801.0,2908.0,3009.0,3131.0,3224.0,3320.0,3417.0
0.0,0.0,0.0,0.0,0.0,0.0,0.0,0.0,0.0,0.0,0.0,0.0,0.0,0.0,0.0,0.0,0.0,0.0,0.0,0.0,0.0,0.0,0.0,0.0,0.0,0.0,0.0,0.0,0.0,0.0,1.0,1.0,1.0,1.0,1.0,1.0,2.0,2.0,2.0,4.0,5.0,5.0,5.0,5.0,5.0,5.0,6.0,8.0,11.0,14.0,18.0,21.0,25.0,33.0,36.0,43.0,48.0,56.0,66.0,76.0,87.0,107.0,127.0,159.0,201.0,238.0,292.0,345.0,398.0,459.0,511.0,571.0,649.0,718.0,812.0,889.0,963.0,1038.0,1099.0,1174.0,1245.0,1310.0,1400.0,1471.0,1537.0,1599.0,1670.0,1733.0,1784.0
0.0,0.0,0.0,0.0,0.0,0.0,0.0,0.0,0.0,0.0,0.0,0.0,0.0,0.0,0.0,0.0,0.0,0.0,0.0,0.0,0.0,0.0,0.0,0.0,0.0,0.0,0.0,0.0,0.0,0.0,1.0,1.0,2.0,2.0,2.0,3.0,3.0,5.0,6.0,9.0,9.0,10.0,10.0,16.0,19.0,25.0,33.0,40.0,50.0,60.0,71.0,82.0,96.0,112.0,131.0,160.0,186.0,210.0,246.0,291.0,346.0,406.0,467.0,551.0,641.0,740.0,838.0,966.0,1112.0,1245.0,1398.0,1539.0,1670.0,1800.0,1962.0,2119.0,2283.0,2456.0,2610.0,2731.0,2879.0,3039.0,3171.0,3305.0,3427.0,3559.0,3666.0,3786.0,3874.0
0.0,0.0,0.0,0.0,0.0,0.0,0.0,0.0,0.0,0.0,0.0,0.0,0.0,0.0,0.0,0.0,0.0,0.0,0.0,0.0,0.0,0.0,0.0,0.0,0.0,0.0,0.0,0.0,0.0,0.0,0.0,0.0,0.0,0.0,1.0,2.0,3.0,3.0,4.0,6.0,6.0,6.0,8.0,8.0,13.0,15.0,20.0,21.0,29.0,37.0,43.0,54.0,67.0,74.0,87.0,104.0,128.0,165.0,196.0,239.0,297.0,338.0,399.0,476.0,559.0,640.0,735.0,845.0,960.0,1078.0,1206.0,1327.0,1451.0,1569.0,1697.0,1828.0,1968.0,2100.0,2220.0,2364.0,2500.0,2617.0,2740.0,2864.0,2980.0,3085.0,3187.0,3294.0,3396.0
0.0,0.0,0.0,0.0,0.0,0.0,0.0,0.0,0.0,0.0,0.0,0.0,0.0,0.0,0.0,0.0,0.0,0.0,0.0,0.0,0.0,0.0,0.0,0.0,0.0,0.0,1.0,1.0,1.0,1.0,1.0,1.0,1.0,1.0,1.0,1.0,1.0,1.0,3.0,5.0,5.0,5.0,7.0,10.0,12.0,14.0,16.0,17.0,19.0,25.0,28.0,33.0,36.0,47.0,56.0,63.0,73.0,86.0,103.0,122.0,151.0,185.0,214.0,256.0,298.0,363.0,430.0,503.0,588.0,691.0,783.0,875.0,954.0,1047.0,1150.0,1247.0,1362.0,1458.0,1563.0,1667.0,1773.0,1878.0,1981.0,2080.0,2176.0,2268.0,2343.0,2419.0,2494.0
0.0,0.0,0.0,0.0,0.0,0.0,0.0,0.0,0.0,0.0,0.0,0.0,0.0,0.0,0.0,0.0,0.0,0.0,0.0,0.0,0.0,0.0,0.0,0.0,0.0,0.0,0.0,0.0,0.0,0.0,0.0,1.0,1.0,1.0,1.0,3.0,3.0,3.0,3.0,3.0,3.0,3.0,3.0,3.0,3.0,3.0,4.0,4.0,8.0,8.0,9.0,10.0,14.0,19.0,22.0,29.0,37.0,47.0,57.0,70.0,88.0,105.0,124.0,153.0,179.0,210.0,254.0,301.0,351.0,404.0,465.0,513.0,570.0,619.0,684.0,758.0,820.0,895.0,953.0,1013.0,1084.0,1147.0,1211.0,1261.0,1307.0,1348.0,1409.0,1453.0,1503.0
0.0,0.0,0.0,0.0,0.0,0.0,0.0,0.0,0.0,0.0,0.0,0.0,0.0,0.0,0.0,0.0,0.0,0.0,0.0,0.0,0.0,0.0,0.0,0.0,0.0,0.0,0.0,0.0,0.0,0.0,0.0,0.0,0.0,0.0,2.0,2.0,3.0,3.0,5.0,5.0,8.0,11.0,13.0,15.0,19.0,23.0,29.0,32.0,39.0,46.0,52.0,59.0,75.0,85.0,97.0,113.0,140.0,173.0,220.0,258.0,313.0,371.0,439.0,520.0,616.0,700.0,808.0,910.0,1008.0,1152.0,1276.0,1434.0,1580.0,1747.0,1883.0,2055.0,2226.0,2381.0,2514.0,2663.0,2817.0,2952.0,3090.0,3228.0,3342.0,3471.0,3586.0,3675.0,3776.0
0.0,0.0,0.0,0.0,0.0,0.0,0.0,0.0,0.0,0.0,0.0,0.0,0.0,0.0,0.0,0.0,0.0,0.0,0.0,0.0,0.0,0.0,0.0,1.0,1.0,1.0,1.0,1.0,1.0,1.0,1.0,1.0,2.0,3.0,3.0,6.0,6.0,6.0,7.0,7.0,8.0,10.0,14.0,19.0,27.0,29.0,38.0,41.0,48.0,55.0,69.0,85.0,101.0,115.0,136.0,166.0,199.0,233.0,273.0,327.0,406.0,473.0,532.0,623.0,712.0,812.0,936.0,1067.0,1209.0,1352.0,1488.0,1648.0,1803.0,1987.0,2175.0,2331.0,2512.0,2697.0,2862.0,3032.0,3204.0,3385.0,3519.0,3651.0,3800.0,3922.0,4036.0,4140.0,4268.0
0.0,0.0,0.0,0.0,0.0,0.0,0.0,0.0,0.0,0.0,0.0,0.0,0.0,0.0,0.0,0.0,0.0,0.0,0.0,0.0,0.0,0.0,0.0,0.0,0.0,0.0,0.0,0.0,0.0,0.0,0.0,0.0,0.0,0.0,0.0,0.0,0.0,0.0,0.0,0.0,1.0,1.0,2.0,4.0,6.0,6.0,8.0,10.0,11.0,15.0,23.0,27.0,33.0,36.0,44.0,52.0,62.0,77.0,88.0,106.0,123.0,147.0,169.0,208.0,248.0,293.0,346.0,411.0,468.0,524.0,593.0,671.0,751.0,849.0,928.0,1002.0,1089.0,1184.0,1270.0,1361.0,1456.0,1532.0,1596.0,1676.0,1750.0,1826.0,1897.0,1954.0,2022.0
0.0,0.0,0.0,0.0,0.0,0.0,0.0,0.0,0.0,0.0,0.0,0.0,0.0,0.0,0.0,0.0,0.0,0.0,0.0,0.0,0.0,0.0,0.0,0.0,0.0,1.0,1.0,1.0,1.0,1.0,2.0,3.0,3.0,3.0,3.0,3.0,4.0,4.0,4.0,4.0,4.0,5.0,7.0,7.0,7.0,8.0,12.0,15.0,17.0,21.0,23.0,28.0,35.0,39.0,46.0,53.0,63.0,80.0,93.0,113.0,139.0,161.0,186.0,248.0,301.0,358.0,443.0,497.0,575.0,653.0,724.0,803.0,879.0,953.0,1064.0,1159.0,1264.0,1366.0,1459.0,1550.0,1633.0,1736.0,1818.0,1899.0,1992.0,2072.0,2131.0,2206.0,2267.0
0.0,0.0,0.0,0.0,0.0,0.0,0.0,0.0,0.0,0.0,0.0,0.0,0.0,0.0,0.0,0.0,0.0,0.0,0.0,0.0,0.0,0.0,0.0,0.0,0.0,0.0,0.0,1.0,1.0,2.0,2.0,3.0,3.0,3.0,4.0,6.0,6.0,7.0,10.0,10.0,11.0,17.0,19.0,23.0,30.0,33.0,39.0,46.0,52.0,65.0,78.0,97.0,115.0,133.0,173.0,200.0,237.0,282.0,339.0,426.0,494.0,574.0,661.0,771.0,910.0,1057.0,1194.0,1351.0,1538.0,1724.0,1910.0,2100.0,2280.0,2450.0,2647.0,2859.0,3048.0,3240.0,3411.0,3584.0,3753.0,3934.0,4082.0,4237.0,4354.0,4506.0,4652.0,4771.0,4888.0
0.0,0.0,0.0,0.0,0.0,0.0,0.0,0.0,0.0,0.0,0.0,0.0,0.0,0.0,0.0,0.0,0.0,0.0,0.0,0.0,0.0,0.0,0.0,0.0,0.0,0.0,0.0,0.0,0.0,0.0,0.0,0.0,0.0,1.0,1.0,2.0,3.0,3.0,4.0,4.0,5.0,6.0,8.0,10.0,15.0,22.0,30.0,41.0,49.0,64.0,74.0,87.0,110.0,128.0,153.0,183.0,231.0,290.0,351.0,415.0,487.0,556.0,647.0,754.0,880.0,1016.0,1167.0,1344.0,1509.0,1698.0,1891.0,2081.0,2270.0,2434.0,2654.0,2861.0,3071.0,3293.0,3481.0,3666.0,3844.0,4008.0,4170.0,4303.0,4435.0,4584.0,4734.0,4848.0,4965.0
0.0,0.0,0.0,0.0,0.0,0.0,0.0,0.0,0.0,0.0,0.0,0.0,0.0,0.0,0.0,0.0,0.0,0.0,0.0,0.0,0.0,0.0,0.0,0.0,0.0,0.0,1.0,1.0,1.0,2.0,2.0,2.0,3.0,3.0,3.0,3.0,4.0,5.0,7.0,7.0,7.0,12.0,15.0,19.0,24.0,25.0,31.0,35.0,41.0,50.0,64.0,79.0,98.0,115.0,135.0,161.0,200.0,233.0,282.0,333.0,392.0,460.0,535.0,623.0,727.0,844.0,958.0,1087.0,1220.0,1362.0,1520.0,1686.0,1840.0,2015.0,2190.0,2340.0,2498.0,2676.0,2833.0,2990.0,3147.0,3303.0,3468.0,3606.0,3739.0,3888.0,4007.0,4100.0,4209.0
0.0,0.0,0.0,0.0,0.0,0.0,0.0,0.0,0.0,0.0,0.0,0.0,0.0,0.0,0.0,0.0,0.0,0.0,0.0,0.0,0.0,0.0,0.0,0.0,0.0,0.0,0.0,0.0,0.0,0.0,3.0,3.0,3.0,3.0,3.0,3.0,4.0,6.0,7.0,7.0,11.0,13.0,15.0,19.0,24.0,27.0,30.0,39.0,42.0,50.0,54.0,69.0,79.0,103.0,128.0,157.0,186.0,219.0,264.0,306.0,363.0,432.0,500.0,585.0,698.0,813.0,932.0,1077.0,1230.0,1385.0,1565.0,1738.0,1926.0,2063.0,2225.0,2382.0,2538.0,2693.0,2858.0,3024.0,3178.0,3336.0,3474.0,3614.0,3749.0,3876.0,3997.0,4096.0,4201.0
0.0,0.0,0.0,0.0,0.0,0.0,0.0,0.0,0.0,0.0,0.0,0.0,0.0,0.0,0.0,0.0,0.0,0.0,0.0,0.0,0.0,0.0,0.0,0.0,1.0,1.0,1.0,1.0,1.0,2.0,3.0,4.0,4.0,5.0,5.0,8.0,9.0,11.0,12.0,14.0,14.0,16.0,18.0,18.0,23.0,31.0,34.0,39.0,45.0,54.0,66.0,74.0,80.0,97.0,118.0,142.0,165.0,196.0,243.0,278.0,317.0,376.0,451.0,531.0,608.0,713.0,817.0,939.0,1072.0,1222.0,1351.0,1505.0,1652.0,1799.0,1984.0,2150.0,2300.0,2479.0,2617.0,2758.0,2895.0,3012.0,3145.0,3257.0,3365.0,3496.0,3612.0,3716.0,3810.0
0.0,0.0,0.0,0.0,0.0,0.0,0.0,0.0,0.0,0.0,0.0,0.0,0.0,0.0,0.0,0.0,0.0,0.0,0.0,0.0,0.0,0.0,0.0,0.0,0.0,0.0,0.0,0.0,0.0,0.0,0.0,0.0,1.0,2.0,2.0,2.0,2.0,2.0,3.0,3.0,7.0,8.0,10.0,13.0,14.0,21.0,26.0,31.0,35.0,49.0,56.0,61.0,71.0,94.0,114.0,138.0,169.0,195.0,233.0,276.0,335.0,396.0,477.0,558.0,656.0,763.0,897.0,1036.0,1160.0,1319.0,1471.0,1628.0,1794.0,1950.0,2095.0,2258.0,2432.0,2582.0,2754.0,2949.0,3107.0,3256.0,3436.0,3553.0,3685.0,3833.0,3964.0,4079.0,4214.0
0.0,0.0,0.0,0.0,0.0,0.0,0.0,0.0,0.0,0.0,0.0,0.0,0.0,0.0,0.0,0.0,0.0,0.0,0.0,0.0,0.0,0.0,0.0,0.0,0.0,1.0,1.0,1.0,1.0,1.0,1.0,1.0,2.0,2.0,2.0,2.0,2.0,2.0,2.0,2.0,2.0,3.0,5.0,5.0,5.0,6.0,9.0,10.0,12.0,17.0,17.0,20.0,26.0,28.0,31.0,35.0,39.0,47.0,59.0,71.0,84.0,96.0,119.0,145.0,164.0,191.0,224.0,260.0,294.0,337.0,383.0,428.0,477.0,532.0,599.0,660.0,703.0,773.0,838.0,894.0,961.0,1017.0,1079.0,1132.0,1187.0,1235.0,1287.0,1339.0,1377.0
0.0,0.0,0.0,0.0,0.0,0.0,0.0,0.0,0.0,0.0,0.0,0.0,0.0,0.0,0.0,0.0,0.0,0.0,0.0,0.0,1.0,1.0,1.0,1.0,2.0,2.0,2.0,2.0,2.0,2.0,2.0,3.0,3.0,4.0,4.0,5.0,6.0,6.0,8.0,10.0,11.0,14.0,17.0,20.0,21.0,25.0,29.0,33.0,37.0,45.0,55.0,66.0,79.0,93.0,105.0,127.0,157.0,181.0,211.0,256.0,300.0,347.0,426.0,497.0,567.0,655.0,755.0,869.0,972.0,1105.0,1230.0,1367.0,1497.0,1652.0,1806.0,1931.0,2085.0,2221.0,2355.0,2524.0,2654.0,2803.0,2929.0,3059.0,3186.0,3314.0,3421.0,3508.0,3625.0
0.0,0.0,0.0,0.0,0.0,0.0,0.0,0.0,0.0,0.0,0.0,0.0,0.0,0.0,0.0,0.0,0.0,0.0,0.0,0.0,0.0,0.0,0.0,0.0,0.0,0.0,0.0,1.0,2.0,2.0,2.0,2.0,2.0,3.0,3.0,3.0,3.0,4.0,6.0,9.0,11.0,13.0,15.0,17.0,20.0,27.0,33.0,39.0,45.0,54.0,61.0,71.0,83.0,104.0,124.0,144.0,175.0,219.0,253.0,300.0,347.0,404.0,488.0,569.0,664.0,779.0,897.0,1024.0,1148.0,1257.0,1392.0,1553.0,1730.0,1888.0,2019.0,2163.0,2333.0,2509.0,2677.0,2840.0,2991.0,3148.0,3303.0,3442.0,3582.0,3707.0,3834.0,3950.0,4048.0
0.0,0.0,0.0,0.0,0.0,0.0,0.0,0.0,0.0,0.0,0.0,0.0,0.0,0.0,0.0,0.0,0.0,0.0,0.0,0.0,0.0,1.0,1.0,1.0,1.0,1.0,2.0,2.0,2.0,3.0,3.0,3.0,5.0,5.0,5.0,6.0,7.0,9.0,9.0,13.0,13.0,16.0,18.0,20.0,23.0,30.0,34.0,42.0,49.0,56.0,77.0,85.0,97.0,118.0,134.0,157.0,191.0,224.0,259.0,312.0,351.0,412.0,486.0,581.0,672.0,787.0,896.0,1000.0,1141.0,1268.0,1409.0,1549.0,1707.0,1859.0,2008.0,2187.0,2343.0,2490.0,2648.0,2801.0,2950.0,3088.0,3218.0,3374.0,3499.0,3625.0,3745.0,3877.0,3971.0
0.0,0.0,0.0,0.0,0.0,0.0,0.0,0.0,0.0,0.0,0.0,0.0,0.0,0.0,0.0,0.0,0.0,0.0,0.0,0.0,0.0,0.0,0.0,0.0,0.0,0.0,1.0,2.0,2.0,2.0,3.0,4.0,4.0,4.0,4.0,6.0,6.0,6.0,6.0,8.0,11.0,13.0,15.0,15.0,19.0,22.0,27.0,32.0,34.0,37.0,46.0,54.0,67.0,79.0,93.0,115.0,138.0,169.0,202.0,240.0,297.0,349.0,406.0,480.0,548.0,635.0,721.0,825.0,940.0,1064.0,1188.0,1334.0,1449.0,1577.0,1723.0,1861.0,2013.0,2145.0,2301.0,2442.0,2570.0,2703.0,2838.0,2967.0,3078.0,3177.0,3286.0,3402.0,3513.0
0.0,0.0,0.0,0.0,0.0,0.0,0.0,0.0,0.0,0.0,0.0,0.0,0.0,0.0,0.0,0.0,0.0,0.0,1.0,1.0,1.0,1.0,1.0,1.0,1.0,1.0,2.0,2.0,2.0,3.0,3.0,3.0,3.0,3.0,3.0,3.0,5.0,7.0,7.0,7.0,8.0,10.0,12.0,12.0,12.0,15.0,18.0,18.0,22.0,25.0,28.0,34.0,43.0,52.0,61.0,71.0,82.0,102.0,115.0,142.0,167.0,194.0,235.0,285.0,350.0,414.0,494.0,562.0,633.0,723.0,803.0,896.0,1013.0,1127.0,1252.0,1370.0,1468.0,1590.0,1708.0,1810.0,1922.0,2028.0,2119.0,2220.0,2316.0,2396.0,2488.0,2584.0,2671.0
0.0,0.0,0.0,0.0,0.0,0.0,0.0,0.0,0.0,0.0,0.0,0.0,0.0,0.0,0.0,0.0,0.0,0.0,0.0,0.0,0.0,0.0,0.0,0.0,0.0,0.0,0.0,0.0,0.0,2.0,2.0,3.0,3.0,3.0,3.0,3.0,4.0,4.0,6.0,10.0,10.0,14.0,16.0,22.0,25.0,34.0,36.0,43.0,51.0,64.0,74.0,85.0,96.0,110.0,135.0,157.0,183.0,224.0,271.0,324.0,377.0,437.0,509.0,610.0,716.0,821.0,956.0,1094.0,1237.0,1381.0,1552.0,1705.0,1886.0,2049.0,2209.0,2394.0,2582.0,2759.0,2923.0,3086.0,3263.0,3392.0,3531.0,3658.0,3793.0,3914.0,4033.0,4152.0,4251.0
0.0,0.0,0.0,0.0,0.0,0.0,0.0,0.0,0.0,0.0,0.0,0.0,0.0,0.0,0.0,0.0,0.0,0.0,0.0,0.0,0.0,0.0,0.0,0.0,0.0,1.0,1.0,1.0,1.0,1.0,1.0,2.0,2.0,4.0,4.0,4.0,7.0,9.0,10.0,10.0,11.0,13.0,18.0,19.0,26.0,27.0,29.0,33.0,42.0,55.0,65.0,82.0,100.0,117.0,136.0,159.0,191.0,237.0,280.0,353.0,428.0,504.0,578.0,670.0,798.0,926.0,1062.0,1228.0,1395.0,1580.0,1760.0,1940.0,2129.0,2308.0,2470.0,2678.0,2873.0,3069.0,3249.0,3409.0,3569.0,3729.0,3900.0,4059.0,4191.0,4327.0,4454.0,4582.0,4708.0
0.0,0.0,0.0,0.0,0.0,0.0,0.0,0.0,0.0,0.0,0.0,0.0,0.0,0.0,0.0,0.0,0.0,0.0,0.0,0.0,0.0,0.0,0.0,0.0,0.0,0.0,0.0,0.0,0.0,0.0,0.0,0.0,2.0,2.0,3.0,3.0,3.0,5.0,10.0,12.0,15.0,18.0,22.0,29.0,39.0,45.0,55.0,64.0,74.0,94.0,114.0,144.0,168.0,198.0,230.0,279.0,341.0,416.0,496.0,576.0,665.0,772.0,882.0,1015.0,1165.0,1345.0,1521.0,1726.0,1928.0,2149.0,2377.0,2605.0,2844.0,3094.0,3307.0,3524.0,3744.0,3942.0,4147.0,4342.0,4530.0,4730.0,4905.0,5060.0,5215.0,5371.0,5524.0,5649.0,5778.0
0.0,0.0,0.0,0.0,0.0,0.0,0.0,0.0,0.0,0.0,0.0,0.0,0.0,0.0,0.0,0.0,0.0,0.0,2.0,2.0,2.0,2.0,2.0,2.0,2.0,2.0,2.0,2.0,2.0,2.0,2.0,2.0,2.0,2.0,2.0,2.0,2.0,3.0,3.0,3.0,3.0,3.0,3.0,6.0,7.0,7.0,10.0,15.0,18.0,20.0,26.0,30.0,36.0,39.0,48.0,60.0,75.0,91.0,105.0,129.0,147.0,176.0,221.0,263.0,313.0,366.0,425.0,479.0,558.0,626.0,705.0,800.0,876.0,959.0,1069.0,1168.0,1270.0,1367.0,1453.0,1558.0,1650.0,1738.0,1822.0,1904.0,1973.0,2048.0,2130.0,2191.0,2261.0
0.0,0.0,0.0,0.0,0.0,0.0,0.0,0.0,0.0,0.0,0.0,0.0,0.0,0.0,0.0,0.0,0.0,0.0,0.0,0.0,0.0,0.0,0.0,0.0,0.0,0.0,0.0,0.0,0.0,0.0,0.0,0.0,0.0,1.0,1.0,1.0,2.0,2.0,3.0,4.0,4.0,5.0,6.0,8.0,10.0,11.0,14.0,15.0,18.0,21.0,26.0,33.0,41.0,51.0,61.0,75.0,85.0,105.0,123.0,141.0,171.0,198.0,244.0,282.0,333.0,393.0,462.0,535.0,611.0,702.0,789.0,896.0,992.0,1084.0,1178.0,1282.0,1401.0,1509.0,1610.0,1718.0,1825.0,1936.0,2031.0,2126.0,2204.0,2290.0,2369.0,2455.0,2514.0
0.0,0.0,0.0,0.0,0.0,0.0,0.0,0.0,0.0,0.0,0.0,0.0,0.0,0.0,0.0,0.0,0.0,0.0,0.0,0.0,0.0,0.0,0.0,0.0,0.0,0.0,0.0,0.0,0.0,0.0,0.0,0.0,1.0,2.0,3.0,5.0,5.0,7.0,8.0,11.0,12.0,14.0,16.0,17.0,18.0,20.0,24.0,30.0,35.0,40.0,48.0,53.0,63.0,78.0,92.0,118.0,143.0,173.0,209.0,257.0,305.0,354.0,428.0,502.0,595.0,678.0,786.0,904.0,1007.0,1148.0,1297.0,1443.0,1580.0,1735.0,1888.0,2016.0,2181.0,2338.0,2483.0,2647.0,2786.0,2931.0,3066.0,3182.0,3320.0,3450.0,3553.0,3637.0,3743.0
0.0,0.0,0.0,0.0,0.0,0.0,0.0,0.0,0.0,0.0,0.0,0.0,0.0,0.0,0.0,0.0,0.0,0.0,0.0,0.0,0.0,1.0,1.0,1.0,2.0,2.0,2.0,2.0,2.0,2.0,2.0,2.0,4.0,4.0,5.0,6.0,6.0,6.0,6.0,6.0,7.0,7.0,10.0,12.0,16.0,20.0,21.0,25.0,35.0,41.0,47.0,53.0,70.0,77.0,90.0,113.0,138.0,158.0,187.0,222.0,261.0,309.0,359.0,429.0,488.0,576.0,672.0,769.0,871.0,978.0,1083.0,1203.0,1316.0,1448.0,1605.0,1729.0,1873.0,2006.0,2142.0,2287.0,2410.0,2534.0,2648.0,2776.0,2903.0,3007.0,3125.0,3214.0,3304.0
0.0,0.0,0.0,0.0,0.0,0.0,0.0,0.0,0.0,0.0,0.0,0.0,2.0,2.0,2.0,2.0,2.0,2.0,2.0,2.0,2.0,2.0,2.0,2.0,2.0,2.0,2.0,2.0,2.0,2.0,3.0,4.0,4.0,6.0,6.0,9.0,14.0,15.0,18.0,20.0,28.0,38.0,48.0,56.0,71.0,88.0,103.0,113.0,137.0,162.0,192.0,227.0,274.0,339.0,398.0,477.0,555.0,652.0,749.0,874.0,1003.0,1177.0,1364.0,1566.0,1767.0,2004.0,2246.0,2509.0,2771.0,3033.0,3312.0,3572.0,3875.0,4142.0,4434.0,4691.0,4954.0,5200.0,5431.0,5681.0,5896.0,6122.0,6321.0,6517.0,6699.0,6902.0,7050.0,7190.0,7332.0
0.0,0.0,0.0,0.0,0.0,0.0,0.0,0.0,0.0,0.0,0.0,0.0,0.0,0.0,0.0,0.0,0.0,0.0,0.0,0.0,0.0,0.0,0.0,0.0,0.0,0.0,0.0,0.0,0.0,0.0,1.0,3.0,4.0,7.0,8.0,9.0,10.0,11.0,12.0,13.0,14.0,18.0,22.0,26.0,35.0,42.0,51.0,61.0,75.0,89.0,101.0,113.0,131.0,158.0,193.0,230.0,264.0,308.0,365.0,420.0,509.0,579.0,677.0,786.0,928.0,1073.0,1234.0,1401.0,1570.0,1767.0,1960.0,2118.0,2309.0,2533.0,2735.0,2959.0,3145.0,3354.0,3558.0,3755.0,3955.0,4132.0,4307.0,4467.0,4617.0,4755.0,4903.0,5028.0,5153.0
0.0,0.0,0.0,0.0,0.0,0.0,0.0,0.0,0.0,0.0,0.0,0.0,0.0,0.0,0.0,0.0,0.0,0.0,0.0,0.0,0.0,0.0,1.0,1.0,2.0,2.0,2.0,2.0,3.0,4.0,4.0,5.0,5.0,5.0,6.0,6.0,8.0,10.0,17.0,24.0,25.0,27.0,30.0,35.0,37.0,44.0,51.0,62.0,83.0,100.0,122.0,141.0,161.0,182.0,215.0,249.0,289.0,337.0,406.0,473.0,553.0,642.0,762.0,891.0,1030.0,1182.0,1354.0,1518.0,1686.0,1851.0,2060.0,2241.0,2458.0,2670.0,2864.0,3095.0,3330.0,3523.0,3715.0,3904.0,4086.0,4270.0,4432.0,4598.0,4769.0,4910.0,5078.0,5218.0,5335.0
0.0,0.0,0.0,0.0,0.0,0.0,0.0,0.0,0.0,0.0,0.0,0.0,0.0,1.0,1.0,1.0,1.0,1.0,1.0,1.0,1.0,1.0,1.0,1.0,1.0,1.0,1.0,1.0,1.0,1.0,1.0,3.0,3.0,3.0,4.0,4.0,6.0,7.0,11.0,11.0,13.0,14.0,18.0,21.0,31.0,35.0,41.0,49.0,65.0,75.0,89.0,110.0,128.0,146.0,189.0,242.0,286.0,323.0,383.0,451.0,525.0,615.0,733.0,855.0,962.0,1088.0,1240.0,1388.0,1579.0,1766.0,1964.0,2188.0,2404.0,2630.0,2830.0,3005.0,3211.0,3418.0,3607.0,3780.0,4008.0,4186.0,4345.0,4497.0,4648.0,4794.0,4921.0,5043.0,5179.0
0.0,0.0,0.0,0.0,0.0,0.0,0.0,0.0,0.0,0.0,0.0,0.0,0.0,0.0,0.0,0.0,0.0,0.0,0.0,0.0,0.0,0.0,0.0,0.0,0.0,0.0,1.0,1.0,1.0,1.0,1.0,3.0,3.0,4.0,5.0,8.0,10.0,12.0,13.0,15.0,17.0,18.0,23.0,24.0,31.0,38.0,41.0,51.0,68.0,84.0,97.0,116.0,141.0,174.0,217.0,242.0,281.0,341.0,399.0,466.0,544.0,636.0,736.0,851.0,1015.0,1144.0,1325.0,1510.0,1692.0,1890.0,2088.0,2317.0,2532.0,2734.0,2934.0,3163.0,3347.0,3547.0,3768.0,3930.0,4141.0,4327.0,4500.0,4647.0,4813.0,4968.0,5114.0,5248.0,5355.0
0.0,0.0,0.0,0.0,0.0,0.0,0.0,0.0,0.0,0.0,0.0,0.0,0.0,0.0,0.0,0.0,0.0,0.0,0.0,0.0,0.0,0.0,0.0,0.0,0.0,0.0,0.0,0.0,0.0,1.0,1.0,2.0,4.0,4.0,5.0,5.0,7.0,7.0,9.0,11.0,13.0,16.0,17.0,20.0,22.0,27.0,36.0,43.0,49.0,59.0,72.0,86.0,107.0,128.0,151.0,184.0,214.0,250.0,290.0,341.0,402.0,465.0,543.0,639.0,739.0,859.0,984.0,1141.0,1271.0,1449.0,1625.0,1782.0,1928.0,2104.0,2311.0,2485.0,2668.0,2837.0,3020.0,3162.0,3306.0,3453.0,3616.0,3762.0,3910.0,4039.0,4169.0,4287.0,4376.0
0.0,0.0,0.0,0.0,0.0,0.0,0.0,0.0,0.0,0.0,0.0,0.0,0.0,0.0,0.0,0.0,0.0,0.0,0.0,0.0,0.0,0.0,0.0,0.0,0.0,0.0,0.0,0.0,0.0,1.0,2.0,2.0,3.0,5.0,5.0,6.0,7.0,11.0,14.0,15.0,20.0,25.0,26.0,29.0,33.0,38.0,50.0,61.0,75.0,88.0,101.0,132.0,153.0,177.0,200.0,239.0,285.0,327.0,383.0,438.0,499.0,598.0,694.0,812.0,961.0,1125.0,1260.0,1434.0,1619.0,1804.0,2021.0,2219.0,2419.0,2625.0,2852.0,3069.0,3276.0,3488.0,3677.0,3849.0,4048.0,4231.0,4393.0,4547.0,4690.0,4847.0,4976.0,5105.0,5239.0
0.0,0.0,0.0,0.0,0.0,0.0,0.0,0.0,0.0,0.0,0.0,0.0,0.0,0.0,0.0,0.0,0.0,0.0,0.0,0.0,0.0,0.0,0.0,0.0,0.0,0.0,0.0,0.0,0.0,1.0,2.0,3.0,3.0,3.0,3.0,4.0,4.0,6.0,7.0,7.0,9.0,13.0,13.0,15.0,18.0,19.0,25.0,33.0,40.0,48.0,61.0,77.0,97.0,119.0,145.0,180.0,210.0,246.0,294.0,364.0,444.0,526.0,608.0,708.0,809.0,933.0,1053.0,1208.0,1368.0,1533.0,1719.0,1902.0,2085.0,2270.0,2447.0,2634.0,2821.0,2989.0,3182.0,3347.0,3530.0,3676.0,3840.0,4004.0,4154.0,4308.0,4439.0,4562.0,4670.0
0.0,0.0,0.0,0.0,0.0,0.0,0.0,0.0,0.0,0.0,0.0,0.0,0.0,0.0,0.0,0.0,0.0,0.0,0.0,0.0,1.0,1.0,2.0,2.0,2.0,2.0,2.0,2.0,2.0,2.0,3.0,3.0,4.0,5.0,7.0,8.0,11.0,11.0,11.0,12.0,14.0,15.0,21.0,27.0,33.0,43.0,52.0,62.0,77.0,93.0,108.0,132.0,149.0,172.0,195.0,229.0,269.0,310.0,364.0,444.0,522.0,607.0,722.0,841.0,969.0,1132.0,1300.0,1500.0,1677.0,1851.0,2046.0,2247.0,2472.0,2683.0,2909.0,3099.0,3298.0,3503.0,3703.0,3897.0,4069.0,4248.0,4426.0,4597.0,4738.0,4881.0,5000.0,5155.0,5278.0
0.0,0.0,0.0,0.0,0.0,0.0,0.0,0.0,0.0,0.0,0.0,0.0,0.0,0.0,0.0,0.0,0.0,0.0,0.0,0.0,0.0,0.0,0.0,0.0,0.0,0.0,0.0,0.0,0.0,0.0,0.0,0.0,0.0,0.0,1.0,1.0,1.0,2.0,5.0,7.0,10.0,12.0,15.0,18.0,19.0,25.0,30.0,32.0,40.0,47.0,54.0,66.0,86.0,108.0,127.0,152.0,183.0,216.0,263.0,310.0,373.0,455.0,530.0,618.0,739.0,866.0,991.0,1111.0,1238.0,1368.0,1539.0,1706.0,1867.0,2039.0,2199.0,2352.0,2500.0,2666.0,2832.0,2977.0,3153.0,3307.0,3462.0,3606.0,3738.0,3874.0,3997.0,4117.0,4220.0
0.0,0.0,0.0,0.0,0.0,0.0,0.0,0.0,0.0,0.0,0.0,0.0,0.0,0.0,0.0,0.0,0.0,0.0,0.0,0.0,0.0,0.0,0.0,0.0,0.0,0.0,1.0,1.0,1.0,1.0,1.0,1.0,1.0,1.0,1.0,1.0,1.0,1.0,1.0,2.0,2.0,2.0,2.0,2.0,3.0,4.0,4.0,5.0,9.0,11.0,12.0,15.0,19.0,23.0,24.0,29.0,34.0,43.0,52.0,56.0,68.0,81.0,97.0,109.0,125.0,145.0,171.0,203.0,225.0,257.0,297.0,335.0,384.0,431.0,472.0,514.0,550.0,595.0,635.0,683.0,741.0,779.0,826.0,872.0,912.0,946.0,982.0,1016.0,1052.0
0.0,0.0,0.0,0.0,0.0,0.0,0.0,0.0,0.0,0.0,0.0,0.0,0.0,0.0,0.0,0.0,0.0,0.0,0.0,0.0,0.0,0.0,0.0,0.0,1.0,1.0,1.0,1.0,1.0,1.0,1.0,1.0,1.0,1.0,1.0,1.0,2.0,2.0,2.0,2.0,6.0,8.0,11.0,12.0,15.0,17.0,19.0,23.0,31.0,39.0,47.0,63.0,86.0,109.0,140.0,165.0,203.0,239.0,267.0,318.0,371.0,424.0,504.0,590.0,691.0,796.0,904.0,1047.0,1188.0,1339.0,1509.0,1668.0,1815.0,1966.0,2128.0,2306.0,2479.0,2649.0,2823.0,2951.0,3115.0,3232.0,3362.0,3491.0,3609.0,3763.0,3904.0,4024.0,4148.0
0.0,0.0,0.0,0.0,0.0,0.0,0.0,0.0,0.0,0.0,0.0,0.0,0.0,0.0,0.0,1.0,1.0,1.0,1.0,1.0,1.0,2.0,2.0,2.0,2.0,2.0,2.0,2.0,2.0,2.0,2.0,2.0,2.0,2.0,2.0,3.0,4.0,6.0,6.0,7.0,12.0,12.0,14.0,16.0,20.0,21.0,24.0,33.0,40.0,44.0,53.0,60.0,71.0,82.0,103.0,128.0,153.0,182.0,214.0,259.0,313.0,380.0,436.0,517.0,611.0,724.0,834.0,955.0,1082.0,1220.0,1390.0,1532.0,1685.0,1826.0,1981.0,2106.0,2250.0,2412.0,2552.0,2689.0,2858.0,2999.0,3118.0,3244.0,3363.0,3476.0,3595.0,3705.0,3804.0
0.0,0.0,0.0,0.0,0.0,0.0,0.0,0.0,0.0,0.0,0.0,0.0,0.0,0.0,0.0,0.0,0.0,0.0,0.0,0.0,0.0,0.0,0.0,0.0,0.0,0.0,0.0,0.0,0.0,0.0,0.0,0.0,0.0,0.0,0.0,0.0,0.0,0.0,1.0,1.0,1.0,1.0,2.0,6.0,9.0,11.0,15.0,20.0,24.0,31.0,37.0,49.0,55.0,67.0,84.0,98.0,118.0,136.0,157.0,196.0,234.0,279.0,354.0,410.0,486.0,573.0,670.0,783.0,897.0,1001.0,1109.0,1230.0,1369.0,1518.0,1667.0,1812.0,1958.0,2081.0,2222.0,2374.0,2505.0,2647.0,2765.0,2857.0,2975.0,3077.0,3192.0,3291.0,3398.0
0.0,0.0,0.0,0.0,0.0,0.0,0.0,0.0,0.0,0.0,0.0,0.0,0.0,0.0,0.0,0.0,0.0,0.0,0.0,0.0,0.0,0.0,0.0,0.0,0.0,1.0,1.0,1.0,2.0,3.0,3.0,3.0,4.0,4.0,5.0,7.0,8.0,10.0,12.0,13.0,14.0,18.0,20.0,23.0,28.0,33.0,43.0,48.0,54.0,64.0,72.0,85.0,102.0,115.0,139.0,168.0,203.0,244.0,284.0,337.0,387.0,460.0,539.0,633.0,744.0,865.0,1000.0,1141.0,1298.0,1462.0,1620.0,1784.0,1951.0,2126.0,2315.0,2494.0,2677.0,2840.0,3045.0,3210.0,3372.0,3526.0,3665.0,3805.0,3961.0,4085.0,4205.0,4319.0,4439.0
0.0,0.0,0.0,0.0,0.0,0.0,0.0,0.0,0.0,0.0,0.0,0.0,0.0,0.0,0.0,0.0,0.0,0.0,0.0,0.0,0.0,1.0,1.0,1.0,1.0,1.0,1.0,1.0,1.0,1.0,1.0,1.0,2.0,2.0,2.0,2.0,3.0,3.0,4.0,6.0,6.0,9.0,13.0,17.0,21.0,22.0,24.0,29.0,35.0,48.0,56.0,67.0,81.0,97.0,110.0,143.0,176.0,215.0,259.0,308.0,357.0,407.0,475.0,543.0,627.0,720.0,832.0,951.0,1078.0,1210.0,1364.0,1527.0,1699.0,1851.0,2016.0,2171.0,2340.0,2510.0,2667.0,2805.0,2950.0,3081.0,3243.0,3365.0,3481.0,3591.0,3716.0,3847.0,3949.0
0.0,0.0,0.0,0.0,0.0,0.0,0.0,0.0,0.0,0.0,0.0,0.0,0.0,0.0,0.0,0.0,0.0,0.0,0.0,0.0,0.0,0.0,0.0,0.0,1.0,1.0,1.0,1.0,1.0,1.0,1.0,1.0,1.0,1.0,1.0,1.0,1.0,1.0,2.0,4.0,6.0,8.0,9.0,10.0,11.0,14.0,17.0,22.0,24.0,32.0,38.0,45.0,52.0,61.0,76.0,97.0,113.0,135.0,161.0,184.0,229.0,268.0,324.0,384.0,445.0,501.0,572.0,655.0,758.0,846.0,950.0,1068.0,1184.0,1309.0,1414.0,1536.0,1642.0,1782.0,1890.0,1990.0,2106.0,2227.0,2341.0,2444.0,2541.0,2646.0,2739.0,2845.0,2935.0
0.0,0.0,0.0,0.0,0.0,0.0,0.0,0.0,0.0,0.0,0.0,0.0,0.0,0.0,0.0,0.0,0.0,0.0,0.0,0.0,0.0,0.0,0.0,0.0,1.0,1.0,1.0,1.0,1.0,1.0,2.0,2.0,2.0,2.0,4.0,5.0,6.0,7.0,9.0,12.0,12.0,13.0,17.0,22.0,25.0,29.0,31.0,36.0,41.0,52.0,58.0,66.0,80.0,89.0,113.0,129.0,149.0,172.0,205.0,245.0,278.0,330.0,384.0,449.0,514.0,593.0,687.0,790.0,905.0,1008.0,1148.0,1275.0,1406.0,1563.0,1709.0,1843.0,1977.0,2114.0,2255.0,2383.0,2520.0,2648.0,2759.0,2882.0,3005.0,3121.0,3247.0,3370.0,3467.0
0.0,0.0,0.0,0.0,0.0,0.0,0.0,0.0,0.0,0.0,0.0,0.0,0.0,0.0,0.0,0.0,0.0,0.0,0.0,0.0,0.0,0.0,0.0,0.0,0.0,0.0,0.0,0.0,0.0,1.0,2.0,2.0,3.0,4.0,5.0,7.0,8.0,8.0,8.0,11.0,14.0,17.0,24.0,25.0,28.0,30.0,34.0,42.0,53.0,67.0,86.0,106.0,131.0,161.0,184.0,221.0,261.0,307.0,359.0,415.0,483.0,551.0,628.0,733.0,856.0,990.0,1131.0,1294.0,1461.0,1634.0,1818.0,2012.0,2184.0,2362.0,2568.0,2758.0,2943.0,3144.0,3312.0,3506.0,3704.0,3885.0,4052.0,4208.0,4351.0,4482.0,4633.0,4742.0,4858.0
0.0,0.0,0.0,0.0,0.0,0.0,0.0,0.0,0.0,0.0,0.0,0.0,0.0,0.0,0.0,0.0,0.0,0.0,0.0,0.0,0.0,0.0,0.0,0.0,0.0,0.0,0.0,0.0,0.0,0.0,0.0,0.0,0.0,0.0,1.0,2.0,3.0,4.0,4.0,4.0,4.0,7.0,12.0,12.0,13.0,19.0,26.0,31.0,36.0,41.0,47.0,57.0,73.0,95.0,111.0,133.0,161.0,190.0,220.0,256.0,311.0,379.0,442.0,534.0,629.0,735.0,854.0,969.0,1108.0,1257.0,1403.0,1560.0,1709.0,1907.0,2075.0,2239.0,2411.0,2555.0,2723.0,2878.0,3010.0,3157.0,3306.0,3440.0,3574.0,3694.0,3827.0,3934.0,4025.0
0.0,0.0,0.0,0.0,0.0,0.0,0.0,0.0,0.0,0.0,0.0,0.0,0.0,0.0,0.0,0.0,0.0,0.0,0.0,0.0,0.0,0.0,0.0,0.0,1.0,1.0,1.0,1.0,1.0,1.0,2.0,2.0,2.0,5.0,5.0,6.0,8.0,8.0,10.0,12.0,17.0,19.0,22.0,32.0,37.0,46.0,54.0,67.0,82.0,95.0,113.0,133.0,168.0,211.0,247.0,281.0,332.0,403.0,479.0,570.0,661.0,761.0,880.0,1011.0,1152.0,1307.0,1496.0,1688.0,1893.0,2114.0,2299.0,2531.0,2779.0,3003.0,3206.0,3424.0,3658.0,3862.0,4094.0,4306.0,4509.0,4675.0,4862.0,5035.0,5203.0,5345.0,5499.0,5630.0,5759.0
0.0,0.0,0.0,0.0,0.0,0.0,0.0,0.0,0.0,0.0,0.0,0.0,0.0,0.0,0.0,0.0,0.0,0.0,0.0,0.0,0.0,0.0,0.0,0.0,0.0,0.0,0.0,1.0,2.0,2.0,2.0,2.0,2.0,2.0,3.0,3.0,4.0,4.0,5.0,5.0,6.0,10.0,12.0,13.0,14.0,16.0,19.0,22.0,29.0,38.0,50.0,63.0,72.0,91.0,119.0,143.0,168.0,196.0,223.0,271.0,327.0,394.0,477.0,559.0,654.0,755.0,886.0,1012.0,1161.0,1307.0,1451.0,1591.0,1765.0,1923.0,2071.0,2232.0,2387.0,2536.0,2690.0,2845.0,3011.0,3175.0,3316.0,3432.0,3554.0,3687.0,3805.0,3908.0,4014.0
0.0,0.0,0.0,0.0,0.0,0.0,0.0,0.0,0.0,0.0,0.0,0.0,0.0,0.0,0.0,0.0,0.0,0.0,0.0,0.0,0.0,0.0,0.0,0.0,0.0,0.0,0.0,0.0,0.0,0.0,1.0,1.0,1.0,1.0,2.0,2.0,4.0,4.0,8.0,12.0,13.0,13.0,15.0,18.0,20.0,22.0,25.0,28.0,36.0,50.0,59.0,68.0,75.0,90.0,103.0,125.0,147.0,168.0,201.0,231.0,269.0,315.0,390.0,493.0,591.0,724.0,841.0,969.0,1113.0,1263.0,1431.0,1571.0,1722.0,1897.0,2071.0,2265.0,2440.0,2592.0,2742.0,2879.0,3031.0,3177.0,3342.0,3499.0,3624.0,3751.0,3865.0,3977.0,4089.0
0.0,0.0,0.0,0.0,0.0,0.0,0.0,0.0,0.0,0.0,0.0,0.0,0.0,0.0,0.0,0.0,0.0,0.0,0.0,0.0,0.0,0.0,0.0,0.0,0.0,0.0,0.0,0.0,0.0,0.0,0.0,0.0,0.0,0.0,1.0,2.0,2.0,2.0,2.0,4.0,4.0,5.0,6.0,10.0,11.0,15.0,16.0,20.0,21.0,31.0,36.0,39.0,46.0,53.0,63.0,80.0,93.0,110.0,133.0,152.0,175.0,199.0,238.0,287.0,345.0,399.0,468.0,547.0,621.0,702.0,795.0,900.0,1002.0,1091.0,1201.0,1301.0,1406.0,1509.0,1589.0,1711.0,1809.0,1886.0,1980.0,2078.0,2159.0,2258.0,2319.0,2415.0,2482.0
0.0,0.0,0.0,0.0,0.0,0.0,0.0,0.0,0.0,0.0,0.0,0.0,0.0,0.0,0.0,0.0,0.0,0.0,0.0,0.0,0.0,0.0,0.0,0.0,0.0,1.0,2.0,2.0,3.0,4.0,5.0,6.0,6.0,6.0,6.0,7.0,8.0,10.0,12.0,15.0,20.0,24.0,30.0,37.0,39.0,41.0,53.0,67.0,76.0,91.0,112.0,137.0,165.0,200.0,237.0,280.0,314.0,367.0,449.0,531.0,610.0,703.0,806.0,961.0,1115.0,1260.0,1425.0,1606.0,1802.0,2002.0,2206.0,2401.0,2629.0,2844.0,3047.0,3244.0,3437.0,3644.0,3859.0,4075.0,4276.0,4455.0,4646.0,4812.0,4979.0,5127.0,5263.0,5399.0,5536.0
0.0,0.0,0.0,0.0,0.0,0.0,0.0,0.0,0.0,0.0,0.0,0.0,0.0,0.0,0.0,0.0,0.0,0.0,0.0,0.0,0.0,0.0,0.0,0.0,0.0,0.0,1.0,1.0,1.0,1.0,1.0,1.0,1.0,1.0,1.0,3.0,3.0,3.0,3.0,3.0,3.0,4.0,5.0,6.0,10.0,11.0,12.0,13.0,15.0,19.0,22.0,32.0,41.0,52.0,64.0,69.0,87.0,105.0,129.0,155.0,182.0,214.0,255.0,302.0,358.0,410.0,476.0,537.0,627.0,713.0,792.0,884.0,991.0,1090.0,1194.0,1299.0,1407.0,1524.0,1623.0,1715.0,1806.0,1903.0,2008.0,2108.0,2190.0,2283.0,2360.0,2444.0,2529.0
0.0,0.0,0.0,0.0,0.0,0.0,0.0,0.0,0.0,0.0,0.0,0.0,0.0,0.0,0.0,0.0,0.0,0.0,0.0,0.0,0.0,0.0,0.0,0.0,0.0,0.0,0.0,0.0,1.0,1.0,3.0,3.0,4.0,4.0,4.0,4.0,5.0,6.0,9.0,13.0,14.0,17.0,21.0,24.0,30.0,36.0,42.0,45.0,58.0,69.0,79.0,94.0,107.0,128.0,159.0,196.0,240.0,281.0,346.0,396.0,477.0,559.0,679.0,812.0,973.0,1115.0,1272.0,1443.0,1624.0,1809.0,2016.0,2237.0,2427.0,2634.0,2853.0,3062.0,3304.0,3492.0,3695.0,3873.0,4037.0,4219.0,4388.0,4547.0,4698.0,4851.0,4997.0,5133.0,5249.0
0.0,0.0,0.0,0.0,0.0,0.0,0.0,0.0,0.0,0.0,0.0,0.0,0.0,0.0,0.0,0.0,0.0,0.0,0.0,0.0,0.0,0.0,0.0,0.0,0.0,0.0,0.0,0.0,1.0,1.0,1.0,1.0,1.0,2.0,2.0,3.0,3.0,6.0,7.0,8.0,12.0,13.0,18.0,24.0,27.0,29.0,35.0,40.0,45.0,54.0,60.0,71.0,85.0,103.0,130.0,146.0,171.0,197.0,238.0,283.0,327.0,388.0,457.0,524.0,620.0,728.0,845.0,966.0,1097.0,1237.0,1390.0,1542.0,1720.0,1889.0,2074.0,2218.0,2354.0,2506.0,2673.0,2845.0,2986.0,3131.0,3270.0,3397.0,3531.0,3653.0,3771.0,3879.0,3989.0
0.0,0.0,0.0,0.0,0.0,0.0,0.0,0.0,0.0,0.0,0.0,0.0,0.0,0.0,0.0,0.0,0.0,0.0,0.0,1.0,1.0,1.0,1.0,1.0,1.0,1.0,1.0,1.0,1.0,2.0,2.0,2.0,2.0,2.0,2.0,3.0,3.0,4.0,5.0,6.0,6.0,6.0,9.0,10.0,10.0,13.0,16.0,24.0,30.0,36.0,44.0,52.0,57.0,65.0,85.0,105.0,130.0,165.0,199.0,246.0,301.0,356.0,430.0,506.0,586.0,682.0,783.0,899.0,1008.0,1129.0,1291.0,1432.0,1566.0,1716.0,1849.0,2001.0,2140.0,2288.0,2437.0,2596.0,2726.0,2849.0,2981.0,3101.0,3201.0,3324.0,3423.0,3523.0,3633.0
0.0,0.0,0.0,0.0,0.0,0.0,0.0,0.0,0.0,0.0,0.0,0.0,0.0,0.0,0.0,0.0,0.0,0.0,1.0,1.0,1.0,1.0,1.0,1.0,1.0,1.0,1.0,1.0,1.0,1.0,1.0,2.0,2.0,2.0,2.0,3.0,4.0,6.0,7.0,8.0,9.0,12.0,14.0,15.0,18.0,25.0,28.0,34.0,41.0,47.0,58.0,73.0,92.0,110.0,130.0,165.0,193.0,227.0,266.0,313.0,377.0,446.0,522.0,623.0,711.0,820.0,934.0,1076.0,1231.0,1372.0,1526.0,1688.0,1846.0,2001.0,2178.0,2353.0,2537.0,2718.0,2891.0,3061.0,3227.0,3388.0,3545.0,3701.0,3851.0,3974.0,4114.0,4238.0,4350.0
0.0,0.0,0.0,0.0,0.0,0.0,0.0,0.0,0.0,0.0,0.0,0.0,0.0,0.0,1.0,1.0,1.0,1.0,1.0,1.0,1.0,1.0,1.0,1.0,1.0,1.0,1.0,1.0,1.0,1.0,2.0,2.0,2.0,2.0,2.0,4.0,5.0,9.0,9.0,9.0,10.0,10.0,11.0,14.0,18.0,21.0,25.0,30.0,33.0,43.0,53.0,70.0,85.0,108.0,125.0,142.0,166.0,206.0,238.0,306.0,372.0,442.0,521.0,613.0,709.0,824.0,946.0,1088.0,1230.0,1393.0,1540.0,1713.0,1897.0,2078.0,2259.0,2467.0,2650.0,2834.0,3004.0,3176.0,3323.0,3499.0,3664.0,3823.0,3973.0,4115.0,4224.0,4346.0,4461.0
0.0,0.0,0.0,0.0,0.0,0.0,0.0,0.0,0.0,0.0,0.0,0.0,0.0,0.0,0.0,0.0,0.0,0.0,0.0,0.0,0.0,0.0,0.0,0.0,1.0,1.0,1.0,1.0,1.0,1.0,2.0,2.0,2.0,3.0,3.0,3.0,3.0,3.0,3.0,4.0,8.0,10.0,10.0,11.0,12.0,12.0,13.0,13.0,14.0,16.0,21.0,26.0,29.0,37.0,51.0,59.0,69.0,83.0,94.0,111.0,137.0,181.0,215.0,253.0,291.0,341.0,389.0,455.0,528.0,615.0,699.0,792.0,864.0,962.0,1054.0,1154.0,1252.0,1334.0,1420.0,1520.0,1595.0,1683.0,1762.0,1841.0,1912.0,2010.0,2096.0,2160.0,2228.0
0.0,0.0,0.0,0.0,0.0,0.0,0.0,0.0,0.0,0.0,0.0,0.0,0.0,0.0,0.0,0.0,0.0,0.0,0.0,0.0,0.0,0.0,0.0,0.0,0.0,0.0,0.0,0.0,0.0,0.0,0.0,0.0,0.0,1.0,1.0,1.0,1.0,3.0,4.0,4.0,5.0,7.0,8.0,12.0,15.0,17.0,26.0,27.0,34.0,36.0,42.0,51.0,59.0,68.0,86.0,100.0,122.0,144.0,167.0,196.0,245.0,289.0,348.0,416.0,471.0,550.0,633.0,742.0,831.0,942.0,1067.0,1193.0,1341.0,1473.0,1607.0,1747.0,1882.0,2018.0,2130.0,2264.0,2409.0,2525.0,2651.0,2769.0,2890.0,3006.0,3113.0,3193.0,3294.0
0.0,0.0,0.0,0.0,0.0,0.0,0.0,0.0,1.0,1.0,1.0,1.0,1.0,1.0,1.0,1.0,1.0,1.0,1.0,1.0,1.0,1.0,1.0,1.0,1.0,1.0,1.0,1.0,1.0,1.0,1.0,1.0,1.0,2.0,2.0,2.0,2.0,2.0,3.0,3.0,3.0,5.0,6.0,10.0,10.0,12.0,17.0,21.0,26.0,30.0,42.0,49.0,56.0,66.0,84.0,104.0,118.0,133.0,155.0,191.0,220.0,265.0,317.0,380.0,432.0,519.0,605.0,688.0,786.0,888.0,981.0,1101.0,1203.0,1300.0,1459.0,1572.0,1689.0,1815.0,1920.0,2026.0,2127.0,2235.0,2337.0,2439.0,2550.0,2649.0,2750.0,2848.0,2923.0
0.0,0.0,0.0,0.0,0.0,0.0,0.0,0.0,0.0,0.0,0.0,0.0,0.0,0.0,0.0,0.0,0.0,0.0,0.0,0.0,0.0,0.0,0.0,0.0,0.0,0.0,1.0,1.0,2.0,3.0,4.0,4.0,5.0,5.0,5.0,7.0,8.0,8.0,10.0,11.0,13.0,14.0,18.0,27.0,33.0,38.0,44.0,50.0,58.0,68.0,81.0,97.0,120.0,140.0,167.0,192.0,228.0,264.0,305.0,352.0,409.0,470.0,548.0,644.0,751.0,885.0,1028.0,1182.0,1352.0,1518.0,1703.0,1908.0,2090.0,2249.0,2438.0,2617.0,2771.0,2951.0,3122.0,3295.0,3451.0,3620.0,3771.0,3921.0,4048.0,4190.0,4313.0,4417.0,4527.0
0.0,0.0,0.0,0.0,0.0,0.0,0.0,0.0,0.0,0.0,0.0,0.0,0.0,0.0,0.0,0.0,0.0,0.0,0.0,0.0,0.0,0.0,0.0,0.0,0.0,0.0,0.0,0.0,1.0,1.0,1.0,1.0,1.0,2.0,2.0,2.0,4.0,4.0,4.0,6.0,13.0,16.0,17.0,19.0,22.0,28.0,31.0,32.0,36.0,47.0,60.0,71.0,87.0,97.0,125.0,157.0,199.0,243.0,304.0,356.0,435.0,519.0,608.0,728.0,841.0,975.0,1133.0,1299.0,1479.0,1643.0,1823.0,2001.0,2178.0,2373.0,2612.0,2790.0,2996.0,3199.0,3361.0,3507.0,3675.0,3849.0,4006.0,4162.0,4298.0,4434.0,4570.0,4693.0,4790.0
0.0,0.0,0.0,0.0,0.0,0.0,0.0,0.0,0.0,0.0,0.0,0.0,0.0,0.0,0.0,0.0,0.0,0.0,0.0,0.0,0.0,0.0,0.0,0.0,0.0,0.0,0.0,1.0,2.0,2.0,4.0,4.0,4.0,4.0,4.0,4.0,6.0,6.0,6.0,6.0,7.0,8.0,8.0,11.0,13.0,17.0,21.0,25.0,29.0,36.0,39.0,45.0,54.0,67.0,80.0,92.0,116.0,135.0,160.0,194.0,224.0,258.0,306.0,355.0,419.0,495.0,577.0,658.0,760.0,868.0,951.0,1065.0,1179.0,1303.0,1427.0,1538.0,1659.0,1774.0,1907.0,2033.0,2147.0,2248.0,2357.0,2471.0,2585.0,2679.0,2780.0,2861.0,2941.0
0.0,0.0,0.0,0.0,0.0,0.0,0.0,0.0,0.0,0.0,0.0,0.0,0.0,0.0,0.0,0.0,0.0,0.0,1.0,1.0,1.0,1.0,1.0,1.0,1.0,1.0,1.0,2.0,2.0,3.0,3.0,3.0,3.0,5.0,7.0,7.0,7.0,7.0,7.0,7.0,9.0,10.0,12.0,20.0,28.0,32.0,35.0,44.0,60.0,74.0,89.0,106.0,118.0,140.0,161.0,199.0,239.0,278.0,334.0,386.0,460.0,543.0,620.0,718.0,822.0,935.0,1064.0,1229.0,1361.0,1522.0,1721.0,1883.0,2072.0,2268.0,2458.0,2643.0,2839.0,3026.0,3208.0,3387.0,3569.0,3722.0,3857.0,3990.0,4118.0,4264.0,4392.0,4518.0,4643.0
0.0,0.0,0.0,0.0,0.0,0.0,0.0,0.0,0.0,0.0,0.0,0.0,0.0,0.0,0.0,0.0,0.0,0.0,0.0,0.0,0.0,0.0,0.0,0.0,0.0,0.0,0.0,0.0,0.0,1.0,1.0,3.0,4.0,4.0,4.0,4.0,4.0,5.0,7.0,9.0,12.0,14.0,16.0,18.0,23.0,25.0,29.0,30.0,32.0,37.0,46.0,61.0,76.0,91.0,109.0,132.0,155.0,174.0,217.0,251.0,291.0,353.0,405.0,472.0,555.0,652.0,764.0,881.0,992.0,1115.0,1242.0,1380.0,1510.0,1632.0,1782.0,1912.0,2067.0,2175.0,2330.0,2474.0,2610.0,2732.0,2863.0,2984.0,3102.0,3216.0,3295.0,3407.0,3501.0
0.0,0.0,0.0,0.0,0.0,0.0,0.0,0.0,0.0,0.0,0.0,0.0,0.0,0.0,0.0,0.0,0.0,0.0,0.0,0.0,0.0,0.0,0.0,0.0,0.0,0.0,0.0,0.0,0.0,2.0,2.0,2.0,2.0,2.0,3.0,4.0,5.0,6.0,9.0,10.0,13.0,16.0,22.0,24.0,29.0,32.0,35.0,42.0,50.0,61.0,80.0,91.0,112.0,141.0,165.0,203.0,241.0,300.0,351.0,425.0,497.0,582.0,674.0,793.0,930.0,1063.0,1223.0,1375.0,1545.0,1724.0,1910.0,2111.0,2304.0,2497.0,2716.0,2904.0,3094.0,3307.0,3493.0,3665.0,3838.0,4009.0,4191.0,4328.0,4464.0,4621.0,4747.0,4877.0,4995.0
0.0,0.0,0.0,0.0,0.0,0.0,0.0,0.0,0.0,0.0,0.0,0.0,0.0,0.0,0.0,0.0,0.0,0.0,0.0,0.0,0.0,0.0,0.0,0.0,0.0,0.0,0.0,0.0,0.0,0.0,1.0,1.0,2.0,2.0,2.0,2.0,2.0,2.0,3.0,3.0,5.0,5.0,7.0,8.0,9.0,13.0,18.0,20.0,25.0,31.0,38.0,46.0,62.0,72.0,90.0,107.0,131.0,149.0,175.0,207.0,245.0,289.0,331.0,395.0,453.0,521.0,610.0,711.0,809.0,914.0,998.0,1147.0,1266.0,1394.0,1522.0,1661.0,1783.0,1901.0,2041.0,2154.0,2257.0,2398.0,2516.0,2616.0,2722.0,2793.0,2897.0,2972.0,3054.0
0.0,0.0,0.0,0.0,0.0,0.0,0.0,0.0,0.0,0.0,0.0,0.0,0.0,1.0,1.0,1.0,1.0,1.0,1.0,1.0,1.0,1.0,1.0,1.0,1.0,1.0,1.0,1.0,1.0,1.0,1.0,1.0,1.0,1.0,2.0,2.0,4.0,4.0,5.0,7.0,8.0,8.0,8.0,9.0,11.0,16.0,18.0,19.0,23.0,29.0,33.0,37.0,41.0,52.0,64.0,78.0,92.0,108.0,127.0,150.0,189.0,225.0,275.0,321.0,378.0,440.0,501.0,584.0,666.0,770.0,877.0,984.0,1085.0,1199.0,1323.0,1424.0,1555.0,1700.0,1828.0,1956.0,2070.0,2168.0,2275.0,2370.0,2485.0,2586.0,2667.0,2746.0,2831.0
0.0,0.0,0.0,0.0,0.0,0.0,0.0,0.0,0.0,0.0,0.0,0.0,0.0,0.0,0.0,0.0,0.0,0.0,1.0,1.0,1.0,1.0,1.0,1.0,1.0,1.0,1.0,1.0,1.0,1.0,1.0,1.0,2.0,2.0,2.0,2.0,2.0,5.0,6.0,6.0,6.0,7.0,8.0,9.0,9.0,10.0,13.0,18.0,20.0,23.0,25.0,32.0,41.0,46.0,55.0,65.0,76.0,86.0,95.0,116.0,136.0,170.0,203.0,242.0,278.0,329.0,373.0,428.0,504.0,585.0,655.0,729.0,820.0,902.0,989.0,1064.0,1157.0,1245.0,1335.0,1422.0,1489.0,1562.0,1650.0,1731.0,1809.0,1890.0,1966.0,2037.0,2088.0
0.0,0.0,0.0,0.0,0.0,0.0,0.0,0.0,0.0,0.0,0.0,0.0,0.0,0.0,0.0,0.0,0.0,0.0,0.0,0.0,1.0,1.0,1.0,1.0,1.0,1.0,1.0,1.0,1.0,3.0,3.0,3.0,3.0,5.0,5.0,5.0,6.0,7.0,7.0,9.0,9.0,11.0,11.0,11.0,14.0,18.0,19.0,24.0,25.0,28.0,35.0,48.0,51.0,60.0,74.0,97.0,115.0,133.0,162.0,205.0,249.0,293.0,338.0,398.0,483.0,559.0,643.0,732.0,839.0,938.0,1051.0,1201.0,1312.0,1434.0,1560.0,1696.0,1832.0,1970.0,2084.0,2218.0,2353.0,2491.0,2605.0,2723.0,2855.0,2960.0,3066.0,3166.0,3253.0
0.0,0.0,0.0,0.0,0.0,0.0,0.0,0.0,0.0,0.0,0.0,0.0,0.0,0.0,0.0,0.0,0.0,0.0,0.0,0.0,0.0,0.0,0.0,0.0,0.0,0.0,0.0,0.0,0.0,0.0,0.0,0.0,0.0,0.0,0.0,0.0,0.0,0.0,0.0,3.0,4.0,6.0,9.0,11.0,13.0,18.0,21.0,24.0,26.0,28.0,31.0,40.0,48.0,60.0,63.0,77.0,85.0,97.0,112.0,134.0,157.0,195.0,232.0,270.0,324.0,377.0,440.0,500.0,575.0,632.0,701.0,785.0,870.0,954.0,1056.0,1156.0,1260.0,1351.0,1442.0,1530.0,1617.0,1702.0,1769.0,1849.0,1908.0,1974.0,2033.0,2111.0,2195.0
0.0,0.0,0.0,0.0,0.0,0.0,0.0,0.0,0.0,0.0,0.0,0.0,0.0,0.0,0.0,0.0,0.0,0.0,0.0,0.0,0.0,0.0,0.0,0.0,0.0,0.0,0.0,0.0,0.0,0.0,0.0,0.0,0.0,0.0,0.0,0.0,0.0,2.0,2.0,6.0,8.0,10.0,11.0,13.0,16.0,19.0,22.0,24.0,31.0,38.0,45.0,52.0,64.0,75.0,87.0,99.0,120.0,141.0,167.0,194.0,243.0,289.0,342.0,417.0,483.0,563.0,664.0,760.0,868.0,991.0,1127.0,1250.0,1386.0,1521.0,1669.0,1803.0,1931.0,2054.0,2183.0,2323.0,2445.0,2554.0,2660.0,2774.0,2888.0,2998.0,3144.0,3236.0,3328.0
0.0,0.0,0.0,0.0,0.0,0.0,0.0,0.0,0.0,0.0,0.0,0.0,0.0,0.0,0.0,0.0,0.0,0.0,0.0,0.0,0.0,0.0,0.0,0.0,0.0,0.0,0.0,0.0,0.0,0.0,0.0,0.0,0.0,2.0,2.0,3.0,4.0,6.0,8.0,8.0,11.0,12.0,14.0,17.0,18.0,20.0,24.0,30.0,40.0,47.0,57.0,64.0,79.0,100.0,118.0,140.0,168.0,191.0,230.0,283.0,337.0,399.0,472.0,546.0,644.0,734.0,834.0,941.0,1059.0,1201.0,1340.0,1483.0,1621.0,1769.0,1903.0,2045.0,2223.0,2403.0,2578.0,2728.0,2874.0,3003.0,3139.0,3268.0,3400.0,3539.0,3653.0,3759.0,3870.0
0.0,0.0,0.0,0.0,0.0,0.0,0.0,0.0,0.0,0.0,0.0,0.0,0.0,0.0,0.0,0.0,0.0,0.0,0.0,0.0,0.0,0.0,0.0,0.0,0.0,0.0,0.0,0.0,0.0,0.0,1.0,1.0,1.0,2.0,2.0,2.0,2.0,2.0,2.0,2.0,3.0,3.0,5.0,6.0,7.0,7.0,10.0,14.0,14.0,18.0,20.0,21.0,23.0,26.0,33.0,40.0,47.0,60.0,71.0,87.0,105.0,122.0,146.0,176.0,215.0,250.0,293.0,335.0,384.0,441.0,509.0,557.0,619.0,687.0,744.0,804.0,860.0,927.0,1001.0,1076.0,1135.0,1216.0,1270.0,1336.0,1391.0,1455.0,1522.0,1584.0,1639.0
0.0,0.0,0.0,0.0,0.0,0.0,0.0,0.0,0.0,0.0,0.0,0.0,0.0,0.0,0.0,0.0,0.0,1.0,1.0,1.0,1.0,1.0,1.0,1.0,1.0,1.0,1.0,1.0,1.0,1.0,1.0,1.0,1.0,1.0,1.0,1.0,2.0,2.0,2.0,2.0,2.0,3.0,4.0,5.0,6.0,6.0,11.0,16.0,17.0,18.0,22.0,27.0,31.0,37.0,43.0,52.0,64.0,74.0,97.0,116.0,147.0,180.0,226.0,279.0,321.0,381.0,432.0,501.0,585.0,668.0,747.0,834.0,923.0,1035.0,1142.0,1252.0,1380.0,1485.0,1610.0,1725.0,1840.0,1944.0,2047.0,2146.0,2250.0,2345.0,2429.0,2511.0,2587.0
0.0,0.0,0.0,0.0,0.0,0.0,0.0,0.0,0.0,0.0,0.0,0.0,0.0,0.0,0.0,0.0,0.0,0.0,0.0,1.0,1.0,1.0,1.0,1.0,1.0,1.0,1.0,1.0,1.0,4.0,5.0,5.0,6.0,6.0,6.0,6.0,8.0,8.0,9.0,9.0,11.0,12.0,15.0,22.0,24.0,31.0,35.0,42.0,52.0,63.0,75.0,88.0,109.0,124.0,144.0,169.0,212.0,246.0,291.0,357.0,427.0,528.0,615.0,726.0,844.0,973.0,1115.0,1243.0,1424.0,1585.0,1762.0,1971.0,2166.0,2343.0,2529.0,2720.0,2900.0,3080.0,3270.0,3436.0,3630.0,3810.0,3974.0,4134.0,4268.0,4402.0,4534.0,4665.0,4796.0
0.0,0.0,0.0,0.0,0.0,0.0,0.0,0.0,0.0,0.0,0.0,0.0,0.0,0.0,0.0,0.0,0.0,0.0,0.0,0.0,0.0,0.0,0.0,1.0,1.0,1.0,1.0,1.0,1.0,1.0,1.0,1.0,1.0,1.0,1.0,1.0,1.0,1.0,2.0,3.0,3.0,3.0,5.0,7.0,9.0,13.0,15.0,17.0,24.0,29.0,33.0,39.0,62.0,79.0,101.0,117.0,141.0,170.0,208.0,254.0,309.0,360.0,441.0,537.0,625.0,722.0,836.0,969.0,1092.0,1215.0,1363.0,1529.0,1664.0,1792.0,1955.0,2110.0,2280.0,2435.0,2590.0,2756.0,2908.0,3070.0,3203.0,3336.0,3445.0,3559.0,3665.0,3779.0,3867.0
0.0,0.0,0.0,0.0,0.0,0.0,0.0,0.0,0.0,0.0,0.0,0.0,0.0,0.0,0.0,0.0,0.0,0.0,1.0,1.0,2.0,2.0,2.0,2.0,2.0,2.0,2.0,3.0,3.0,3.0,5.0,5.0,6.0,7.0,7.0,8.0,8.0,9.0,11.0,12.0,15.0,18.0,21.0,24.0,32.0,38.0,43.0,51.0,60.0,69.0,90.0,117.0,129.0,162.0,185.0,234.0,278.0,334.0,388.0,464.0,553.0,649.0,773.0,885.0,1011.0,1169.0,1341.0,1516.0,1685.0,1874.0,2076.0,2285.0,2482.0,2672.0,2862.0,3062.0,3271.0,3492.0,3706.0,3906.0,4099.0,4284.0,4464.0,4662.0,4810.0,4960.0,5100.0,5227.0,5338.0
0.0,0.0,0.0,0.0,0.0,0.0,0.0,0.0,0.0,0.0,0.0,0.0,0.0,0.0,0.0,0.0,1.0,1.0,1.0,1.0,1.0,1.0,1.0,1.0,1.0,1.0,1.0,1.0,1.0,1.0,3.0,3.0,3.0,3.0,3.0,3.0,4.0,4.0,5.0,6.0,7.0,8.0,9.0,11.0,11.0,15.0,25.0,33.0,38.0,52.0,63.0,73.0,86.0,100.0,125.0,153.0,180.0,219.0,254.0,309.0,375.0,437.0,510.0,601.0,693.0,802.0,934.0,1072.0,1224.0,1355.0,1501.0,1635.0,1827.0,1992.0,2148.0,2316.0,2481.0,2634.0,2796.0,2930.0,3079.0,3221.0,3368.0,3503.0,3637.0,3758.0,3883.0,3988.0,4087.0
0.0,0.0,0.0,0.0,0.0,0.0,0.0,0.0,0.0,0.0,0.0,0.0,0.0,0.0,0.0,0.0,0.0,0.0,0.0,0.0,0.0,0.0,0.0,0.0,0.0,0.0,1.0,1.0,1.0,1.0,1.0,1.0,1.0,2.0,2.0,2.0,3.0,4.0,5.0,5.0,6.0,9.0,11.0,13.0,17.0,19.0,23.0,27.0,31.0,40.0,48.0,55.0,66.0,76.0,95.0,115.0,138.0,170.0,197.0,237.0,276.0,326.0,382.0,455.0,543.0,620.0,741.0,856.0,969.0,1066.0,1203.0,1335.0,1478.0,1625.0,1772.0,1897.0,2028.0,2171.0,2312.0,2432.0,2576.0,2715.0,2851.0,2977.0,3099.0,3230.0,3339.0,3440.0,3549.0
0.0,0.0,0.0,0.0,0.0,0.0,0.0,0.0,0.0,0.0,0.0,0.0,0.0,0.0,0.0,0.0,0.0,0.0,0.0,0.0,0.0,0.0,0.0,0.0,0.0,0.0,0.0,0.0,0.0,0.0,0.0,0.0,0.0,0.0,0.0,1.0,3.0,3.0,5.0,7.0,12.0,14.0,16.0,21.0,24.0,29.0,35.0,47.0,61.0,68.0,84.0,107.0,130.0,155.0,185.0,221.0,257.0,295.0,368.0,425.0,499.0,588.0,691.0,804.0,946.0,1087.0,1258.0,1412.0,1603.0,1797.0,2001.0,2196.0,2389.0,2624.0,2824.0,3008.0,3211.0,3425.0,3626.0,3828.0,4023.0,4227.0,4398.0,4549.0,4702.0,4843.0,4975.0,5111.0,5240.0
0.0,0.0,0.0,0.0,0.0,0.0,0.0,0.0,0.0,0.0,0.0,0.0,0.0,0.0,0.0,0.0,0.0,0.0,0.0,0.0,0.0,0.0,0.0,0.0,0.0,0.0,0.0,0.0,1.0,1.0,1.0,4.0,4.0,4.0,5.0,6.0,6.0,6.0,10.0,12.0,16.0,18.0,22.0,25.0,27.0,34.0,38.0,46.0,56.0,67.0,75.0,97.0,114.0,138.0,167.0,190.0,233.0,279.0,329.0,376.0,437.0,520.0,610.0,701.0,816.0,948.0,1079.0,1228.0,1397.0,1571.0,1762.0,1952.0,2172.0,2362.0,2536.0,2699.0,2901.0,3092.0,3240.0,3431.0,3605.0,3767.0,3916.0,4048.0,4192.0,4360.0,4489.0,4645.0,4768.0
0.0,0.0,0.0,0.0,0.0,0.0,0.0,0.0,0.0,0.0,0.0,0.0,0.0,0.0,0.0,0.0,0.0,0.0,0.0,0.0,0.0,0.0,0.0,0.0,0.0,0.0,0.0,0.0,0.0,0.0,0.0,2.0,3.0,3.0,3.0,3.0,3.0,3.0,4.0,7.0,7.0,9.0,9.0,10.0,12.0,14.0,18.0,22.0,24.0,27.0,39.0,55.0,69.0,85.0,105.0,127.0,149.0,185.0,226.0,278.0,321.0,392.0,467.0,547.0,631.0,741.0,844.0,969.0,1098.0,1237.0,1382.0,1522.0,1692.0,1845.0,2014.0,2182.0,2331.0,2486.0,2657.0,2811.0,2955.0,3110.0,3260.0,3393.0,3502.0,3607.0,3720.0,3844.0,3945.0
0.0,0.0,0.0,0.0,0.0,0.0,0.0,0.0,0.0,0.0,0.0,0.0,0.0,0.0,0.0,0.0,0.0,0.0,0.0,0.0,0.0,0.0,0.0,0.0,0.0,0.0,0.0,0.0,0.0,0.0,2.0,2.0,2.0,2.0,2.0,3.0,3.0,5.0,6.0,7.0,8.0,9.0,11.0,12.0,15.0,17.0,20.0,26.0,36.0,44.0,57.0,75.0,88.0,107.0,123.0,144.0,174.0,204.0,254.0,313.0,372.0,435.0,514.0,603.0,720.0,817.0,927.0,1060.0,1197.0,1350.0,1512.0,1684.0,1871.0,2041.0,2203.0,2365.0,2537.0,2716.0,2890.0,3064.0,3230.0,3396.0,3562.0,3702.0,3823.0,3938.0,4072.0,4181.0,4297.0
0.0,0.0,0.0,0.0,0.0,0.0,0.0,0.0,0.0,0.0,0.0,0.0,0.0,0.0,0.0,0.0,0.0,0.0,1.0,1.0,1.0,1.0,2.0,2.0,2.0,2.0,2.0,2.0,2.0,2.0,2.0,3.0,4.0,6.0,8.0,8.0,9.0,10.0,11.0,14.0,18.0,19.0,23.0,24.0,27.0,36.0,46.0,55.0,68.0,77.0,87.0,104.0,130.0,141.0,164.0,199.0,235.0,281.0,330.0,403.0,458.0,536.0,645.0,745.0,855.0,970.0,1127.0,1267.0,1431.0,1603.0,1782.0,1999.0,2168.0,2368.0,2577.0,2777.0,2959.0,3160.0,3348.0,3527.0,3673.0,3830.0,3989.0,4140.0,4301.0,4454.0,4588.0,4706.0,4823.0
0.0,0.0,0.0,0.0,0.0,0.0,0.0,0.0,0.0,0.0,0.0,0.0,0.0,0.0,0.0,0.0,0.0,0.0,0.0,0.0,0.0,0.0,0.0,0.0,0.0,0.0,0.0,0.0,0.0,0.0,0.0,0.0,0.0,0.0,0.0,0.0,0.0,2.0,3.0,5.0,5.0,5.0,6.0,11.0,13.0,15.0,18.0,26.0,28.0,35.0,40.0,49.0,56.0,69.0,89.0,107.0,125.0,150.0,181.0,223.0,272.0,320.0,374.0,448.0,521.0,613.0,699.0,784.0,883.0,1003.0,1136.0,1280.0,1416.0,1541.0,1661.0,1807.0,1959.0,2085.0,2238.0,2387.0,2497.0,2623.0,2753.0,2871.0,2977.0,3074.0,3180.0,3269.0,3367.0
0.0,0.0,0.0,0.0,0.0,0.0,0.0,0.0,0.0,0.0,0.0,0.0,0.0,0.0,0.0,0.0,0.0,0.0,0.0,1.0,1.0,1.0,1.0,1.0,1.0,1.0,1.0,1.0,1.0,2.0,2.0,2.0,2.0,3.0,4.0,4.0,4.0,5.0,5.0,5.0,5.0,7.0,12.0,14.0,22.0,24.0,33.0,42.0,53.0,66.0,80.0,94.0,117.0,141.0,179.0,209.0,243.0,276.0,327.0,389.0,464.0,555.0,652.0,771.0,881.0,994.0,1139.0,1280.0,1429.0,1609.0,1790.0,1982.0,2149.0,2311.0,2500.0,2687.0,2886.0,3084.0,3271.0,3452.0,3617.0,3774.0,3928.0,4064.0,4216.0,4352.0,4482.0,4592.0,4708.0
0.0,0.0,0.0,0.0,0.0,0.0,0.0,0.0,0.0,0.0,0.0,0.0,0.0,0.0,0.0,0.0,0.0,0.0,0.0,0.0,0.0,0.0,0.0,0.0,0.0,0.0,0.0,0.0,0.0,0.0,0.0,0.0,0.0,1.0,1.0,1.0,3.0,4.0,5.0,5.0,5.0,8.0,12.0,13.0,15.0,17.0,19.0,26.0,33.0,43.0,56.0,63.0,73.0,87.0,103.0,127.0,143.0,174.0,195.0,232.0,283.0,326.0,379.0,444.0,538.0,630.0,723.0,822.0,941.0,1073.0,1216.0,1351.0,1491.0,1641.0,1774.0,1912.0,2054.0,2194.0,2330.0,2478.0,2614.0,2760.0,2893.0,3025.0,3131.0,3244.0,3352.0,3446.0,3545.0
0.0,0.0,0.0,0.0,0.0,0.0,0.0,0.0,0.0,0.0,0.0,0.0,0.0,0.0,0.0,0.0,0.0,0.0,0.0,0.0,0.0,0.0,1.0,1.0,1.0,1.0,1.0,1.0,3.0,3.0,3.0,4.0,4.0,6.0,8.0,9.0,9.0,10.0,11.0,13.0,13.0,17.0,20.0,20.0,22.0,25.0,29.0,33.0,36.0,48.0,52.0,66.0,76.0,91.0,108.0,124.0,142.0,175.0,212.0,255.0,313.0,364.0,429.0,501.0,586.0,673.0,776.0,898.0,1013.0,1143.0,1288.0,1445.0,1565.0,1702.0,1870.0,2030.0,2176.0,2327.0,2494.0,2616.0,2759.0,2884.0,3002.0,3122.0,3245.0,3387.0,3493.0,3597.0,3691.0
0.0,0.0,0.0,0.0,0.0,0.0,0.0,0.0,0.0,0.0,0.0,0.0,0.0,0.0,0.0,0.0,0.0,0.0,0.0,0.0,0.0,0.0,0.0,0.0,0.0,0.0,0.0,0.0,1.0,2.0,2.0,2.0,3.0,3.0,3.0,3.0,4.0,5.0,5.0,5.0,5.0,6.0,9.0,11.0,11.0,12.0,15.0,16.0,19.0,25.0,31.0,42.0,52.0,58.0,68.0,80.0,99.0,114.0,147.0,176.0,200.0,231.0,260.0,299.0,351.0,393.0,463.0,531.0,598.0,681.0,766.0,869.0,954.0,1041.0,1146.0,1237.0,1337.0,1454.0,1542.0,1654.0,1749.0,1842.0,1925.0,2030.0,2112.0,2183.0,2265.0,2358.0,2438.0
0.0,0.0,0.0,0.0,0.0,0.0,0.0,0.0,0.0,0.0,0.0,0.0,0.0,0.0,0.0,0.0,0.0,0.0,0.0,0.0,0.0,0.0,0.0,0.0,0.0,0.0,0.0,1.0,2.0,3.0,3.0,3.0,5.0,5.0,5.0,6.0,6.0,6.0,6.0,6.0,6.0,8.0,10.0,11.0,14.0,17.0,20.0,24.0,27.0,30.0,43.0,61.0,75.0,88.0,106.0,113.0,133.0,154.0,177.0,210.0,249.0,285.0,331.0,390.0,464.0,541.0,634.0,749.0,844.0,949.0,1079.0,1212.0,1314.0,1440.0,1571.0,1700.0,1830.0,1958.0,2100.0,2224.0,2342.0,2473.0,2575.0,2674.0,2784.0,2876.0,2996.0,3096.0,3192.0
0.0,0.0,0.0,0.0,0.0,0.0,0.0,0.0,0.0,0.0,0.0,0.0,0.0,0.0,0.0,0.0,0.0,0.0,0.0,0.0,0.0,0.0,0.0,0.0,0.0,0.0,0.0,0.0,0.0,0.0,0.0,1.0,1.0,2.0,2.0,2.0,2.0,2.0,2.0,2.0,2.0,3.0,5.0,6.0,9.0,11.0,13.0,16.0,17.0,23.0,24.0,26.0,30.0,37.0,42.0,47.0,55.0,69.0,81.0,98.0,115.0,132.0,145.0,164.0,191.0,237.0,270.0,322.0,365.0,426.0,475.0,548.0,617.0,676.0,760.0,833.0,906.0,972.0,1030.0,1111.0,1180.0,1247.0,1299.0,1360.0,1415.0,1468.0,1534.0,1584.0,1634.0
0.0,0.0,0.0,0.0,0.0,0.0,0.0,0.0,0.0,0.0,0.0,0.0,0.0,0.0,0.0,0.0,0.0,0.0,0.0,0.0,0.0,0.0,0.0,0.0,1.0,1.0,1.0,1.0,1.0,1.0,1.0,1.0,1.0,2.0,3.0,3.0,4.0,6.0,9.0,10.0,15.0,19.0,20.0,23.0,28.0,34.0,46.0,57.0,67.0,75.0,92.0,111.0,135.0,153.0,182.0,218.0,259.0,293.0,354.0,418.0,499.0,586.0,685.0,785.0,886.0,1011.0,1131.0,1280.0,1447.0,1612.0,1805.0,1988.0,2190.0,2390.0,2595.0,2797.0,2985.0,3168.0,3350.0,3524.0,3685.0,3853.0,4023.0,4182.0,4339.0,4478.0,4618.0,4740.0,4857.0
0.0,0.0,0.0,0.0,0.0,0.0,0.0,0.0,0.0,0.0,0.0,0.0,0.0,0.0,0.0,0.0,0.0,0.0,0.0,0.0,0.0,0.0,0.0,0.0,0.0,0.0,0.0,0.0,0.0,0.0,0.0,1.0,2.0,2.0,2.0,3.0,3.0,3.0,4.0,7.0,9.0,10.0,11.0,13.0,16.0,26.0,30.0,39.0,52.0,61.0,67.0,79.0,95.0,118.0,139.0,173.0,198.0,235.0,273.0,333.0,388.0,451.0,534.0,621.0,714.0,817.0,942.0,1069.0,1201.0,1358.0,1521.0,1697.0,1858.0,2003.0,2177.0,2339.0,2528.0,2690.0,2843.0,2979.0,3125.0,3300.0,3438.0,3553.0,3685.0,3816.0,3932.0,4040.0,4133.0
0.0,0.0,0.0,0.0,0.0,0.0,0.0,0.0,0.0,0.0,0.0,0.0,0.0,0.0,0.0,0.0,0.0,0.0,0.0,0.0,0.0,0.0,0.0,0.0,0.0,0.0,0.0,0.0,0.0,0.0,1.0,1.0,1.0,1.0,1.0,1.0,1.0,2.0,2.0,2.0,2.0,3.0,3.0,5.0,7.0,9.0,12.0,13.0,15.0,18.0,22.0,28.0,31.0,38.0,45.0,53.0,59.0,68.0,86.0,97.0,118.0,142.0,174.0,208.0,250.0,293.0,347.0,406.0,467.0,563.0,622.0,710.0,782.0,874.0,960.0,1032.0,1118.0,1217.0,1309.0,1389.0,1487.0,1554.0,1615.0,1677.0,1743.0,1815.0,1867.0,1927.0,1982.0
0.0,0.0,0.0,0.0,0.0,0.0,0.0,0.0,0.0,0.0,0.0,0.0,0.0,0.0,0.0,0.0,0.0,0.0,0.0,0.0,0.0,0.0,0.0,0.0,0.0,0.0,0.0,0.0,0.0,0.0,0.0,0.0,0.0,0.0,0.0,0.0,0.0,0.0,0.0,0.0,1.0,1.0,1.0,3.0,6.0,8.0,10.0,10.0,12.0,14.0,15.0,15.0,17.0,20.0,21.0,26.0,33.0,50.0,67.0,81.0,105.0,128.0,154.0,185.0,215.0,254.0,302.0,352.0,401.0,454.0,514.0,578.0,640.0,725.0,796.0,855.0,920.0,990.0,1059.0,1144.0,1221.0,1292.0,1353.0,1417.0,1469.0,1537.0,1599.0,1651.0,1707.0
