0.0,0.0,0.0,0.0,0.0,0.0,0.0,0.0,0.0,0.0,0.0,0.0,0.0,0.0,0.0,0.0,0.0,0.0,0.0,0.0,1.0,1.0,1.0,2.0,2.0,2.0,2.0,3.0,3.0,4.0,3.0,5.0,5.0,4.0,5.0,6.0,10.0,12.0,13.0,18.0,22.0,22.0,27.0,37.0,46.0,54.0,62.0,76.0,95.0,105.0,116.0,129.0,137.0,148.0,163.0,170.0,184.0,192.0,189.0,193.0,202.0,208.0,213.0,221.0,235.0,236.0,232.0,236.0,225.0,225.0,218.0,213.0,207.0,205.0,206.0,205.0
0.0,0.0,0.0,0.0,0.0,0.0,0.0,0.0,0.0,1.0,0.0,0.0,0.0,0.0,0.0,0.0,0.0,1.0,1.0,2.0,2.0,2.0,3.0,4.0,4.0,5.0,4.0,4.0,4.0,5.0,7.0,8.0,9.0,15.0,19.0,22.0,26.0,27.0,32.0,45.0,51.0,55.0,69.0,84.0,111.0,129.0,152.0,172.0,213.0,238.0,267.0,295.0,319.0,339.0,363.0,392.0,399.0,417.0,426.0,438.0,453.0,456.0,458.0,468.0,477.0,477.0,485.0,488.0,469.0,470.0,458.0,462.0,454.0,450.0,441.0,426.0
0.0,0.0,0.0,0.0,0.0,0.0,0.0,0.0,0.0,0.0,0.0,0.0,0.0,0.0,0.0,0.0,0.0,0.0,0.0,0.0,0.0,0.0,0.0,0.0,1.0,1.0,2.0,2.0,2.0,3.0,4.0,4.0,4.0,5.0,6.0,8.0,10.0,10.0,12.0,18.0,22.0,29.0,32.0,40.0,43.0,49.0,54.0,61.0,64.0,75.0,79.0,81.0,88.0,94.0,102.0,112.0,123.0,123.0,123.0,124.0,127.0,137.0,141.0,136.0,139.0,136.0,140.0,137.0,142.0,140.0,138.0,135.0,133.0,135.0,130.0,124.0
0.0,0.0,0.0,0.0,0.0,0.0,0.0,0.0,0.0,0.0,0.0,0.0,0.0,1.0,1.0,1.0,1.0,1.0,1.0,1.0,1.0,1.0,1.0,3.0,4.0,5.0,7.0,8.0,9.0,9.0,9.0,8.0,14.0,14.0,15.0,21.0,24.0,32.0,32.0,39.0,46.0,74.0,86.0,104.0,128.0,159.0,190.0,229.0,260.0,297.0,332.0,377.0,412.0,443.0,490.0,517.0,547.0,568.0,581.0,588.0,608.0,616.0,621.0,618.0,633.0,624.0,613.0,609.0,606.0,602.0,581.0,561.0,541.0,531.0,523.0,511.0
0.0,0.0,0.0,0.0,0.0,0.0,0.0,0.0,0.0,0.0,0.0,0.0,0.0,0.0,0.0,0.0,0.0,0.0,0.0,1.0,3.0,3.0,2.0,2.0,6.0,4.0,8.0,10.0,10.0,10.0,11.0,11.0,12.0,16.0,16.0,17.0,25.0,28.0,40.0,43.0,48.0,59.0,67.0,86.0,107.0,128.0,155.0,181.0,203.0,231.0,245.0,273.0,304.0,318.0,347.0,373.0,379.0,387.0,403.0,415.0,426.0,436.0,440.0,442.0,437.0,448.0,440.0,433.0,437.0,424.0,410.0,410.0,409.0,395.0,380.0,377.0
0.0,0.0,0.0,0.0,0.0,0.0,0.0,0.0,0.0,0.0,0.0,1.0,1.0,1.0,1.0,1.0,1.0,1.0,1.0,1.0,1.0,1.0,2.0,1.0,1.0,0.0,3.0,3.0,3.0,4.0,4.0,7.0,7.0,8.0,10.0,11.0,15.0,16.0,19.0,25.0,35.0,42.0,42.0,51.0,64.0,74.0,88.0,108.0,140.0,158.0,178.0,205.0,216.0,229.0,235.0,251.0,278.0,293.0,308.0,311.0,315.0,324.0,327.0,331.0,329.0,333.0,325.0,319.0,311.0,307.0,297.0,288.0,284.0,272.0,271.0,266.0
0.0,0.0,0.0,0.0,0.0,0.0,0.0,0.0,0.0,0.0,0.0,0.0,0.0,0.0,0.0,0.0,0.0,0.0,0.0,0.0,0.0,0.0,0.0,0.0,1.0,1.0,1.0,1.0,1.0,1.0,1.0,1.0,0.0,2.0,2.0,4.0,5.0,6.0,10.0,12.0,17.0,21.0,29.0,35.0,41.0,44.0,55.0,74.0,79.0,83.0,95.0,97.0,112.0,116.0,123.0,132.0,124.0,135.0,149.0,156.0,160.0,164.0,165.0,159.0,162.0,159.0,159.0,163.0,162.0,162.0,156.0,153.0,147.0,147.0,138.0,136.0
0.0,0.0,0.0,0.0,0.0,0.0,0.0,0.0,0.0,0.0,0.0,0.0,0.0,1.0,1.0,1.0,1.0,1.0,2.0,2.0,2.0,3.0,3.0,3.0,4.0,5.0,8.0,9.0,9.0,8.0,10.0,11.0,13.0,14.0,19.0,26.0,29.0,35.0,43.0,56.0,63.0,82.0,106.0,127.0,162.0,191.0,235.0,284.0,326.0,372.0,416.0,477.0,524.0,574.0,607.0,634.0,636.0,661.0,681.0,702.0,700.0,720.0,722.0,720.0,716.0,700.0,676.0,669.0,659.0,653.0,662.0,650.0,636.0,625.0,610.0,601.0
0.0,0.0,0.0,0.0,0.0,0.0,0.0,0.0,0.0,0.0,0.0,1.0,1.0,1.0,1.0,1.0,2.0,2.0,2.0,2.0,2.0,3.0,4.0,8.0,8.0,9.0,11.0,12.0,12.0,15.0,20.0,22.0,26.0,26.0,32.0,31.0,38.0,46.0,56.0,67.0,84.0,98.0,114.0,134.0,161.0,202.0,239.0,285.0,331.0,370.0,429.0,472.0,515.0,545.0,585.0,609.0,635.0,649.0,671.0,696.0,709.0,708.0,719.0,723.0,727.0,708.0,707.0,693.0,671.0,658.0,656.0,649.0,634.0,620.0,616.0,587.0
0.0,0.0,0.0,0.0,0.0,0.0,0.0,0.0,0.0,0.0,0.0,0.0,0.0,0.0,0.0,0.0,0.0,0.0,0.0,1.0,1.0,2.0,2.0,2.0,2.0,2.0,4.0,3.0,3.0,4.0,4.0,5.0,4.0,6.0,7.0,9.0,10.0,14.0,14.0,18.0,22.0,26.0,33.0,43.0,55.0,59.0,73.0,88.0,104.0,132.0,144.0,164.0,183.0,196.0,210.0,219.0,219.0,221.0,230.0,236.0,233.0,243.0,249.0,257.0,252.0,258.0,258.0,258.0,258.0,252.0,242.0,237.0,231.0,229.0,222.0,213.0
0.0,0.0,0.0,0.0,0.0,0.0,0.0,0.0,0.0,0.0,0.0,0.0,0.0,0.0,0.0,0.0,1.0,0.0,0.0,0.0,1.0,0.0,0.0,1.0,1.0,1.0,2.0,3.0,3.0,3.0,3.0,6.0,6.0,10.0,13.0,15.0,17.0,19.0,21.0,23.0,29.0,33.0,40.0,52.0,63.0,71.0,86.0,102.0,117.0,131.0,146.0,168.0,185.0,211.0,221.0,237.0,247.0,254.0,259.0,259.0,274.0,284.0,288.0,299.0,298.0,290.0,289.0,284.0,292.0,286.0,281.0,284.0,276.0,269.0,260.0,252.0
0.0,0.0,0.0,0.0,0.0,0.0,0.0,0.0,0.0,0.0,2.0,3.0,3.0,3.0,3.0,2.0,2.0,2.0,2.0,2.0,2.0,2.0,2.0,2.0,4.0,4.0,3.0,4.0,4.0,6.0,7.0,10.0,14.0,22.0,26.0,31.0,37.0,40.0,48.0,52.0,66.0,92.0,115.0,142.0,161.0,189.0,248.0,288.0,333.0,404.0,454.0,514.0,561.0,593.0,644.0,664.0,701.0,734.0,756.0,774.0,786.0,781.0,772.0,790.0,782.0,781.0,771.0,757.0,742.0,721.0,720.0,709.0,691.0,660.0,634.0,624.0
0.0,0.0,0.0,0.0,0.0,0.0,0.0,0.0,0.0,0.0,0.0,0.0,0.0,0.0,0.0,0.0,0.0,0.0,0.0,0.0,0.0,0.0,0.0,0.0,1.0,2.0,4.0,5.0,7.0,7.0,13.0,14.0,16.0,20.0,29.0,39.0,47.0,56.0,77.0,91.0,110.0,130.0,147.0,171.0,186.0,227.0,273.0,332.0,376.0,428.0,505.0,540.0,580.0,630.0,657.0,691.0,709.0,733.0,764.0,789.0,804.0,835.0,833.0,824.0,818.0,818.0,817.0,817.0,822.0,807.0,783.0,771.0,755.0,747.0,728.0,719.0
0.0,0.0,0.0,0.0,0.0,0.0,0.0,0.0,0.0,0.0,0.0,0.0,0.0,0.0,0.0,0.0,0.0,0.0,0.0,0.0,1.0,1.0,1.0,1.0,1.0,2.0,4.0,7.0,6.0,7.0,10.0,13.0,16.0,22.0,26.0,31.0,37.0,42.0,51.0,60.0,66.0,81.0,93.0,115.0,131.0,165.0,199.0,255.0,291.0,330.0,358.0,393.0,435.0,466.0,497.0,525.0,559.0,586.0,601.0,620.0,611.0,618.0,616.0,626.0,630.0,626.0,634.0,618.0,609.0,603.0,593.0,585.0,566.0,547.0,542.0,522.0
0.0,0.0,0.0,0.0,0.0,0.0,0.0,0.0,0.0,0.0,0.0,0.0,0.0,0.0,0.0,0.0,0.0,1.0,1.0,1.0,1.0,3.0,3.0,6.0,5.0,5.0,6.0,6.0,5.0,3.0,7.0,11.0,16.0,16.0,20.0,27.0,32.0,37.0,48.0,60.0,66.0,80.0,98.0,113.0,140.0,169.0,206.0,228.0,280.0,302.0,332.0,375.0,416.0,457.0,493.0,526.0,562.0,582.0,602.0,613.0,604.0,623.0,631.0,632.0,625.0,640.0,629.0,625.0,620.0,604.0,585.0,572.0,558.0,543.0,534.0,514.0
0.0,0.0,0.0,0.0,0.0,0.0,0.0,0.0,0.0,0.0,1.0,0.0,0.0,0.0,1.0,1.0,1.0,1.0,1.0,1.0,1.0,0.0,1.0,1.0,1.0,2.0,2.0,4.0,5.0,7.0,10.0,12.0,13.0,15.0,16.0,18.0,20.0,26.0,32.0,30.0,41.0,51.0,63.0,74.0,91.0,101.0,123.0,161.0,182.0,211.0,233.0,260.0,293.0,324.0,351.0,380.0,404.0,417.0,423.0,432.0,446.0,441.0,434.0,425.0,442.0,441.0,435.0,422.0,425.0,413.0,404.0,396.0,388.0,381.0,370.0,353.0
0.0,0.0,0.0,0.0,0.0,0.0,0.0,0.0,0.0,0.0,0.0,0.0,0.0,0.0,0.0,0.0,0.0,0.0,0.0,0.0,2.0,4.0,5.0,7.0,8.0,8.0,6.0,7.0,9.0,9.0,12.0,16.0,17.0,22.0,24.0,30.0,31.0,39.0,42.0,48.0,56.0,71.0,89.0,109.0,125.0,143.0,165.0,182.0,215.0,245.0,283.0,306.0,336.0,378.0,398.0,422.0,448.0,462.0,475.0,480.0,496.0,491.0,490.0,499.0,504.0,492.0,491.0,487.0,486.0,480.0,482.0,479.0,468.0,466.0,457.0,447.0
0.0,0.0,0.0,0.0,0.0,0.0,0.0,0.0,0.0,0.0,0.0,0.0,0.0,0.0,0.0,0.0,0.0,0.0,1.0,1.0,1.0,1.0,2.0,2.0,2.0,2.0,3.0,3.0,3.0,4.0,3.0,3.0,2.0,3.0,2.0,6.0,9.0,11.0,11.0,10.0,11.0,13.0,16.0,17.0,25.0,30.0,38.0,47.0,65.0,76.0,94.0,108.0,116.0,117.0,129.0,132.0,139.0,140.0,144.0,150.0,165.0,163.0,165.0,167.0,173.0,179.0,178.0,162.0,156.0,158.0,159.0,160.0,159.0,161.0,162.0,158.0
0.0,0.0,0.0,0.0,0.0,0.0,0.0,0.0,0.0,0.0,0.0,0.0,0.0,0.0,0.0,1.0,1.0,1.0,1.0,2.0,4.0,4.0,4.0,3.0,3.0,3.0,3.0,6.0,7.0,7.0,7.0,10.0,8.0,11.0,11.0,18.0,27.0,33.0,43.0,55.0,72.0,78.0,99.0,121.0,139.0,172.0,203.0,233.0,278.0,304.0,335.0,366.0,396.0,407.0,438.0,456.0,476.0,496.0,508.0,508.0,532.0,525.0,535.0,552.0,556.0,564.0,562.0,555.0,555.0,542.0,521.0,505.0,493.0,489.0,487.0,474.0
0.0,0.0,0.0,0.0,0.0,0.0,0.0,0.0,0.0,0.0,0.0,0.0,0.0,0.0,0.0,1.0,1.0,1.0,1.0,1.0,1.0,1.0,1.0,1.0,4.0,4.0,5.0,6.0,8.0,9.0,10.0,11.0,12.0,13.0,19.0,23.0,26.0,34.0,39.0,43.0,50.0,59.0,69.0,85.0,113.0,138.0,160.0,200.0,231.0,264.0,306.0,348.0,374.0,407.0,424.0,432.0,455.0,466.0,493.0,498.0,493.0,510.0,515.0,519.0,511.0,510.0,502.0,503.0,490.0,472.0,464.0,463.0,452.0,451.0,445.0,448.0
0.0,0.0,0.0,0.0,0.0,0.0,0.0,0.0,0.0,0.0,0.0,0.0,0.0,2.0,2.0,3.0,3.0,4.0,2.0,2.0,2.0,2.0,3.0,2.0,2.0,5.0,6.0,6.0,7.0,8.0,11.0,14.0,19.0,21.0,22.0,23.0,26.0,33.0,42.0,46.0,53.0,58.0,67.0,87.0,107.0,134.0,160.0,173.0,202.0,232.0,265.0,293.0,307.0,342.0,358.0,374.0,391.0,416.0,430.0,418.0,429.0,441.0,457.0,454.0,452.0,455.0,452.0,444.0,439.0,434.0,422.0,416.0,418.0,413.0,410.0,398.0
0.0,0.0,0.0,0.0,0.0,0.0,0.0,0.0,0.0,0.0,0.0,0.0,0.0,1.0,1.0,1.0,1.0,1.0,1.0,1.0,1.0,2.0,4.0,5.0,5.0,5.0,6.0,6.0,7.0,8.0,9.0,10.0,10.0,11.0,16.0,18.0,22.0,22.0,25.0,28.0,33.0,39.0,44.0,63.0,77.0,97.0,124.0,146.0,177.0,202.0,228.0,242.0,258.0,282.0,313.0,323.0,343.0,362.0,380.0,384.0,378.0,393.0,398.0,409.0,403.0,397.0,392.0,395.0,387.0,378.0,370.0,380.0,370.0,357.0,352.0,347.0
0.0,0.0,0.0,0.0,0.0,0.0,0.0,0.0,0.0,0.0,0.0,1.0,1.0,1.0,2.0,2.0,2.0,2.0,1.0,1.0,1.0,1.0,1.0,1.0,1.0,1.0,2.0,2.0,2.0,4.0,4.0,4.0,4.0,5.0,5.0,8.0,11.0,14.0,17.0,23.0,23.0,30.0,38.0,50.0,60.0,67.0,80.0,97.0,117.0,131.0,144.0,168.0,177.0,190.0,210.0,228.0,238.0,249.0,258.0,262.0,266.0,271.0,268.0,274.0,269.0,285.0,282.0,284.0,285.0,283.0,283.0,279.0,272.0,269.0,258.0,248.0
0.0,0.0,0.0,0.0,0.0,0.0,0.0,0.0,0.0,0.0,0.0,0.0,0.0,0.0,0.0,0.0,0.0,0.0,1.0,1.0,1.0,1.0,1.0,2.0,2.0,1.0,3.0,5.0,7.0,7.0,9.0,14.0,18.0,22.0,27.0,33.0,44.0,50.0,64.0,77.0,88.0,107.0,117.0,135.0,156.0,184.0,233.0,280.0,336.0,385.0,429.0,471.0,503.0,521.0,549.0,581.0,612.0,635.0,672.0,685.0,676.0,673.0,670.0,688.0,692.0,684.0,682.0,680.0,669.0,668.0,670.0,660.0,646.0,641.0,636.0,626.0
0.0,0.0,0.0,0.0,0.0,0.0,0.0,0.0,0.0,0.0,1.0,0.0,0.0,0.0,0.0,0.0,0.0,0.0,0.0,1.0,3.0,3.0,4.0,5.0,5.0,5.0,6.0,9.0,12.0,18.0,20.0,24.0,26.0,28.0,33.0,39.0,45.0,58.0,71.0,85.0,94.0,122.0,138.0,174.0,196.0,244.0,282.0,323.0,374.0,423.0,472.0,517.0,548.0,585.0,620.0,650.0,700.0,742.0,758.0,759.0,765.0,792.0,783.0,778.0,778.0,788.0,793.0,787.0,774.0,763.0,746.0,728.0,707.0,701.0,678.0,655.0
0.0,0.0,0.0,0.0,0.0,0.0,0.0,0.0,0.0,0.0,0.0,0.0,0.0,0.0,0.0,0.0,1.0,1.0,1.0,0.0,0.0,2.0,3.0,3.0,3.0,3.0,4.0,5.0,5.0,8.0,15.0,22.0,23.0,28.0,36.0,45.0,56.0,66.0,75.0,92.0,122.0,135.0,169.0,203.0,256.0,302.0,368.0,432.0,496.0,571.0,648.0,730.0,805.0,871.0,914.0,965.0,1001.0,1050.0,1058.0,1077.0,1111.0,1116.0,1096.0,1106.0,1105.0,1124.0,1124.0,1115.0,1113.0,1112.0,1097.0,1061.0,1054.0,1039.0,1019.0,980.0
0.0,0.0,0.0,0.0,0.0,0.0,0.0,1.0,1.0,1.0,1.0,1.0,1.0,2.0,2.0,2.0,2.0,0.0,0.0,1.0,1.0,1.0,0.0,0.0,0.0,0.0,0.0,0.0,2.0,3.0,3.0,3.0,3.0,3.0,6.0,9.0,12.0,15.0,20.0,18.0,21.0,34.0,40.0,53.0,62.0,75.0,86.0,102.0,120.0,137.0,158.0,172.0,184.0,211.0,219.0,229.0,246.0,253.0,257.0,262.0,273.0,275.0,284.0,285.0,280.0,280.0,277.0,281.0,279.0,281.0,282.0,264.0,262.0,259.0,256.0,254.0
0.0,0.0,0.0,0.0,0.0,0.0,0.0,0.0,0.0,0.0,0.0,0.0,0.0,0.0,0.0,0.0,0.0,0.0,0.0,0.0,0.0,0.0,1.0,1.0,1.0,1.0,1.0,2.0,3.0,4.0,5.0,7.0,8.0,10.0,10.0,11.0,11.0,20.0,20.0,23.0,29.0,34.0,38.0,42.0,51.0,64.0,76.0,105.0,125.0,143.0,156.0,178.0,192.0,215.0,228.0,237.0,256.0,266.0,271.0,275.0,281.0,290.0,291.0,299.0,299.0,312.0,313.0,326.0,325.0,315.0,302.0,294.0,290.0,296.0,297.0,298.0
0.0,0.0,0.0,0.0,0.0,0.0,0.0,0.0,0.0,0.0,1.0,0.0,0.0,0.0,0.0,0.0,0.0,0.0,0.0,0.0,0.0,0.0,0.0,1.0,1.0,1.0,5.0,4.0,6.0,8.0,9.0,11.0,13.0,16.0,19.0,23.0,27.0,33.0,40.0,52.0,68.0,78.0,103.0,116.0,139.0,164.0,198.0,229.0,273.0,302.0,337.0,369.0,392.0,419.0,460.0,505.0,528.0,552.0,580.0,596.0,597.0,608.0,605.0,599.0,604.0,604.0,607.0,609.0,600.0,595.0,595.0,583.0,579.0,579.0,567.0,564.0
0.0,0.0,0.0,0.0,0.0,0.0,0.0,0.0,0.0,0.0,0.0,0.0,0.0,0.0,0.0,1.0,2.0,2.0,3.0,3.0,2.0,2.0,3.0,5.0,5.0,6.0,5.0,7.0,9.0,12.0,12.0,16.0,15.0,13.0,16.0,17.0,20.0,26.0,32.0,42.0,57.0,71.0,84.0,105.0,120.0,142.0,171.0,217.0,236.0,273.0,299.0,325.0,351.0,369.0,382.0,393.0,426.0,449.0,463.0,469.0,483.0,496.0,521.0,524.0,521.0,516.0,513.0,509.0,490.0,490.0,484.0,467.0,450.0,451.0,442.0,435.0
0.0,0.0,0.0,0.0,0.0,0.0,0.0,0.0,0.0,0.0,1.0,1.0,1.0,1.0,1.0,2.0,2.0,3.0,3.0,6.0,6.0,7.0,7.0,10.0,11.0,12.0,17.0,19.0,22.0,27.0,33.0,41.0,47.0,58.0,72.0,85.0,107.0,122.0,149.0,170.0,198.0,248.0,282.0,345.0,414.0,490.0,582.0,705.0,810.0,933.0,1032.0,1114.0,1208.0,1298.0,1389.0,1444.0,1501.0,1524.0,1560.0,1619.0,1647.0,1628.0,1660.0,1660.0,1677.0,1653.0,1651.0,1626.0,1590.0,1561.0,1529.0,1483.0,1447.0,1419.0,1386.0,1343.0
0.0,0.0,0.0,0.0,0.0,0.0,0.0,1.0,1.0,1.0,1.0,2.0,2.0,2.0,2.0,2.0,2.0,3.0,3.0,4.0,4.0,4.0,5.0,5.0,7.0,10.0,11.0,10.0,14.0,14.0,19.0,26.0,24.0,26.0,33.0,47.0,60.0,66.0,81.0,96.0,102.0,127.0,151.0,168.0,209.0,253.0,323.0,379.0,444.0,509.0,569.0,611.0,671.0,728.0,761.0,791.0,841.0,852.0,880.0,900.0,910.0,927.0,928.0,933.0,938.0,941.0,951.0,934.0,936.0,918.0,906.0,898.0,887.0,865.0,835.0,803.0
0.0,0.0,0.0,0.0,0.0,0.0,0.0,0.0,0.0,0.0,0.0,1.0,1.0,1.0,1.0,1.0,1.0,2.0,1.0,1.0,1.0,1.0,1.0,2.0,4.0,5.0,10.0,13.0,16.0,22.0,20.0,24.0,25.0,30.0,37.0,41.0,52.0,67.0,88.0,110.0,133.0,155.0,186.0,224.0,281.0,325.0,383.0,431.0,502.0,571.0,655.0,727.0,776.0,817.0,858.0,916.0,968.0,991.0,1021.0,1055.0,1091.0,1095.0,1111.0,1112.0,1117.0,1101.0,1106.0,1104.0,1089.0,1076.0,1053.0,1027.0,1002.0,998.0,983.0,949.0
0.0,0.0,0.0,0.0,0.0,1.0,1.0,1.0,1.0,1.0,0.0,0.0,0.0,0.0,0.0,0.0,0.0,0.0,0.0,0.0,0.0,2.0,4.0,4.0,5.0,5.0,8.0,9.0,12.0,15.0,19.0,19.0,26.0,30.0,37.0,43.0,50.0,54.0,64.0,85.0,107.0,138.0,172.0,196.0,240.0,300.0,369.0,418.0,476.0,545.0,614.0,677.0,740.0,788.0,846.0,892.0,919.0,956.0,976.0,997.0,1011.0,1046.0,1065.0,1076.0,1064.0,1077.0,1056.0,1037.0,1013.0,999.0,971.0,973.0,954.0,948.0,925.0,917.0
0.0,0.0,0.0,0.0,0.0,0.0,0.0,0.0,0.0,0.0,0.0,0.0,0.0,0.0,0.0,0.0,0.0,0.0,0.0,1.0,1.0,2.0,5.0,6.0,10.0,9.0,9.0,13.0,15.0,15.0,17.0,22.0,28.0,40.0,40.0,44.0,53.0,64.0,75.0,95.0,109.0,142.0,180.0,209.0,256.0,298.0,348.0,419.0,486.0,556.0,636.0,675.0,722.0,764.0,824.0,886.0,918.0,948.0,964.0,1005.0,1016.0,1015.0,1034.0,1036.0,1031.0,1048.0,1047.0,1032.0,1033.0,1009.0,973.0,959.0,939.0,914.0,896.0,879.0
0.0,0.0,0.0,0.0,0.0,0.0,0.0,0.0,0.0,0.0,0.0,0.0,1.0,1.0,0.0,0.0,0.0,1.0,1.0,1.0,1.0,1.0,1.0,2.0,3.0,4.0,4.0,7.0,6.0,10.0,13.0,15.0,17.0,19.0,23.0,25.0,27.0,37.0,42.0,47.0,54.0,69.0,84.0,105.0,126.0,159.0,194.0,231.0,282.0,321.0,387.0,416.0,438.0,476.0,507.0,548.0,574.0,608.0,623.0,639.0,660.0,663.0,675.0,687.0,697.0,697.0,698.0,689.0,691.0,671.0,655.0,658.0,630.0,628.0,615.0,601.0
0.0,0.0,0.0,0.0,0.0,0.0,0.0,1.0,0.0,0.0,0.0,0.0,0.0,0.0,1.0,1.0,1.0,2.0,3.0,4.0,5.0,5.0,5.0,5.0,5.0,6.0,7.0,8.0,10.0,14.0,15.0,16.0,21.0,25.0,31.0,34.0,42.0,60.0,69.0,85.0,107.0,127.0,146.0,168.0,217.0,261.0,306.0,362.0,425.0,506.0,574.0,670.0,728.0,780.0,829.0,857.0,896.0,907.0,934.0,965.0,969.0,996.0,1024.0,1020.0,1033.0,1022.0,1018.0,1025.0,1009.0,971.0,954.0,943.0,933.0,908.0,890.0,878.0
0.0,0.0,0.0,0.0,0.0,0.0,0.0,0.0,0.0,0.0,0.0,0.0,0.0,0.0,0.0,0.0,1.0,1.0,1.0,2.0,2.0,2.0,2.0,6.0,6.0,7.0,8.0,7.0,8.0,9.0,12.0,16.0,20.0,24.0,25.0,31.0,34.0,41.0,50.0,62.0,69.0,83.0,101.0,122.0,139.0,177.0,216.0,247.0,283.0,319.0,383.0,437.0,490.0,536.0,582.0,615.0,638.0,671.0,689.0,707.0,714.0,726.0,731.0,718.0,714.0,705.0,706.0,705.0,697.0,669.0,655.0,636.0,614.0,612.0,607.0,593.0
0.0,0.0,0.0,0.0,0.0,0.0,0.0,0.0,0.0,0.0,1.0,1.0,1.0,2.0,2.0,3.0,3.0,3.0,3.0,2.0,2.0,2.0,4.0,4.0,6.0,8.0,12.0,16.0,18.0,18.0,20.0,26.0,26.0,27.0,36.0,40.0,57.0,69.0,75.0,91.0,107.0,137.0,163.0,198.0,244.0,277.0,318.0,378.0,423.0,474.0,546.0,607.0,649.0,698.0,747.0,799.0,822.0,844.0,867.0,891.0,912.0,915.0,917.0,929.0,930.0,933.0,927.0,929.0,929.0,929.0,917.0,900.0,900.0,876.0,865.0,841.0
0.0,0.0,0.0,0.0,0.0,0.0,0.0,0.0,0.0,0.0,0.0,0.0,0.0,0.0,0.0,0.0,2.0,2.0,2.0,2.0,3.0,3.0,4.0,3.0,3.0,2.0,2.0,2.0,3.0,5.0,5.0,11.0,14.0,18.0,18.0,22.0,25.0,33.0,37.0,47.0,57.0,77.0,107.0,131.0,164.0,183.0,223.0,268.0,302.0,361.0,387.0,424.0,462.0,484.0,513.0,555.0,584.0,601.0,619.0,624.0,619.0,633.0,651.0,656.0,645.0,641.0,626.0,601.0,588.0,560.0,556.0,554.0,546.0,543.0,533.0,528.0
0.0,0.0,0.0,0.0,0.0,0.0,0.0,0.0,0.0,0.0,0.0,0.0,0.0,0.0,0.0,0.0,0.0,0.0,0.0,0.0,0.0,0.0,1.0,1.0,2.0,2.0,1.0,2.0,2.0,2.0,2.0,3.0,3.0,2.0,2.0,6.0,7.0,8.0,10.0,14.0,16.0,20.0,22.0,28.0,31.0,33.0,38.0,45.0,49.0,64.0,71.0,78.0,93.0,106.0,112.0,124.0,127.0,131.0,135.0,138.0,138.0,142.0,140.0,134.0,131.0,134.0,133.0,131.0,127.0,118.0,114.0,111.0,108.0,105.0,107.0,105.0
0.0,0.0,0.0,0.0,0.0,0.0,0.0,0.0,0.0,0.0,1.0,1.0,1.0,1.0,1.0,1.0,0.0,1.0,3.0,3.0,3.0,3.0,4.0,4.0,3.0,3.0,4.0,7.0,9.0,10.0,10.0,14.0,15.0,19.0,24.0,25.0,33.0,39.0,47.0,53.0,62.0,77.0,93.0,113.0,146.0,174.0,193.0,230.0,277.0,304.0,337.0,373.0,408.0,439.0,458.0,495.0,513.0,540.0,534.0,556.0,578.0,572.0,579.0,581.0,580.0,575.0,565.0,556.0,549.0,531.0,528.0,522.0,515.0,513.0,499.0,490.0
0.0,0.0,0.0,0.0,0.0,0.0,0.0,1.0,1.0,1.0,1.0,1.0,1.0,2.0,2.0,3.0,3.0,4.0,4.0,3.0,2.0,3.0,4.0,4.0,4.0,4.0,3.0,7.0,8.0,8.0,12.0,14.0,20.0,21.0,23.0,26.0,32.0,36.0,40.0,50.0,61.0,66.0,84.0,91.0,110.0,141.0,169.0,197.0,233.0,277.0,310.0,342.0,366.0,404.0,421.0,452.0,480.0,494.0,527.0,528.0,535.0,541.0,541.0,540.0,549.0,548.0,547.0,546.0,531.0,521.0,505.0,498.0,496.0,487.0,480.0,462.0
0.0,0.0,0.0,0.0,0.0,0.0,0.0,0.0,0.0,0.0,0.0,0.0,0.0,0.0,1.0,1.0,1.0,1.0,0.0,0.0,0.0,0.0,0.0,1.0,2.0,2.0,4.0,5.0,5.0,5.0,7.0,9.0,9.0,13.0,21.0,23.0,26.0,30.0,43.0,57.0,74.0,85.0,100.0,109.0,124.0,161.0,198.0,229.0,251.0,296.0,331.0,365.0,399.0,433.0,446.0,476.0,495.0,496.0,515.0,527.0,528.0,531.0,532.0,536.0,535.0,532.0,529.0,534.0,528.0,514.0,501.0,484.0,482.0,466.0,452.0,446.0
0.0,0.0,0.0,0.0,0.0,0.0,0.0,0.0,0.0,0.0,0.0,0.0,0.0,1.0,1.0,1.0,1.0,1.0,1.0,1.0,1.0,2.0,2.0,4.0,4.0,8.0,9.0,9.0,9.0,9.0,8.0,16.0,17.0,20.0,23.0,31.0,41.0,50.0,62.0,78.0,102.0,124.0,139.0,164.0,193.0,225.0,268.0,305.0,354.0,404.0,449.0,498.0,539.0,572.0,611.0,650.0,694.0,721.0,750.0,749.0,743.0,757.0,764.0,754.0,759.0,763.0,748.0,752.0,758.0,738.0,723.0,709.0,691.0,686.0,658.0,642.0
0.0,0.0,0.0,0.0,0.0,0.0,0.0,0.0,0.0,0.0,0.0,0.0,0.0,0.0,0.0,0.0,0.0,1.0,1.0,1.0,1.0,1.0,1.0,1.0,1.0,3.0,3.0,3.0,3.0,4.0,5.0,7.0,9.0,8.0,9.0,9.0,12.0,17.0,20.0,25.0,31.0,37.0,40.0,51.0,69.0,77.0,99.0,118.0,131.0,143.0,171.0,188.0,216.0,218.0,240.0,254.0,258.0,269.0,281.0,278.0,285.0,294.0,298.0,296.0,302.0,293.0,293.0,294.0,297.0,296.0,289.0,289.0,286.0,277.0,272.0,263.0
0.0,0.0,0.0,0.0,0.0,0.0,0.0,0.0,0.0,0.0,0.0,0.0,0.0,0.0,1.0,1.0,1.0,2.0,2.0,2.0,1.0,1.0,1.0,1.0,2.0,3.0,3.0,2.0,2.0,4.0,6.0,6.0,9.0,12.0,16.0,19.0,17.0,23.0,29.0,36.0,48.0,51.0,61.0,70.0,81.0,91.0,108.0,129.0,146.0,174.0,197.0,222.0,235.0,252.0,264.0,279.0,298.0,310.0,324.0,329.0,323.0,330.0,338.0,334.0,330.0,336.0,333.0,329.0,327.0,323.0,320.0,319.0,306.0,303.0,304.0,298.0
0.0,0.0,0.0,0.0,0.0,0.0,0.0,0.0,0.0,0.0,0.0,0.0,0.0,0.0,0.0,0.0,0.0,1.0,2.0,2.0,3.0,3.0,3.0,4.0,4.0,4.0,5.0,6.0,6.0,6.0,8.0,7.0,8.0,12.0,18.0,23.0,28.0,33.0,44.0,49.0,60.0,75.0,94.0,112.0,133.0,149.0,183.0,218.0,258.0,293.0,340.0,370.0,401.0,427.0,435.0,458.0,480.0,505.0,522.0,531.0,548.0,548.0,546.0,548.0,544.0,545.0,551.0,549.0,557.0,549.0,548.0,532.0,520.0,513.0,498.0,489.0
0.0,0.0,0.0,0.0,0.0,0.0,0.0,0.0,0.0,0.0,1.0,1.0,2.0,2.0,2.0,2.0,2.0,2.0,2.0,1.0,2.0,2.0,2.0,3.0,5.0,5.0,6.0,8.0,10.0,10.0,13.0,13.0,17.0,20.0,22.0,29.0,36.0,39.0,48.0,60.0,74.0,93.0,116.0,137.0,171.0,196.0,223.0,277.0,327.0,372.0,405.0,450.0,492.0,538.0,579.0,626.0,654.0,653.0,676.0,699.0,705.0,706.0,714.0,722.0,730.0,730.0,717.0,709.0,704.0,699.0,692.0,683.0,665.0,631.0,612.0,604.0
0.0,0.0,0.0,0.0,0.0,0.0,0.0,0.0,0.0,0.0,0.0,1.0,2.0,2.0,2.0,2.0,3.0,3.0,3.0,3.0,4.0,5.0,5.0,8.0,9.0,11.0,11.0,11.0,11.0,14.0,16.0,16.0,16.0,19.0,21.0,26.0,27.0,35.0,42.0,57.0,71.0,84.0,105.0,127.0,153.0,203.0,257.0,291.0,328.0,378.0,404.0,453.0,488.0,524.0,534.0,569.0,595.0,621.0,635.0,664.0,665.0,678.0,688.0,702.0,702.0,704.0,712.0,692.0,678.0,662.0,664.0,662.0,655.0,641.0,625.0,607.0
0.0,0.0,0.0,0.0,0.0,0.0,0.0,0.0,0.0,0.0,0.0,0.0,0.0,0.0,0.0,0.0,1.0,1.0,1.0,1.0,1.0,2.0,4.0,4.0,5.0,8.0,9.0,10.0,17.0,18.0,18.0,22.0,31.0,35.0,36.0,48.0,54.0,61.0,76.0,88.0,105.0,131.0,172.0,201.0,233.0,285.0,334.0,396.0,448.0,516.0,582.0,661.0,722.0,790.0,827.0,844.0,892.0,933.0,953.0,974.0,982.0,1003.0,1026.0,1016.0,1005.0,1008.0,1007.0,1004.0,987.0,980.0,959.0,944.0,907.0,891.0,858.0,830.0
0.0,0.0,0.0,0.0,0.0,0.0,0.0,0.0,0.0,0.0,0.0,0.0,0.0,0.0,0.0,0.0,0.0,0.0,1.0,2.0,3.0,3.0,2.0,3.0,6.0,8.0,8.0,7.0,8.0,11.0,12.0,13.0,15.0,19.0,20.0,23.0,34.0,41.0,52.0,61.0,68.0,80.0,80.0,96.0,118.0,146.0,169.0,205.0,234.0,257.0,284.0,307.0,338.0,365.0,396.0,433.0,450.0,466.0,476.0,489.0,498.0,497.0,492.0,500.0,499.0,501.0,501.0,503.0,501.0,489.0,473.0,477.0,465.0,456.0,455.0,440.0
0.0,0.0,0.0,0.0,0.0,0.0,0.0,0.0,0.0,0.0,0.0,0.0,0.0,1.0,1.0,1.0,1.0,0.0,0.0,0.0,1.0,2.0,3.0,3.0,4.0,4.0,7.0,8.0,8.0,10.0,11.0,18.0,20.0,26.0,28.0,28.0,34.0,40.0,48.0,56.0,68.0,80.0,94.0,121.0,138.0,161.0,193.0,211.0,256.0,297.0,321.0,371.0,413.0,444.0,464.0,503.0,516.0,532.0,552.0,563.0,569.0,579.0,596.0,601.0,597.0,581.0,593.0,585.0,575.0,561.0,537.0,517.0,511.0,501.0,492.0,480.0
0.0,0.0,0.0,0.0,0.0,0.0,0.0,0.0,0.0,1.0,1.0,1.0,1.0,1.0,1.0,1.0,1.0,1.0,1.0,1.0,1.0,1.0,1.0,1.0,2.0,2.0,2.0,2.0,2.0,3.0,5.0,7.0,7.0,7.0,8.0,7.0,11.0,16.0,21.0,23.0,23.0,31.0,38.0,47.0,56.0,61.0,82.0,93.0,106.0,118.0,137.0,150.0,163.0,180.0,195.0,209.0,215.0,217.0,224.0,230.0,236.0,239.0,257.0,253.0,259.0,252.0,245.0,243.0,239.0,235.0,240.0,245.0,244.0,247.0,242.0,241.0
0.0,0.0,0.0,0.0,0.0,0.0,0.0,0.0,0.0,0.0,0.0,0.0,0.0,0.0,0.0,0.0,0.0,0.0,1.0,1.0,1.0,2.0,3.0,8.0,11.0,14.0,14.0,18.0,17.0,17.0,18.0,20.0,24.0,28.0,31.0,39.0,49.0,59.0,70.0,80.0,98.0,122.0,146.0,178.0,207.0,257.0,314.0,371.0,436.0,531.0,601.0,664.0,738.0,770.0,819.0,879.0,919.0,947.0,974.0,986.0,1015.0,1030.0,1043.0,1049.0,1053.0,1059.0,1052.0,1043.0,1033.0,1032.0,1010.0,974.0,945.0,927.0,902.0,890.0
0.0,0.0,0.0,0.0,0.0,0.0,0.0,0.0,0.0,0.0,0.0,0.0,0.0,0.0,0.0,0.0,0.0,0.0,2.0,3.0,3.0,4.0,4.0,5.0,5.0,5.0,6.0,5.0,5.0,7.0,7.0,7.0,9.0,10.0,12.0,16.0,18.0,20.0,24.0,26.0,35.0,39.0,43.0,48.0,51.0,59.0,75.0,91.0,107.0,125.0,147.0,162.0,179.0,194.0,206.0,218.0,221.0,238.0,252.0,262.0,260.0,260.0,270.0,283.0,287.0,291.0,294.0,287.0,279.0,269.0,261.0,257.0,248.0,248.0,248.0,242.0
0.0,0.0,0.0,0.0,0.0,0.0,0.0,0.0,0.0,0.0,0.0,1.0,1.0,1.0,1.0,1.0,1.0,1.0,1.0,1.0,2.0,3.0,5.0,6.0,6.0,7.0,8.0,10.0,16.0,15.0,19.0,27.0,27.0,36.0,37.0,37.0,43.0,50.0,63.0,70.0,92.0,123.0,152.0,185.0,225.0,281.0,348.0,418.0,487.0,564.0,636.0,711.0,774.0,832.0,861.0,894.0,933.0,958.0,977.0,1019.0,1044.0,1078.0,1076.0,1086.0,1088.0,1072.0,1058.0,1040.0,1013.0,999.0,972.0,938.0,936.0,922.0,904.0,874.0
0.0,0.0,0.0,0.0,0.0,0.0,0.0,0.0,0.0,0.0,0.0,0.0,0.0,0.0,0.0,0.0,0.0,0.0,0.0,1.0,2.0,2.0,2.0,3.0,2.0,3.0,3.0,6.0,6.0,7.0,7.0,8.0,10.0,12.0,15.0,20.0,27.0,35.0,44.0,51.0,57.0,69.0,89.0,109.0,123.0,146.0,181.0,203.0,227.0,267.0,291.0,330.0,372.0,391.0,422.0,437.0,456.0,480.0,504.0,519.0,530.0,543.0,539.0,536.0,537.0,527.0,537.0,539.0,537.0,524.0,515.0,516.0,520.0,504.0,486.0,479.0
0.0,0.0,0.0,0.0,0.0,0.0,0.0,0.0,0.0,0.0,1.0,1.0,1.0,2.0,2.0,2.0,2.0,2.0,3.0,3.0,4.0,5.0,5.0,5.0,7.0,8.0,8.0,11.0,14.0,14.0,14.0,17.0,17.0,18.0,22.0,24.0,33.0,40.0,42.0,47.0,57.0,68.0,82.0,102.0,124.0,146.0,184.0,225.0,257.0,288.0,332.0,351.0,388.0,423.0,442.0,480.0,506.0,533.0,537.0,564.0,572.0,582.0,592.0,593.0,599.0,578.0,590.0,572.0,574.0,579.0,575.0,560.0,551.0,542.0,537.0,528.0
0.0,0.0,0.0,0.0,0.0,0.0,0.0,0.0,0.0,0.0,0.0,0.0,1.0,0.0,0.0,1.0,1.0,1.0,1.0,1.0,1.0,0.0,0.0,0.0,0.0,0.0,1.0,3.0,4.0,5.0,6.0,6.0,11.0,15.0,21.0,30.0,36.0,46.0,54.0,70.0,88.0,93.0,112.0,136.0,168.0,184.0,216.0,251.0,288.0,322.0,363.0,423.0,449.0,476.0,512.0,546.0,578.0,603.0,636.0,643.0,649.0,642.0,657.0,663.0,661.0,657.0,650.0,647.0,632.0,625.0,614.0,593.0,585.0,577.0,571.0,554.0
0.0,0.0,0.0,0.0,0.0,0.0,0.0,0.0,0.0,0.0,1.0,1.0,1.0,2.0,2.0,2.0,1.0,1.0,1.0,0.0,0.0,0.0,0.0,0.0,0.0,0.0,1.0,2.0,4.0,5.0,8.0,11.0,12.0,19.0,23.0,25.0,28.0,31.0,36.0,42.0,56.0,66.0,76.0,89.0,115.0,139.0,166.0,200.0,227.0,298.0,322.0,351.0,393.0,426.0,468.0,484.0,498.0,512.0,526.0,559.0,566.0,574.0,574.0,576.0,561.0,572.0,568.0,569.0,553.0,549.0,558.0,553.0,548.0,528.0,521.0,520.0
0.0,0.0,0.0,0.0,0.0,0.0,0.0,0.0,0.0,0.0,0.0,0.0,0.0,0.0,0.0,0.0,0.0,1.0,1.0,0.0,0.0,0.0,1.0,1.0,1.0,2.0,2.0,2.0,4.0,4.0,7.0,7.0,8.0,10.0,14.0,15.0,16.0,18.0,20.0,27.0,26.0,29.0,32.0,41.0,57.0,72.0,92.0,108.0,128.0,137.0,149.0,158.0,186.0,205.0,232.0,241.0,254.0,268.0,278.0,290.0,297.0,305.0,312.0,312.0,316.0,311.0,318.0,319.0,304.0,308.0,307.0,292.0,288.0,287.0,283.0,278.0
0.0,0.0,0.0,0.0,0.0,0.0,0.0,0.0,0.0,0.0,0.0,0.0,0.0,0.0,0.0,0.0,1.0,1.0,0.0,0.0,0.0,0.0,0.0,0.0,0.0,0.0,0.0,1.0,1.0,4.0,5.0,4.0,8.0,11.0,15.0,19.0,24.0,27.0,32.0,42.0,55.0,63.0,79.0,98.0,121.0,132.0,162.0,190.0,222.0,244.0,280.0,320.0,343.0,348.0,369.0,391.0,403.0,414.0,414.0,425.0,456.0,470.0,470.0,478.0,486.0,494.0,483.0,473.0,464.0,460.0,449.0,445.0,441.0,423.0,417.0,407.0
0.0,0.0,0.0,0.0,0.0,0.0,0.0,0.0,0.0,0.0,0.0,0.0,0.0,0.0,0.0,1.0,1.0,1.0,1.0,3.0,3.0,4.0,5.0,5.0,6.0,5.0,6.0,6.0,5.0,5.0,7.0,9.0,11.0,14.0,20.0,23.0,27.0,34.0,44.0,52.0,60.0,74.0,84.0,110.0,132.0,138.0,164.0,205.0,216.0,247.0,270.0,302.0,327.0,359.0,399.0,425.0,446.0,447.0,478.0,486.0,495.0,496.0,496.0,500.0,508.0,507.0,508.0,498.0,504.0,502.0,496.0,493.0,486.0,475.0,455.0,445.0
0.0,0.0,0.0,0.0,0.0,0.0,0.0,0.0,0.0,0.0,0.0,0.0,0.0,0.0,0.0,0.0,0.0,0.0,0.0,0.0,2.0,2.0,3.0,2.0,2.0,4.0,6.0,10.0,14.0,13.0,14.0,13.0,19.0,22.0,23.0,31.0,37.0,47.0,55.0,62.0,70.0,100.0,115.0,140.0,166.0,202.0,242.0,286.0,327.0,373.0,429.0,461.0,506.0,532.0,565.0,629.0,655.0,668.0,691.0,713.0,719.0,733.0,739.0,742.0,751.0,747.0,741.0,732.0,719.0,719.0,709.0,700.0,684.0,674.0,659.0,643.0
0.0,0.0,0.0,0.0,0.0,0.0,0.0,0.0,0.0,0.0,0.0,0.0,0.0,0.0,2.0,2.0,2.0,2.0,2.0,2.0,3.0,5.0,7.0,7.0,10.0,12.0,14.0,16.0,17.0,16.0,19.0,19.0,23.0,25.0,30.0,34.0,43.0,48.0,60.0,73.0,92.0,109.0,141.0,161.0,183.0,215.0,280.0,312.0,359.0,404.0,454.0,497.0,550.0,594.0,644.0,679.0,696.0,725.0,772.0,790.0,805.0,812.0,820.0,821.0,816.0,810.0,807.0,806.0,815.0,799.0,786.0,782.0,753.0,731.0,718.0,698.0
0.0,0.0,0.0,0.0,0.0,0.0,0.0,0.0,0.0,0.0,0.0,0.0,0.0,0.0,1.0,1.0,1.0,2.0,2.0,2.0,2.0,4.0,3.0,2.0,3.0,4.0,5.0,6.0,5.0,6.0,9.0,8.0,9.0,10.0,13.0,15.0,18.0,21.0,29.0,34.0,41.0,56.0,65.0,86.0,98.0,115.0,137.0,167.0,185.0,212.0,239.0,274.0,295.0,303.0,334.0,347.0,364.0,383.0,376.0,376.0,371.0,374.0,388.0,402.0,402.0,413.0,420.0,415.0,408.0,405.0,400.0,398.0,391.0,381.0,382.0,381.0
0.0,0.0,0.0,0.0,0.0,0.0,0.0,0.0,0.0,1.0,1.0,1.0,3.0,3.0,3.0,3.0,2.0,2.0,3.0,2.0,2.0,4.0,5.0,4.0,3.0,2.0,2.0,3.0,4.0,6.0,11.0,16.0,25.0,30.0,36.0,42.0,53.0,65.0,75.0,96.0,113.0,122.0,141.0,156.0,204.0,252.0,303.0,348.0,397.0,447.0,516.0,587.0,638.0,696.0,754.0,783.0,801.0,839.0,868.0,895.0,918.0,911.0,915.0,920.0,934.0,922.0,904.0,896.0,873.0,868.0,848.0,822.0,809.0,802.0,777.0,761.0
0.0,0.0,0.0,0.0,0.0,0.0,0.0,0.0,0.0,0.0,0.0,0.0,0.0,0.0,0.0,0.0,0.0,0.0,1.0,1.0,1.0,1.0,2.0,5.0,6.0,7.0,7.0,8.0,8.0,7.0,10.0,11.0,13.0,15.0,18.0,23.0,33.0,41.0,53.0,60.0,74.0,95.0,106.0,129.0,149.0,168.0,197.0,230.0,263.0,298.0,327.0,353.0,383.0,417.0,422.0,427.0,448.0,466.0,478.0,485.0,488.0,495.0,503.0,503.0,509.0,498.0,509.0,500.0,488.0,479.0,484.0,478.0,469.0,457.0,446.0,437.0
0.0,0.0,0.0,0.0,0.0,0.0,0.0,0.0,0.0,0.0,0.0,0.0,0.0,1.0,1.0,1.0,0.0,0.0,0.0,0.0,0.0,0.0,1.0,2.0,2.0,3.0,3.0,8.0,10.0,13.0,17.0,19.0,26.0,30.0,40.0,53.0,58.0,62.0,77.0,85.0,94.0,101.0,126.0,162.0,190.0,239.0,299.0,334.0,393.0,434.0,505.0,558.0,612.0,657.0,706.0,757.0,805.0,813.0,843.0,863.0,894.0,901.0,905.0,902.0,906.0,890.0,887.0,885.0,892.0,878.0,865.0,851.0,834.0,825.0,801.0,786.0
0.0,0.0,0.0,0.0,0.0,0.0,0.0,0.0,0.0,0.0,0.0,0.0,0.0,0.0,0.0,0.0,0.0,0.0,0.0,0.0,0.0,0.0,0.0,0.0,1.0,2.0,2.0,2.0,3.0,4.0,5.0,6.0,7.0,8.0,12.0,16.0,20.0,25.0,35.0,40.0,48.0,59.0,65.0,75.0,89.0,115.0,137.0,153.0,177.0,194.0,218.0,240.0,255.0,267.0,279.0,292.0,303.0,312.0,330.0,351.0,358.0,366.0,382.0,385.0,378.0,375.0,375.0,373.0,375.0,375.0,363.0,354.0,344.0,331.0,332.0,321.0
0.0,0.0,0.0,0.0,0.0,0.0,0.0,1.0,1.0,0.0,0.0,0.0,0.0,1.0,1.0,1.0,1.0,1.0,3.0,3.0,3.0,4.0,4.0,4.0,4.0,4.0,5.0,5.0,6.0,7.0,7.0,10.0,13.0,14.0,18.0,21.0,21.0,23.0,28.0,28.0,32.0,45.0,55.0,67.0,80.0,102.0,120.0,138.0,157.0,167.0,195.0,242.0,258.0,289.0,311.0,326.0,335.0,348.0,356.0,365.0,378.0,387.0,393.0,396.0,395.0,389.0,384.0,386.0,371.0,364.0,358.0,360.0,348.0,337.0,334.0,330.0
0.0,0.0,0.0,0.0,0.0,0.0,0.0,0.0,0.0,0.0,0.0,0.0,0.0,0.0,0.0,0.0,0.0,0.0,0.0,1.0,1.0,1.0,1.0,1.0,1.0,0.0,0.0,0.0,0.0,1.0,1.0,1.0,1.0,2.0,2.0,3.0,5.0,5.0,6.0,8.0,13.0,15.0,16.0,18.0,23.0,28.0,30.0,28.0,34.0,48.0,48.0,67.0,72.0,82.0,86.0,89.0,102.0,106.0,108.0,112.0,112.0,115.0,118.0,112.0,115.0,108.0,106.0,103.0,105.0,102.0,96.0,95.0,96.0,95.0,91.0,92.0
0.0,0.0,0.0,0.0,0.0,0.0,0.0,0.0,0.0,0.0,0.0,0.0,0.0,0.0,0.0,0.0,0.0,1.0,1.0,1.0,1.0,1.0,2.0,3.0,3.0,2.0,2.0,3.0,3.0,3.0,5.0,9.0,10.0,14.0,16.0,19.0,19.0,23.0,29.0,32.0,40.0,56.0,66.0,80.0,97.0,109.0,128.0,161.0,195.0,212.0,236.0,249.0,286.0,306.0,321.0,341.0,360.0,368.0,379.0,391.0,387.0,383.0,379.0,383.0,388.0,397.0,389.0,392.0,387.0,381.0,375.0,364.0,350.0,347.0,341.0,325.0
0.0,0.0,0.0,0.0,0.0,0.0,0.0,0.0,0.0,0.0,0.0,0.0,0.0,0.0,0.0,0.0,0.0,0.0,0.0,0.0,0.0,0.0,0.0,0.0,1.0,2.0,3.0,3.0,3.0,3.0,4.0,4.0,4.0,6.0,7.0,10.0,14.0,18.0,20.0,24.0,34.0,42.0,48.0,55.0,67.0,88.0,102.0,112.0,135.0,158.0,179.0,184.0,196.0,217.0,238.0,250.0,258.0,273.0,281.0,282.0,294.0,300.0,307.0,304.0,308.0,297.0,287.0,273.0,267.0,258.0,256.0,257.0,258.0,246.0,242.0,242.0
0.0,0.0,0.0,0.0,0.0,0.0,0.0,0.0,0.0,0.0,0.0,0.0,0.0,0.0,0.0,0.0,0.0,0.0,2.0,2.0,3.0,3.0,4.0,4.0,3.0,3.0,5.0,6.0,6.0,6.0,5.0,6.0,7.0,9.0,12.0,19.0,26.0,32.0,37.0,43.0,54.0,66.0,79.0,92.0,110.0,136.0,162.0,185.0,210.0,240.0,272.0,291.0,312.0,342.0,371.0,394.0,418.0,433.0,453.0,472.0,467.0,474.0,468.0,461.0,456.0,467.0,473.0,468.0,457.0,450.0,443.0,440.0,438.0,432.0,426.0,413.0
0.0,0.0,0.0,0.0,0.0,0.0,0.0,0.0,0.0,0.0,0.0,0.0,0.0,0.0,0.0,0.0,0.0,0.0,1.0,1.0,1.0,1.0,3.0,3.0,4.0,6.0,6.0,5.0,7.0,7.0,7.0,7.0,12.0,16.0,17.0,26.0,30.0,40.0,51.0,58.0,72.0,84.0,102.0,124.0,133.0,150.0,171.0,213.0,246.0,272.0,307.0,353.0,383.0,437.0,495.0,517.0,527.0,543.0,578.0,589.0,589.0,608.0,604.0,614.0,614.0,624.0,621.0,607.0,602.0,591.0,566.0,570.0,566.0,558.0,551.0,543.0
0.0,0.0,0.0,0.0,0.0,0.0,0.0,0.0,0.0,0.0,0.0,0.0,0.0,0.0,0.0,0.0,0.0,0.0,0.0,0.0,0.0,1.0,1.0,1.0,1.0,1.0,3.0,2.0,1.0,2.0,2.0,2.0,6.0,6.0,8.0,7.0,7.0,9.0,12.0,14.0,15.0,19.0,23.0,27.0,32.0,35.0,41.0,50.0,61.0,72.0,79.0,83.0,84.0,99.0,109.0,112.0,122.0,125.0,122.0,131.0,140.0,147.0,145.0,146.0,151.0,147.0,150.0,154.0,151.0,153.0,158.0,156.0,157.0,149.0,149.0,149.0
0.0,0.0,0.0,0.0,0.0,0.0,0.0,0.0,0.0,0.0,0.0,0.0,0.0,0.0,0.0,0.0,0.0,1.0,1.0,1.0,1.0,4.0,6.0,6.0,6.0,6.0,7.0,8.0,7.0,9.0,15.0,15.0,18.0,21.0,22.0,26.0,26.0,27.0,29.0,35.0,43.0,48.0,54.0,62.0,79.0,97.0,117.0,135.0,155.0,173.0,190.0,215.0,240.0,259.0,270.0,282.0,293.0,297.0,317.0,328.0,343.0,341.0,344.0,346.0,341.0,348.0,348.0,346.0,347.0,335.0,329.0,324.0,319.0,317.0,309.0,304.0
0.0,0.0,0.0,0.0,0.0,0.0,0.0,0.0,0.0,0.0,0.0,0.0,1.0,2.0,2.0,2.0,2.0,2.0,2.0,2.0,4.0,2.0,3.0,4.0,4.0,2.0,2.0,5.0,7.0,12.0,20.0,22.0,24.0,28.0,28.0,30.0,33.0,36.0,53.0,65.0,81.0,103.0,126.0,145.0,171.0,215.0,257.0,300.0,357.0,422.0,479.0,552.0,604.0,649.0,688.0,726.0,769.0,796.0,821.0,818.0,799.0,798.0,803.0,796.0,788.0,791.0,776.0,770.0,764.0,758.0,747.0,749.0,729.0,717.0,707.0,694.0
0.0,0.0,0.0,0.0,0.0,0.0,0.0,0.0,0.0,0.0,0.0,0.0,0.0,0.0,0.0,0.0,0.0,0.0,1.0,1.0,1.0,1.0,1.0,1.0,1.0,2.0,3.0,2.0,2.0,4.0,5.0,10.0,13.0,16.0,17.0,20.0,35.0,42.0,48.0,59.0,67.0,78.0,93.0,114.0,139.0,157.0,179.0,219.0,259.0,298.0,332.0,365.0,397.0,420.0,453.0,470.0,498.0,509.0,511.0,531.0,525.0,528.0,551.0,547.0,546.0,544.0,540.0,552.0,540.0,546.0,536.0,520.0,511.0,495.0,479.0,467.0
0.0,0.0,0.0,0.0,0.0,0.0,0.0,0.0,0.0,0.0,0.0,0.0,1.0,1.0,2.0,2.0,2.0,2.0,1.0,1.0,2.0,3.0,3.0,4.0,4.0,6.0,7.0,7.0,12.0,17.0,17.0,17.0,24.0,33.0,37.0,39.0,48.0,62.0,72.0,92.0,107.0,134.0,161.0,192.0,234.0,269.0,319.0,366.0,416.0,479.0,524.0,558.0,613.0,668.0,710.0,765.0,783.0,818.0,841.0,881.0,874.0,890.0,914.0,933.0,933.0,928.0,921.0,895.0,869.0,855.0,821.0,822.0,811.0,794.0,789.0,787.0
0.0,0.0,0.0,0.0,0.0,0.0,1.0,1.0,1.0,1.0,1.0,1.0,1.0,1.0,1.0,1.0,1.0,1.0,1.0,1.0,1.0,1.0,3.0,4.0,8.0,8.0,9.0,10.0,10.0,12.0,13.0,20.0,19.0,21.0,29.0,36.0,38.0,45.0,64.0,71.0,84.0,99.0,119.0,150.0,172.0,220.0,263.0,309.0,345.0,394.0,447.0,498.0,551.0,577.0,600.0,617.0,627.0,646.0,663.0,687.0,728.0,742.0,724.0,718.0,718.0,729.0,724.0,742.0,737.0,738.0,722.0,710.0,692.0,687.0,668.0,657.0
0.0,0.0,0.0,0.0,0.0,0.0,0.0,0.0,0.0,0.0,0.0,0.0,0.0,0.0,0.0,0.0,0.0,0.0,0.0,0.0,0.0,2.0,2.0,1.0,1.0,1.0,1.0,2.0,3.0,5.0,5.0,5.0,8.0,7.0,12.0,15.0,23.0,37.0,49.0,57.0,70.0,83.0,98.0,123.0,152.0,175.0,220.0,268.0,307.0,351.0,391.0,438.0,470.0,508.0,547.0,587.0,624.0,643.0,658.0,676.0,686.0,687.0,694.0,701.0,682.0,673.0,676.0,661.0,644.0,639.0,633.0,617.0,597.0,585.0,563.0,558.0
0.0,0.0,0.0,0.0,0.0,0.0,0.0,0.0,0.0,0.0,0.0,0.0,0.0,0.0,0.0,0.0,0.0,0.0,0.0,0.0,0.0,1.0,2.0,2.0,2.0,3.0,2.0,4.0,7.0,11.0,16.0,16.0,20.0,24.0,27.0,32.0,35.0,45.0,55.0,64.0,82.0,100.0,115.0,137.0,165.0,199.0,236.0,287.0,349.0,401.0,455.0,498.0,551.0,590.0,636.0,667.0,709.0,730.0,746.0,768.0,798.0,800.0,821.0,835.0,822.0,809.0,818.0,811.0,793.0,785.0,780.0,762.0,741.0,726.0,695.0,679.0
0.0,0.0,0.0,0.0,0.0,1.0,1.0,1.0,1.0,1.0,1.0,1.0,1.0,1.0,1.0,1.0,1.0,1.0,0.0,1.0,2.0,2.0,2.0,3.0,7.0,5.0,4.0,7.0,8.0,11.0,12.0,15.0,21.0,27.0,35.0,43.0,55.0,64.0,69.0,84.0,101.0,131.0,161.0,188.0,226.0,276.0,334.0,372.0,425.0,482.0,541.0,586.0,629.0,669.0,701.0,739.0,777.0,799.0,820.0,821.0,842.0,835.0,837.0,849.0,841.0,847.0,820.0,802.0,803.0,793.0,775.0,776.0,774.0,761.0,741.0,724.0
0.0,0.0,0.0,0.0,0.0,0.0,0.0,0.0,0.0,0.0,1.0,1.0,1.0,1.0,1.0,1.0,1.0,1.0,1.0,1.0,1.0,1.0,1.0,1.0,3.0,3.0,3.0,5.0,4.0,5.0,6.0,9.0,10.0,16.0,25.0,29.0,32.0,42.0,44.0,50.0,51.0,62.0,71.0,96.0,122.0,149.0,188.0,219.0,276.0,324.0,358.0,399.0,445.0,482.0,499.0,527.0,546.0,562.0,573.0,590.0,589.0,599.0,595.0,584.0,588.0,580.0,593.0,586.0,579.0,572.0,571.0,556.0,545.0,548.0,523.0,516.0
0.0,0.0,0.0,0.0,0.0,0.0,0.0,0.0,0.0,0.0,0.0,0.0,0.0,0.0,0.0,0.0,0.0,0.0,0.0,0.0,0.0,1.0,1.0,2.0,3.0,7.0,8.0,8.0,9.0,8.0,11.0,12.0,17.0,24.0,30.0,41.0,40.0,50.0,59.0,76.0,86.0,104.0,122.0,139.0,164.0,197.0,236.0,259.0,299.0,357.0,407.0,443.0,481.0,500.0,523.0,549.0,567.0,578.0,584.0,607.0,615.0,642.0,658.0,659.0,662.0,668.0,662.0,671.0,666.0,649.0,632.0,624.0,625.0,603.0,594.0,579.0
0.0,0.0,0.0,0.0,0.0,0.0,0.0,0.0,0.0,0.0,0.0,0.0,0.0,0.0,0.0,2.0,2.0,2.0,2.0,1.0,3.0,3.0,5.0,6.0,7.0,7.0,8.0,8.0,10.0,13.0,12.0,14.0,19.0,26.0,34.0,42.0,51.0,65.0,75.0,85.0,101.0,127.0,155.0,175.0,202.0,237.0,296.0,344.0,402.0,461.0,503.0,566.0,625.0,658.0,708.0,757.0,796.0,832.0,875.0,871.0,872.0,898.0,905.0,907.0,910.0,905.0,892.0,878.0,859.0,838.0,827.0,803.0,787.0,777.0,770.0,751.0
0.0,0.0,0.0,0.0,0.0,0.0,0.0,0.0,0.0,0.0,0.0,0.0,0.0,0.0,0.0,0.0,0.0,0.0,0.0,0.0,0.0,1.0,2.0,3.0,5.0,6.0,7.0,6.0,5.0,7.0,7.0,11.0,12.0,16.0,18.0,23.0,25.0,33.0,37.0,40.0,46.0,58.0,67.0,78.0,94.0,116.0,141.0,164.0,196.0,231.0,261.0,280.0,299.0,330.0,349.0,360.0,380.0,404.0,405.0,410.0,407.0,427.0,435.0,427.0,428.0,438.0,434.0,433.0,422.0,414.0,409.0,413.0,406.0,391.0,380.0,376.0
0.0,0.0,0.0,0.0,0.0,0.0,0.0,0.0,0.0,0.0,0.0,0.0,0.0,0.0,1.0,2.0,2.0,2.0,2.0,3.0,3.0,4.0,4.0,4.0,8.0,8.0,7.0,9.0,12.0,14.0,16.0,15.0,17.0,20.0,24.0,27.0,32.0,39.0,50.0,71.0,84.0,116.0,136.0,163.0,204.0,251.0,302.0,361.0,415.0,474.0,540.0,601.0,676.0,721.0,751.0,817.0,843.0,858.0,887.0,909.0,946.0,969.0,980.0,980.0,1016.0,1015.0,1019.0,990.0,969.0,965.0,941.0,938.0,925.0,893.0,869.0,856.0
0.0,0.0,0.0,0.0,0.0,0.0,0.0,0.0,0.0,0.0,0.0,0.0,0.0,0.0,0.0,0.0,0.0,0.0,0.0,0.0,0.0,0.0,0.0,0.0,0.0,0.0,2.0,3.0,4.0,4.0,8.0,9.0,10.0,10.0,16.0,22.0,26.0,36.0,43.0,43.0,47.0,58.0,67.0,83.0,91.0,113.0,135.0,162.0,194.0,231.0,257.0,278.0,306.0,320.0,353.0,369.0,394.0,408.0,428.0,452.0,455.0,465.0,455.0,454.0,458.0,446.0,446.0,443.0,438.0,420.0,412.0,403.0,387.0,373.0,367.0,355.0
0.0,0.0,0.0,0.0,0.0,0.0,0.0,0.0,0.0,0.0,0.0,0.0,0.0,0.0,0.0,1.0,2.0,2.0,3.0,3.0,3.0,3.0,3.0,3.0,4.0,4.0,4.0,5.0,8.0,8.0,9.0,9.0,10.0,11.0,12.0,22.0,22.0,25.0,30.0,42.0,46.0,60.0,77.0,89.0,108.0,142.0,164.0,209.0,235.0,262.0,298.0,338.0,368.0,386.0,414.0,427.0,444.0,453.0,464.0,475.0,494.0,499.0,511.0,517.0,521.0,518.0,519.0,522.0,512.0,501.0,496.0,489.0,491.0,486.0,470.0,458.0
0.0,0.0,0.0,0.0,0.0,0.0,0.0,0.0,0.0,0.0,0.0,0.0,0.0,0.0,0.0,0.0,0.0,0.0,0.0,0.0,0.0,0.0,0.0,1.0,3.0,4.0,5.0,5.0,6.0,9.0,10.0,12.0,11.0,9.0,13.0,16.0,20.0,20.0,20.0,27.0,29.0,39.0,46.0,55.0,60.0,73.0,87.0,100.0,115.0,127.0,143.0,162.0,175.0,200.0,208.0,208.0,227.0,234.0,237.0,244.0,260.0,267.0,271.0,276.0,281.0,281.0,283.0,286.0,285.0,282.0,288.0,275.0,268.0,260.0,253.0,249.0
0.0,0.0,0.0,0.0,0.0,0.0,0.0,0.0,0.0,0.0,0.0,0.0,0.0,0.0,0.0,0.0,0.0,0.0,0.0,1.0,2.0,2.0,1.0,2.0,2.0,3.0,5.0,5.0,6.0,9.0,10.0,13.0,15.0,13.0,15.0,17.0,26.0,31.0,42.0,43.0,41.0,47.0,56.0,63.0,86.0,96.0,117.0,143.0,170.0,196.0,222.0,260.0,282.0,300.0,315.0,333.0,353.0,379.0,393.0,398.0,394.0,409.0,410.0,417.0,410.0,411.0,411.0,408.0,417.0,401.0,405.0,397.0,387.0,375.0,363.0,350.0
0.0,0.0,0.0,0.0,0.0,0.0,0.0,0.0,0.0,0.0,0.0,0.0,0.0,0.0,0.0,0.0,0.0,0.0,0.0,0.0,1.0,1.0,1.0,1.0,1.0,1.0,2.0,2.0,2.0,2.0,3.0,3.0,3.0,2.0,3.0,6.0,9.0,8.0,10.0,11.0,11.0,19.0,20.0,30.0,36.0,46.0,52.0,60.0,71.0,88.0,97.0,103.0,109.0,115.0,124.0,130.0,135.0,136.0,146.0,146.0,141.0,143.0,151.0,148.0,149.0,160.0,162.0,157.0,158.0,156.0,160.0,160.0,156.0,154.0,152.0,148.0
0.0,0.0,0.0,0.0,0.0,0.0,0.0,0.0,0.0,0.0,0.0,1.0,2.0,2.0,2.0,3.0,3.0,4.0,4.0,4.0,5.0,5.0,6.0,7.0,8.0,8.0,9.0,8.0,11.0,11.0,13.0,15.0,19.0,22.0,27.0,33.0,44.0,51.0,63.0,81.0,84.0,95.0,129.0,163.0,200.0,241.0,290.0,344.0,396.0,464.0,527.0,584.0,618.0,677.0,714.0,753.0,803.0,826.0,866.0,890.0,904.0,925.0,936.0,939.0,942.0,935.0,936.0,933.0,904.0,888.0,867.0,849.0,838.0,830.0,827.0,799.0
0.0,0.0,0.0,0.0,0.0,0.0,0.0,0.0,0.0,0.0,0.0,0.0,1.0,1.0,1.0,2.0,2.0,2.0,2.0,2.0,3.0,2.0,1.0,1.0,1.0,3.0,4.0,8.0,7.0,14.0,15.0,19.0,22.0,30.0,38.0,46.0,56.0,68.0,68.0,86.0,96.0,111.0,139.0,177.0,214.0,258.0,300.0,338.0,397.0,464.0,505.0,558.0,594.0,641.0,691.0,738.0,770.0,807.0,839.0,875.0,903.0,910.0,905.0,910.0,911.0,893.0,890.0,875.0,862.0,869.0,849.0,835.0,815.0,795.0,779.0,766.0
0.0,0.0,0.0,0.0,0.0,0.0,0.0,0.0,0.0,0.0,0.0,0.0,0.0,0.0,1.0,1.0,1.0,1.0,2.0,1.0,1.0,1.0,1.0,1.0,1.0,1.0,1.0,2.0,3.0,4.0,6.0,5.0,7.0,6.0,10.0,9.0,12.0,14.0,21.0,27.0,32.0,39.0,46.0,54.0,67.0,90.0,98.0,106.0,131.0,150.0,170.0,192.0,212.0,235.0,255.0,264.0,286.0,291.0,306.0,306.0,313.0,332.0,332.0,330.0,325.0,334.0,336.0,324.0,321.0,329.0,332.0,335.0,321.0,320.0,307.0,298.0
0.0,0.0,0.0,0.0,0.0,0.0,0.0,0.0,0.0,0.0,0.0,0.0,0.0,0.0,0.0,0.0,0.0,0.0,0.0,0.0,0.0,0.0,0.0,0.0,0.0,0.0,0.0,0.0,0.0,0.0,0.0,2.0,4.0,5.0,5.0,7.0,9.0,11.0,13.0,13.0,18.0,23.0,34.0,40.0,47.0,54.0,76.0,84.0,96.0,113.0,115.0,130.0,153.0,164.0,171.0,182.0,185.0,198.0,211.0,209.0,207.0,204.0,214.0,224.0,231.0,232.0,241.0,236.0,239.0,234.0,237.0,234.0,235.0,229.0,227.0,225.0
