0.0,0.0,1.0,2.0,3.0,5.0,5.0,4.0,5.0,7.0,8.0,7.0,8.0,10.0,14.0,16.0,21.0,25.0,27.0,34.0,36.0,40.0,40.0,47.0,58.0,66.0,75.0,80.0,107.0,132.0,159.0,194.0,224.0,266.0,309.0,355.0,412.0,479.0,533.0,631.0,728.0,857.0,969.0,1113.0,1289.0,1478.0,1686.0,1943.0,2219.0,2557.0,2842.0,3092.0,3257.0,3328.0,3387.0,3429.0,3482.0,3480.0,3436.0,3381.0,3326.0,3254.0,3151.0,3058.0,2955.0,2876.0,2783.0,2677.0,2591.0,2487.0,2393.0,2274.0,2164.0,2051.0,1979.0,1896.0,1811.0,1722.0,1647.0,1564.0
0.0,0.0,0.0,0.0,2.0,4.0,6.0,5.0,6.0,7.0,7.0,11.0,13.0,14.0,17.0,18.0,22.0,25.0,28.0,28.0,27.0,24.0,32.0,37.0,43.0,53.0,65.0,73.0,79.0,92.0,111.0,131.0,146.0,170.0,186.0,204.0,220.0,266.0,308.0,353.0,405.0,439.0,501.0,560.0,662.0,766.0,851.0,1010.0,1134.0,1270.0,1407.0,1555.0,1618.0,1690.0,1752.0,1769.0,1748.0,1752.0,1751.0,1718.0,1705.0,1682.0,1640.0,1604.0,1567.0,1506.0,1446.0,1399.0,1369.0,1306.0,1264.0,1185.0,1135.0,1095.0,1058.0,1004.0,961.0,897.0,855.0,817.0
0.0,0.0,0.0,0.0,1.0,2.0,2.0,5.0,8.0,10.0,10.0,11.0,12.0,12.0,20.0,24.0,26.0,27.0,29.0,32.0,35.0,38.0,43.0,43.0,44.0,51.0,61.0,71.0,85.0,101.0,119.0,141.0,164.0,202.0,230.0,261.0,296.0,332.0,384.0,442.0,503.0,577.0,674.0,760.0,892.0,1029.0,1198.0,1374.0,1553.0,1785.0,1991.0,2192.0,2313.0,2377.0,2411.0,2435.0,2423.0,2403.0,2413.0,2387.0,2348.0,2306.0,2266.0,2201.0,2132.0,2036.0,1964.0,1896.0,1819.0,1742.0,1670.0,1595.0,1524.0,1462.0,1392.0,1336.0,1278.0,1226.0,1174.0,1118.0
0.0,0.0,2.0,2.0,3.0,3.0,3.0,6.0,6.0,8.0,11.0,14.0,14.0,17.0,21.0,24.0,29.0,32.0,40.0,45.0,51.0,57.0,67.0,71.0,78.0,87.0,94.0,118.0,139.0,162.0,173.0,193.0,237.0,276.0,316.0,366.0,439.0,504.0,583.0,662.0,735.0,858.0,968.0,1135.0,1299.0,1493.0,1695.0,1962.0,2249.0,2570.0,2848.0,3039.0,3232.0,3336.0,3374.0,3445.0,3456.0,3435.0,3435.0,3381.0,3333.0,3271.0,3208.0,3139.0,3047.0,2949.0,2836.0,2744.0,2632.0,2537.0,2438.0,2328.0,2233.0,2125.0,2021.0,1954.0,1849.0,1783.0,1690.0,1605.0
0.0,0.0,0.0,0.0,1.0,4.0,4.0,4.0,6.0,5.0,6.0,8.0,8.0,11.0,13.0,14.0,18.0,18.0,18.0,22.0,25.0,32.0,36.0,46.0,52.0,64.0,74.0,81.0,97.0,115.0,134.0,161.0,180.0,222.0,251.0,292.0,341.0,408.0,475.0,550.0,651.0,736.0,840.0,985.0,1169.0,1368.0,1627.0,1882.0,2190.0,2536.0,2811.0,3075.0,3276.0,3374.0,3423.0,3499.0,3491.0,3494.0,3463.0,3436.0,3396.0,3322.0,3257.0,3141.0,3043.0,2940.0,2827.0,2728.0,2619.0,2525.0,2407.0,2276.0,2188.0,2090.0,2018.0,1939.0,1856.0,1774.0,1686.0,1611.0
0.0,0.0,0.0,1.0,1.0,3.0,5.0,4.0,7.0,7.0,8.0,8.0,13.0,16.0,19.0,26.0,29.0,35.0,39.0,47.0,60.0,63.0,71.0,88.0,104.0,108.0,127.0,146.0,167.0,191.0,237.0,257.0,299.0,348.0,416.0,489.0,570.0,650.0,738.0,871.0,951.0,1087.0,1265.0,1449.0,1653.0,1869.0,2141.0,2511.0,2830.0,3199.0,3557.0,3854.0,4018.0,4121.0,4191.0,4252.0,4236.0,4204.0,4176.0,4128.0,4055.0,3982.0,3858.0,3776.0,3656.0,3519.0,3376.0,3240.0,3132.0,2984.0,2851.0,2759.0,2659.0,2525.0,2408.0,2313.0,2229.0,2146.0,2049.0,1957.0
0.0,0.0,0.0,1.0,1.0,2.0,4.0,5.0,5.0,6.0,6.0,8.0,7.0,6.0,7.0,12.0,17.0,21.0,21.0,24.0,27.0,37.0,42.0,45.0,52.0,67.0,69.0,85.0,99.0,120.0,147.0,156.0,186.0,213.0,235.0,270.0,317.0,367.0,432.0,504.0,576.0,649.0,737.0,871.0,988.0,1113.0,1295.0,1548.0,1818.0,2069.0,2291.0,2482.0,2616.0,2695.0,2742.0,2743.0,2781.0,2732.0,2708.0,2657.0,2622.0,2548.0,2492.0,2437.0,2349.0,2240.0,2174.0,2090.0,2024.0,1954.0,1869.0,1783.0,1717.0,1641.0,1581.0,1503.0,1433.0,1379.0,1325.0,1283.0
0.0,0.0,0.0,1.0,2.0,4.0,5.0,10.0,11.0,11.0,11.0,12.0,13.0,15.0,16.0,22.0,28.0,35.0,42.0,50.0,56.0,71.0,87.0,91.0,110.0,132.0,145.0,162.0,187.0,206.0,232.0,254.0,319.0,356.0,401.0,484.0,566.0,642.0,739.0,847.0,953.0,1135.0,1319.0,1517.0,1813.0,2085.0,2391.0,2707.0,3128.0,3577.0,3978.0,4252.0,4579.0,4740.0,4830.0,4901.0,4907.0,4916.0,4859.0,4784.0,4713.0,4593.0,4448.0,4314.0,4188.0,4068.0,3915.0,3779.0,3644.0,3499.0,3374.0,3237.0,3107.0,2979.0,2875.0,2754.0,2636.0,2523.0,2404.0,2328.0
0.0,0.0,1.0,1.0,2.0,5.0,5.0,6.0,8.0,9.0,13.0,14.0,16.0,16.0,20.0,25.0,32.0,36.0,41.0,49.0,55.0,60.0,74.0,85.0,100.0,117.0,127.0,149.0,171.0,207.0,243.0,286.0,342.0,390.0,456.0,534.0,608.0,718.0,831.0,964.0,1106.0,1284.0,1488.0,1700.0,1919.0,2178.0,2512.0,2870.0,3293.0,3775.0,4176.0,4534.0,4738.0,4875.0,4974.0,5002.0,5035.0,5021.0,4949.0,4891.0,4762.0,4667.0,4530.0,4437.0,4320.0,4139.0,3958.0,3815.0,3653.0,3495.0,3326.0,3197.0,3070.0,2946.0,2825.0,2729.0,2623.0,2502.0,2382.0,2281.0
0.0,0.0,0.0,0.0,3.0,4.0,3.0,4.0,6.0,6.0,6.0,8.0,9.0,7.0,9.0,13.0,12.0,15.0,19.0,21.0,28.0,31.0,33.0,46.0,46.0,58.0,71.0,83.0,89.0,108.0,114.0,128.0,150.0,175.0,204.0,242.0,276.0,323.0,379.0,427.0,493.0,570.0,638.0,717.0,820.0,991.0,1118.0,1282.0,1507.0,1723.0,1922.0,2046.0,2177.0,2239.0,2294.0,2317.0,2300.0,2287.0,2285.0,2229.0,2205.0,2170.0,2111.0,2068.0,2017.0,1959.0,1903.0,1839.0,1783.0,1695.0,1635.0,1570.0,1493.0,1433.0,1394.0,1338.0,1283.0,1218.0,1169.0,1132.0
0.0,0.0,0.0,0.0,3.0,3.0,5.0,10.0,10.0,12.0,12.0,14.0,16.0,16.0,18.0,18.0,25.0,30.0,39.0,43.0,57.0,62.0,65.0,75.0,83.0,94.0,108.0,142.0,167.0,191.0,228.0,246.0,285.0,314.0,350.0,405.0,454.0,527.0,619.0,709.0,815.0,908.0,1061.0,1210.0,1381.0,1554.0,1770.0,2050.0,2382.0,2728.0,3041.0,3249.0,3378.0,3494.0,3562.0,3571.0,3610.0,3611.0,3525.0,3489.0,3400.0,3339.0,3229.0,3155.0,3059.0,2979.0,2894.0,2787.0,2682.0,2602.0,2514.0,2401.0,2270.0,2153.0,2067.0,1973.0,1869.0,1780.0,1697.0,1610.0
0.0,0.0,0.0,0.0,2.0,4.0,4.0,6.0,7.0,7.0,11.0,14.0,17.0,21.0,21.0,21.0,25.0,27.0,29.0,32.0,40.0,51.0,57.0,64.0,80.0,90.0,108.0,117.0,133.0,159.0,175.0,207.0,239.0,279.0,314.0,381.0,452.0,517.0,604.0,718.0,842.0,1001.0,1167.0,1370.0,1584.0,1837.0,2164.0,2512.0,2870.0,3270.0,3608.0,3928.0,4186.0,4345.0,4471.0,4536.0,4560.0,4583.0,4574.0,4482.0,4399.0,4312.0,4257.0,4152.0,4030.0,3870.0,3712.0,3567.0,3442.0,3312.0,3188.0,3049.0,2906.0,2780.0,2683.0,2545.0,2452.0,2316.0,2238.0,2146.0
0.0,0.0,0.0,0.0,1.0,2.0,3.0,9.0,12.0,17.0,18.0,23.0,25.0,29.0,32.0,40.0,48.0,56.0,63.0,76.0,90.0,111.0,126.0,143.0,166.0,182.0,208.0,231.0,262.0,296.0,336.0,397.0,470.0,561.0,628.0,745.0,857.0,977.0,1152.0,1337.0,1509.0,1724.0,1995.0,2292.0,2628.0,3007.0,3466.0,3958.0,4503.0,5112.0,5649.0,6077.0,6402.0,6630.0,6795.0,6837.0,6836.0,6822.0,6781.0,6678.0,6551.0,6395.0,6256.0,6096.0,5880.0,5712.0,5509.0,5353.0,5146.0,4950.0,4780.0,4592.0,4375.0,4233.0,4073.0,3893.0,3741.0,3611.0,3432.0,3256.0
0.0,0.0,0.0,1.0,2.0,3.0,5.0,7.0,7.0,9.0,13.0,18.0,22.0,24.0,29.0,29.0,35.0,40.0,50.0,61.0,71.0,83.0,101.0,115.0,134.0,151.0,178.0,205.0,251.0,298.0,338.0,388.0,447.0,517.0,594.0,686.0,817.0,959.0,1111.0,1285.0,1467.0,1697.0,1953.0,2272.0,2632.0,2993.0,3506.0,4034.0,4597.0,5228.0,5815.0,6298.0,6595.0,6823.0,6978.0,7055.0,7068.0,7012.0,6921.0,6830.0,6726.0,6559.0,6443.0,6310.0,6144.0,5996.0,5822.0,5623.0,5411.0,5232.0,5013.0,4835.0,4602.0,4363.0,4166.0,3990.0,3787.0,3611.0,3418.0,3266.0
0.0,0.0,0.0,1.0,1.0,1.0,4.0,3.0,5.0,8.0,12.0,16.0,17.0,22.0,26.0,31.0,35.0,41.0,50.0,61.0,67.0,75.0,89.0,105.0,114.0,129.0,156.0,187.0,199.0,244.0,279.0,328.0,360.0,434.0,487.0,568.0,648.0,743.0,854.0,959.0,1092.0,1275.0,1485.0,1720.0,1987.0,2298.0,2635.0,3093.0,3556.0,4025.0,4473.0,4790.0,5004.0,5194.0,5313.0,5342.0,5310.0,5296.0,5277.0,5193.0,5152.0,5005.0,4893.0,4765.0,4609.0,4472.0,4317.0,4163.0,4020.0,3853.0,3695.0,3533.0,3367.0,3226.0,3075.0,2939.0,2815.0,2693.0,2586.0,2449.0
0.0,0.0,0.0,1.0,1.0,3.0,6.0,7.0,7.0,9.0,10.0,10.0,14.0,17.0,22.0,28.0,33.0,34.0,44.0,49.0,62.0,65.0,70.0,75.0,83.0,102.0,119.0,148.0,170.0,188.0,214.0,266.0,295.0,344.0,402.0,472.0,548.0,630.0,736.0,853.0,1003.0,1129.0,1302.0,1507.0,1727.0,1984.0,2238.0,2587.0,2964.0,3343.0,3684.0,3980.0,4165.0,4281.0,4365.0,4400.0,4464.0,4481.0,4417.0,4294.0,4247.0,4145.0,4025.0,3907.0,3804.0,3667.0,3563.0,3454.0,3317.0,3192.0,3080.0,2954.0,2836.0,2733.0,2624.0,2517.0,2421.0,2313.0,2219.0,2143.0
0.0,0.0,0.0,2.0,2.0,2.0,5.0,5.0,9.0,9.0,9.0,10.0,16.0,20.0,21.0,23.0,27.0,33.0,34.0,41.0,47.0,54.0,53.0,54.0,59.0,63.0,72.0,89.0,95.0,114.0,133.0,151.0,181.0,222.0,270.0,306.0,355.0,409.0,460.0,564.0,623.0,734.0,856.0,1019.0,1178.0,1328.0,1544.0,1767.0,2044.0,2293.0,2541.0,2730.0,2869.0,3001.0,3075.0,3097.0,3131.0,3117.0,3080.0,2996.0,2961.0,2875.0,2799.0,2721.0,2618.0,2526.0,2458.0,2379.0,2302.0,2213.0,2140.0,2045.0,1956.0,1850.0,1774.0,1683.0,1612.0,1545.0,1480.0,1410.0
0.0,0.0,0.0,1.0,2.0,3.0,3.0,5.0,5.0,6.0,6.0,5.0,7.0,8.0,10.0,11.0,13.0,18.0,20.0,20.0,22.0,23.0,26.0,33.0,35.0,41.0,43.0,48.0,61.0,73.0,89.0,112.0,139.0,168.0,213.0,246.0,282.0,345.0,407.0,490.0,594.0,713.0,840.0,949.0,1063.0,1222.0,1409.0,1629.0,1869.0,2144.0,2394.0,2580.0,2810.0,2893.0,2964.0,3010.0,3015.0,2994.0,2982.0,2949.0,2889.0,2821.0,2771.0,2694.0,2612.0,2513.0,2427.0,2332.0,2224.0,2138.0,2035.0,1944.0,1874.0,1813.0,1748.0,1667.0,1613.0,1543.0,1478.0,1401.0
0.0,0.0,0.0,0.0,3.0,3.0,3.0,8.0,9.0,11.0,11.0,15.0,15.0,17.0,17.0,21.0,24.0,27.0,34.0,44.0,51.0,57.0,65.0,77.0,94.0,107.0,107.0,130.0,142.0,162.0,178.0,198.0,256.0,288.0,335.0,405.0,457.0,528.0,599.0,679.0,773.0,886.0,1005.0,1146.0,1337.0,1568.0,1809.0,2109.0,2397.0,2750.0,3081.0,3352.0,3589.0,3701.0,3820.0,3815.0,3837.0,3804.0,3785.0,3716.0,3672.0,3579.0,3480.0,3362.0,3269.0,3135.0,3001.0,2904.0,2820.0,2696.0,2585.0,2483.0,2384.0,2297.0,2195.0,2086.0,1992.0,1918.0,1820.0,1738.0
0.0,0.0,0.0,1.0,4.0,4.0,6.0,6.0,6.0,9.0,13.0,18.0,19.0,25.0,26.0,32.0,32.0,33.0,40.0,47.0,54.0,71.0,88.0,110.0,133.0,144.0,171.0,185.0,212.0,245.0,273.0,331.0,390.0,436.0,513.0,618.0,720.0,859.0,980.0,1155.0,1309.0,1515.0,1719.0,1969.0,2258.0,2609.0,2976.0,3419.0,3985.0,4524.0,5000.0,5511.0,5780.0,5977.0,6158.0,6232.0,6297.0,6287.0,6190.0,6091.0,5955.0,5843.0,5668.0,5475.0,5310.0,5165.0,4977.0,4771.0,4571.0,4383.0,4197.0,4013.0,3832.0,3667.0,3476.0,3308.0,3149.0,2993.0,2836.0,2712.0
0.0,0.0,0.0,0.0,2.0,6.0,8.0,8.0,9.0,9.0,11.0,14.0,18.0,19.0,19.0,19.0,24.0,25.0,30.0,42.0,47.0,56.0,72.0,86.0,108.0,122.0,151.0,182.0,227.0,261.0,307.0,365.0,424.0,491.0,556.0,640.0,757.0,916.0,1046.0,1207.0,1401.0,1597.0,1848.0,2152.0,2445.0,2833.0,3254.0,3751.0,4263.0,4845.0,5368.0,5770.0,6119.0,6304.0,6478.0,6489.0,6531.0,6456.0,6382.0,6280.0,6202.0,6125.0,5994.0,5778.0,5587.0,5402.0,5231.0,5038.0,4778.0,4614.0,4449.0,4254.0,4084.0,3891.0,3728.0,3558.0,3413.0,3242.0,3114.0,2954.0
0.0,0.0,1.0,1.0,1.0,2.0,2.0,3.0,4.0,7.0,8.0,8.0,10.0,11.0,17.0,19.0,24.0,33.0,44.0,49.0,58.0,74.0,80.0,89.0,110.0,123.0,138.0,142.0,166.0,203.0,231.0,271.0,289.0,325.0,374.0,441.0,504.0,579.0,670.0,787.0,887.0,986.0,1155.0,1326.0,1532.0,1791.0,2028.0,2350.0,2760.0,3122.0,3479.0,3776.0,3960.0,4071.0,4108.0,4170.0,4168.0,4129.0,4104.0,4075.0,3995.0,3914.0,3850.0,3753.0,3646.0,3544.0,3448.0,3328.0,3202.0,3063.0,2931.0,2797.0,2687.0,2565.0,2444.0,2338.0,2217.0,2123.0,2034.0,1945.0
0.0,0.0,0.0,1.0,0.0,2.0,4.0,5.0,7.0,12.0,17.0,17.0,18.0,19.0,22.0,27.0,28.0,27.0,33.0,40.0,46.0,55.0,60.0,63.0,72.0,83.0,89.0,101.0,107.0,128.0,139.0,160.0,177.0,215.0,241.0,281.0,318.0,357.0,412.0,460.0,528.0,596.0,687.0,791.0,959.0,1129.0,1309.0,1475.0,1653.0,1891.0,2081.0,2283.0,2420.0,2523.0,2596.0,2612.0,2575.0,2591.0,2565.0,2507.0,2472.0,2393.0,2356.0,2310.0,2245.0,2182.0,2118.0,2035.0,1974.0,1897.0,1813.0,1727.0,1665.0,1604.0,1527.0,1450.0,1377.0,1324.0,1263.0,1209.0
0.0,0.0,2.0,2.0,2.0,2.0,5.0,7.0,9.0,12.0,14.0,16.0,16.0,16.0,20.0,25.0,24.0,27.0,28.0,30.0,33.0,44.0,48.0,56.0,65.0,76.0,78.0,90.0,104.0,123.0,140.0,154.0,172.0,202.0,245.0,294.0,341.0,405.0,478.0,527.0,594.0,703.0,806.0,950.0,1103.0,1273.0,1467.0,1689.0,1936.0,2233.0,2504.0,2671.0,2789.0,2901.0,2946.0,2968.0,2975.0,2981.0,2971.0,2916.0,2820.0,2758.0,2697.0,2622.0,2526.0,2434.0,2335.0,2248.0,2165.0,2076.0,1990.0,1928.0,1830.0,1741.0,1667.0,1591.0,1511.0,1431.0,1359.0,1286.0
0.0,0.0,0.0,0.0,2.0,5.0,7.0,7.0,8.0,11.0,10.0,10.0,13.0,18.0,20.0,27.0,31.0,36.0,40.0,46.0,55.0,66.0,75.0,93.0,109.0,133.0,150.0,184.0,221.0,253.0,293.0,341.0,403.0,465.0,531.0,604.0,675.0,782.0,898.0,1017.0,1180.0,1365.0,1596.0,1832.0,2149.0,2445.0,2820.0,3210.0,3656.0,4221.0,4670.0,5049.0,5322.0,5489.0,5623.0,5675.0,5690.0,5689.0,5684.0,5622.0,5519.0,5384.0,5257.0,5094.0,4933.0,4751.0,4565.0,4395.0,4195.0,4035.0,3868.0,3702.0,3555.0,3435.0,3307.0,3175.0,3025.0,2894.0,2788.0,2668.0
0.0,0.0,1.0,2.0,3.0,3.0,6.0,6.0,8.0,7.0,6.0,9.0,9.0,12.0,21.0,24.0,27.0,36.0,44.0,43.0,52.0,63.0,76.0,81.0,91.0,107.0,123.0,143.0,174.0,202.0,221.0,264.0,297.0,340.0,363.0,425.0,481.0,576.0,638.0,723.0,847.0,961.0,1102.0,1287.0,1513.0,1769.0,2035.0,2311.0,2657.0,3018.0,3343.0,3570.0,3767.0,3918.0,4003.0,4053.0,4050.0,4016.0,3955.0,3871.0,3788.0,3702.0,3608.0,3495.0,3394.0,3275.0,3181.0,3097.0,2975.0,2831.0,2696.0,2588.0,2459.0,2364.0,2281.0,2178.0,2074.0,1988.0,1881.0,1791.0
0.0,0.0,0.0,0.0,1.0,3.0,4.0,4.0,7.0,8.0,10.0,9.0,10.0,13.0,15.0,20.0,33.0,34.0,40.0,46.0,60.0,72.0,79.0,101.0,113.0,135.0,153.0,189.0,215.0,240.0,265.0,306.0,357.0,430.0,482.0,534.0,614.0,734.0,835.0,961.0,1101.0,1310.0,1502.0,1711.0,1959.0,2247.0,2544.0,2914.0,3378.0,3862.0,4241.0,4531.0,4766.0,4929.0,4967.0,5025.0,5081.0,5100.0,5065.0,4972.0,4877.0,4778.0,4626.0,4536.0,4362.0,4234.0,4101.0,3934.0,3828.0,3683.0,3537.0,3407.0,3273.0,3145.0,2987.0,2898.0,2760.0,2640.0,2552.0,2464.0
0.0,0.0,0.0,1.0,2.0,4.0,6.0,9.0,7.0,6.0,6.0,8.0,13.0,18.0,18.0,24.0,32.0,34.0,41.0,52.0,64.0,82.0,92.0,107.0,126.0,140.0,158.0,188.0,211.0,238.0,282.0,318.0,371.0,451.0,529.0,586.0,687.0,780.0,908.0,1044.0,1201.0,1397.0,1605.0,1855.0,2136.0,2431.0,2836.0,3238.0,3786.0,4332.0,4851.0,5207.0,5537.0,5747.0,5906.0,5987.0,6031.0,6044.0,6021.0,5923.0,5802.0,5695.0,5540.0,5360.0,5200.0,5000.0,4798.0,4594.0,4423.0,4238.0,4079.0,3919.0,3726.0,3571.0,3418.0,3272.0,3121.0,2970.0,2835.0,2715.0
0.0,0.0,0.0,0.0,2.0,3.0,6.0,7.0,8.0,8.0,7.0,7.0,8.0,8.0,7.0,11.0,14.0,15.0,16.0,20.0,24.0,26.0,28.0,33.0,43.0,59.0,65.0,78.0,99.0,121.0,120.0,140.0,166.0,192.0,227.0,261.0,314.0,368.0,419.0,467.0,499.0,572.0,667.0,769.0,877.0,1015.0,1146.0,1317.0,1515.0,1736.0,1919.0,2077.0,2209.0,2303.0,2349.0,2376.0,2389.0,2355.0,2359.0,2305.0,2265.0,2237.0,2173.0,2097.0,2037.0,1968.0,1906.0,1838.0,1777.0,1709.0,1638.0,1586.0,1512.0,1450.0,1398.0,1329.0,1263.0,1199.0,1156.0,1110.0
0.0,0.0,0.0,2.0,2.0,2.0,3.0,5.0,5.0,6.0,7.0,8.0,14.0,19.0,22.0,24.0,29.0,30.0,40.0,43.0,50.0,55.0,65.0,72.0,93.0,115.0,133.0,153.0,168.0,196.0,242.0,297.0,329.0,383.0,437.0,509.0,594.0,691.0,784.0,914.0,1038.0,1222.0,1415.0,1627.0,1877.0,2140.0,2430.0,2823.0,3222.0,3653.0,4076.0,4423.0,4680.0,4788.0,4878.0,4937.0,4891.0,4853.0,4773.0,4735.0,4629.0,4503.0,4375.0,4246.0,4110.0,3967.0,3837.0,3688.0,3527.0,3398.0,3229.0,3064.0,2933.0,2804.0,2672.0,2589.0,2460.0,2351.0,2226.0,2120.0
0.0,0.0,2.0,2.0,3.0,3.0,5.0,5.0,10.0,13.0,16.0,17.0,19.0,26.0,31.0,40.0,46.0,51.0,65.0,70.0,89.0,102.0,122.0,145.0,161.0,194.0,211.0,248.0,282.0,321.0,399.0,454.0,519.0,602.0,684.0,802.0,878.0,1030.0,1180.0,1367.0,1566.0,1797.0,2104.0,2383.0,2743.0,3160.0,3673.0,4227.0,4838.0,5507.0,6216.0,6760.0,7144.0,7366.0,7473.0,7582.0,7586.0,7536.0,7485.0,7412.0,7250.0,7073.0,6930.0,6715.0,6507.0,6300.0,6086.0,5831.0,5612.0,5373.0,5188.0,4983.0,4781.0,4585.0,4395.0,4183.0,4010.0,3851.0,3680.0,3516.0
0.0,0.0,0.0,1.0,2.0,3.0,5.0,7.0,9.0,12.0,16.0,16.0,13.0,14.0,16.0,19.0,21.0,26.0,35.0,46.0,51.0,59.0,63.0,71.0,79.0,87.0,108.0,122.0,148.0,166.0,182.0,217.0,248.0,288.0,335.0,383.0,431.0,486.0,562.0,663.0,768.0,901.0,1033.0,1149.0,1336.0,1571.0,1822.0,2106.0,2440.0,2784.0,3120.0,3377.0,3511.0,3635.0,3687.0,3750.0,3784.0,3765.0,3741.0,3701.0,3646.0,3587.0,3512.0,3415.0,3307.0,3158.0,3066.0,2956.0,2820.0,2735.0,2592.0,2484.0,2371.0,2266.0,2195.0,2113.0,2041.0,1957.0,1860.0,1759.0
0.0,0.0,1.0,3.0,5.0,5.0,6.0,6.0,7.0,8.0,9.0,8.0,9.0,9.0,12.0,15.0,19.0,22.0,27.0,29.0,31.0,35.0,40.0,48.0,61.0,64.0,65.0,71.0,74.0,91.0,100.0,111.0,127.0,152.0,182.0,202.0,211.0,246.0,271.0,321.0,368.0,417.0,490.0,558.0,628.0,732.0,822.0,949.0,1104.0,1291.0,1420.0,1535.0,1601.0,1659.0,1688.0,1726.0,1701.0,1717.0,1722.0,1690.0,1675.0,1626.0,1603.0,1589.0,1560.0,1514.0,1462.0,1389.0,1318.0,1282.0,1238.0,1178.0,1128.0,1084.0,1037.0,991.0,953.0,920.0,867.0,835.0
0.0,0.0,0.0,1.0,1.0,3.0,6.0,6.0,6.0,8.0,10.0,11.0,10.0,9.0,9.0,10.0,11.0,15.0,19.0,19.0,20.0,27.0,31.0,33.0,41.0,47.0,55.0,61.0,66.0,76.0,84.0,92.0,99.0,118.0,118.0,130.0,142.0,163.0,184.0,210.0,237.0,275.0,307.0,358.0,420.0,521.0,623.0,715.0,803.0,914.0,1008.0,1121.0,1208.0,1247.0,1274.0,1293.0,1286.0,1279.0,1243.0,1250.0,1237.0,1228.0,1211.0,1167.0,1153.0,1118.0,1068.0,1004.0,973.0,930.0,887.0,850.0,822.0,782.0,750.0,717.0,696.0,660.0,635.0,599.0
0.0,0.0,0.0,1.0,2.0,5.0,6.0,5.0,5.0,5.0,8.0,11.0,14.0,14.0,16.0,23.0,28.0,43.0,51.0,61.0,75.0,90.0,105.0,118.0,146.0,173.0,215.0,246.0,304.0,362.0,411.0,473.0,549.0,646.0,743.0,872.0,1011.0,1179.0,1389.0,1590.0,1823.0,2076.0,2363.0,2716.0,3125.0,3626.0,4160.0,4791.0,5491.0,6291.0,7014.0,7623.0,8063.0,8346.0,8550.0,8670.0,8760.0,8651.0,8587.0,8510.0,8362.0,8238.0,8054.0,7816.0,7596.0,7411.0,7197.0,6953.0,6687.0,6445.0,6211.0,5949.0,5688.0,5483.0,5237.0,5002.0,4781.0,4535.0,4328.0,4125.0
0.0,0.0,0.0,1.0,3.0,5.0,5.0,6.0,5.0,7.0,9.0,11.0,13.0,17.0,21.0,21.0,20.0,26.0,26.0,33.0,36.0,49.0,53.0,63.0,71.0,82.0,95.0,104.0,119.0,150.0,165.0,182.0,205.0,236.0,260.0,304.0,371.0,441.0,528.0,626.0,719.0,846.0,994.0,1130.0,1303.0,1508.0,1718.0,2010.0,2320.0,2674.0,2939.0,3108.0,3320.0,3489.0,3565.0,3624.0,3627.0,3631.0,3585.0,3512.0,3437.0,3387.0,3325.0,3255.0,3162.0,3075.0,2991.0,2892.0,2796.0,2675.0,2550.0,2463.0,2343.0,2253.0,2163.0,2051.0,1945.0,1871.0,1779.0,1695.0
0.0,0.0,0.0,1.0,1.0,3.0,3.0,6.0,7.0,10.0,13.0,15.0,19.0,18.0,23.0,27.0,29.0,35.0,43.0,42.0,52.0,56.0,67.0,76.0,86.0,101.0,116.0,134.0,152.0,166.0,182.0,209.0,246.0,297.0,358.0,403.0,457.0,525.0,627.0,738.0,853.0,984.0,1139.0,1294.0,1489.0,1750.0,2046.0,2407.0,2762.0,3131.0,3457.0,3741.0,3970.0,4164.0,4246.0,4318.0,4323.0,4299.0,4231.0,4140.0,4057.0,3960.0,3827.0,3713.0,3622.0,3490.0,3366.0,3251.0,3125.0,3003.0,2898.0,2787.0,2678.0,2543.0,2449.0,2329.0,2234.0,2147.0,2023.0,1942.0
0.0,0.0,0.0,1.0,3.0,5.0,9.0,12.0,16.0,20.0,25.0,32.0,36.0,46.0,49.0,57.0,61.0,77.0,93.0,99.0,119.0,137.0,154.0,196.0,225.0,254.0,294.0,340.0,382.0,448.0,520.0,599.0,668.0,768.0,889.0,995.0,1150.0,1322.0,1530.0,1755.0,2042.0,2319.0,2638.0,3050.0,3567.0,4140.0,4723.0,5426.0,6210.0,7050.0,7851.0,8416.0,8885.0,9207.0,9319.0,9457.0,9484.0,9421.0,9341.0,9232.0,9095.0,8974.0,8743.0,8462.0,8246.0,7968.0,7701.0,7419.0,7119.0,6845.0,6560.0,6276.0,6012.0,5742.0,5541.0,5281.0,5054.0,4813.0,4581.0,4389.0
0.0,0.0,0.0,1.0,2.0,4.0,6.0,7.0,7.0,5.0,6.0,11.0,19.0,21.0,26.0,30.0,34.0,44.0,46.0,54.0,63.0,74.0,87.0,101.0,115.0,138.0,164.0,202.0,220.0,247.0,282.0,328.0,372.0,443.0,507.0,605.0,693.0,797.0,916.0,1087.0,1255.0,1419.0,1659.0,1921.0,2246.0,2576.0,3025.0,3527.0,4085.0,4626.0,5083.0,5489.0,5721.0,5902.0,5989.0,6049.0,6059.0,6092.0,6085.0,6013.0,5897.0,5759.0,5618.0,5482.0,5320.0,5136.0,5005.0,4812.0,4638.0,4456.0,4264.0,4080.0,3917.0,3752.0,3565.0,3398.0,3237.0,3093.0,2941.0,2774.0
0.0,0.0,0.0,1.0,4.0,4.0,5.0,5.0,7.0,10.0,15.0,15.0,22.0,28.0,30.0,41.0,43.0,50.0,62.0,70.0,90.0,109.0,120.0,145.0,167.0,197.0,224.0,274.0,317.0,355.0,413.0,480.0,566.0,681.0,794.0,917.0,1077.0,1267.0,1476.0,1712.0,1964.0,2258.0,2610.0,2957.0,3438.0,4007.0,4611.0,5265.0,6036.0,6902.0,7677.0,8230.0,8580.0,8892.0,8979.0,9025.0,9063.0,9070.0,8997.0,8861.0,8675.0,8423.0,8170.0,7936.0,7670.0,7426.0,7138.0,6852.0,6583.0,6327.0,6093.0,5848.0,5577.0,5344.0,5137.0,4873.0,4680.0,4482.0,4288.0,4094.0
0.0,0.0,1.0,1.0,2.0,4.0,5.0,4.0,4.0,5.0,7.0,9.0,10.0,11.0,11.0,12.0,15.0,16.0,16.0,17.0,18.0,18.0,20.0,23.0,27.0,31.0,30.0,38.0,42.0,48.0,55.0,63.0,71.0,80.0,92.0,106.0,123.0,146.0,180.0,213.0,240.0,269.0,315.0,368.0,451.0,528.0,640.0,736.0,861.0,969.0,1097.0,1179.0,1230.0,1249.0,1304.0,1326.0,1351.0,1329.0,1330.0,1303.0,1271.0,1245.0,1192.0,1159.0,1122.0,1090.0,1042.0,1011.0,976.0,942.0,921.0,882.0,862.0,840.0,804.0,770.0,744.0,710.0,678.0,648.0
0.0,0.0,0.0,2.0,4.0,5.0,4.0,7.0,8.0,8.0,8.0,10.0,11.0,8.0,9.0,11.0,12.0,14.0,16.0,18.0,23.0,29.0,31.0,35.0,44.0,57.0,58.0,73.0,79.0,90.0,102.0,113.0,132.0,146.0,164.0,198.0,231.0,263.0,309.0,352.0,413.0,477.0,530.0,605.0,688.0,783.0,924.0,1092.0,1226.0,1392.0,1540.0,1653.0,1777.0,1795.0,1832.0,1822.0,1828.0,1821.0,1823.0,1813.0,1766.0,1720.0,1657.0,1624.0,1605.0,1530.0,1499.0,1446.0,1417.0,1372.0,1321.0,1264.0,1222.0,1164.0,1113.0,1046.0,1007.0,958.0,912.0,860.0
0.0,0.0,0.0,0.0,1.0,3.0,4.0,4.0,4.0,6.0,6.0,9.0,9.0,8.0,11.0,11.0,15.0,22.0,27.0,29.0,36.0,40.0,50.0,54.0,60.0,69.0,83.0,101.0,118.0,130.0,151.0,180.0,217.0,259.0,283.0,328.0,363.0,421.0,488.0,569.0,673.0,764.0,876.0,981.0,1151.0,1331.0,1532.0,1784.0,2027.0,2358.0,2649.0,2857.0,2999.0,3160.0,3250.0,3309.0,3288.0,3305.0,3279.0,3216.0,3138.0,3053.0,2998.0,2918.0,2840.0,2735.0,2647.0,2562.0,2444.0,2365.0,2287.0,2173.0,2084.0,1988.0,1921.0,1839.0,1748.0,1664.0,1604.0,1542.0
0.0,0.0,0.0,1.0,2.0,4.0,4.0,6.0,8.0,11.0,12.0,15.0,21.0,28.0,35.0,40.0,46.0,52.0,62.0,73.0,86.0,96.0,109.0,129.0,149.0,169.0,182.0,215.0,255.0,292.0,332.0,392.0,448.0,517.0,597.0,719.0,838.0,958.0,1099.0,1277.0,1504.0,1737.0,2022.0,2357.0,2712.0,3162.0,3646.0,4216.0,4786.0,5526.0,6104.0,6591.0,6896.0,7115.0,7206.0,7280.0,7279.0,7249.0,7153.0,7071.0,6952.0,6827.0,6669.0,6490.0,6303.0,6073.0,5844.0,5656.0,5401.0,5189.0,5018.0,4806.0,4616.0,4463.0,4269.0,4090.0,3909.0,3738.0,3570.0,3409.0
0.0,0.0,1.0,1.0,3.0,3.0,4.0,3.0,1.0,4.0,4.0,4.0,5.0,8.0,10.0,10.0,10.0,9.0,10.0,10.0,12.0,13.0,13.0,13.0,15.0,16.0,18.0,19.0,24.0,24.0,24.0,30.0,33.0,37.0,36.0,44.0,49.0,53.0,48.0,60.0,58.0,64.0,74.0,85.0,90.0,108.0,118.0,121.0,155.0,192.0,203.0,225.0,244.0,247.0,255.0,254.0,254.0,265.0,252.0,250.0,250.0,249.0,242.0,228.0,223.0,212.0,202.0,199.0,199.0,194.0,184.0,180.0,161.0,156.0,149.0,143.0,138.0,132.0,125.0,117.0
0.0,0.0,0.0,1.0,1.0,2.0,4.0,6.0,10.0,14.0,16.0,19.0,21.0,20.0,18.0,26.0,29.0,34.0,36.0,41.0,46.0,54.0,57.0,66.0,66.0,79.0,89.0,102.0,124.0,144.0,177.0,213.0,241.0,282.0,327.0,371.0,430.0,478.0,541.0,627.0,727.0,818.0,942.0,1094.0,1254.0,1438.0,1679.0,1916.0,2261.0,2552.0,2808.0,3004.0,3196.0,3334.0,3406.0,3432.0,3428.0,3445.0,3445.0,3384.0,3300.0,3269.0,3180.0,3097.0,3004.0,2921.0,2823.0,2734.0,2633.0,2531.0,2423.0,2345.0,2270.0,2193.0,2091.0,2002.0,1907.0,1824.0,1736.0,1659.0
0.0,0.0,0.0,2.0,2.0,4.0,6.0,6.0,7.0,8.0,9.0,14.0,16.0,18.0,20.0,23.0,28.0,31.0,39.0,43.0,50.0,59.0,71.0,85.0,94.0,111.0,130.0,150.0,159.0,179.0,209.0,244.0,270.0,307.0,341.0,402.0,460.0,538.0,605.0,709.0,802.0,904.0,1022.0,1182.0,1349.0,1519.0,1791.0,2047.0,2320.0,2675.0,2984.0,3199.0,3385.0,3496.0,3573.0,3600.0,3580.0,3562.0,3532.0,3526.0,3502.0,3453.0,3346.0,3240.0,3172.0,3066.0,2963.0,2838.0,2765.0,2660.0,2573.0,2474.0,2364.0,2271.0,2173.0,2066.0,1971.0,1885.0,1807.0,1734.0
0.0,0.0,1.0,1.0,1.0,4.0,4.0,8.0,9.0,10.0,12.0,15.0,21.0,21.0,24.0,29.0,32.0,37.0,51.0,54.0,68.0,67.0,85.0,112.0,132.0,153.0,174.0,215.0,251.0,283.0,342.0,383.0,451.0,521.0,600.0,661.0,777.0,861.0,973.0,1107.0,1280.0,1472.0,1689.0,1942.0,2234.0,2579.0,2961.0,3392.0,3900.0,4444.0,4905.0,5268.0,5530.0,5722.0,5846.0,5943.0,5948.0,5903.0,5848.0,5793.0,5716.0,5582.0,5468.0,5297.0,5141.0,4933.0,4772.0,4584.0,4402.0,4242.0,4025.0,3853.0,3706.0,3570.0,3442.0,3322.0,3159.0,3006.0,2890.0,2776.0
0.0,0.0,0.0,1.0,1.0,3.0,6.0,7.0,8.0,9.0,14.0,18.0,20.0,23.0,31.0,42.0,55.0,58.0,61.0,75.0,90.0,106.0,125.0,135.0,156.0,183.0,218.0,249.0,296.0,353.0,408.0,459.0,531.0,608.0,724.0,800.0,929.0,1053.0,1230.0,1420.0,1634.0,1889.0,2144.0,2449.0,2814.0,3214.0,3726.0,4299.0,4937.0,5708.0,6364.0,6855.0,7211.0,7470.0,7605.0,7654.0,7673.0,7651.0,7593.0,7557.0,7457.0,7283.0,7105.0,6927.0,6714.0,6503.0,6299.0,6094.0,5876.0,5631.0,5432.0,5202.0,5006.0,4774.0,4583.0,4377.0,4205.0,4021.0,3827.0,3641.0
0.0,0.0,1.0,2.0,3.0,6.0,5.0,7.0,11.0,11.0,16.0,18.0,21.0,26.0,27.0,28.0,32.0,35.0,41.0,46.0,51.0,60.0,59.0,66.0,73.0,78.0,85.0,96.0,109.0,126.0,141.0,169.0,195.0,233.0,273.0,317.0,375.0,437.0,491.0,580.0,668.0,772.0,883.0,1018.0,1200.0,1371.0,1549.0,1749.0,2074.0,2385.0,2680.0,2886.0,3034.0,3149.0,3197.0,3253.0,3271.0,3277.0,3269.0,3226.0,3189.0,3161.0,3082.0,3030.0,2930.0,2814.0,2717.0,2628.0,2527.0,2465.0,2362.0,2290.0,2223.0,2138.0,2046.0,1939.0,1849.0,1760.0,1678.0,1616.0
0.0,0.0,1.0,1.0,2.0,2.0,8.0,9.0,9.0,9.0,8.0,11.0,12.0,16.0,20.0,27.0,35.0,43.0,47.0,58.0,69.0,84.0,94.0,107.0,122.0,134.0,151.0,181.0,212.0,249.0,304.0,335.0,384.0,455.0,529.0,610.0,670.0,784.0,891.0,1045.0,1215.0,1442.0,1677.0,1964.0,2219.0,2568.0,2967.0,3467.0,3980.0,4528.0,5068.0,5503.0,5760.0,5942.0,6043.0,6117.0,6123.0,6003.0,5973.0,5876.0,5745.0,5625.0,5528.0,5404.0,5287.0,5122.0,4940.0,4742.0,4563.0,4352.0,4175.0,4011.0,3833.0,3679.0,3521.0,3371.0,3234.0,3110.0,2979.0,2812.0
0.0,0.0,0.0,2.0,2.0,3.0,2.0,3.0,5.0,5.0,7.0,4.0,4.0,7.0,6.0,9.0,12.0,18.0,19.0,16.0,24.0,29.0,36.0,45.0,52.0,68.0,83.0,99.0,126.0,161.0,188.0,226.0,268.0,319.0,355.0,418.0,488.0,563.0,642.0,769.0,894.0,1013.0,1181.0,1328.0,1535.0,1761.0,1976.0,2262.0,2621.0,3030.0,3389.0,3675.0,3830.0,3922.0,3989.0,4025.0,4025.0,3969.0,3978.0,3916.0,3888.0,3835.0,3732.0,3653.0,3534.0,3426.0,3278.0,3132.0,2994.0,2893.0,2776.0,2650.0,2540.0,2434.0,2336.0,2212.0,2116.0,2035.0,1951.0,1878.0
0.0,0.0,0.0,0.0,0.0,1.0,2.0,4.0,6.0,7.0,9.0,12.0,16.0,20.0,23.0,29.0,35.0,43.0,50.0,60.0,69.0,79.0,84.0,100.0,117.0,140.0,153.0,162.0,196.0,224.0,260.0,298.0,362.0,437.0,507.0,601.0,710.0,835.0,959.0,1104.0,1288.0,1497.0,1727.0,1981.0,2320.0,2699.0,3178.0,3651.0,4150.0,4804.0,5412.0,5832.0,6191.0,6389.0,6509.0,6562.0,6564.0,6563.0,6471.0,6434.0,6357.0,6232.0,6062.0,5890.0,5734.0,5575.0,5362.0,5150.0,4949.0,4745.0,4522.0,4340.0,4143.0,3945.0,3767.0,3588.0,3452.0,3286.0,3126.0,2970.0
0.0,0.0,0.0,0.0,2.0,2.0,5.0,7.0,7.0,7.0,7.0,9.0,6.0,8.0,8.0,11.0,16.0,17.0,19.0,21.0,25.0,26.0,26.0,30.0,35.0,38.0,41.0,53.0,60.0,68.0,77.0,79.0,93.0,107.0,122.0,148.0,162.0,189.0,223.0,250.0,280.0,326.0,372.0,440.0,532.0,614.0,718.0,818.0,926.0,1056.0,1151.0,1216.0,1241.0,1311.0,1331.0,1343.0,1331.0,1306.0,1293.0,1303.0,1295.0,1283.0,1258.0,1195.0,1158.0,1136.0,1100.0,1068.0,1036.0,987.0,947.0,901.0,880.0,842.0,801.0,766.0,744.0,709.0,670.0,638.0
0.0,0.0,0.0,0.0,3.0,5.0,4.0,5.0,11.0,15.0,18.0,23.0,27.0,31.0,30.0,41.0,45.0,51.0,53.0,60.0,69.0,87.0,98.0,113.0,124.0,138.0,156.0,178.0,200.0,241.0,279.0,297.0,338.0,390.0,464.0,550.0,633.0,736.0,858.0,971.0,1096.0,1234.0,1422.0,1648.0,1898.0,2151.0,2441.0,2788.0,3170.0,3671.0,4104.0,4419.0,4714.0,4827.0,4955.0,5058.0,5105.0,5119.0,5062.0,4986.0,4888.0,4764.0,4672.0,4567.0,4436.0,4252.0,4136.0,3958.0,3826.0,3692.0,3539.0,3375.0,3228.0,3098.0,2957.0,2839.0,2697.0,2560.0,2454.0,2335.0
0.0,0.0,2.0,2.0,3.0,4.0,5.0,4.0,5.0,5.0,7.0,11.0,13.0,17.0,21.0,27.0,30.0,27.0,32.0,34.0,37.0,44.0,55.0,63.0,75.0,84.0,91.0,113.0,127.0,149.0,182.0,209.0,258.0,303.0,357.0,416.0,492.0,582.0,671.0,774.0,941.0,1112.0,1295.0,1497.0,1728.0,1994.0,2298.0,2686.0,3047.0,3484.0,3889.0,4215.0,4466.0,4635.0,4788.0,4864.0,4911.0,4890.0,4832.0,4753.0,4674.0,4574.0,4483.0,4342.0,4223.0,4086.0,3946.0,3815.0,3689.0,3559.0,3403.0,3276.0,3162.0,3056.0,2922.0,2799.0,2665.0,2558.0,2439.0,2324.0
0.0,0.0,0.0,1.0,1.0,2.0,3.0,4.0,10.0,9.0,10.0,15.0,18.0,23.0,29.0,33.0,33.0,41.0,46.0,53.0,63.0,61.0,67.0,84.0,89.0,105.0,128.0,154.0,180.0,207.0,251.0,298.0,346.0,395.0,464.0,552.0,639.0,738.0,857.0,986.0,1121.0,1289.0,1453.0,1687.0,1927.0,2209.0,2609.0,3068.0,3516.0,4023.0,4451.0,4783.0,5092.0,5240.0,5302.0,5306.0,5384.0,5369.0,5325.0,5257.0,5174.0,5054.0,4969.0,4875.0,4724.0,4597.0,4424.0,4254.0,4075.0,3922.0,3782.0,3612.0,3463.0,3304.0,3167.0,3045.0,2912.0,2777.0,2663.0,2538.0
0.0,0.0,0.0,2.0,3.0,4.0,3.0,5.0,6.0,6.0,6.0,11.0,15.0,15.0,19.0,24.0,28.0,31.0,32.0,34.0,40.0,42.0,46.0,54.0,65.0,72.0,84.0,100.0,112.0,132.0,160.0,187.0,232.0,266.0,296.0,344.0,376.0,451.0,517.0,600.0,694.0,820.0,949.0,1083.0,1233.0,1422.0,1613.0,1879.0,2178.0,2506.0,2812.0,3022.0,3202.0,3328.0,3430.0,3495.0,3504.0,3473.0,3443.0,3403.0,3333.0,3266.0,3203.0,3109.0,3023.0,2901.0,2789.0,2687.0,2593.0,2471.0,2371.0,2262.0,2163.0,2067.0,1994.0,1912.0,1834.0,1765.0,1685.0,1606.0
0.0,0.0,2.0,2.0,2.0,3.0,3.0,3.0,4.0,4.0,6.0,6.0,7.0,9.0,9.0,9.0,10.0,11.0,12.0,14.0,16.0,20.0,23.0,23.0,22.0,25.0,28.0,28.0,30.0,34.0,44.0,49.0,50.0,57.0,64.0,81.0,96.0,107.0,124.0,139.0,145.0,169.0,205.0,234.0,272.0,315.0,358.0,405.0,470.0,539.0,617.0,671.0,703.0,725.0,754.0,764.0,764.0,762.0,764.0,740.0,736.0,722.0,701.0,693.0,672.0,653.0,632.0,616.0,592.0,584.0,566.0,552.0,514.0,489.0,475.0,449.0,419.0,414.0,397.0,378.0
0.0,0.0,0.0,0.0,1.0,4.0,5.0,6.0,6.0,6.0,8.0,8.0,11.0,10.0,12.0,15.0,19.0,22.0,26.0,26.0,32.0,32.0,36.0,41.0,49.0,51.0,58.0,72.0,82.0,93.0,115.0,133.0,151.0,176.0,189.0,212.0,229.0,269.0,300.0,352.0,385.0,446.0,521.0,593.0,686.0,767.0,887.0,1003.0,1164.0,1300.0,1457.0,1564.0,1669.0,1733.0,1773.0,1786.0,1769.0,1756.0,1741.0,1718.0,1707.0,1686.0,1680.0,1650.0,1599.0,1559.0,1528.0,1472.0,1418.0,1379.0,1310.0,1264.0,1209.0,1153.0,1097.0,1062.0,1017.0,963.0,929.0,896.0
0.0,0.0,0.0,2.0,3.0,4.0,7.0,6.0,6.0,10.0,12.0,19.0,22.0,31.0,36.0,46.0,52.0,56.0,61.0,76.0,97.0,111.0,140.0,158.0,189.0,223.0,262.0,305.0,347.0,378.0,438.0,525.0,584.0,673.0,790.0,907.0,1019.0,1180.0,1369.0,1613.0,1872.0,2184.0,2481.0,2899.0,3348.0,3898.0,4537.0,5221.0,6008.0,6895.0,7624.0,8221.0,8715.0,9043.0,9212.0,9337.0,9355.0,9318.0,9200.0,9096.0,8923.0,8749.0,8522.0,8275.0,8012.0,7798.0,7565.0,7319.0,7064.0,6809.0,6497.0,6237.0,6023.0,5785.0,5552.0,5278.0,5035.0,4810.0,4589.0,4377.0
0.0,0.0,0.0,1.0,1.0,3.0,3.0,5.0,6.0,5.0,6.0,7.0,8.0,11.0,18.0,19.0,22.0,30.0,28.0,32.0,30.0,34.0,45.0,51.0,71.0,90.0,104.0,121.0,144.0,164.0,201.0,243.0,286.0,322.0,366.0,413.0,471.0,549.0,650.0,756.0,883.0,1028.0,1172.0,1368.0,1580.0,1830.0,2127.0,2436.0,2780.0,3178.0,3538.0,3844.0,4036.0,4219.0,4273.0,4332.0,4372.0,4357.0,4298.0,4239.0,4147.0,4084.0,4037.0,3898.0,3795.0,3660.0,3516.0,3423.0,3288.0,3155.0,3023.0,2893.0,2761.0,2640.0,2513.0,2388.0,2291.0,2210.0,2115.0,2014.0
0.0,0.0,0.0,1.0,1.0,3.0,5.0,6.0,8.0,9.0,10.0,11.0,13.0,10.0,13.0,14.0,18.0,23.0,27.0,31.0,35.0,34.0,41.0,44.0,55.0,72.0,88.0,100.0,110.0,122.0,133.0,158.0,175.0,201.0,225.0,245.0,275.0,332.0,387.0,436.0,475.0,537.0,609.0,726.0,836.0,965.0,1073.0,1229.0,1410.0,1605.0,1831.0,2010.0,2120.0,2162.0,2215.0,2252.0,2298.0,2284.0,2266.0,2224.0,2162.0,2119.0,2067.0,2008.0,1935.0,1867.0,1810.0,1737.0,1679.0,1594.0,1527.0,1458.0,1398.0,1351.0,1285.0,1222.0,1166.0,1128.0,1076.0,1044.0
0.0,0.0,0.0,2.0,3.0,4.0,7.0,7.0,6.0,8.0,13.0,15.0,19.0,23.0,26.0,29.0,32.0,36.0,37.0,46.0,55.0,63.0,81.0,95.0,105.0,123.0,135.0,165.0,183.0,214.0,249.0,288.0,313.0,353.0,398.0,449.0,527.0,604.0,699.0,827.0,934.0,1048.0,1194.0,1374.0,1564.0,1804.0,2120.0,2422.0,2848.0,3157.0,3498.0,3757.0,3899.0,4036.0,4105.0,4207.0,4216.0,4192.0,4154.0,4123.0,4026.0,3980.0,3891.0,3800.0,3671.0,3534.0,3403.0,3267.0,3162.0,3055.0,2924.0,2821.0,2715.0,2600.0,2475.0,2365.0,2261.0,2173.0,2095.0,2009.0
0.0,0.0,0.0,1.0,3.0,3.0,4.0,6.0,7.0,9.0,9.0,10.0,16.0,19.0,20.0,21.0,26.0,33.0,38.0,38.0,48.0,56.0,67.0,84.0,98.0,115.0,137.0,156.0,176.0,192.0,214.0,254.0,293.0,337.0,397.0,449.0,524.0,592.0,715.0,831.0,961.0,1106.0,1262.0,1435.0,1674.0,1906.0,2217.0,2608.0,3018.0,3478.0,3888.0,4210.0,4422.0,4616.0,4725.0,4810.0,4879.0,4870.0,4822.0,4802.0,4743.0,4645.0,4529.0,4416.0,4298.0,4137.0,4008.0,3878.0,3753.0,3574.0,3428.0,3293.0,3153.0,3048.0,2898.0,2783.0,2677.0,2553.0,2457.0,2337.0
0.0,0.0,0.0,1.0,1.0,4.0,8.0,8.0,8.0,9.0,11.0,17.0,17.0,21.0,25.0,25.0,32.0,39.0,45.0,56.0,63.0,73.0,88.0,103.0,119.0,151.0,175.0,208.0,243.0,281.0,328.0,389.0,435.0,490.0,561.0,633.0,717.0,826.0,922.0,1092.0,1253.0,1470.0,1682.0,1915.0,2245.0,2611.0,2993.0,3444.0,3975.0,4507.0,5041.0,5427.0,5685.0,5894.0,6036.0,6076.0,6079.0,6096.0,6045.0,5975.0,5814.0,5653.0,5503.0,5343.0,5140.0,5008.0,4815.0,4693.0,4507.0,4295.0,4143.0,3977.0,3779.0,3625.0,3455.0,3300.0,3146.0,2979.0,2816.0,2689.0
0.0,0.0,0.0,1.0,1.0,3.0,4.0,7.0,8.0,10.0,14.0,14.0,19.0,20.0,22.0,31.0,39.0,44.0,53.0,57.0,72.0,82.0,89.0,94.0,115.0,133.0,164.0,185.0,210.0,240.0,276.0,318.0,391.0,450.0,527.0,609.0,701.0,828.0,971.0,1129.0,1318.0,1551.0,1779.0,2053.0,2385.0,2738.0,3109.0,3611.0,4130.0,4771.0,5310.0,5787.0,6099.0,6314.0,6466.0,6495.0,6487.0,6507.0,6499.0,6431.0,6325.0,6152.0,6036.0,5856.0,5703.0,5539.0,5356.0,5158.0,5003.0,4798.0,4618.0,4458.0,4264.0,4066.0,3880.0,3697.0,3526.0,3382.0,3228.0,3077.0
0.0,0.0,0.0,1.0,1.0,1.0,5.0,7.0,8.0,8.0,9.0,10.0,11.0,12.0,15.0,16.0,20.0,18.0,21.0,27.0,30.0,39.0,47.0,50.0,68.0,82.0,99.0,106.0,126.0,152.0,175.0,196.0,230.0,275.0,323.0,369.0,423.0,510.0,599.0,692.0,798.0,943.0,1074.0,1247.0,1436.0,1652.0,1895.0,2201.0,2517.0,2860.0,3239.0,3469.0,3643.0,3775.0,3827.0,3846.0,3840.0,3815.0,3824.0,3774.0,3717.0,3622.0,3549.0,3452.0,3382.0,3285.0,3180.0,3080.0,2942.0,2845.0,2743.0,2628.0,2496.0,2412.0,2331.0,2253.0,2158.0,2057.0,1958.0,1862.0
0.0,0.0,1.0,2.0,3.0,4.0,5.0,9.0,15.0,14.0,18.0,18.0,24.0,32.0,32.0,36.0,40.0,51.0,66.0,77.0,89.0,100.0,133.0,153.0,183.0,199.0,236.0,264.0,287.0,315.0,377.0,445.0,519.0,602.0,700.0,790.0,898.0,1063.0,1224.0,1392.0,1584.0,1813.0,2089.0,2390.0,2730.0,3095.0,3603.0,4130.0,4724.0,5339.0,5947.0,6410.0,6696.0,6866.0,7022.0,7104.0,7164.0,7162.0,7122.0,7003.0,6892.0,6780.0,6598.0,6446.0,6288.0,6088.0,5878.0,5679.0,5460.0,5241.0,4982.0,4796.0,4583.0,4413.0,4228.0,4049.0,3862.0,3688.0,3503.0,3334.0
0.0,0.0,0.0,1.0,2.0,6.0,8.0,7.0,9.0,9.0,14.0,23.0,27.0,34.0,34.0,41.0,46.0,59.0,64.0,82.0,91.0,98.0,119.0,134.0,154.0,181.0,206.0,248.0,289.0,338.0,403.0,466.0,539.0,603.0,687.0,785.0,930.0,1053.0,1215.0,1410.0,1666.0,1942.0,2254.0,2617.0,3011.0,3423.0,3949.0,4589.0,5268.0,6012.0,6713.0,7276.0,7666.0,7991.0,8177.0,8308.0,8309.0,8302.0,8190.0,8101.0,7970.0,7769.0,7553.0,7342.0,7126.0,6826.0,6589.0,6344.0,6115.0,5870.0,5657.0,5461.0,5242.0,5019.0,4797.0,4596.0,4426.0,4262.0,4079.0,3947.0
0.0,0.0,0.0,2.0,2.0,4.0,5.0,6.0,8.0,8.0,16.0,12.0,15.0,22.0,31.0,40.0,47.0,57.0,61.0,69.0,86.0,104.0,118.0,133.0,152.0,182.0,206.0,242.0,281.0,333.0,371.0,425.0,497.0,590.0,655.0,760.0,903.0,1000.0,1115.0,1274.0,1503.0,1774.0,2002.0,2326.0,2693.0,3085.0,3572.0,4183.0,4836.0,5458.0,6062.0,6624.0,6916.0,7151.0,7267.0,7358.0,7411.0,7362.0,7378.0,7271.0,7115.0,7013.0,6867.0,6705.0,6490.0,6259.0,6062.0,5840.0,5637.0,5399.0,5148.0,4925.0,4711.0,4540.0,4317.0,4120.0,3933.0,3753.0,3563.0,3419.0
0.0,0.0,0.0,2.0,2.0,3.0,7.0,4.0,7.0,9.0,9.0,10.0,14.0,17.0,22.0,26.0,29.0,32.0,37.0,52.0,60.0,77.0,88.0,110.0,127.0,157.0,174.0,199.0,223.0,243.0,271.0,322.0,376.0,445.0,506.0,594.0,688.0,796.0,938.0,1071.0,1253.0,1437.0,1678.0,1955.0,2250.0,2584.0,2962.0,3403.0,3883.0,4404.0,4977.0,5428.0,5680.0,5894.0,6022.0,6092.0,6126.0,6100.0,6021.0,5957.0,5826.0,5738.0,5612.0,5447.0,5292.0,5107.0,4946.0,4787.0,4611.0,4440.0,4251.0,4073.0,3887.0,3731.0,3584.0,3431.0,3311.0,3160.0,3047.0,2908.0
0.0,0.0,0.0,1.0,2.0,4.0,4.0,4.0,4.0,5.0,5.0,5.0,9.0,10.0,9.0,13.0,14.0,16.0,18.0,18.0,20.0,23.0,28.0,35.0,37.0,50.0,57.0,64.0,80.0,90.0,114.0,122.0,135.0,157.0,169.0,192.0,220.0,241.0,274.0,311.0,374.0,420.0,464.0,524.0,605.0,688.0,779.0,877.0,1005.0,1173.0,1294.0,1387.0,1445.0,1506.0,1554.0,1565.0,1560.0,1534.0,1516.0,1487.0,1449.0,1401.0,1377.0,1337.0,1285.0,1247.0,1189.0,1140.0,1092.0,1053.0,1006.0,972.0,933.0,900.0,857.0,809.0,766.0,727.0,698.0,674.0
0.0,0.0,1.0,3.0,3.0,5.0,5.0,6.0,7.0,9.0,9.0,12.0,15.0,15.0,16.0,16.0,17.0,17.0,19.0,18.0,19.0,25.0,25.0,27.0,33.0,38.0,39.0,46.0,53.0,55.0,61.0,70.0,82.0,90.0,106.0,115.0,145.0,166.0,183.0,210.0,225.0,250.0,293.0,328.0,372.0,424.0,487.0,561.0,631.0,708.0,779.0,855.0,897.0,933.0,939.0,948.0,960.0,947.0,951.0,945.0,932.0,905.0,874.0,850.0,815.0,795.0,773.0,748.0,716.0,684.0,656.0,633.0,610.0,589.0,566.0,541.0,525.0,505.0,483.0,454.0
0.0,0.0,1.0,3.0,3.0,4.0,3.0,3.0,5.0,5.0,8.0,7.0,7.0,8.0,8.0,8.0,12.0,15.0,16.0,20.0,25.0,28.0,30.0,41.0,42.0,49.0,54.0,55.0,67.0,89.0,114.0,128.0,153.0,166.0,186.0,220.0,248.0,303.0,353.0,395.0,442.0,524.0,614.0,691.0,798.0,925.0,1084.0,1273.0,1481.0,1682.0,1876.0,2104.0,2209.0,2273.0,2318.0,2351.0,2343.0,2356.0,2359.0,2327.0,2269.0,2245.0,2222.0,2191.0,2115.0,2034.0,1952.0,1887.0,1828.0,1809.0,1736.0,1668.0,1617.0,1549.0,1479.0,1416.0,1347.0,1280.0,1231.0,1156.0
0.0,0.0,0.0,2.0,3.0,3.0,5.0,6.0,7.0,6.0,7.0,7.0,11.0,15.0,18.0,20.0,20.0,22.0,24.0,27.0,31.0,39.0,45.0,56.0,61.0,71.0,87.0,93.0,104.0,124.0,144.0,157.0,195.0,214.0,238.0,260.0,310.0,364.0,417.0,494.0,569.0,664.0,761.0,913.0,1038.0,1202.0,1359.0,1551.0,1807.0,2024.0,2269.0,2443.0,2554.0,2628.0,2680.0,2712.0,2732.0,2742.0,2754.0,2745.0,2717.0,2652.0,2577.0,2505.0,2425.0,2363.0,2288.0,2225.0,2125.0,2049.0,1983.0,1893.0,1799.0,1716.0,1645.0,1603.0,1540.0,1479.0,1403.0,1347.0
0.0,0.0,1.0,3.0,3.0,4.0,5.0,10.0,9.0,11.0,11.0,12.0,11.0,11.0,16.0,18.0,24.0,24.0,32.0,43.0,57.0,65.0,74.0,88.0,100.0,118.0,133.0,163.0,194.0,223.0,268.0,305.0,357.0,396.0,462.0,541.0,640.0,755.0,873.0,1012.0,1177.0,1369.0,1598.0,1844.0,2132.0,2456.0,2841.0,3287.0,3794.0,4347.0,4852.0,5198.0,5480.0,5658.0,5828.0,5869.0,5898.0,5858.0,5827.0,5750.0,5653.0,5508.0,5391.0,5244.0,5097.0,4938.0,4741.0,4567.0,4392.0,4249.0,4063.0,3900.0,3754.0,3604.0,3465.0,3295.0,3139.0,2985.0,2855.0,2706.0
0.0,0.0,0.0,1.0,2.0,4.0,3.0,4.0,4.0,6.0,6.0,6.0,4.0,5.0,8.0,8.0,7.0,8.0,9.0,13.0,16.0,18.0,22.0,22.0,30.0,28.0,38.0,45.0,53.0,62.0,68.0,80.0,101.0,104.0,116.0,133.0,161.0,178.0,210.0,245.0,266.0,296.0,348.0,406.0,477.0,521.0,594.0,700.0,794.0,889.0,1011.0,1103.0,1144.0,1163.0,1172.0,1145.0,1150.0,1146.0,1150.0,1125.0,1107.0,1087.0,1068.0,1050.0,1022.0,991.0,976.0,945.0,928.0,910.0,876.0,852.0,814.0,782.0,751.0,712.0,666.0,645.0,604.0,570.0
0.0,0.0,1.0,1.0,2.0,4.0,5.0,6.0,9.0,13.0,12.0,13.0,13.0,17.0,18.0,19.0,24.0,24.0,29.0,29.0,33.0,31.0,37.0,46.0,48.0,57.0,61.0,69.0,74.0,80.0,94.0,119.0,134.0,158.0,188.0,211.0,243.0,284.0,314.0,374.0,436.0,509.0,601.0,678.0,785.0,899.0,1045.0,1201.0,1410.0,1603.0,1801.0,1976.0,2074.0,2169.0,2214.0,2257.0,2266.0,2257.0,2205.0,2168.0,2153.0,2107.0,2053.0,2008.0,1942.0,1893.0,1834.0,1760.0,1701.0,1640.0,1566.0,1489.0,1432.0,1372.0,1318.0,1256.0,1202.0,1145.0,1092.0,1052.0
0.0,0.0,0.0,1.0,2.0,3.0,5.0,6.0,11.0,10.0,11.0,11.0,13.0,19.0,20.0,25.0,24.0,26.0,31.0,40.0,48.0,52.0,62.0,78.0,87.0,101.0,110.0,122.0,135.0,163.0,180.0,195.0,224.0,256.0,286.0,334.0,375.0,453.0,546.0,612.0,720.0,850.0,980.0,1149.0,1374.0,1608.0,1831.0,2077.0,2446.0,2825.0,3160.0,3442.0,3638.0,3803.0,3896.0,3939.0,3952.0,3974.0,3955.0,3903.0,3802.0,3758.0,3668.0,3569.0,3451.0,3327.0,3225.0,3125.0,3005.0,2884.0,2773.0,2692.0,2581.0,2464.0,2380.0,2284.0,2192.0,2111.0,2022.0,1922.0
0.0,0.0,1.0,2.0,2.0,2.0,4.0,4.0,4.0,5.0,6.0,10.0,13.0,18.0,19.0,24.0,28.0,35.0,41.0,56.0,67.0,78.0,84.0,102.0,120.0,138.0,162.0,183.0,207.0,246.0,275.0,332.0,385.0,456.0,521.0,590.0,678.0,778.0,870.0,997.0,1183.0,1350.0,1592.0,1824.0,2126.0,2458.0,2792.0,3212.0,3706.0,4266.0,4725.0,5128.0,5415.0,5607.0,5726.0,5813.0,5832.0,5768.0,5714.0,5627.0,5543.0,5438.0,5335.0,5202.0,5082.0,4929.0,4737.0,4539.0,4401.0,4241.0,4105.0,3948.0,3787.0,3614.0,3471.0,3302.0,3156.0,3033.0,2890.0,2760.0
0.0,0.0,0.0,2.0,3.0,5.0,6.0,6.0,8.0,9.0,11.0,12.0,13.0,13.0,13.0,11.0,16.0,19.0,24.0,27.0,29.0,30.0,35.0,41.0,45.0,57.0,71.0,97.0,112.0,123.0,130.0,150.0,161.0,193.0,230.0,264.0,306.0,346.0,397.0,464.0,542.0,628.0,751.0,832.0,964.0,1109.0,1303.0,1510.0,1710.0,1946.0,2180.0,2290.0,2427.0,2505.0,2561.0,2588.0,2590.0,2588.0,2567.0,2512.0,2455.0,2386.0,2329.0,2280.0,2198.0,2122.0,2023.0,1950.0,1883.0,1815.0,1740.0,1657.0,1602.0,1523.0,1462.0,1403.0,1356.0,1292.0,1213.0,1158.0
0.0,0.0,0.0,1.0,4.0,4.0,2.0,2.0,3.0,5.0,6.0,6.0,12.0,20.0,20.0,33.0,45.0,54.0,67.0,82.0,92.0,109.0,138.0,148.0,170.0,202.0,243.0,296.0,343.0,399.0,469.0,552.0,636.0,770.0,874.0,1008.0,1170.0,1326.0,1535.0,1752.0,2010.0,2314.0,2668.0,3075.0,3495.0,3993.0,4572.0,5213.0,5956.0,6727.0,7421.0,8121.0,8548.0,8809.0,9062.0,9154.0,9150.0,9129.0,9074.0,8941.0,8836.0,8645.0,8413.0,8170.0,7969.0,7720.0,7453.0,7190.0,6925.0,6656.0,6424.0,6179.0,5929.0,5645.0,5412.0,5178.0,4958.0,4699.0,4508.0,4308.0
0.0,0.0,0.0,3.0,4.0,5.0,4.0,5.0,5.0,4.0,6.0,7.0,6.0,6.0,7.0,10.0,12.0,15.0,21.0,25.0,27.0,30.0,36.0,45.0,57.0,65.0,75.0,85.0,97.0,110.0,129.0,148.0,173.0,200.0,222.0,270.0,292.0,328.0,391.0,449.0,500.0,560.0,635.0,746.0,854.0,979.0,1123.0,1294.0,1473.0,1713.0,1914.0,2065.0,2145.0,2220.0,2266.0,2321.0,2334.0,2349.0,2314.0,2281.0,2229.0,2187.0,2134.0,2088.0,2019.0,1972.0,1890.0,1825.0,1758.0,1689.0,1618.0,1553.0,1484.0,1410.0,1347.0,1280.0,1235.0,1201.0,1146.0,1105.0
0.0,0.0,0.0,0.0,1.0,1.0,2.0,3.0,3.0,4.0,7.0,8.0,10.0,10.0,10.0,14.0,23.0,27.0,35.0,46.0,61.0,80.0,87.0,113.0,126.0,144.0,160.0,181.0,209.0,250.0,279.0,326.0,358.0,399.0,462.0,527.0,586.0,679.0,775.0,875.0,989.0,1115.0,1283.0,1450.0,1649.0,1893.0,2194.0,2530.0,2964.0,3417.0,3770.0,4054.0,4228.0,4377.0,4453.0,4508.0,4498.0,4529.0,4457.0,4417.0,4369.0,4275.0,4187.0,4097.0,3970.0,3843.0,3717.0,3616.0,3507.0,3375.0,3225.0,3098.0,2963.0,2837.0,2709.0,2602.0,2493.0,2382.0,2263.0,2160.0
0.0,0.0,0.0,2.0,3.0,3.0,6.0,10.0,11.0,16.0,21.0,24.0,21.0,25.0,27.0,25.0,27.0,32.0,42.0,49.0,58.0,64.0,81.0,90.0,111.0,132.0,152.0,166.0,184.0,216.0,260.0,301.0,352.0,413.0,468.0,529.0,609.0,697.0,837.0,995.0,1091.0,1254.0,1449.0,1695.0,1950.0,2313.0,2641.0,3041.0,3574.0,4139.0,4618.0,5006.0,5261.0,5457.0,5527.0,5591.0,5591.0,5556.0,5528.0,5479.0,5418.0,5326.0,5209.0,5085.0,4920.0,4769.0,4581.0,4377.0,4216.0,4028.0,3858.0,3721.0,3551.0,3405.0,3238.0,3127.0,2980.0,2824.0,2739.0,2628.0
0.0,0.0,1.0,2.0,2.0,4.0,3.0,4.0,5.0,9.0,10.0,13.0,13.0,15.0,18.0,23.0,27.0,32.0,31.0,30.0,38.0,46.0,56.0,62.0,67.0,75.0,86.0,96.0,106.0,123.0,142.0,170.0,212.0,238.0,291.0,345.0,381.0,449.0,495.0,597.0,701.0,823.0,961.0,1109.0,1275.0,1434.0,1642.0,1934.0,2274.0,2621.0,2906.0,3103.0,3245.0,3330.0,3381.0,3431.0,3412.0,3418.0,3403.0,3361.0,3343.0,3282.0,3191.0,3103.0,2998.0,2876.0,2798.0,2702.0,2612.0,2514.0,2427.0,2334.0,2219.0,2136.0,2048.0,1982.0,1886.0,1812.0,1728.0,1642.0
0.0,0.0,1.0,1.0,2.0,2.0,3.0,3.0,7.0,9.0,8.0,8.0,9.0,14.0,15.0,19.0,21.0,29.0,32.0,31.0,35.0,40.0,51.0,53.0,64.0,78.0,90.0,102.0,114.0,130.0,166.0,193.0,218.0,260.0,291.0,344.0,409.0,478.0,559.0,635.0,736.0,856.0,985.0,1154.0,1308.0,1477.0,1695.0,1983.0,2231.0,2590.0,2876.0,3163.0,3325.0,3442.0,3519.0,3560.0,3628.0,3622.0,3608.0,3565.0,3527.0,3467.0,3367.0,3296.0,3181.0,3090.0,2988.0,2839.0,2751.0,2639.0,2532.0,2413.0,2294.0,2185.0,2106.0,2017.0,1926.0,1817.0,1737.0,1677.0
0.0,0.0,0.0,0.0,2.0,5.0,5.0,4.0,4.0,5.0,7.0,7.0,7.0,9.0,11.0,15.0,13.0,15.0,20.0,24.0,29.0,33.0,32.0,35.0,45.0,61.0,77.0,86.0,102.0,113.0,127.0,142.0,168.0,197.0,229.0,262.0,310.0,341.0,403.0,465.0,524.0,599.0,699.0,831.0,948.0,1098.0,1280.0,1490.0,1741.0,2009.0,2230.0,2390.0,2489.0,2548.0,2595.0,2595.0,2629.0,2659.0,2630.0,2627.0,2585.0,2528.0,2478.0,2413.0,2356.0,2282.0,2195.0,2140.0,2059.0,1981.0,1913.0,1829.0,1776.0,1721.0,1641.0,1583.0,1516.0,1438.0,1384.0,1329.0
0.0,0.0,0.0,1.0,1.0,2.0,5.0,5.0,6.0,7.0,9.0,9.0,10.0,15.0,17.0,21.0,24.0,26.0,27.0,29.0,36.0,42.0,49.0,52.0,58.0,65.0,70.0,76.0,82.0,90.0,105.0,117.0,135.0,169.0,194.0,224.0,262.0,302.0,351.0,397.0,450.0,531.0,626.0,710.0,823.0,967.0,1087.0,1242.0,1415.0,1637.0,1845.0,2001.0,2119.0,2206.0,2260.0,2289.0,2337.0,2333.0,2323.0,2273.0,2240.0,2224.0,2170.0,2110.0,2076.0,1997.0,1939.0,1875.0,1805.0,1740.0,1678.0,1622.0,1553.0,1487.0,1423.0,1377.0,1315.0,1266.0,1210.0,1161.0
0.0,0.0,1.0,1.0,1.0,3.0,4.0,8.0,9.0,9.0,9.0,11.0,14.0,17.0,18.0,23.0,29.0,35.0,46.0,58.0,66.0,74.0,79.0,92.0,103.0,121.0,132.0,147.0,183.0,215.0,266.0,297.0,338.0,399.0,473.0,557.0,649.0,740.0,848.0,980.0,1142.0,1296.0,1496.0,1742.0,2034.0,2346.0,2730.0,3146.0,3592.0,4125.0,4555.0,4880.0,5106.0,5283.0,5362.0,5434.0,5426.0,5363.0,5299.0,5187.0,5083.0,4962.0,4825.0,4658.0,4530.0,4381.0,4245.0,4134.0,3989.0,3823.0,3664.0,3512.0,3393.0,3237.0,3097.0,2961.0,2842.0,2716.0,2593.0,2484.0
0.0,0.0,1.0,1.0,2.0,4.0,4.0,5.0,6.0,10.0,10.0,11.0,11.0,14.0,18.0,20.0,22.0,26.0,28.0,37.0,42.0,48.0,64.0,77.0,91.0,106.0,118.0,154.0,181.0,215.0,252.0,293.0,337.0,398.0,440.0,516.0,612.0,673.0,764.0,904.0,1058.0,1212.0,1397.0,1628.0,1871.0,2205.0,2586.0,3008.0,3488.0,3973.0,4444.0,4803.0,5045.0,5208.0,5334.0,5368.0,5393.0,5386.0,5403.0,5319.0,5210.0,5123.0,5000.0,4845.0,4707.0,4581.0,4424.0,4270.0,4157.0,3995.0,3823.0,3674.0,3492.0,3343.0,3211.0,3093.0,2968.0,2826.0,2705.0,2590.0
0.0,0.0,0.0,2.0,2.0,4.0,4.0,5.0,5.0,6.0,9.0,9.0,9.0,11.0,18.0,22.0,28.0,31.0,38.0,43.0,46.0,56.0,65.0,74.0,85.0,102.0,120.0,136.0,147.0,173.0,210.0,258.0,289.0,339.0,391.0,443.0,513.0,607.0,690.0,851.0,1009.0,1176.0,1409.0,1644.0,1897.0,2202.0,2531.0,2869.0,3327.0,3833.0,4279.0,4655.0,4916.0,5093.0,5210.0,5273.0,5260.0,5286.0,5241.0,5158.0,5067.0,4955.0,4829.0,4664.0,4496.0,4330.0,4190.0,4044.0,3896.0,3753.0,3645.0,3502.0,3367.0,3242.0,3094.0,2968.0,2832.0,2708.0,2571.0,2460.0
0.0,0.0,1.0,1.0,3.0,3.0,3.0,1.0,3.0,5.0,7.0,5.0,7.0,8.0,10.0,13.0,19.0,26.0,30.0,35.0,40.0,47.0,55.0,71.0,74.0,82.0,97.0,113.0,137.0,165.0,197.0,238.0,270.0,310.0,369.0,413.0,491.0,550.0,652.0,760.0,860.0,937.0,1085.0,1278.0,1465.0,1694.0,1913.0,2201.0,2486.0,2847.0,3176.0,3441.0,3594.0,3719.0,3804.0,3830.0,3847.0,3849.0,3852.0,3782.0,3725.0,3681.0,3620.0,3515.0,3418.0,3296.0,3163.0,3044.0,2885.0,2805.0,2668.0,2552.0,2423.0,2307.0,2223.0,2117.0,2008.0,1922.0,1825.0,1732.0
0.0,0.0,0.0,0.0,1.0,3.0,4.0,4.0,6.0,8.0,10.0,12.0,14.0,18.0,20.0,20.0,25.0,27.0,36.0,42.0,52.0,60.0,66.0,84.0,93.0,103.0,124.0,132.0,162.0,188.0,213.0,248.0,287.0,335.0,367.0,412.0,476.0,562.0,642.0,746.0,861.0,998.0,1126.0,1301.0,1508.0,1744.0,2014.0,2281.0,2628.0,2994.0,3318.0,3619.0,3818.0,3945.0,4019.0,4014.0,4028.0,4027.0,3996.0,3964.0,3893.0,3815.0,3696.0,3597.0,3458.0,3374.0,3251.0,3183.0,3071.0,2954.0,2813.0,2709.0,2610.0,2512.0,2405.0,2301.0,2198.0,2078.0,1980.0,1882.0
0.0,0.0,0.0,0.0,3.0,5.0,7.0,8.0,9.0,12.0,12.0,13.0,14.0,14.0,14.0,15.0,17.0,19.0,18.0,23.0,28.0,34.0,41.0,50.0,57.0,60.0,73.0,80.0,91.0,100.0,112.0,133.0,159.0,180.0,207.0,253.0,294.0,335.0,384.0,458.0,504.0,585.0,680.0,781.0,937.0,1046.0,1223.0,1442.0,1682.0,1942.0,2143.0,2333.0,2427.0,2516.0,2556.0,2563.0,2576.0,2586.0,2596.0,2569.0,2548.0,2489.0,2435.0,2384.0,2296.0,2227.0,2155.0,2095.0,1992.0,1912.0,1848.0,1767.0,1707.0,1623.0,1550.0,1497.0,1429.0,1381.0,1311.0,1253.0
0.0,0.0,0.0,1.0,4.0,4.0,5.0,7.0,10.0,11.0,14.0,21.0,30.0,33.0,44.0,49.0,59.0,66.0,92.0,96.0,108.0,122.0,150.0,174.0,200.0,224.0,256.0,298.0,352.0,413.0,465.0,525.0,582.0,665.0,752.0,883.0,1023.0,1157.0,1303.0,1477.0,1706.0,1978.0,2305.0,2639.0,3065.0,3538.0,4048.0,4621.0,5293.0,6065.0,6727.0,7303.0,7707.0,7954.0,8148.0,8165.0,8184.0,8153.0,8061.0,7952.0,7814.0,7612.0,7424.0,7216.0,6966.0,6726.0,6453.0,6243.0,6030.0,5796.0,5588.0,5334.0,5090.0,4868.0,4696.0,4495.0,4270.0,4076.0,3901.0,3699.0
0.0,0.0,0.0,1.0,2.0,2.0,4.0,5.0,7.0,10.0,13.0,16.0,20.0,27.0,33.0,33.0,34.0,44.0,52.0,62.0,81.0,90.0,103.0,117.0,142.0,168.0,190.0,226.0,263.0,299.0,341.0,392.0,473.0,535.0,636.0,754.0,860.0,990.0,1148.0,1347.0,1551.0,1763.0,2086.0,2406.0,2779.0,3216.0,3753.0,4393.0,5121.0,5822.0,6467.0,6978.0,7295.0,7523.0,7656.0,7726.0,7725.0,7688.0,7596.0,7463.0,7349.0,7215.0,6985.0,6814.0,6615.0,6411.0,6217.0,6003.0,5752.0,5465.0,5256.0,5064.0,4841.0,4616.0,4441.0,4212.0,4017.0,3846.0,3657.0,3502.0
0.0,0.0,0.0,0.0,2.0,5.0,7.0,10.0,9.0,8.0,10.0,9.0,12.0,12.0,15.0,17.0,20.0,23.0,22.0,29.0,38.0,45.0,53.0,57.0,71.0,85.0,96.0,116.0,127.0,139.0,158.0,181.0,203.0,225.0,262.0,306.0,357.0,405.0,478.0,557.0,645.0,745.0,847.0,969.0,1119.0,1304.0,1528.0,1738.0,1992.0,2252.0,2528.0,2704.0,2848.0,2948.0,2999.0,3057.0,3070.0,3052.0,3039.0,2945.0,2921.0,2898.0,2828.0,2768.0,2694.0,2608.0,2524.0,2412.0,2317.0,2211.0,2106.0,2012.0,1931.0,1864.0,1789.0,1711.0,1626.0,1551.0,1476.0,1419.0
0.0,0.0,1.0,2.0,3.0,3.0,5.0,4.0,6.0,7.0,9.0,10.0,11.0,10.0,11.0,15.0,15.0,18.0,21.0,27.0,38.0,40.0,39.0,46.0,54.0,70.0,85.0,97.0,115.0,148.0,176.0,201.0,237.0,277.0,325.0,395.0,459.0,540.0,635.0,736.0,848.0,983.0,1144.0,1343.0,1548.0,1781.0,2052.0,2327.0,2682.0,3067.0,3421.0,3754.0,3950.0,4073.0,4191.0,4204.0,4231.0,4254.0,4215.0,4186.0,4149.0,4052.0,3956.0,3829.0,3740.0,3634.0,3510.0,3396.0,3312.0,3225.0,3089.0,2964.0,2824.0,2725.0,2612.0,2489.0,2383.0,2284.0,2164.0,2078.0
