0.0,0.0,0.0,0.0,0.0,0.0,0.0,1.0,1.0,1.0,1.0,2.0,2.0,3.0,4.0,4.0,6.0,7.0,7.0,9.0,11.0,14.0,16.0,20.0,27.0,32.0,40.0,51.0,59.0,67.0,74.0,88.0,100.0,117.0,143.0,176.0,209.0,253.0,301.0,357.0,431.0,513.0,595.0,708.0,851.0,1024.0,1228.0,1455.0,1704.0,2011.0,2358.0,2792.0,3333.0,3907.0,4557.0,5365.0,6293.0,7413.0,8745.0,10202.0,11868.0,13613.0,15536.0,17517.0,19518.0,21530.0,23560.0,25587.0,27632.0,29666.0,31533.0,33380.0,35130.0,36939.0,38605.0,40167.0,41718.0,43221.0,44798.0,46287.0,47675.0,48886.0,50112.0,51263.0,52334.0,53387.0,54371.0,55332.0,56250.0
0.0,0.0,0.0,0.0,0.0,0.0,0.0,1.0,1.0,1.0,1.0,1.0,1.0,1.0,3.0,5.0,6.0,7.0,8.0,9.0,11.0,12.0,15.0,18.0,28.0,41.0,47.0,60.0,73.0,82.0,92.0,107.0,131.0,150.0,179.0,222.0,254.0,312.0,371.0,430.0,516.0,606.0,724.0,863.0,997.0,1163.0,1380.0,1662.0,1977.0,2352.0,2767.0,3246.0,3809.0,4510.0,5291.0,6249.0,7333.0,8587.0,10130.0,11882.0,13724.0,15845.0,18058.0,20361.0,22714.0,24975.0,27233.0,29621.0,31899.0,34101.0,36308.0,38451.0,40488.0,42482.0,44425.0,46257.0,48032.0,49760.0,51424.0,53037.0,54544.0,55955.0,57352.0,58683.0,59911.0,61032.0,62161.0,63210.0,64225.0
0.0,0.0,0.0,0.0,0.0,0.0,0.0,0.0,0.0,0.0,0.0,0.0,0.0,0.0,0.0,0.0,3.0,4.0,5.0,6.0,10.0,13.0,18.0,23.0,27.0,29.0,34.0,38.0,43.0,53.0,62.0,72.0,82.0,93.0,106.0,126.0,147.0,171.0,202.0,251.0,293.0,347.0,418.0,510.0,601.0,699.0,829.0,992.0,1167.0,1387.0,1629.0,1943.0,2275.0,2640.0,3096.0,3683.0,4377.0,5194.0,6095.0,7123.0,8314.0,9602.0,10912.0,12295.0,13681.0,15145.0,16655.0,18033.0,19509.0,20947.0,22318.0,23746.0,25098.0,26360.0,27626.0,28843.0,29999.0,31157.0,32165.0,33221.0,34202.0,35136.0,36039.0,36870.0,37708.0,38485.0,39219.0,39903.0,40581.0
0.0,0.0,0.0,0.0,0.0,1.0,1.0,1.0,1.0,1.0,2.0,2.0,4.0,4.0,5.0,7.0,8.0,9.0,10.0,12.0,16.0,18.0,23.0,27.0,32.0,35.0,39.0,46.0,56.0,64.0,74.0,91.0,104.0,116.0,150.0,177.0,205.0,247.0,286.0,331.0,392.0,457.0,527.0,635.0,717.0,844.0,982.0,1146.0,1349.0,1610.0,1926.0,2259.0,2687.0,3163.0,3730.0,4394.0,5216.0,6173.0,7274.0,8450.0,9841.0,11392.0,12972.0,14653.0,16357.0,18083.0,19854.0,21511.0,23177.0,24838.0,26527.0,28108.0,29693.0,31248.0,32697.0,34051.0,35405.0,36692.0,37940.0,39219.0,40344.0,41469.0,42499.0,43481.0,44449.0,45338.0,46200.0,47016.0,47773.0
0.0,0.0,0.0,0.0,0.0,0.0,0.0,0.0,0.0,1.0,2.0,3.0,4.0,4.0,4.0,7.0,7.0,7.0,9.0,11.0,14.0,16.0,22.0,24.0,26.0,31.0,36.0,40.0,50.0,57.0,67.0,79.0,97.0,120.0,143.0,164.0,196.0,235.0,277.0,333.0,403.0,489.0,590.0,705.0,837.0,983.0,1142.0,1352.0,1594.0,1868.0,2232.0,2627.0,3134.0,3678.0,4314.0,5113.0,6080.0,7094.0,8321.0,9709.0,11375.0,13184.0,15053.0,16971.0,18929.0,20903.0,22889.0,24855.0,26866.0,28786.0,30728.0,32579.0,34355.0,36117.0,37859.0,39587.0,41185.0,42742.0,44189.0,45525.0,46820.0,48122.0,49305.0,50440.0,51492.0,52481.0,53472.0,54438.0,55315.0
0.0,0.0,0.0,0.0,0.0,0.0,0.0,1.0,1.0,1.0,1.0,1.0,1.0,1.0,1.0,3.0,4.0,7.0,9.0,11.0,15.0,21.0,25.0,33.0,42.0,49.0,56.0,69.0,85.0,104.0,119.0,140.0,165.0,196.0,224.0,271.0,318.0,370.0,446.0,530.0,623.0,742.0,904.0,1086.0,1282.0,1510.0,1797.0,2088.0,2511.0,2954.0,3484.0,4082.0,4864.0,5749.0,6818.0,8006.0,9409.0,11064.0,12985.0,15157.0,17608.0,20177.0,22902.0,25679.0,28498.0,31442.0,34238.0,37052.0,39859.0,42583.0,45174.0,47826.0,50258.0,52739.0,55181.0,57474.0,59572.0,61642.0,63631.0,65525.0,67307.0,68940.0,70564.0,72087.0,73539.0,74934.0,76256.0,77491.0,78651.0
0.0,0.0,0.0,0.0,0.0,0.0,0.0,1.0,1.0,2.0,2.0,2.0,3.0,3.0,5.0,6.0,7.0,10.0,11.0,12.0,13.0,14.0,14.0,16.0,20.0,26.0,31.0,33.0,37.0,45.0,52.0,61.0,74.0,90.0,107.0,129.0,160.0,187.0,223.0,283.0,343.0,403.0,480.0,561.0,662.0,800.0,940.0,1097.0,1313.0,1577.0,1865.0,2187.0,2612.0,3069.0,3664.0,4348.0,5070.0,5986.0,7015.0,8270.0,9666.0,11139.0,12762.0,14422.0,16081.0,17822.0,19503.0,21166.0,22804.0,24460.0,26067.0,27612.0,29040.0,30559.0,31977.0,33351.0,34627.0,35874.0,37141.0,38348.0,39518.0,40600.0,41632.0,42632.0,43550.0,44390.0,45244.0,46055.0,46804.0
0.0,0.0,0.0,0.0,0.0,1.0,1.0,1.0,1.0,3.0,5.0,6.0,7.0,8.0,11.0,12.0,13.0,15.0,17.0,23.0,25.0,27.0,31.0,33.0,38.0,41.0,49.0,53.0,57.0,66.0,81.0,91.0,104.0,118.0,129.0,151.0,177.0,204.0,240.0,282.0,343.0,402.0,465.0,526.0,622.0,740.0,885.0,1049.0,1224.0,1439.0,1691.0,2005.0,2357.0,2770.0,3293.0,3882.0,4524.0,5344.0,6318.0,7326.0,8573.0,9939.0,11323.0,12779.0,14321.0,15871.0,17317.0,18756.0,20232.0,21650.0,23015.0,24444.0,25792.0,27116.0,28359.0,29644.0,30829.0,31948.0,33043.0,34074.0,35038.0,35989.0,36904.0,37780.0,38619.0,39403.0,40124.0,40818.0,41525.0
0.0,0.0,0.0,0.0,0.0,0.0,1.0,1.0,1.0,2.0,2.0,4.0,5.0,8.0,8.0,9.0,12.0,13.0,15.0,19.0,20.0,23.0,29.0,35.0,43.0,49.0,57.0,64.0,78.0,97.0,109.0,128.0,146.0,177.0,200.0,231.0,270.0,315.0,374.0,441.0,534.0,626.0,709.0,831.0,999.0,1179.0,1395.0,1649.0,1959.0,2274.0,2664.0,3092.0,3657.0,4308.0,5067.0,6010.0,7040.0,8243.0,9663.0,11298.0,13093.0,14994.0,17013.0,19101.0,21223.0,23433.0,25599.0,27861.0,30068.0,32167.0,34323.0,36336.0,38413.0,40378.0,42240.0,43938.0,45728.0,47357.0,48890.0,50379.0,51803.0,53158.0,54559.0,55806.0,56994.0,58099.0,59148.0,60154.0,61106.0
0.0,0.0,0.0,0.0,0.0,0.0,1.0,2.0,2.0,3.0,4.0,4.0,5.0,6.0,7.0,10.0,11.0,11.0,12.0,12.0,13.0,14.0,17.0,21.0,23.0,26.0,29.0,36.0,42.0,46.0,57.0,65.0,75.0,92.0,108.0,122.0,142.0,169.0,195.0,223.0,259.0,296.0,342.0,395.0,458.0,556.0,665.0,777.0,900.0,1059.0,1235.0,1445.0,1683.0,2025.0,2374.0,2787.0,3257.0,3796.0,4461.0,5221.0,6078.0,7000.0,7984.0,8959.0,10018.0,11007.0,12074.0,13113.0,14131.0,15144.0,16200.0,17176.0,18140.0,19049.0,20006.0,20858.0,21684.0,22486.0,23281.0,23996.0,24712.0,25401.0,26076.0,26721.0,27324.0,27887.0,28436.0,28953.0,29403.0
0.0,0.0,0.0,0.0,0.0,0.0,0.0,0.0,0.0,0.0,2.0,3.0,4.0,4.0,6.0,7.0,8.0,9.0,9.0,12.0,15.0,16.0,21.0,24.0,27.0,33.0,39.0,45.0,55.0,62.0,74.0,90.0,117.0,143.0,171.0,205.0,230.0,270.0,302.0,364.0,424.0,505.0,594.0,725.0,857.0,1027.0,1192.0,1441.0,1729.0,2052.0,2409.0,2851.0,3373.0,3972.0,4702.0,5518.0,6469.0,7674.0,9037.0,10553.0,12307.0,14226.0,16138.0,18200.0,20270.0,22395.0,24544.0,26573.0,28714.0,30732.0,32845.0,34774.0,36625.0,38546.0,40360.0,42092.0,43726.0,45328.0,46761.0,48243.0,49673.0,51044.0,52312.0,53490.0,54626.0,55733.0,56816.0,57768.0,58684.0
0.0,0.0,0.0,0.0,0.0,1.0,1.0,1.0,1.0,2.0,2.0,2.0,4.0,5.0,5.0,6.0,7.0,9.0,11.0,12.0,14.0,16.0,19.0,22.0,28.0,34.0,46.0,50.0,57.0,66.0,83.0,97.0,110.0,131.0,152.0,191.0,225.0,270.0,312.0,361.0,423.0,501.0,591.0,718.0,849.0,1010.0,1193.0,1422.0,1698.0,1983.0,2346.0,2766.0,3244.0,3793.0,4435.0,5252.0,6198.0,7360.0,8645.0,10145.0,11818.0,13583.0,15553.0,17578.0,19546.0,21449.0,23501.0,25499.0,27469.0,29411.0,31339.0,33231.0,35108.0,36815.0,38481.0,40105.0,41651.0,43218.0,44681.0,46131.0,47443.0,48675.0,49908.0,51064.0,52119.0,53211.0,54172.0,55087.0,55993.0
0.0,0.0,0.0,0.0,0.0,0.0,0.0,1.0,1.0,2.0,3.0,3.0,5.0,6.0,8.0,9.0,10.0,12.0,12.0,19.0,26.0,32.0,43.0,57.0,71.0,85.0,101.0,122.0,152.0,187.0,218.0,260.0,313.0,359.0,431.0,504.0,605.0,711.0,862.0,1049.0,1219.0,1430.0,1697.0,2011.0,2359.0,2795.0,3301.0,3917.0,4625.0,5416.0,6328.0,7465.0,8705.0,10166.0,11823.0,13857.0,16084.0,18741.0,21775.0,25113.0,28782.0,32842.0,36968.0,41232.0,45425.0,49714.0,53938.0,58052.0,62051.0,66070.0,69945.0,73636.0,77151.0,80638.0,83946.0,87151.0,90171.0,93099.0,95895.0,98556.0,100959.0,103275.0,105470.0,107510.0,109565.0,111467.0,113239.0,114894.0,116415.0
0.0,0.0,0.0,0.0,0.0,0.0,0.0,0.0,1.0,2.0,2.0,2.0,3.0,3.0,6.0,8.0,9.0,9.0,11.0,13.0,14.0,18.0,21.0,28.0,31.0,40.0,46.0,48.0,64.0,74.0,93.0,114.0,137.0,156.0,192.0,239.0,270.0,320.0,381.0,436.0,504.0,595.0,688.0,818.0,978.0,1164.0,1374.0,1628.0,1930.0,2290.0,2712.0,3240.0,3841.0,4545.0,5394.0,6402.0,7502.0,8784.0,10301.0,11987.0,13884.0,16044.0,18297.0,20527.0,22846.0,25220.0,27537.0,29923.0,32137.0,34405.0,36545.0,38623.0,40679.0,42675.0,44550.0,46469.0,48187.0,49901.0,51614.0,53138.0,54593.0,56020.0,57356.0,58583.0,59774.0,60897.0,61972.0,63012.0,63973.0
0.0,0.0,0.0,0.0,1.0,1.0,1.0,3.0,3.0,5.0,5.0,5.0,6.0,8.0,9.0,11.0,15.0,16.0,17.0,20.0,23.0,31.0,35.0,41.0,55.0,64.0,74.0,88.0,104.0,118.0,137.0,161.0,187.0,223.0,268.0,326.0,377.0,464.0,529.0,630.0,744.0,879.0,1040.0,1229.0,1466.0,1725.0,2056.0,2394.0,2806.0,3289.0,3889.0,4591.0,5397.0,6281.0,7386.0,8652.0,10120.0,11843.0,13879.0,16154.0,18742.0,21389.0,24234.0,27122.0,30123.0,33075.0,35989.0,38954.0,41872.0,44719.0,47511.0,50264.0,52894.0,55422.0,57829.0,60130.0,62437.0,64485.0,66582.0,68484.0,70338.0,72123.0,73842.0,75451.0,76956.0,78381.0,79700.0,81001.0,82207.0
0.0,0.0,0.0,0.0,1.0,1.0,2.0,2.0,2.0,2.0,2.0,2.0,3.0,4.0,5.0,6.0,9.0,10.0,12.0,16.0,20.0,27.0,36.0,44.0,59.0,72.0,82.0,94.0,116.0,143.0,173.0,202.0,240.0,291.0,354.0,420.0,494.0,586.0,704.0,847.0,1019.0,1222.0,1438.0,1698.0,2017.0,2392.0,2826.0,3398.0,4009.0,4758.0,5616.0,6610.0,7639.0,9061.0,10630.0,12473.0,14611.0,17031.0,19753.0,22811.0,26337.0,30108.0,34014.0,37991.0,41901.0,45886.0,49942.0,53862.0,57623.0,61308.0,64965.0,68510.0,71780.0,75095.0,78197.0,81144.0,84050.0,86748.0,89341.0,91774.0,94140.0,96342.0,98480.0,100433.0,102320.0,104086.0,105845.0,107415.0,108864.0
0.0,0.0,0.0,0.0,0.0,0.0,0.0,0.0,1.0,3.0,3.0,4.0,4.0,5.0,5.0,6.0,9.0,9.0,11.0,13.0,13.0,15.0,20.0,25.0,32.0,34.0,44.0,53.0,58.0,68.0,75.0,87.0,97.0,119.0,145.0,166.0,203.0,233.0,273.0,332.0,388.0,457.0,553.0,658.0,789.0,932.0,1088.0,1293.0,1559.0,1823.0,2155.0,2598.0,3018.0,3544.0,4192.0,4948.0,5863.0,6911.0,8151.0,9543.0,11117.0,12828.0,14657.0,16472.0,18402.0,20346.0,22258.0,24242.0,26133.0,27985.0,29870.0,31714.0,33481.0,35189.0,36877.0,38492.0,40024.0,41446.0,42875.0,44259.0,45579.0,46824.0,48002.0,49103.0,50254.0,51228.0,52220.0,53132.0,53946.0
0.0,0.0,0.0,0.0,0.0,0.0,1.0,1.0,2.0,2.0,2.0,3.0,4.0,4.0,4.0,6.0,6.0,6.0,7.0,9.0,10.0,11.0,11.0,15.0,16.0,19.0,22.0,27.0,31.0,38.0,44.0,48.0,52.0,59.0,65.0,73.0,81.0,94.0,112.0,137.0,168.0,198.0,228.0,274.0,319.0,370.0,423.0,504.0,600.0,707.0,834.0,976.0,1147.0,1351.0,1588.0,1886.0,2222.0,2631.0,3105.0,3639.0,4249.0,4914.0,5660.0,6376.0,7154.0,7959.0,8762.0,9562.0,10327.0,11026.0,11786.0,12586.0,13271.0,14004.0,14699.0,15372.0,16013.0,16600.0,17131.0,17757.0,18311.0,18791.0,19322.0,19797.0,20259.0,20700.0,21095.0,21486.0,21860.0
0.0,0.0,0.0,0.0,0.0,1.0,1.0,2.0,2.0,4.0,4.0,5.0,5.0,7.0,8.0,10.0,12.0,15.0,21.0,22.0,27.0,31.0,38.0,45.0,54.0,58.0,72.0,84.0,95.0,115.0,136.0,165.0,205.0,237.0,291.0,356.0,416.0,478.0,585.0,694.0,826.0,972.0,1170.0,1406.0,1677.0,1997.0,2359.0,2809.0,3331.0,3909.0,4625.0,5472.0,6452.0,7630.0,8967.0,10445.0,12200.0,14263.0,16724.0,19400.0,22457.0,25718.0,29090.0,32590.0,36103.0,39557.0,43047.0,46506.0,49892.0,53242.0,56517.0,59760.0,62865.0,65874.0,68745.0,71553.0,74087.0,76593.0,78937.0,81084.0,83214.0,85320.0,87219.0,89000.0,90782.0,92371.0,93867.0,95279.0,96600.0
0.0,0.0,0.0,0.0,0.0,0.0,0.0,1.0,1.0,1.0,1.0,2.0,3.0,5.0,9.0,11.0,13.0,14.0,16.0,21.0,31.0,35.0,45.0,56.0,67.0,79.0,92.0,111.0,121.0,154.0,185.0,219.0,260.0,308.0,372.0,449.0,540.0,627.0,749.0,903.0,1078.0,1274.0,1497.0,1775.0,2113.0,2520.0,2982.0,3541.0,4157.0,4763.0,5600.0,6575.0,7627.0,8950.0,10526.0,12387.0,14467.0,16933.0,19706.0,22792.0,26163.0,29741.0,33546.0,37402.0,41372.0,45230.0,49132.0,53021.0,56838.0,60530.0,64213.0,67660.0,71005.0,74199.0,77169.0,80062.0,82858.0,85464.0,88001.0,90404.0,92687.0,94855.0,96900.0,98898.0,100818.0,102590.0,104213.0,105732.0,107225.0
0.0,0.0,0.0,0.0,0.0,0.0,1.0,2.0,2.0,3.0,4.0,4.0,4.0,7.0,11.0,13.0,16.0,18.0,21.0,24.0,24.0,26.0,30.0,35.0,43.0,50.0,58.0,68.0,77.0,90.0,104.0,132.0,157.0,189.0,220.0,262.0,318.0,389.0,455.0,542.0,641.0,769.0,936.0,1082.0,1279.0,1521.0,1803.0,2149.0,2577.0,3070.0,3636.0,4312.0,5130.0,5958.0,6978.0,8186.0,9616.0,11209.0,13146.0,15238.0,17670.0,20168.0,22827.0,25605.0,28464.0,31288.0,34203.0,36982.0,39769.0,42588.0,45228.0,47792.0,50294.0,52793.0,55146.0,57411.0,59609.0,61727.0,63768.0,65618.0,67485.0,69229.0,70941.0,72487.0,73927.0,75367.0,76681.0,77988.0,79171.0
0.0,0.0,0.0,0.0,0.0,0.0,1.0,1.0,3.0,3.0,3.0,3.0,3.0,6.0,7.0,7.0,10.0,12.0,16.0,18.0,21.0,26.0,30.0,37.0,46.0,50.0,65.0,74.0,91.0,113.0,135.0,152.0,169.0,191.0,235.0,300.0,360.0,429.0,495.0,590.0,721.0,837.0,966.0,1138.0,1346.0,1589.0,1853.0,2189.0,2556.0,2967.0,3504.0,4190.0,4902.0,5717.0,6736.0,7962.0,9382.0,10972.0,12840.0,14933.0,17445.0,20030.0,22679.0,25548.0,28418.0,31302.0,34159.0,36944.0,39768.0,42392.0,45004.0,47546.0,50003.0,52340.0,54730.0,56937.0,59054.0,61198.0,63173.0,65015.0,66811.0,68510.0,70126.0,71652.0,73104.0,74525.0,75823.0,76996.0,78115.0
0.0,0.0,0.0,0.0,1.0,1.0,1.0,1.0,1.0,1.0,1.0,1.0,2.0,3.0,3.0,5.0,8.0,10.0,13.0,15.0,20.0,25.0,28.0,33.0,37.0,42.0,52.0,68.0,83.0,106.0,130.0,149.0,179.0,212.0,247.0,291.0,353.0,422.0,496.0,576.0,693.0,833.0,992.0,1157.0,1375.0,1636.0,1932.0,2274.0,2667.0,3154.0,3690.0,4369.0,5145.0,6056.0,7182.0,8428.0,9868.0,11672.0,13651.0,15888.0,18388.0,21108.0,23964.0,26767.0,29830.0,32765.0,35720.0,38777.0,41729.0,44496.0,47210.0,49863.0,52533.0,55007.0,57472.0,59787.0,62030.0,64212.0,66288.0,68250.0,70079.0,71955.0,73666.0,75333.0,76850.0,78284.0,79660.0,80950.0,82196.0
0.0,0.0,0.0,0.0,0.0,0.0,0.0,0.0,0.0,0.0,0.0,0.0,1.0,1.0,2.0,5.0,11.0,12.0,14.0,15.0,19.0,23.0,27.0,31.0,37.0,44.0,56.0,77.0,92.0,105.0,125.0,155.0,190.0,230.0,272.0,336.0,398.0,472.0,563.0,690.0,799.0,928.0,1080.0,1275.0,1514.0,1768.0,2102.0,2511.0,2932.0,3465.0,4143.0,4896.0,5791.0,6765.0,7940.0,9268.0,10858.0,12759.0,14953.0,17490.0,20202.0,23149.0,26211.0,29479.0,32778.0,35963.0,39047.0,42253.0,45293.0,48350.0,51322.0,54182.0,57014.0,59721.0,62292.0,64751.0,67195.0,69545.0,71780.0,73863.0,75839.0,77701.0,79496.0,81138.0,82681.0,84174.0,85599.0,86991.0,88275.0
0.0,0.0,0.0,0.0,0.0,0.0,0.0,1.0,1.0,1.0,2.0,3.0,4.0,4.0,5.0,6.0,7.0,9.0,10.0,12.0,14.0,15.0,19.0,21.0,26.0,31.0,37.0,47.0,61.0,77.0,91.0,114.0,133.0,159.0,192.0,233.0,268.0,317.0,385.0,452.0,534.0,645.0,765.0,913.0,1075.0,1320.0,1550.0,1852.0,2190.0,2605.0,3051.0,3627.0,4308.0,5092.0,6006.0,7042.0,8320.0,9778.0,11402.0,13320.0,15491.0,17806.0,20242.0,22823.0,25335.0,27940.0,30531.0,33034.0,35519.0,38118.0,40538.0,42920.0,45149.0,47430.0,49577.0,51645.0,53655.0,55569.0,57419.0,59134.0,60842.0,62394.0,63916.0,65366.0,66722.0,68005.0,69221.0,70326.0,71379.0
0.0,0.0,0.0,0.0,0.0,0.0,0.0,1.0,1.0,2.0,3.0,4.0,4.0,6.0,9.0,9.0,10.0,11.0,12.0,16.0,20.0,25.0,33.0,43.0,49.0,57.0,63.0,72.0,83.0,98.0,126.0,162.0,197.0,237.0,302.0,353.0,407.0,493.0,591.0,674.0,818.0,944.0,1133.0,1330.0,1585.0,1870.0,2200.0,2606.0,3080.0,3613.0,4265.0,4966.0,5777.0,6822.0,8021.0,9383.0,10977.0,12797.0,14906.0,17372.0,20085.0,22925.0,25952.0,29022.0,32153.0,35244.0,38309.0,41456.0,44481.0,47534.0,50497.0,53312.0,56013.0,58654.0,61207.0,63678.0,66030.0,68318.0,70442.0,72492.0,74483.0,76329.0,78075.0,79748.0,81346.0,82864.0,84314.0,85625.0,86895.0
0.0,0.0,0.0,0.0,0.0,0.0,0.0,1.0,1.0,2.0,3.0,6.0,7.0,8.0,8.0,8.0,10.0,10.0,13.0,13.0,13.0,15.0,22.0,25.0,30.0,30.0,34.0,44.0,52.0,61.0,71.0,76.0,92.0,108.0,134.0,164.0,208.0,249.0,301.0,353.0,415.0,494.0,606.0,740.0,904.0,1072.0,1292.0,1526.0,1807.0,2140.0,2523.0,2962.0,3514.0,4145.0,4954.0,5842.0,6875.0,8105.0,9535.0,11103.0,12892.0,14912.0,16985.0,19171.0,21371.0,23568.0,25831.0,28103.0,30198.0,32402.0,34505.0,36500.0,38427.0,40394.0,42197.0,43961.0,45718.0,47328.0,48906.0,50434.0,51873.0,53229.0,54527.0,55804.0,57008.0,58152.0,59169.0,60186.0,61189.0
0.0,0.0,0.0,0.0,0.0,0.0,1.0,1.0,4.0,5.0,5.0,5.0,5.0,6.0,8.0,11.0,12.0,14.0,15.0,17.0,20.0,26.0,35.0,40.0,56.0,71.0,82.0,97.0,118.0,149.0,180.0,210.0,253.0,286.0,341.0,406.0,482.0,569.0,669.0,817.0,965.0,1157.0,1389.0,1634.0,1960.0,2322.0,2754.0,3303.0,3881.0,4564.0,5361.0,6328.0,7389.0,8639.0,10070.0,11734.0,13711.0,16050.0,18633.0,21608.0,24791.0,28323.0,32016.0,35885.0,39643.0,43388.0,47278.0,50977.0,54707.0,58135.0,61626.0,64857.0,68114.0,71273.0,74250.0,77064.0,79909.0,82553.0,85051.0,87512.0,89742.0,91929.0,94013.0,95914.0,97800.0,99515.0,101109.0,102656.0,104131.0
0.0,0.0,0.0,0.0,0.0,1.0,1.0,1.0,1.0,1.0,1.0,2.0,5.0,5.0,6.0,7.0,8.0,9.0,10.0,17.0,21.0,25.0,33.0,38.0,46.0,58.0,72.0,87.0,108.0,130.0,162.0,188.0,218.0,255.0,299.0,360.0,425.0,487.0,581.0,697.0,822.0,971.0,1135.0,1346.0,1579.0,1878.0,2229.0,2619.0,3059.0,3636.0,4310.0,5115.0,6037.0,7005.0,8179.0,9588.0,11204.0,13178.0,15435.0,17920.0,20751.0,23675.0,26703.0,29891.0,33178.0,36514.0,39672.0,42923.0,45988.0,49109.0,52057.0,54946.0,57766.0,60384.0,62896.0,65484.0,67904.0,70203.0,72304.0,74271.0,76287.0,78194.0,79961.0,81618.0,83243.0,84773.0,86280.0,87614.0,88952.0
0.0,0.0,0.0,0.0,0.0,0.0,0.0,0.0,0.0,1.0,2.0,3.0,3.0,4.0,5.0,7.0,8.0,10.0,14.0,16.0,16.0,21.0,23.0,27.0,33.0,46.0,56.0,63.0,74.0,92.0,115.0,133.0,158.0,192.0,219.0,268.0,320.0,389.0,466.0,562.0,681.0,797.0,977.0,1154.0,1380.0,1644.0,1958.0,2342.0,2772.0,3279.0,3864.0,4578.0,5435.0,6375.0,7501.0,8785.0,10329.0,12032.0,14096.0,16382.0,18899.0,21616.0,24516.0,27404.0,30426.0,33311.0,36376.0,39313.0,42197.0,45050.0,47878.0,50607.0,53202.0,55798.0,58248.0,60625.0,62850.0,65067.0,67177.0,69121.0,70938.0,72713.0,74404.0,76017.0,77565.0,79054.0,80372.0,81706.0,82901.0
0.0,0.0,0.0,0.0,1.0,1.0,1.0,1.0,2.0,2.0,4.0,5.0,7.0,13.0,15.0,18.0,28.0,36.0,40.0,48.0,63.0,89.0,106.0,124.0,154.0,195.0,234.0,291.0,344.0,400.0,480.0,559.0,670.0,812.0,970.0,1158.0,1362.0,1620.0,1928.0,2285.0,2696.0,3206.0,3814.0,4547.0,5354.0,6263.0,7389.0,8678.0,10172.0,11943.0,14014.0,16416.0,19076.0,22168.0,25670.0,29693.0,34138.0,39065.0,44514.0,50403.0,56702.0,63303.0,70012.0,76656.0,83353.0,89975.0,96456.0,102691.0,108785.0,114612.0,120282.0,125694.0,130936.0,135696.0,140314.0,144753.0,148912.0,152811.0,156611.0,160148.0,163448.0,166674.0,169627.0,172364.0,175016.0,177491.0,179780.0,181922.0,184043.0
0.0,0.0,0.0,0.0,0.0,0.0,0.0,1.0,1.0,1.0,1.0,1.0,2.0,3.0,4.0,8.0,11.0,16.0,21.0,23.0,27.0,32.0,35.0,44.0,54.0,67.0,80.0,93.0,112.0,134.0,175.0,205.0,255.0,314.0,371.0,454.0,543.0,657.0,794.0,957.0,1165.0,1381.0,1618.0,1876.0,2228.0,2668.0,3179.0,3777.0,4423.0,5160.0,6076.0,7176.0,8377.0,9860.0,11572.0,13554.0,15813.0,18450.0,21451.0,24674.0,28389.0,32276.0,36259.0,40389.0,44636.0,48712.0,52798.0,56834.0,60773.0,64709.0,68501.0,72159.0,75790.0,79231.0,82617.0,85801.0,88746.0,91637.0,94362.0,96916.0,99289.0,101595.0,103864.0,105831.0,107727.0,109634.0,111358.0,112989.0,114528.0
0.0,0.0,0.0,0.0,0.0,1.0,1.0,1.0,1.0,3.0,3.0,4.0,5.0,8.0,9.0,11.0,12.0,20.0,24.0,33.0,38.0,50.0,61.0,70.0,77.0,88.0,102.0,126.0,143.0,175.0,205.0,243.0,288.0,341.0,405.0,474.0,574.0,683.0,790.0,923.0,1095.0,1289.0,1534.0,1843.0,2162.0,2569.0,3044.0,3614.0,4222.0,4895.0,5731.0,6671.0,7820.0,9161.0,10737.0,12545.0,14548.0,16919.0,19778.0,22898.0,26341.0,29904.0,33818.0,37800.0,41734.0,45637.0,49570.0,53376.0,57070.0,60679.0,64228.0,67681.0,71027.0,74258.0,77416.0,80377.0,83229.0,85932.0,88489.0,91048.0,93359.0,95617.0,97666.0,99690.0,101543.0,103384.0,105012.0,106590.0,108092.0
0.0,0.0,0.0,0.0,0.0,0.0,1.0,1.0,1.0,2.0,2.0,4.0,7.0,7.0,8.0,11.0,13.0,16.0,18.0,19.0,23.0,26.0,37.0,43.0,50.0,61.0,69.0,89.0,109.0,137.0,160.0,188.0,223.0,263.0,301.0,361.0,423.0,506.0,582.0,670.0,808.0,943.0,1131.0,1337.0,1579.0,1851.0,2192.0,2603.0,3079.0,3632.0,4278.0,5003.0,5909.0,6979.0,8191.0,9587.0,11229.0,13096.0,15322.0,17857.0,20599.0,23559.0,26627.0,29834.0,33137.0,36386.0,39605.0,42870.0,46055.0,49254.0,52271.0,55273.0,58080.0,60870.0,63597.0,66156.0,68529.0,70814.0,73102.0,75228.0,77173.0,79055.0,80853.0,82538.0,84134.0,85744.0,87186.0,88486.0,89826.0
0.0,0.0,0.0,0.0,0.0,0.0,1.0,2.0,2.0,2.0,2.0,2.0,3.0,5.0,5.0,5.0,6.0,10.0,12.0,15.0,17.0,24.0,28.0,36.0,42.0,51.0,60.0,69.0,84.0,100.0,130.0,155.0,172.0,203.0,239.0,288.0,354.0,417.0,515.0,620.0,742.0,873.0,1022.0,1219.0,1437.0,1675.0,1959.0,2322.0,2747.0,3229.0,3824.0,4478.0,5283.0,6219.0,7299.0,8561.0,10043.0,11649.0,13633.0,15897.0,18379.0,21079.0,23974.0,26900.0,29856.0,32819.0,35803.0,38735.0,41615.0,44567.0,47379.0,50077.0,52664.0,55263.0,57775.0,60160.0,62470.0,64662.0,66594.0,68536.0,70351.0,72190.0,73906.0,75416.0,76980.0,78398.0,79763.0,81078.0,82303.0
0.0,0.0,0.0,0.0,0.0,0.0,0.0,0.0,1.0,1.0,4.0,8.0,8.0,8.0,9.0,13.0,14.0,20.0,24.0,32.0,41.0,48.0,67.0,77.0,92.0,104.0,117.0,142.0,175.0,214.0,247.0,290.0,347.0,419.0,494.0,561.0,652.0,784.0,929.0,1115.0,1309.0,1553.0,1804.0,2124.0,2489.0,2927.0,3434.0,3986.0,4669.0,5533.0,6435.0,7566.0,8799.0,10270.0,11985.0,14065.0,16458.0,19134.0,22139.0,25657.0,29434.0,33383.0,37503.0,41912.0,46154.0,50587.0,54786.0,59041.0,63090.0,67078.0,71117.0,74851.0,78520.0,82043.0,85451.0,88642.0,91665.0,94546.0,97357.0,100032.0,102502.0,104780.0,107029.0,109186.0,111199.0,113029.0,114806.0,116500.0,118083.0
0.0,0.0,0.0,0.0,0.0,0.0,1.0,1.0,4.0,6.0,6.0,6.0,8.0,9.0,14.0,20.0,25.0,32.0,41.0,44.0,50.0,60.0,69.0,85.0,100.0,111.0,132.0,164.0,196.0,233.0,286.0,334.0,395.0,471.0,555.0,652.0,764.0,894.0,1045.0,1227.0,1423.0,1677.0,1956.0,2324.0,2700.0,3170.0,3742.0,4384.0,5130.0,6042.0,7105.0,8424.0,9874.0,11508.0,13481.0,15720.0,18323.0,21389.0,24715.0,28451.0,32639.0,36912.0,41381.0,45898.0,50677.0,55193.0,59716.0,64126.0,68611.0,72881.0,76977.0,81012.0,84859.0,88601.0,92271.0,95676.0,99068.0,102223.0,105166.0,107966.0,110598.0,113062.0,115457.0,117670.0,119764.0,121859.0,123704.0,125404.0,127076.0
0.0,0.0,0.0,0.0,0.0,1.0,2.0,2.0,2.0,2.0,4.0,4.0,4.0,5.0,5.0,7.0,9.0,12.0,19.0,22.0,27.0,33.0,40.0,43.0,49.0,52.0,60.0,67.0,81.0,94.0,108.0,129.0,153.0,188.0,225.0,254.0,300.0,357.0,425.0,506.0,599.0,678.0,811.0,966.0,1141.0,1353.0,1606.0,1885.0,2180.0,2564.0,3071.0,3612.0,4247.0,4998.0,5849.0,6813.0,7967.0,9316.0,10934.0,12826.0,14972.0,17196.0,19574.0,21942.0,24478.0,27050.0,29552.0,32169.0,34648.0,37100.0,39432.0,41798.0,44004.0,46150.0,48241.0,50259.0,52214.0,54060.0,55845.0,57522.0,59206.0,60666.0,62162.0,63534.0,64910.0,66096.0,67308.0,68436.0,69468.0
0.0,0.0,0.0,0.0,0.0,0.0,1.0,2.0,2.0,4.0,4.0,4.0,4.0,4.0,5.0,5.0,10.0,14.0,16.0,21.0,24.0,28.0,36.0,42.0,49.0,61.0,76.0,96.0,108.0,128.0,149.0,187.0,228.0,292.0,349.0,409.0,494.0,588.0,718.0,850.0,1021.0,1227.0,1482.0,1759.0,2127.0,2532.0,3011.0,3552.0,4161.0,4875.0,5733.0,6716.0,7937.0,9312.0,10892.0,12701.0,14878.0,17346.0,20219.0,23420.0,26876.0,30593.0,34603.0,38540.0,42568.0,46624.0,50669.0,54617.0,58483.0,62318.0,66002.0,69610.0,73057.0,76459.0,79613.0,82626.0,85550.0,88397.0,91034.0,93508.0,95840.0,98073.0,100129.0,102164.0,104025.0,105830.0,107469.0,109095.0,110594.0
0.0,0.0,0.0,0.0,0.0,0.0,0.0,1.0,1.0,1.0,2.0,2.0,3.0,5.0,5.0,6.0,8.0,8.0,13.0,19.0,25.0,28.0,32.0,42.0,51.0,59.0,71.0,85.0,103.0,122.0,142.0,160.0,192.0,220.0,251.0,288.0,326.0,369.0,435.0,512.0,597.0,703.0,831.0,995.0,1181.0,1392.0,1672.0,1986.0,2342.0,2772.0,3264.0,3836.0,4519.0,5368.0,6322.0,7450.0,8753.0,10227.0,11976.0,13967.0,16256.0,18628.0,21187.0,23806.0,26431.0,29023.0,31715.0,34356.0,36949.0,39467.0,42041.0,44486.0,46853.0,49173.0,51424.0,53605.0,55534.0,57549.0,59377.0,61212.0,62864.0,64504.0,66069.0,67508.0,68897.0,70186.0,71444.0,72586.0,73713.0
0.0,0.0,0.0,1.0,1.0,1.0,2.0,3.0,3.0,4.0,4.0,4.0,4.0,4.0,6.0,6.0,6.0,9.0,9.0,10.0,11.0,13.0,15.0,16.0,19.0,21.0,25.0,26.0,28.0,32.0,35.0,36.0,38.0,48.0,62.0,70.0,79.0,93.0,108.0,129.0,158.0,189.0,224.0,250.0,294.0,351.0,419.0,504.0,583.0,689.0,817.0,960.0,1156.0,1357.0,1612.0,1917.0,2264.0,2694.0,3144.0,3654.0,4266.0,4917.0,5632.0,6386.0,7157.0,7939.0,8732.0,9510.0,10299.0,11112.0,11904.0,12694.0,13476.0,14157.0,14889.0,15567.0,16171.0,16828.0,17444.0,18002.0,18554.0,19052.0,19530.0,19997.0,20461.0,20910.0,21326.0,21732.0,22110.0
0.0,0.0,0.0,0.0,0.0,0.0,0.0,0.0,1.0,1.0,1.0,2.0,2.0,4.0,7.0,8.0,9.0,12.0,17.0,22.0,29.0,31.0,35.0,43.0,51.0,57.0,67.0,78.0,89.0,107.0,124.0,143.0,170.0,199.0,239.0,270.0,323.0,388.0,457.0,543.0,647.0,773.0,895.0,1044.0,1217.0,1463.0,1725.0,2059.0,2462.0,2925.0,3498.0,4099.0,4790.0,5672.0,6678.0,7966.0,9330.0,10930.0,12877.0,15023.0,17508.0,20110.0,22696.0,25490.0,28277.0,31101.0,33883.0,36640.0,39457.0,42164.0,44837.0,47346.0,49844.0,52265.0,54592.0,56837.0,58912.0,60905.0,62821.0,64629.0,66412.0,68140.0,69717.0,71197.0,72631.0,74013.0,75339.0,76618.0,77813.0
0.0,0.0,0.0,0.0,0.0,0.0,0.0,0.0,0.0,3.0,4.0,5.0,6.0,6.0,7.0,9.0,14.0,17.0,20.0,26.0,32.0,37.0,45.0,55.0,66.0,81.0,90.0,108.0,127.0,147.0,175.0,218.0,275.0,335.0,408.0,484.0,584.0,683.0,806.0,950.0,1129.0,1342.0,1598.0,1906.0,2253.0,2664.0,3142.0,3667.0,4327.0,5079.0,6023.0,7120.0,8378.0,9869.0,11606.0,13550.0,15807.0,18311.0,21292.0,24639.0,28331.0,32400.0,36579.0,40883.0,45125.0,49400.0,53532.0,57683.0,61850.0,65793.0,69741.0,73466.0,77037.0,80426.0,83764.0,86942.0,89982.0,92944.0,95677.0,98283.0,100775.0,103163.0,105350.0,107503.0,109494.0,111372.0,113194.0,114864.0,116476.0
0.0,0.0,0.0,0.0,0.0,0.0,1.0,1.0,2.0,2.0,3.0,3.0,3.0,3.0,5.0,6.0,7.0,11.0,12.0,13.0,17.0,20.0,22.0,31.0,39.0,45.0,55.0,65.0,76.0,101.0,122.0,136.0,165.0,191.0,222.0,262.0,326.0,375.0,448.0,516.0,598.0,701.0,830.0,983.0,1182.0,1404.0,1648.0,1964.0,2337.0,2776.0,3270.0,3850.0,4527.0,5346.0,6275.0,7398.0,8713.0,10201.0,11999.0,13965.0,16203.0,18553.0,21126.0,23701.0,26409.0,29157.0,31916.0,34574.0,37249.0,39889.0,42407.0,44827.0,47194.0,49455.0,51643.0,53742.0,55750.0,57685.0,59555.0,61353.0,63056.0,64673.0,66223.0,67750.0,69166.0,70477.0,71769.0,73051.0,74210.0
0.0,0.0,0.0,0.0,0.0,1.0,1.0,2.0,4.0,4.0,4.0,4.0,4.0,5.0,5.0,6.0,7.0,8.0,12.0,13.0,16.0,18.0,20.0,22.0,24.0,27.0,29.0,34.0,39.0,41.0,46.0,54.0,60.0,70.0,79.0,89.0,105.0,113.0,144.0,162.0,190.0,223.0,259.0,298.0,345.0,403.0,484.0,565.0,657.0,786.0,914.0,1062.0,1223.0,1442.0,1675.0,1969.0,2318.0,2702.0,3150.0,3687.0,4256.0,4943.0,5645.0,6388.0,7109.0,7847.0,8601.0,9369.0,10073.0,10797.0,11512.0,12240.0,12934.0,13650.0,14333.0,14995.0,15668.0,16245.0,16841.0,17413.0,17961.0,18470.0,18899.0,19325.0,19764.0,20201.0,20589.0,20979.0,21331.0
0.0,0.0,0.0,0.0,0.0,0.0,0.0,0.0,0.0,1.0,1.0,1.0,3.0,4.0,6.0,7.0,11.0,11.0,11.0,14.0,17.0,19.0,21.0,24.0,32.0,39.0,50.0,59.0,69.0,81.0,100.0,127.0,150.0,174.0,204.0,248.0,291.0,349.0,424.0,486.0,591.0,708.0,834.0,967.0,1143.0,1330.0,1542.0,1832.0,2175.0,2550.0,3007.0,3517.0,4138.0,4834.0,5769.0,6802.0,7975.0,9342.0,10941.0,12861.0,14902.0,17063.0,19387.0,21838.0,24348.0,26778.0,29169.0,31622.0,34120.0,36600.0,38928.0,41257.0,43408.0,45654.0,47772.0,49754.0,51623.0,53493.0,55203.0,56926.0,58552.0,60040.0,61470.0,62872.0,64114.0,65413.0,66625.0,67790.0,68851.0
0.0,0.0,0.0,0.0,0.0,0.0,0.0,0.0,1.0,2.0,3.0,4.0,5.0,6.0,7.0,8.0,12.0,13.0,17.0,18.0,21.0,24.0,25.0,29.0,35.0,43.0,54.0,69.0,85.0,99.0,125.0,161.0,178.0,209.0,238.0,288.0,326.0,373.0,440.0,508.0,602.0,712.0,842.0,980.0,1124.0,1323.0,1543.0,1801.0,2157.0,2520.0,2977.0,3497.0,4097.0,4809.0,5604.0,6584.0,7644.0,8927.0,10462.0,12170.0,14089.0,16185.0,18407.0,20717.0,23044.0,25354.0,27698.0,29971.0,32259.0,34547.0,36683.0,38817.0,40881.0,42944.0,44873.0,46700.0,48406.0,50085.0,51724.0,53257.0,54755.0,56165.0,57545.0,58848.0,60099.0,61211.0,62289.0,63319.0,64306.0
0.0,0.0,0.0,1.0,1.0,1.0,1.0,1.0,1.0,2.0,3.0,4.0,4.0,8.0,9.0,11.0,14.0,19.0,22.0,27.0,35.0,44.0,53.0,67.0,76.0,94.0,115.0,147.0,175.0,209.0,248.0,297.0,347.0,416.0,502.0,590.0,708.0,845.0,1026.0,1215.0,1409.0,1693.0,2005.0,2399.0,2831.0,3356.0,3958.0,4658.0,5496.0,6422.0,7576.0,8858.0,10353.0,12115.0,14187.0,16453.0,19175.0,22241.0,25623.0,29491.0,33515.0,37979.0,42722.0,47393.0,52112.0,56780.0,61348.0,65906.0,70476.0,74672.0,78945.0,83031.0,86964.0,90668.0,94232.0,97659.0,100868.0,103944.0,106875.0,109780.0,112372.0,115010.0,117336.0,119561.0,121716.0,123735.0,125651.0,127426.0,129117.0
0.0,0.0,0.0,0.0,1.0,1.0,1.0,1.0,2.0,3.0,3.0,4.0,5.0,5.0,6.0,8.0,13.0,18.0,19.0,24.0,27.0,33.0,37.0,47.0,61.0,71.0,90.0,104.0,124.0,146.0,169.0,186.0,219.0,255.0,294.0,365.0,438.0,537.0,629.0,743.0,901.0,1095.0,1292.0,1520.0,1799.0,2123.0,2507.0,2960.0,3518.0,4169.0,4924.0,5816.0,6876.0,8073.0,9469.0,11111.0,13092.0,15324.0,17814.0,20701.0,23853.0,27245.0,30825.0,34439.0,38087.0,41685.0,45363.0,48966.0,52393.0,55731.0,59062.0,62366.0,65422.0,68629.0,71629.0,74414.0,77060.0,79568.0,82117.0,84405.0,86605.0,88537.0,90532.0,92449.0,94229.0,95820.0,97360.0,98825.0,100209.0
0.0,0.0,0.0,0.0,0.0,0.0,2.0,4.0,4.0,5.0,5.0,6.0,6.0,8.0,9.0,13.0,14.0,20.0,21.0,25.0,29.0,34.0,40.0,47.0,60.0,69.0,79.0,91.0,106.0,118.0,139.0,172.0,206.0,243.0,295.0,354.0,425.0,501.0,594.0,700.0,817.0,970.0,1141.0,1361.0,1610.0,1933.0,2307.0,2668.0,3134.0,3710.0,4341.0,5137.0,6059.0,7114.0,8369.0,9823.0,11575.0,13469.0,15668.0,18195.0,21052.0,24106.0,27300.0,30581.0,33911.0,37178.0,40490.0,43827.0,47118.0,50320.0,53359.0,56330.0,59225.0,62044.0,64737.0,67320.0,69760.0,72167.0,74372.0,76587.0,78660.0,80617.0,82322.0,84097.0,85817.0,87410.0,88881.0,90302.0,91540.0
0.0,0.0,0.0,0.0,0.0,0.0,0.0,2.0,2.0,2.0,2.0,2.0,5.0,5.0,6.0,6.0,8.0,9.0,13.0,16.0,18.0,26.0,32.0,41.0,47.0,53.0,66.0,76.0,103.0,124.0,146.0,181.0,213.0,255.0,312.0,362.0,457.0,545.0,656.0,780.0,922.0,1106.0,1325.0,1530.0,1828.0,2147.0,2504.0,2965.0,3419.0,4018.0,4780.0,5602.0,6577.0,7700.0,9047.0,10582.0,12468.0,14606.0,17016.0,19771.0,22763.0,25961.0,29320.0,32871.0,36536.0,40172.0,43687.0,47150.0,50549.0,53916.0,57242.0,60369.0,63361.0,66365.0,69209.0,71879.0,74560.0,76987.0,79415.0,81707.0,83912.0,86002.0,87964.0,89795.0,91584.0,93266.0,94704.0,96218.0,97595.0
0.0,0.0,0.0,0.0,0.0,0.0,1.0,3.0,3.0,3.0,4.0,4.0,6.0,7.0,8.0,10.0,12.0,12.0,13.0,14.0,18.0,19.0,22.0,26.0,31.0,39.0,43.0,44.0,49.0,59.0,70.0,85.0,100.0,113.0,136.0,157.0,184.0,222.0,265.0,308.0,360.0,404.0,458.0,550.0,671.0,790.0,922.0,1122.0,1321.0,1574.0,1872.0,2225.0,2633.0,3086.0,3624.0,4267.0,5045.0,5924.0,6960.0,8122.0,9427.0,10876.0,12374.0,13939.0,15553.0,17186.0,18806.0,20485.0,22138.0,23796.0,25422.0,26900.0,28357.0,29822.0,31255.0,32606.0,33874.0,35064.0,36321.0,37457.0,38548.0,39587.0,40557.0,41534.0,42463.0,43315.0,44149.0,44947.0,45708.0
0.0,0.0,0.0,0.0,0.0,0.0,1.0,1.0,1.0,1.0,1.0,2.0,4.0,5.0,5.0,6.0,8.0,11.0,14.0,18.0,21.0,28.0,33.0,42.0,58.0,69.0,82.0,104.0,125.0,151.0,193.0,225.0,267.0,318.0,378.0,458.0,571.0,682.0,810.0,980.0,1179.0,1395.0,1642.0,1971.0,2341.0,2764.0,3267.0,3843.0,4602.0,5496.0,6502.0,7681.0,9009.0,10573.0,12388.0,14414.0,16813.0,19487.0,22635.0,26058.0,29905.0,34262.0,38690.0,43019.0,47439.0,51866.0,56231.0,60490.0,64625.0,68659.0,72641.0,76317.0,79909.0,83532.0,86956.0,90244.0,93392.0,96286.0,99198.0,101933.0,104513.0,106990.0,109284.0,111481.0,113571.0,115517.0,117346.0,119037.0,120583.0
0.0,0.0,0.0,0.0,0.0,0.0,0.0,1.0,1.0,3.0,3.0,4.0,6.0,6.0,6.0,8.0,10.0,11.0,12.0,13.0,13.0,17.0,19.0,24.0,31.0,33.0,38.0,47.0,54.0,66.0,72.0,82.0,98.0,124.0,155.0,190.0,230.0,272.0,323.0,382.0,448.0,525.0,631.0,752.0,920.0,1095.0,1285.0,1507.0,1773.0,2079.0,2439.0,2870.0,3390.0,3985.0,4714.0,5509.0,6418.0,7618.0,8933.0,10472.0,12229.0,14074.0,16101.0,18177.0,20337.0,22401.0,24527.0,26601.0,28665.0,30688.0,32730.0,34708.0,36634.0,38455.0,40156.0,41835.0,43438.0,44950.0,46420.0,47829.0,49149.0,50456.0,51675.0,52863.0,53935.0,55002.0,56061.0,57043.0,57944.0
0.0,0.0,0.0,0.0,0.0,1.0,3.0,4.0,5.0,6.0,8.0,9.0,9.0,9.0,13.0,15.0,17.0,19.0,26.0,31.0,40.0,52.0,67.0,76.0,89.0,101.0,128.0,166.0,203.0,239.0,284.0,347.0,417.0,494.0,585.0,709.0,844.0,1018.0,1207.0,1447.0,1719.0,2071.0,2449.0,2886.0,3392.0,4015.0,4683.0,5407.0,6390.0,7558.0,8856.0,10344.0,12109.0,14220.0,16581.0,19270.0,22445.0,25936.0,29862.0,34339.0,39245.0,44336.0,49530.0,54755.0,60011.0,65255.0,70389.0,75471.0,80525.0,85400.0,90116.0,94601.0,98870.0,103063.0,106951.0,110723.0,114346.0,117770.0,120987.0,124069.0,126962.0,129678.0,132291.0,134687.0,137008.0,139200.0,141220.0,143177.0,145003.0
0.0,0.0,0.0,0.0,0.0,0.0,0.0,0.0,1.0,2.0,2.0,2.0,4.0,5.0,5.0,5.0,8.0,8.0,10.0,17.0,20.0,27.0,29.0,37.0,42.0,51.0,63.0,74.0,83.0,96.0,116.0,138.0,165.0,191.0,225.0,262.0,312.0,362.0,448.0,547.0,648.0,753.0,917.0,1076.0,1297.0,1569.0,1828.0,2178.0,2551.0,2996.0,3530.0,4201.0,4946.0,5768.0,6813.0,7985.0,9364.0,10974.0,12931.0,15088.0,17572.0,20087.0,22738.0,25507.0,28277.0,31072.0,33897.0,36674.0,39473.0,42195.0,44787.0,47325.0,49784.0,52191.0,54621.0,56846.0,58970.0,61060.0,63025.0,64866.0,66593.0,68244.0,69847.0,71410.0,72910.0,74321.0,75668.0,76890.0,78061.0
0.0,0.0,0.0,0.0,0.0,0.0,0.0,0.0,0.0,2.0,2.0,2.0,2.0,2.0,4.0,9.0,13.0,18.0,25.0,36.0,42.0,49.0,55.0,70.0,87.0,107.0,130.0,156.0,171.0,210.0,260.0,315.0,381.0,470.0,560.0,663.0,789.0,942.0,1125.0,1350.0,1618.0,1891.0,2221.0,2622.0,3142.0,3732.0,4430.0,5283.0,6237.0,7350.0,8666.0,10242.0,12016.0,13989.0,16379.0,19001.0,22075.0,25616.0,29507.0,34035.0,38832.0,43897.0,49139.0,54404.0,59665.0,64890.0,69973.0,75040.0,80172.0,84896.0,89556.0,94071.0,98280.0,102328.0,106304.0,110062.0,113581.0,116967.0,120126.0,123228.0,126010.0,128765.0,131358.0,133722.0,136014.0,138189.0,140295.0,142208.0,144037.0
0.0,0.0,0.0,0.0,0.0,0.0,0.0,1.0,1.0,1.0,3.0,5.0,6.0,7.0,8.0,9.0,11.0,13.0,16.0,17.0,22.0,30.0,38.0,42.0,51.0,54.0,63.0,75.0,90.0,109.0,126.0,148.0,174.0,215.0,258.0,306.0,374.0,451.0,541.0,635.0,761.0,898.0,1099.0,1291.0,1519.0,1761.0,2035.0,2434.0,2900.0,3398.0,4020.0,4736.0,5581.0,6530.0,7720.0,9087.0,10596.0,12402.0,14521.0,17020.0,19704.0,22554.0,25548.0,28657.0,31781.0,34942.0,37944.0,41047.0,44013.0,46921.0,49836.0,52639.0,55390.0,58074.0,60678.0,63101.0,65497.0,67716.0,69835.0,71930.0,73920.0,75720.0,77507.0,79172.0,80788.0,82257.0,83677.0,85018.0,86311.0
0.0,0.0,0.0,1.0,1.0,1.0,1.0,1.0,1.0,1.0,1.0,1.0,1.0,1.0,1.0,3.0,3.0,3.0,3.0,4.0,5.0,8.0,10.0,10.0,11.0,12.0,13.0,13.0,15.0,16.0,17.0,21.0,26.0,27.0,31.0,36.0,39.0,45.0,52.0,65.0,77.0,87.0,100.0,113.0,139.0,164.0,193.0,223.0,262.0,314.0,392.0,461.0,534.0,639.0,749.0,878.0,998.0,1170.0,1385.0,1638.0,1900.0,2171.0,2513.0,2828.0,3167.0,3508.0,3852.0,4204.0,4528.0,4854.0,5151.0,5496.0,5818.0,6122.0,6407.0,6702.0,6959.0,7223.0,7489.0,7740.0,7957.0,8176.0,8393.0,8584.0,8784.0,8976.0,9160.0,9339.0,9530.0
0.0,0.0,0.0,0.0,0.0,0.0,0.0,1.0,2.0,3.0,5.0,6.0,7.0,8.0,8.0,11.0,14.0,17.0,19.0,21.0,25.0,25.0,33.0,37.0,46.0,52.0,61.0,72.0,79.0,97.0,120.0,137.0,156.0,187.0,222.0,264.0,308.0,354.0,456.0,555.0,648.0,778.0,910.0,1069.0,1262.0,1501.0,1780.0,2104.0,2520.0,2988.0,3564.0,4211.0,4937.0,5829.0,6957.0,8260.0,9712.0,11325.0,13263.0,15477.0,17866.0,20496.0,23337.0,26244.0,29193.0,32097.0,35042.0,37887.0,40763.0,43562.0,46248.0,48917.0,51463.0,53866.0,56165.0,58428.0,60642.0,62681.0,64630.0,66542.0,68399.0,70127.0,71789.0,73328.0,74860.0,76183.0,77547.0,78795.0,79940.0
0.0,0.0,0.0,0.0,0.0,0.0,0.0,3.0,3.0,3.0,3.0,3.0,4.0,5.0,8.0,10.0,13.0,18.0,21.0,25.0,36.0,41.0,52.0,58.0,69.0,81.0,101.0,119.0,132.0,164.0,199.0,240.0,278.0,334.0,395.0,476.0,581.0,701.0,825.0,982.0,1147.0,1361.0,1613.0,1899.0,2252.0,2647.0,3121.0,3669.0,4314.0,5112.0,5984.0,7066.0,8284.0,9747.0,11452.0,13346.0,15581.0,18203.0,21103.0,24366.0,27965.0,31913.0,36036.0,40243.0,44366.0,48501.0,52739.0,56759.0,60715.0,64597.0,68487.0,72129.0,75632.0,78939.0,82142.0,85234.0,88209.0,91093.0,93772.0,96368.0,98824.0,101151.0,103346.0,105368.0,107351.0,109195.0,110933.0,112563.0,114180.0
0.0,0.0,0.0,0.0,0.0,0.0,1.0,1.0,2.0,3.0,3.0,3.0,4.0,5.0,5.0,5.0,5.0,6.0,7.0,13.0,15.0,17.0,18.0,21.0,25.0,32.0,45.0,54.0,69.0,85.0,106.0,126.0,146.0,175.0,205.0,251.0,296.0,347.0,409.0,473.0,551.0,643.0,780.0,908.0,1069.0,1249.0,1478.0,1749.0,2051.0,2371.0,2817.0,3297.0,3854.0,4506.0,5311.0,6271.0,7293.0,8616.0,10049.0,11738.0,13694.0,15784.0,17933.0,20208.0,22424.0,24771.0,27048.0,29268.0,31534.0,33720.0,35815.0,37898.0,39907.0,41886.0,43816.0,45628.0,47393.0,49061.0,50747.0,52280.0,53780.0,55174.0,56498.0,57755.0,58923.0,60057.0,61144.0,62218.0,63192.0
0.0,0.0,0.0,0.0,0.0,0.0,0.0,0.0,1.0,1.0,2.0,3.0,5.0,9.0,10.0,10.0,10.0,10.0,14.0,17.0,21.0,22.0,24.0,26.0,29.0,33.0,41.0,46.0,53.0,59.0,64.0,78.0,88.0,101.0,112.0,136.0,170.0,205.0,237.0,279.0,321.0,384.0,454.0,563.0,662.0,784.0,927.0,1090.0,1292.0,1521.0,1772.0,2108.0,2516.0,2966.0,3480.0,4085.0,4811.0,5662.0,6622.0,7762.0,9038.0,10435.0,11838.0,13386.0,14917.0,16451.0,17946.0,19554.0,21117.0,22651.0,24178.0,25694.0,27124.0,28492.0,29849.0,31100.0,32374.0,33545.0,34711.0,35760.0,36884.0,37899.0,38888.0,39776.0,40641.0,41456.0,42270.0,43016.0,43690.0
0.0,0.0,0.0,0.0,0.0,0.0,0.0,0.0,1.0,1.0,2.0,2.0,6.0,9.0,10.0,12.0,14.0,19.0,24.0,27.0,30.0,38.0,41.0,48.0,54.0,67.0,84.0,88.0,108.0,129.0,142.0,173.0,199.0,224.0,278.0,323.0,380.0,455.0,529.0,611.0,707.0,850.0,1001.0,1154.0,1362.0,1603.0,1851.0,2170.0,2556.0,3030.0,3546.0,4137.0,4860.0,5763.0,6720.0,7826.0,9189.0,10714.0,12516.0,14579.0,16895.0,19416.0,21972.0,24670.0,27419.0,30183.0,32896.0,35593.0,38324.0,40938.0,43482.0,45939.0,48380.0,50794.0,52985.0,55171.0,57319.0,59295.0,61180.0,62973.0,64704.0,66348.0,67891.0,69374.0,70804.0,72108.0,73354.0,74552.0,75658.0
0.0,0.0,0.0,0.0,0.0,0.0,1.0,2.0,2.0,3.0,4.0,5.0,7.0,8.0,8.0,12.0,14.0,16.0,20.0,24.0,30.0,37.0,47.0,57.0,68.0,75.0,91.0,109.0,138.0,162.0,191.0,213.0,246.0,294.0,343.0,398.0,465.0,543.0,638.0,768.0,906.0,1080.0,1297.0,1506.0,1765.0,2098.0,2482.0,2951.0,3501.0,4099.0,4822.0,5616.0,6615.0,7794.0,9181.0,10792.0,12614.0,14721.0,17130.0,19867.0,22992.0,26230.0,29623.0,33064.0,36545.0,40062.0,43550.0,47005.0,50328.0,53619.0,56896.0,60153.0,63286.0,66202.0,69068.0,71736.0,74378.0,76916.0,79284.0,81556.0,83710.0,85752.0,87707.0,89559.0,91246.0,92901.0,94465.0,95921.0,97303.0
0.0,0.0,0.0,0.0,0.0,0.0,0.0,1.0,1.0,1.0,2.0,3.0,6.0,8.0,10.0,12.0,13.0,17.0,20.0,22.0,29.0,32.0,39.0,44.0,47.0,58.0,68.0,92.0,109.0,125.0,149.0,168.0,192.0,231.0,269.0,306.0,349.0,406.0,467.0,563.0,680.0,808.0,956.0,1134.0,1327.0,1561.0,1840.0,2185.0,2592.0,3054.0,3609.0,4264.0,4986.0,5880.0,6918.0,8084.0,9410.0,11100.0,13013.0,15069.0,17455.0,19950.0,22707.0,25456.0,28323.0,31113.0,33917.0,36715.0,39455.0,42250.0,44917.0,47530.0,49996.0,52418.0,54742.0,56958.0,59059.0,61127.0,63122.0,64971.0,66844.0,68584.0,70246.0,71786.0,73238.0,74671.0,75996.0,77267.0,78412.0
0.0,0.0,0.0,0.0,0.0,0.0,1.0,2.0,2.0,3.0,3.0,3.0,4.0,4.0,7.0,8.0,8.0,9.0,11.0,13.0,14.0,19.0,23.0,29.0,35.0,41.0,49.0,53.0,64.0,78.0,97.0,112.0,132.0,157.0,187.0,213.0,258.0,329.0,391.0,461.0,561.0,671.0,798.0,926.0,1104.0,1313.0,1544.0,1886.0,2229.0,2628.0,3190.0,3779.0,4444.0,5259.0,6225.0,7332.0,8605.0,10109.0,11862.0,13900.0,16115.0,18499.0,21089.0,23579.0,26164.0,28754.0,31341.0,33963.0,36598.0,39142.0,41542.0,43962.0,46329.0,48585.0,50784.0,52908.0,55012.0,56848.0,58669.0,60412.0,62115.0,63673.0,65206.0,66685.0,68051.0,69284.0,70516.0,71702.0,72762.0
0.0,0.0,0.0,0.0,0.0,0.0,0.0,0.0,0.0,0.0,1.0,1.0,1.0,2.0,2.0,5.0,5.0,8.0,9.0,13.0,15.0,15.0,21.0,28.0,36.0,41.0,48.0,54.0,63.0,81.0,98.0,119.0,140.0,163.0,195.0,223.0,254.0,302.0,361.0,418.0,512.0,606.0,706.0,840.0,992.0,1181.0,1370.0,1602.0,1911.0,2284.0,2697.0,3172.0,3727.0,4428.0,5204.0,6143.0,7233.0,8507.0,10037.0,11703.0,13542.0,15697.0,17805.0,20025.0,22275.0,24509.0,26853.0,29126.0,31425.0,33652.0,35826.0,38006.0,39990.0,41919.0,43790.0,45674.0,47428.0,49183.0,50802.0,52365.0,53899.0,55257.0,56593.0,57939.0,59155.0,60331.0,61428.0,62477.0,63394.0
0.0,0.0,0.0,0.0,0.0,0.0,2.0,2.0,4.0,4.0,5.0,5.0,6.0,7.0,8.0,9.0,12.0,15.0,20.0,30.0,36.0,40.0,44.0,53.0,64.0,73.0,96.0,113.0,131.0,158.0,196.0,232.0,281.0,329.0,396.0,473.0,582.0,694.0,812.0,977.0,1164.0,1406.0,1648.0,1976.0,2355.0,2825.0,3311.0,3906.0,4600.0,5444.0,6501.0,7693.0,9090.0,10706.0,12525.0,14670.0,17083.0,19916.0,23102.0,26728.0,30745.0,35046.0,39395.0,43933.0,48444.0,52946.0,57500.0,61896.0,66236.0,70482.0,74590.0,78658.0,82447.0,86043.0,89504.0,92824.0,96155.0,99281.0,102137.0,104892.0,107488.0,109978.0,112303.0,114452.0,116553.0,118571.0,120422.0,122089.0,123746.0
0.0,0.0,0.0,0.0,0.0,0.0,0.0,1.0,2.0,3.0,3.0,6.0,6.0,7.0,9.0,9.0,15.0,17.0,18.0,21.0,27.0,32.0,37.0,45.0,51.0,61.0,72.0,85.0,102.0,120.0,149.0,186.0,235.0,280.0,338.0,406.0,487.0,584.0,721.0,859.0,1030.0,1233.0,1470.0,1749.0,2034.0,2403.0,2872.0,3417.0,4029.0,4763.0,5613.0,6605.0,7839.0,9213.0,10886.0,12772.0,14915.0,17369.0,20153.0,23315.0,26928.0,30679.0,34515.0,38485.0,42638.0,46650.0,50693.0,54612.0,58560.0,62341.0,66051.0,69520.0,72905.0,76205.0,79355.0,82450.0,85378.0,88170.0,90831.0,93284.0,95751.0,97926.0,100099.0,102092.0,103949.0,105765.0,107485.0,109051.0,110568.0
0.0,0.0,0.0,0.0,0.0,0.0,0.0,2.0,2.0,2.0,3.0,4.0,4.0,5.0,8.0,9.0,12.0,14.0,18.0,20.0,22.0,26.0,31.0,43.0,51.0,62.0,73.0,82.0,95.0,106.0,129.0,151.0,170.0,197.0,241.0,285.0,340.0,395.0,470.0,553.0,659.0,771.0,905.0,1069.0,1276.0,1531.0,1821.0,2148.0,2504.0,3004.0,3589.0,4236.0,5048.0,5948.0,6987.0,8209.0,9674.0,11374.0,13287.0,15446.0,17871.0,20573.0,23334.0,26194.0,29132.0,31969.0,34819.0,37730.0,40626.0,43446.0,46237.0,48969.0,51616.0,54162.0,56535.0,58840.0,61074.0,63182.0,65216.0,67178.0,69016.0,70758.0,72402.0,74015.0,75524.0,76939.0,78301.0,79569.0,80789.0
0.0,0.0,0.0,0.0,0.0,0.0,0.0,2.0,2.0,2.0,3.0,3.0,3.0,3.0,4.0,5.0,5.0,8.0,13.0,14.0,16.0,19.0,22.0,23.0,31.0,34.0,40.0,49.0,62.0,77.0,92.0,105.0,130.0,163.0,187.0,223.0,262.0,314.0,375.0,446.0,518.0,610.0,719.0,863.0,1024.0,1197.0,1410.0,1632.0,1900.0,2242.0,2651.0,3105.0,3639.0,4292.0,5024.0,5865.0,6879.0,8114.0,9506.0,11073.0,12883.0,14891.0,16993.0,19151.0,21347.0,23591.0,25800.0,28014.0,30125.0,32278.0,34348.0,36259.0,38226.0,40122.0,41861.0,43624.0,45268.0,46989.0,48532.0,49998.0,51428.0,52817.0,54171.0,55423.0,56600.0,57718.0,58799.0,59817.0,60739.0
0.0,0.0,0.0,0.0,0.0,0.0,1.0,2.0,2.0,2.0,2.0,2.0,2.0,3.0,3.0,3.0,3.0,3.0,4.0,5.0,9.0,10.0,11.0,16.0,21.0,23.0,25.0,28.0,32.0,38.0,49.0,60.0,73.0,99.0,119.0,148.0,180.0,219.0,263.0,315.0,388.0,464.0,547.0,654.0,782.0,921.0,1106.0,1303.0,1539.0,1814.0,2107.0,2456.0,2920.0,3442.0,4082.0,4804.0,5673.0,6638.0,7815.0,9198.0,10677.0,12325.0,14067.0,15810.0,17658.0,19477.0,21281.0,23033.0,24841.0,26535.0,28198.0,29849.0,31470.0,32979.0,34490.0,35925.0,37319.0,38690.0,39957.0,41204.0,42386.0,43498.0,44558.0,45573.0,46539.0,47448.0,48292.0,49100.0,49906.0
0.0,0.0,0.0,0.0,0.0,0.0,0.0,0.0,0.0,0.0,0.0,1.0,1.0,1.0,2.0,2.0,3.0,4.0,4.0,6.0,9.0,18.0,21.0,23.0,24.0,33.0,43.0,51.0,71.0,92.0,114.0,135.0,156.0,198.0,242.0,298.0,349.0,418.0,499.0,608.0,736.0,855.0,1025.0,1216.0,1464.0,1760.0,2055.0,2436.0,2907.0,3444.0,4119.0,4867.0,5748.0,6771.0,7913.0,9285.0,10833.0,12643.0,14745.0,17190.0,19984.0,22857.0,25882.0,28932.0,32018.0,35184.0,38331.0,41468.0,44579.0,47533.0,50489.0,53329.0,56183.0,58911.0,61533.0,63984.0,66302.0,68561.0,70703.0,72736.0,74706.0,76552.0,78323.0,79972.0,81557.0,83068.0,84483.0,85876.0,87143.0
0.0,0.0,0.0,0.0,0.0,1.0,2.0,3.0,3.0,3.0,3.0,3.0,5.0,5.0,6.0,7.0,8.0,12.0,15.0,15.0,17.0,18.0,20.0,24.0,28.0,33.0,35.0,45.0,54.0,65.0,74.0,87.0,108.0,133.0,163.0,203.0,254.0,307.0,377.0,426.0,496.0,600.0,717.0,866.0,1030.0,1227.0,1426.0,1668.0,1971.0,2343.0,2810.0,3358.0,3929.0,4631.0,5451.0,6382.0,7506.0,8854.0,10352.0,12090.0,14034.0,16153.0,18335.0,20666.0,22955.0,25270.0,27608.0,29931.0,32202.0,34441.0,36692.0,38846.0,40918.0,43024.0,44901.0,46833.0,48580.0,50286.0,51970.0,53485.0,55039.0,56534.0,57956.0,59301.0,60551.0,61675.0,62853.0,63932.0,64922.0
0.0,0.0,0.0,0.0,0.0,0.0,0.0,0.0,0.0,1.0,1.0,1.0,1.0,1.0,1.0,2.0,3.0,6.0,8.0,11.0,13.0,17.0,18.0,20.0,21.0,23.0,30.0,38.0,47.0,55.0,72.0,85.0,104.0,122.0,148.0,167.0,200.0,245.0,300.0,369.0,441.0,529.0,634.0,729.0,872.0,1045.0,1217.0,1443.0,1713.0,2023.0,2374.0,2769.0,3270.0,3869.0,4555.0,5362.0,6374.0,7513.0,8817.0,10221.0,11786.0,13575.0,15393.0,17323.0,19266.0,21260.0,23217.0,25180.0,27089.0,29021.0,30905.0,32763.0,34623.0,36360.0,38053.0,39634.0,41311.0,42801.0,44249.0,45665.0,46997.0,48265.0,49426.0,50573.0,51680.0,52700.0,53654.0,54558.0,55427.0
0.0,0.0,0.0,0.0,0.0,0.0,1.0,1.0,2.0,3.0,3.0,3.0,3.0,4.0,4.0,6.0,7.0,8.0,10.0,13.0,17.0,21.0,29.0,31.0,37.0,44.0,51.0,64.0,76.0,89.0,109.0,133.0,164.0,205.0,239.0,279.0,321.0,379.0,450.0,521.0,621.0,722.0,863.0,1017.0,1195.0,1402.0,1680.0,1975.0,2362.0,2794.0,3317.0,3964.0,4676.0,5501.0,6460.0,7658.0,8945.0,10502.0,12342.0,14524.0,16835.0,19406.0,22021.0,24731.0,27418.0,30134.0,32800.0,35565.0,38238.0,40723.0,43238.0,45686.0,48100.0,50345.0,52572.0,54804.0,56864.0,58861.0,60764.0,62597.0,64342.0,66071.0,67671.0,69198.0,70602.0,71943.0,73213.0,74411.0,75570.0
0.0,0.0,0.0,0.0,0.0,0.0,1.0,1.0,1.0,1.0,1.0,1.0,2.0,2.0,2.0,3.0,4.0,4.0,5.0,6.0,6.0,7.0,8.0,12.0,17.0,19.0,23.0,26.0,29.0,36.0,39.0,42.0,45.0,50.0,52.0,58.0,64.0,83.0,96.0,113.0,134.0,167.0,191.0,237.0,281.0,330.0,397.0,479.0,568.0,670.0,804.0,979.0,1172.0,1387.0,1622.0,1893.0,2259.0,2681.0,3183.0,3777.0,4429.0,5137.0,5876.0,6693.0,7473.0,8290.0,9083.0,9880.0,10664.0,11472.0,12260.0,13040.0,13795.0,14524.0,15209.0,15897.0,16583.0,17157.0,17775.0,18344.0,18892.0,19419.0,19968.0,20487.0,20957.0,21430.0,21846.0,22251.0,22673.0
0.0,0.0,0.0,0.0,0.0,0.0,1.0,1.0,2.0,2.0,3.0,3.0,3.0,4.0,6.0,6.0,6.0,7.0,9.0,11.0,15.0,17.0,25.0,36.0,46.0,51.0,59.0,66.0,75.0,96.0,112.0,128.0,151.0,170.0,199.0,228.0,266.0,320.0,389.0,468.0,563.0,687.0,823.0,978.0,1148.0,1363.0,1619.0,1905.0,2255.0,2633.0,3131.0,3695.0,4362.0,5213.0,6129.0,7215.0,8531.0,10068.0,11777.0,13692.0,15900.0,18319.0,20814.0,23387.0,26007.0,28623.0,31314.0,33937.0,36463.0,39055.0,41605.0,44027.0,46422.0,48614.0,50896.0,52968.0,54997.0,56885.0,58803.0,60528.0,62261.0,63863.0,65422.0,66784.0,68148.0,69498.0,70767.0,71968.0,73049.0
0.0,0.0,0.0,0.0,0.0,0.0,1.0,1.0,1.0,2.0,2.0,2.0,2.0,4.0,4.0,5.0,5.0,6.0,8.0,11.0,14.0,21.0,24.0,34.0,41.0,53.0,67.0,83.0,102.0,127.0,153.0,183.0,213.0,250.0,300.0,368.0,442.0,531.0,629.0,737.0,891.0,1083.0,1277.0,1531.0,1811.0,2157.0,2564.0,3027.0,3591.0,4279.0,5007.0,5950.0,7033.0,8300.0,9749.0,11423.0,13390.0,15639.0,18211.0,21191.0,24468.0,27987.0,31614.0,35371.0,39087.0,42823.0,46513.0,50143.0,53880.0,57423.0,61059.0,64471.0,67724.0,70813.0,73835.0,76696.0,79353.0,81990.0,84505.0,86907.0,89193.0,91409.0,93518.0,95462.0,97228.0,98954.0,100583.0,102057.0,103499.0
0.0,0.0,0.0,0.0,0.0,0.0,0.0,0.0,0.0,0.0,0.0,0.0,1.0,1.0,3.0,4.0,5.0,7.0,8.0,11.0,13.0,17.0,20.0,26.0,35.0,43.0,55.0,67.0,79.0,95.0,117.0,146.0,165.0,194.0,219.0,273.0,327.0,388.0,462.0,539.0,644.0,763.0,907.0,1070.0,1285.0,1536.0,1811.0,2141.0,2518.0,2982.0,3539.0,4197.0,4949.0,5812.0,6785.0,8012.0,9433.0,11011.0,12935.0,15016.0,17376.0,19966.0,22715.0,25367.0,28226.0,31065.0,33856.0,36729.0,39529.0,42181.0,44869.0,47402.0,49842.0,52268.0,54571.0,56893.0,59039.0,61130.0,63081.0,64884.0,66733.0,68505.0,70055.0,71581.0,73085.0,74509.0,75914.0,77191.0,78317.0
0.0,0.0,0.0,0.0,0.0,0.0,1.0,1.0,2.0,3.0,3.0,4.0,4.0,5.0,5.0,8.0,8.0,9.0,10.0,15.0,17.0,23.0,28.0,32.0,36.0,43.0,50.0,62.0,69.0,83.0,95.0,112.0,126.0,156.0,190.0,220.0,257.0,300.0,354.0,421.0,518.0,595.0,702.0,825.0,1003.0,1187.0,1381.0,1617.0,1909.0,2251.0,2692.0,3161.0,3802.0,4459.0,5211.0,6135.0,7261.0,8571.0,10039.0,11783.0,13713.0,15817.0,18060.0,20288.0,22651.0,24925.0,27271.0,29528.0,31867.0,34090.0,36249.0,38410.0,40516.0,42587.0,44536.0,46315.0,48130.0,49863.0,51486.0,53041.0,54522.0,55996.0,57439.0,58802.0,59992.0,61186.0,62304.0,63338.0,64336.0
0.0,0.0,0.0,0.0,0.0,0.0,1.0,1.0,1.0,1.0,1.0,2.0,2.0,4.0,5.0,8.0,12.0,13.0,16.0,18.0,22.0,28.0,36.0,46.0,54.0,65.0,75.0,97.0,123.0,138.0,167.0,200.0,234.0,276.0,340.0,422.0,501.0,591.0,696.0,811.0,963.0,1150.0,1361.0,1636.0,1970.0,2336.0,2755.0,3238.0,3769.0,4427.0,5231.0,6145.0,7200.0,8445.0,9831.0,11548.0,13477.0,15769.0,18317.0,21307.0,24508.0,27880.0,31440.0,35122.0,38965.0,42660.0,46427.0,50170.0,53831.0,57325.0,60742.0,64080.0,67320.0,70376.0,73299.0,76105.0,78841.0,81372.0,83895.0,86207.0,88413.0,90497.0,92555.0,94465.0,96302.0,97968.0,99543.0,101036.0,102440.0
0.0,0.0,0.0,0.0,0.0,0.0,0.0,1.0,2.0,2.0,2.0,3.0,4.0,4.0,6.0,9.0,12.0,12.0,15.0,16.0,23.0,28.0,36.0,43.0,46.0,55.0,67.0,76.0,90.0,101.0,118.0,143.0,168.0,203.0,240.0,277.0,320.0,381.0,437.0,509.0,597.0,689.0,820.0,978.0,1139.0,1339.0,1588.0,1859.0,2207.0,2611.0,3071.0,3592.0,4262.0,4990.0,5863.0,6915.0,8104.0,9523.0,11118.0,12974.0,15104.0,17336.0,19745.0,22194.0,24723.0,27211.0,29773.0,32137.0,34596.0,36967.0,39360.0,41620.0,43928.0,46094.0,48145.0,50148.0,52121.0,53944.0,55706.0,57353.0,58918.0,60443.0,61822.0,63173.0,64502.0,65688.0,66926.0,68006.0,69080.0
0.0,0.0,0.0,0.0,0.0,0.0,1.0,1.0,2.0,2.0,2.0,2.0,2.0,3.0,5.0,7.0,9.0,10.0,10.0,12.0,15.0,16.0,21.0,31.0,38.0,53.0,58.0,61.0,75.0,93.0,112.0,137.0,165.0,199.0,230.0,279.0,339.0,406.0,489.0,592.0,696.0,823.0,960.0,1164.0,1374.0,1626.0,1896.0,2266.0,2703.0,3227.0,3757.0,4448.0,5227.0,6148.0,7214.0,8446.0,9913.0,11648.0,13562.0,15803.0,18263.0,20804.0,23525.0,26408.0,29365.0,32263.0,35146.0,37929.0,40825.0,43574.0,46308.0,48989.0,51569.0,54066.0,56472.0,58812.0,60982.0,63067.0,65071.0,67025.0,68860.0,70648.0,72250.0,73891.0,75370.0,76837.0,78235.0,79532.0,80743.0
0.0,0.0,0.0,0.0,0.0,0.0,0.0,0.0,0.0,2.0,3.0,3.0,5.0,6.0,7.0,7.0,12.0,13.0,21.0,25.0,32.0,38.0,45.0,55.0,68.0,78.0,93.0,112.0,142.0,165.0,195.0,233.0,277.0,320.0,381.0,463.0,547.0,645.0,767.0,899.0,1071.0,1301.0,1521.0,1784.0,2153.0,2526.0,3020.0,3579.0,4259.0,5046.0,5930.0,6975.0,8143.0,9452.0,11119.0,12974.0,15079.0,17503.0,20346.0,23669.0,27179.0,30902.0,34856.0,38737.0,42768.0,46884.0,50732.0,54606.0,58401.0,62068.0,65628.0,69155.0,72579.0,75835.0,78983.0,81942.0,84808.0,87523.0,90134.0,92646.0,94999.0,97200.0,99229.0,101237.0,103138.0,104982.0,106646.0,108152.0,109677.0
0.0,0.0,0.0,0.0,0.0,0.0,1.0,2.0,2.0,2.0,2.0,3.0,4.0,6.0,6.0,7.0,9.0,9.0,11.0,14.0,17.0,18.0,21.0,26.0,32.0,39.0,51.0,65.0,75.0,92.0,106.0,124.0,144.0,179.0,214.0,259.0,309.0,372.0,445.0,524.0,624.0,728.0,882.0,1019.0,1238.0,1453.0,1728.0,2054.0,2463.0,2932.0,3456.0,4057.0,4794.0,5631.0,6575.0,7719.0,9067.0,10652.0,12407.0,14434.0,16682.0,19200.0,21732.0,24428.0,27078.0,29797.0,32537.0,35218.0,37741.0,40289.0,42812.0,45291.0,47644.0,49846.0,52129.0,54360.0,56430.0,58401.0,60286.0,61963.0,63649.0,65297.0,66818.0,68297.0,69714.0,71062.0,72291.0,73490.0,74577.0
0.0,0.0,0.0,0.0,0.0,0.0,0.0,0.0,0.0,0.0,2.0,2.0,2.0,2.0,4.0,4.0,8.0,12.0,13.0,18.0,19.0,24.0,27.0,35.0,48.0,60.0,84.0,101.0,126.0,155.0,192.0,235.0,274.0,333.0,407.0,473.0,572.0,672.0,827.0,984.0,1165.0,1376.0,1642.0,1919.0,2266.0,2693.0,3205.0,3735.0,4381.0,5159.0,6067.0,7185.0,8402.0,9869.0,11521.0,13539.0,15864.0,18402.0,21403.0,24784.0,28457.0,32268.0,36246.0,40330.0,44477.0,48646.0,52827.0,56936.0,60918.0,64870.0,68601.0,72215.0,75722.0,79108.0,82350.0,85410.0,88359.0,91166.0,93843.0,96442.0,98811.0,101041.0,103194.0,105177.0,107144.0,109029.0,110714.0,112345.0,113865.0
0.0,0.0,0.0,0.0,0.0,0.0,2.0,2.0,3.0,3.0,3.0,4.0,4.0,5.0,5.0,5.0,6.0,6.0,8.0,11.0,12.0,15.0,16.0,20.0,21.0,25.0,28.0,32.0,33.0,36.0,43.0,53.0,62.0,74.0,85.0,98.0,119.0,143.0,162.0,185.0,218.0,260.0,296.0,350.0,413.0,478.0,559.0,640.0,759.0,902.0,1076.0,1232.0,1472.0,1763.0,2064.0,2414.0,2848.0,3316.0,3864.0,4517.0,5249.0,6095.0,6956.0,7921.0,8839.0,9795.0,10767.0,11746.0,12716.0,13631.0,14533.0,15416.0,16341.0,17226.0,17995.0,18792.0,19587.0,20311.0,21062.0,21713.0,22390.0,23025.0,23617.0,24195.0,24752.0,25282.0,25774.0,26247.0,26732.0
0.0,0.0,0.0,0.0,0.0,0.0,0.0,0.0,0.0,0.0,0.0,1.0,3.0,5.0,6.0,7.0,9.0,10.0,17.0,18.0,21.0,24.0,26.0,28.0,37.0,45.0,58.0,66.0,75.0,87.0,108.0,127.0,160.0,184.0,220.0,267.0,310.0,372.0,414.0,475.0,557.0,651.0,762.0,888.0,1057.0,1237.0,1440.0,1740.0,2080.0,2445.0,2914.0,3429.0,4061.0,4758.0,5608.0,6566.0,7709.0,9055.0,10617.0,12414.0,14526.0,16694.0,19007.0,21459.0,24066.0,26628.0,29124.0,31574.0,33947.0,36384.0,38613.0,40856.0,43039.0,45207.0,47265.0,49202.0,51155.0,52985.0,54681.0,56438.0,58022.0,59517.0,61003.0,62437.0,63667.0,64901.0,66110.0,67237.0,68345.0
0.0,0.0,0.0,0.0,0.0,0.0,0.0,0.0,1.0,1.0,2.0,3.0,7.0,9.0,10.0,12.0,19.0,22.0,26.0,33.0,40.0,49.0,60.0,73.0,81.0,98.0,109.0,136.0,151.0,183.0,217.0,261.0,315.0,369.0,431.0,505.0,592.0,713.0,844.0,1027.0,1236.0,1476.0,1751.0,2095.0,2475.0,2932.0,3453.0,4008.0,4746.0,5593.0,6578.0,7721.0,9005.0,10477.0,12266.0,14346.0,16715.0,19334.0,22334.0,25730.0,29507.0,33541.0,37686.0,42098.0,46345.0,50771.0,54996.0,59148.0,63355.0,67340.0,71130.0,74822.0,78403.0,81796.0,85132.0,88293.0,91313.0,94191.0,96927.0,99635.0,102136.0,104537.0,106804.0,108956.0,110999.0,112905.0,114657.0,116344.0,117905.0
0.0,0.0,0.0,0.0,0.0,0.0,0.0,0.0,0.0,0.0,2.0,2.0,4.0,5.0,7.0,7.0,8.0,9.0,9.0,14.0,22.0,30.0,35.0,41.0,48.0,63.0,76.0,88.0,106.0,131.0,168.0,201.0,235.0,270.0,312.0,359.0,432.0,514.0,609.0,723.0,835.0,992.0,1167.0,1373.0,1621.0,1893.0,2242.0,2647.0,3122.0,3667.0,4302.0,5090.0,5995.0,7079.0,8231.0,9586.0,11213.0,13113.0,15261.0,17804.0,20534.0,23433.0,26519.0,29684.0,32851.0,36070.0,39240.0,42402.0,45513.0,48554.0,51530.0,54377.0,57090.0,59794.0,62303.0,64778.0,67223.0,69608.0,71820.0,73873.0,75877.0,77705.0,79467.0,81132.0,82712.0,84206.0,85618.0,86966.0,88244.0
0.0,0.0,0.0,0.0,0.0,0.0,0.0,0.0,0.0,1.0,1.0,1.0,2.0,3.0,5.0,5.0,5.0,5.0,9.0,12.0,17.0,21.0,26.0,33.0,41.0,47.0,62.0,70.0,87.0,99.0,117.0,148.0,174.0,215.0,252.0,307.0,373.0,447.0,539.0,659.0,778.0,925.0,1097.0,1301.0,1525.0,1829.0,2169.0,2589.0,3045.0,3607.0,4243.0,5055.0,5901.0,6951.0,8156.0,9578.0,11219.0,13153.0,15251.0,17850.0,20626.0,23676.0,26930.0,30281.0,33657.0,36923.0,40236.0,43484.0,46767.0,49874.0,52948.0,55816.0,58640.0,61460.0,64116.0,66612.0,69076.0,71417.0,73614.0,75716.0,77746.0,79671.0,81479.0,83225.0,84867.0,86478.0,87975.0,89350.0,90674.0
0.0,0.0,0.0,0.0,0.0,0.0,0.0,2.0,2.0,2.0,2.0,5.0,5.0,6.0,6.0,7.0,7.0,8.0,9.0,9.0,10.0,13.0,13.0,14.0,19.0,24.0,31.0,37.0,44.0,51.0,60.0,75.0,92.0,105.0,114.0,147.0,178.0,215.0,254.0,300.0,346.0,421.0,503.0,584.0,685.0,795.0,948.0,1135.0,1326.0,1562.0,1830.0,2153.0,2579.0,3033.0,3605.0,4289.0,5044.0,5964.0,6961.0,8266.0,9651.0,11134.0,12743.0,14398.0,16040.0,17691.0,19422.0,21130.0,22823.0,24452.0,26081.0,27611.0,29118.0,30616.0,32066.0,33484.0,34772.0,36058.0,37293.0,38447.0,39596.0,40661.0,41726.0,42684.0,43598.0,44500.0,45336.0,46170.0,46919.0
0.0,0.0,0.0,0.0,0.0,0.0,0.0,0.0,0.0,0.0,0.0,1.0,2.0,2.0,3.0,5.0,5.0,7.0,7.0,10.0,12.0,16.0,18.0,20.0,24.0,31.0,38.0,43.0,53.0,60.0,74.0,86.0,107.0,125.0,151.0,188.0,227.0,288.0,345.0,403.0,481.0,566.0,662.0,789.0,956.0,1128.0,1342.0,1592.0,1868.0,2188.0,2601.0,3081.0,3631.0,4293.0,5047.0,6003.0,7143.0,8320.0,9748.0,11398.0,13269.0,15273.0,17421.0,19627.0,21824.0,24055.0,26368.0,28588.0,30808.0,32956.0,35119.0,37139.0,39194.0,41149.0,43046.0,44899.0,46523.0,48194.0,49790.0,51309.0,52720.0,54071.0,55417.0,56602.0,57798.0,58950.0,59991.0,61006.0,62034.0
0.0,0.0,0.0,0.0,0.0,0.0,0.0,0.0,0.0,1.0,1.0,3.0,3.0,5.0,7.0,7.0,8.0,9.0,10.0,10.0,11.0,12.0,14.0,20.0,21.0,22.0,24.0,32.0,39.0,43.0,51.0,61.0,78.0,97.0,115.0,136.0,157.0,178.0,208.0,256.0,305.0,350.0,417.0,486.0,566.0,658.0,803.0,967.0,1148.0,1375.0,1630.0,1914.0,2302.0,2747.0,3281.0,3897.0,4588.0,5402.0,6355.0,7416.0,8667.0,10061.0,11501.0,12999.0,14531.0,16058.0,17590.0,19088.0,20611.0,22124.0,23610.0,25089.0,26492.0,27809.0,29103.0,30349.0,31597.0,32761.0,33870.0,34946.0,35993.0,36929.0,37899.0,38734.0,39585.0,40375.0,41178.0,41867.0,42574.0
0.0,0.0,0.0,0.0,0.0,0.0,0.0,0.0,0.0,0.0,1.0,1.0,2.0,3.0,6.0,6.0,10.0,15.0,20.0,27.0,35.0,41.0,53.0,70.0,89.0,105.0,129.0,156.0,192.0,233.0,276.0,333.0,396.0,492.0,586.0,699.0,844.0,999.0,1176.0,1405.0,1672.0,1995.0,2353.0,2805.0,3319.0,3921.0,4608.0,5378.0,6320.0,7483.0,8763.0,10270.0,11989.0,14053.0,16534.0,19250.0,22409.0,25925.0,29919.0,34335.0,39039.0,44233.0,49410.0,54819.0,60228.0,65589.0,70830.0,76053.0,81034.0,85920.0,90628.0,95141.0,99542.0,103635.0,107640.0,111365.0,115036.0,118400.0,121759.0,124879.0,127832.0,130571.0,133122.0,135539.0,137828.0,139988.0,142070.0,144078.0,145858.0
0.0,0.0,0.0,0.0,0.0,0.0,0.0,0.0,0.0,0.0,2.0,2.0,4.0,4.0,4.0,6.0,7.0,9.0,11.0,15.0,16.0,20.0,30.0,35.0,46.0,54.0,62.0,82.0,95.0,106.0,132.0,165.0,203.0,234.0,280.0,346.0,401.0,471.0,561.0,682.0,806.0,966.0,1150.0,1382.0,1674.0,2027.0,2415.0,2874.0,3416.0,4084.0,4862.0,5786.0,6828.0,8006.0,9422.0,11031.0,12898.0,15018.0,17485.0,20283.0,23371.0,26671.0,30182.0,33823.0,37483.0,41142.0,44751.0,48225.0,51736.0,55213.0,58437.0,61742.0,64887.0,67919.0,70859.0,73611.0,76305.0,78820.0,81304.0,83603.0,85774.0,87788.0,89703.0,91613.0,93350.0,94983.0,96530.0,98020.0,99431.0
0.0,0.0,0.0,0.0,0.0,1.0,1.0,2.0,2.0,3.0,4.0,4.0,7.0,7.0,9.0,11.0,12.0,14.0,14.0,16.0,19.0,22.0,26.0,29.0,37.0,39.0,43.0,50.0,56.0,68.0,88.0,102.0,118.0,143.0,161.0,198.0,231.0,279.0,326.0,389.0,460.0,531.0,626.0,731.0,890.0,1025.0,1197.0,1408.0,1655.0,1953.0,2295.0,2711.0,3229.0,3841.0,4495.0,5261.0,6197.0,7272.0,8512.0,9974.0,11627.0,13411.0,15294.0,17200.0,19207.0,21216.0,23144.0,25082.0,27048.0,28888.0,30803.0,32607.0,34398.0,36095.0,37782.0,39437.0,41010.0,42510.0,44018.0,45404.0,46684.0,47887.0,49045.0,50196.0,51306.0,52341.0,53324.0,54242.0,55077.0
0.0,0.0,0.0,0.0,0.0,0.0,0.0,2.0,2.0,2.0,2.0,2.0,3.0,3.0,3.0,3.0,5.0,5.0,6.0,8.0,8.0,13.0,15.0,23.0,26.0,31.0,39.0,48.0,60.0,73.0,90.0,105.0,125.0,146.0,175.0,199.0,239.0,271.0,318.0,379.0,438.0,502.0,595.0,709.0,827.0,979.0,1150.0,1380.0,1634.0,1930.0,2292.0,2696.0,3146.0,3718.0,4380.0,5217.0,6141.0,7209.0,8486.0,9941.0,11543.0,13347.0,15209.0,17160.0,19157.0,21172.0,23271.0,25271.0,27254.0,29280.0,31194.0,33167.0,35032.0,36805.0,38551.0,40317.0,41950.0,43425.0,44921.0,46249.0,47553.0,48899.0,50134.0,51356.0,52462.0,53503.0,54496.0,55449.0,56356.0
