0.0	0.0	0.0	0.0	1.0	2.0	2.0	3.0	4.0	3.0	3.0	4.0	6.0	5.0	6.0	5.0	9.0	13.0	17.0	19.0	24.0	25.0	29.0	31.0	41.0	45.0	49.0	63.0	70.0	84.0	94.0	110.0	114.0	136.0	152.0	183.0	209.0	233.0	274.0	318.0	377.0	457.0	556.0	646.0	746.0	883.0	1052.0	1241.0	1492.0	1760.0	2046.0	2436.0	2876.0	3268.0	3721.0	4103.0	4490.0	4872.0	5231.0	5612.0	5968.0	6337.0	6633.0	6996.0	7287.0	7610.0	7915.0	8236.0	8564.0	8837.0	9118.0	9383.0	9683.0	9899.0	10121.0	10377.0	10615.0	10921.0	11204.0	11557.0	11807.0	12018.0	12267.0	12500.0	12701.0	12918.0	13187.0	13385.0	13567.0	13761.0	14003.0	14191.0	14352.0	14532.0	14686.0	14863.0	14999.0	15159.0	15344.0	15445.0	15544.0	15656.0	15724.0	15827.0	15938.0	16037.0	16143.0	16263.0	16242.0	16324.0	16338.0	16365.0	16396.0	16438.0	16473.0	16471.0	16548.0	16463.0
0.0	0.0	0.0	0.0	0.0	0.0	0.0	0.0	1.0	1.0	3.0	3.0	4.0	6.0	9.0	15.0	18.0	19.0	22.0	20.0	23.0	26.0	30.0	32.0	35.0	39.0	46.0	57.0	69.0	82.0	90.0	104.0	123.0	141.0	171.0	186.0	207.0	250.0	293.0	316.0	364.0	437.0	525.0	618.0	755.0	874.0	1017.0	1197.0	1415.0	1641.0	1899.0	2223.0	2591.0	2954.0	3338.0	3723.0	4100.0	4456.0	4812.0	5212.0	5509.0	5780.0	6056.0	6280.0	6619.0	6915.0	7230.0	7507.0	7785.0	7974.0	8210.0	8403.0	8667.0	8934.0	9171.0	9342.0	9550.0	9791.0	10093.0	10275.0	10507.0	10727.0	10956.0	11184.0	11372.0	11507.0	11685.0	11869.0	12013.0	12039.0	12176.0	12313.0	12453.0	12618.0	12766.0	12897.0	12975.0	13115.0	13253.0	13380.0	13472.0	13704.0	13785.0	13882.0	14013.0	14107.0	14200.0	14321.0	14330.0	14354.0	14474.0	14539.0	14648.0	14727.0	14757.0	14797.0	14858.0	14953.0
0.0	0.0	0.0	0.0	0.0	1.0	1.0	2.0	3.0	4.0	6.0	10.0	12.0	13.0	13.0	15.0	18.0	17.0	21.0	25.0	29.0	35.0	49.0	52.0	66.0	84.0	102.0	124.0	140.0	168.0	193.0	235.0	256.0	300.0	363.0	405.0	482.0	564.0	647.0	778.0	896.0	1077.0	1293.0	1547.0	1803.0	2116.0	2492.0	2917.0	3402.0	3969.0	4688.0	5384.0	6208.0	7071.0	7851.0	8724.0	9541.0	10271.0	11080.0	11856.0	12505.0	13260.0	13871.0	14440.0	14980.0	15498.0	16070.0	16507.0	17002.0	17299.0	17731.0	18190.0	18607.0	18993.0	19304.0	19746.0	20066.0	20340.0	20656.0	20946.0	21087.0	21314.0	21414.0	21516.0	21566.0	21697.0	21870.0	21940.0	21900.0	22028.0	22017.0	22058.0	22069.0	21979.0	21935.0	21926.0	21875.0	21772.0	21638.0	21485.0	21373.0	21290.0	21215.0	21096.0	20905.0	20709.0	20552.0	20356.0	20174.0	19926.0	19771.0	19669.0	19451.0	19240.0	19090.0	18930.0	18748.0	18515.0
0.0	0.0	0.0	0.0	0.0	1.0	1.0	3.0	3.0	5.0	5.0	7.0	6.0	9.0	12.0	11.0	12.0	14.0	18.0	23.0	26.0	33.0	48.0	59.0	70.0	90.0	112.0	129.0	148.0	177.0	218.0	264.0	310.0	379.0	448.0	524.0	631.0	756.0	904.0	1068.0	1241.0	1457.0	1699.0	2048.0	2422.0	2883.0	3341.0	3886.0	4528.0	5315.0	6250.0	7283.0	8394.0	9360.0	10491.0	11580.0	12690.0	13740.0	14691.0	15532.0	16390.0	17160.0	17961.0	18782.0	19383.0	20022.0	20668.0	21389.0	21934.0	22525.0	23006.0	23470.0	23827.0	24169.0	24514.0	24870.0	25215.0	25517.0	25652.0	25832.0	26016.0	26115.0	26222.0	26417.0	26483.0	26567.0	26549.0	26544.0	26429.0	26371.0	26333.0	26241.0	26161.0	26069.0	25884.0	25747.0	25481.0	25277.0	25144.0	24872.0	24581.0	24339.0	24087.0	23762.0	23428.0	23122.0	22844.0	22523.0	22245.0	21936.0	21636.0	21255.0	20912.0	20566.0	20248.0	19926.0	19555.0	19197.0
0.0	0.0	0.0	0.0	0.0	0.0	1.0	1.0	2.0	4.0	5.0	7.0	9.0	15.0	18.0	21.0	29.0	33.0	38.0	42.0	50.0	53.0	62.0	78.0	94.0	122.0	139.0	162.0	194.0	238.0	269.0	320.0	369.0	430.0	502.0	595.0	702.0	823.0	969.0	1148.0	1359.0	1576.0	1820.0	2172.0	2563.0	2978.0	3510.0	4142.0	4921.0	5663.0	6551.0	7621.0	8687.0	9961.0	11209.0	12360.0	13577.0	14704.0	15751.0	16641.0	17526.0	18413.0	19294.0	20049.0	20936.0	21638.0	22240.0	22916.0	23390.0	23932.0	24484.0	24827.0	25191.0	25587.0	25862.0	26092.0	26376.0	26686.0	26918.0	27129.0	27283.0	27308.0	27375.0	27356.0	27382.0	27370.0	27334.0	27153.0	27139.0	27005.0	26924.0	26771.0	26619.0	26426.0	26201.0	25903.0	25682.0	25474.0	25192.0	24866.0	24516.0	24226.0	23917.0	23631.0	23217.0	22871.0	22504.0	22126.0	21825.0	21525.0	21120.0	20655.0	20258.0	19978.0	19754.0	19431.0	19055.0	18718.0
0.0	0.0	0.0	1.0	2.0	2.0	3.0	2.0	2.0	4.0	4.0	6.0	8.0	12.0	12.0	15.0	15.0	17.0	20.0	27.0	33.0	40.0	46.0	53.0	57.0	65.0	81.0	95.0	123.0	149.0	172.0	193.0	228.0	263.0	310.0	373.0	443.0	537.0	634.0	758.0	924.0	1072.0	1278.0	1553.0	1834.0	2171.0	2565.0	2996.0	3619.0	4210.0	4950.0	5770.0	6674.0	7668.0	8622.0	9495.0	10351.0	11252.0	12122.0	12917.0	13697.0	14396.0	15052.0	15637.0	16269.0	16794.0	17275.0	17869.0	18398.0	18926.0	19315.0	19639.0	20081.0	20513.0	20874.0	21261.0	21621.0	21972.0	22277.0	22590.0	22848.0	23010.0	23325.0	23478.0	23590.0	23697.0	23771.0	23817.0	23997.0	24010.0	24047.0	24087.0	24000.0	23947.0	23941.0	23965.0	23972.0	23868.0	23770.0	23604.0	23512.0	23381.0	23275.0	23095.0	22887.0	22667.0	22460.0	22285.0	22048.0	21762.0	21518.0	21231.0	20987.0	20737.0	20508.0	20264.0	19967.0	19725.0
0.0	0.0	0.0	0.0	0.0	2.0	4.0	4.0	5.0	5.0	5.0	6.0	5.0	6.0	6.0	10.0	11.0	12.0	10.0	12.0	13.0	15.0	17.0	17.0	20.0	24.0	30.0	37.0	41.0	41.0	47.0	59.0	69.0	82.0	109.0	120.0	144.0	160.0	193.0	225.0	258.0	301.0	346.0	409.0	476.0	551.0	640.0	751.0	842.0	1009.0	1210.0	1431.0	1611.0	1828.0	2062.0	2280.0	2496.0	2697.0	2896.0	3117.0	3290.0	3513.0	3716.0	3958.0	4138.0	4353.0	4492.0	4634.0	4800.0	4974.0	5142.0	5355.0	5547.0	5740.0	5879.0	6041.0	6213.0	6424.0	6633.0	6815.0	6972.0	7161.0	7346.0	7528.0	7683.0	7896.0	8080.0	8279.0	8395.0	8622.0	8808.0	8986.0	9209.0	9407.0	9514.0	9702.0	9876.0	10001.0	10240.0	10349.0	10506.0	10696.0	10810.0	10940.0	11046.0	11176.0	11290.0	11408.0	11503.0	11658.0	11766.0	11897.0	12002.0	12158.0	12239.0	12309.0	12377.0	12459.0
0.0	0.0	0.0	0.0	0.0	1.0	1.0	2.0	5.0	7.0	8.0	9.0	9.0	11.0	12.0	14.0	17.0	20.0	27.0	33.0	43.0	46.0	54.0	64.0	77.0	85.0	96.0	115.0	130.0	145.0	165.0	186.0	207.0	241.0	274.0	315.0	378.0	450.0	554.0	640.0	754.0	905.0	1072.0	1283.0	1543.0	1806.0	2100.0	2440.0	2912.0	3364.0	3878.0	4537.0	5186.0	5756.0	6467.0	7235.0	7880.0	8529.0	9271.0	9852.0	10445.0	10970.0	11511.0	12015.0	12502.0	12949.0	13412.0	13843.0	14294.0	14719.0	15079.0	15440.0	15729.0	16040.0	16426.0	16724.0	16956.0	17161.0	17512.0	17767.0	18127.0	18390.0	18630.0	18816.0	18963.0	19127.0	19272.0	19461.0	19607.0	19680.0	19782.0	19911.0	19943.0	20023.0	20036.0	20014.0	20012.0	20078.0	20042.0	19981.0	20031.0	19997.0	20008.0	19903.0	19827.0	19668.0	19633.0	19516.0	19450.0	19346.0	19237.0	19093.0	19025.0	18910.0	18765.0	18540.0	18389.0	18141.0
0.0	0.0	0.0	1.0	1.0	1.0	3.0	5.0	4.0	5.0	5.0	6.0	6.0	8.0	9.0	11.0	11.0	11.0	10.0	12.0	15.0	18.0	24.0	26.0	35.0	45.0	53.0	56.0	59.0	67.0	94.0	115.0	126.0	139.0	166.0	198.0	239.0	283.0	323.0	371.0	438.0	510.0	602.0	683.0	798.0	925.0	1100.0	1275.0	1489.0	1736.0	2018.0	2352.0	2744.0	3131.0	3545.0	3923.0	4320.0	4722.0	5111.0	5442.0	5771.0	6065.0	6405.0	6672.0	6994.0	7280.0	7577.0	7865.0	8144.0	8379.0	8595.0	8875.0	9072.0	9345.0	9595.0	9865.0	10092.0	10408.0	10631.0	10811.0	11042.0	11287.0	11561.0	11783.0	11948.0	12156.0	12426.0	12574.0	12784.0	12915.0	13104.0	13269.0	13487.0	13671.0	13823.0	14022.0	14134.0	14281.0	14416.0	14619.0	14787.0	14906.0	15084.0	15203.0	15350.0	15434.0	15619.0	15710.0	15821.0	15853.0	15930.0	15998.0	16013.0	16041.0	16019.0	16009.0	16025.0	16094.0
0.0	0.0	0.0	0.0	0.0	1.0	1.0	1.0	2.0	5.0	5.0	5.0	12.0	12.0	14.0	17.0	21.0	24.0	30.0	32.0	41.0	47.0	57.0	67.0	81.0	88.0	94.0	109.0	123.0	134.0	153.0	192.0	223.0	257.0	307.0	357.0	404.0	480.0	570.0	660.0	755.0	881.0	1028.0	1195.0	1392.0	1609.0	1885.0	2199.0	2545.0	3000.0	3482.0	4066.0	4686.0	5386.0	5996.0	6687.0	7326.0	7993.0	8588.0	9197.0	9698.0	10303.0	10893.0	11413.0	11965.0	12449.0	12965.0	13402.0	13800.0	14252.0	14602.0	15009.0	15381.0	15793.0	16122.0	16427.0	16731.0	16979.0	17331.0	17651.0	17829.0	18070.0	18339.0	18608.0	18866.0	19023.0	19255.0	19413.0	19600.0	19690.0	19819.0	19972.0	20034.0	20137.0	20179.0	20186.0	20265.0	20312.0	20367.0	20404.0	20367.0	20380.0	20304.0	20276.0	20286.0	20209.0	20173.0	20065.0	20027.0	19964.0	19848.0	19738.0	19576.0	19473.0	19307.0	19105.0	18988.0	18856.0
0.0	0.0	0.0	0.0	0.0	1.0	3.0	3.0	3.0	4.0	6.0	5.0	5.0	6.0	6.0	8.0	9.0	15.0	15.0	17.0	20.0	21.0	27.0	33.0	36.0	44.0	57.0	78.0	82.0	103.0	124.0	148.0	176.0	194.0	219.0	253.0	295.0	356.0	422.0	507.0	594.0	711.0	836.0	992.0	1180.0	1396.0	1665.0	1914.0	2238.0	2610.0	3053.0	3590.0	4214.0	4765.0	5309.0	5915.0	6498.0	7100.0	7631.0	8182.0	8718.0	9210.0	9692.0	10129.0	10566.0	10957.0	11371.0	11860.0	12232.0	12666.0	13094.0	13423.0	13825.0	14161.0	14483.0	14803.0	15110.0	15344.0	15617.0	15948.0	16215.0	16443.0	16685.0	16885.0	17045.0	17213.0	17478.0	17709.0	17911.0	18082.0	18260.0	18419.0	18519.0	18555.0	18717.0	18822.0	18941.0	19040.0	19144.0	19166.0	19214.0	19238.0	19393.0	19448.0	19463.0	19427.0	19426.0	19406.0	19331.0	19321.0	19258.0	19202.0	19132.0	19068.0	18980.0	18889.0	18783.0	18716.0
0.0	0.0	0.0	0.0	1.0	3.0	3.0	2.0	3.0	4.0	5.0	7.0	10.0	12.0	14.0	18.0	19.0	22.0	25.0	33.0	34.0	44.0	50.0	58.0	60.0	77.0	94.0	113.0	134.0	140.0	159.0	192.0	230.0	284.0	343.0	404.0	490.0	568.0	675.0	803.0	908.0	1077.0	1286.0	1521.0	1783.0	2126.0	2485.0	2940.0	3462.0	4037.0	4726.0	5532.0	6467.0	7390.0	8331.0	9260.0	10281.0	11131.0	11883.0	12671.0	13405.0	14172.0	14864.0	15537.0	16192.0	16779.0	17368.0	17898.0	18514.0	18944.0	19444.0	19862.0	20292.0	20734.0	21045.0	21320.0	21607.0	21874.0	22146.0	22409.0	22558.0	22800.0	22939.0	23035.0	23141.0	23235.0	23347.0	23489.0	23524.0	23610.0	23716.0	23658.0	23600.0	23658.0	23693.0	23540.0	23388.0	23249.0	23125.0	22956.0	22834.0	22718.0	22550.0	22389.0	22137.0	22045.0	21842.0	21602.0	21380.0	21076.0	20899.0	20672.0	20391.0	20149.0	19910.0	19634.0	19407.0	19208.0
0.0	0.0	0.0	0.0	0.0	0.0	2.0	2.0	3.0	4.0	4.0	5.0	7.0	10.0	13.0	18.0	22.0	26.0	38.0	44.0	52.0	57.0	65.0	80.0	90.0	98.0	116.0	147.0	161.0	184.0	217.0	244.0	298.0	334.0	382.0	455.0	531.0	611.0	722.0	860.0	1035.0	1246.0	1478.0	1720.0	2060.0	2409.0	2849.0	3354.0	3938.0	4668.0	5464.0	6441.0	7472.0	8493.0	9553.0	10592.0	11655.0	12550.0	13514.0	14385.0	15216.0	16022.0	16682.0	17296.0	17956.0	18691.0	19357.0	19928.0	20566.0	21058.0	21497.0	21945.0	22367.0	22802.0	23111.0	23394.0	23714.0	23951.0	24251.0	24486.0	24719.0	24933.0	25085.0	25236.0	25422.0	25573.0	25645.0	25623.0	25614.0	25660.0	25611.0	25552.0	25490.0	25335.0	25356.0	25259.0	25244.0	25138.0	24963.0	24792.0	24597.0	24348.0	24117.0	23908.0	23631.0	23322.0	23076.0	22853.0	22607.0	22392.0	22162.0	21821.0	21536.0	21259.0	20914.0	20652.0	20343.0	20014.0
0.0	0.0	0.0	0.0	0.0	1.0	4.0	5.0	5.0	8.0	13.0	13.0	18.0	21.0	23.0	28.0	37.0	42.0	51.0	61.0	74.0	92.0	107.0	133.0	164.0	190.0	231.0	266.0	290.0	337.0	398.0	455.0	514.0	603.0	708.0	820.0	989.0	1179.0	1385.0	1606.0	1906.0	2261.0	2645.0	3100.0	3636.0	4254.0	5057.0	5881.0	6912.0	8070.0	9459.0	10898.0	12550.0	14110.0	15757.0	17351.0	18808.0	20261.0	21559.0	22824.0	24078.0	25065.0	26098.0	27215.0	28126.0	29020.0	29760.0	30514.0	31099.0	31599.0	32093.0	32476.0	32821.0	32931.0	33187.0	33358.0	33420.0	33445.0	33603.0	33638.0	33535.0	33567.0	33481.0	33349.0	33255.0	33028.0	32830.0	32590.0	32326.0	32074.0	31719.0	31314.0	30972.0	30570.0	30125.0	29705.0	29252.0	28814.0	28491.0	28016.0	27514.0	26980.0	26535.0	26045.0	25528.0	25020.0	24553.0	24063.0	23603.0	23113.0	22649.0	22108.0	21663.0	21241.0	20806.0	20391.0	19932.0	19532.0
0.0	0.0	0.0	0.0	0.0	0.0	0.0	1.0	5.0	5.0	6.0	8.0	10.0	13.0	12.0	20.0	26.0	28.0	33.0	38.0	46.0	53.0	67.0	84.0	91.0	106.0	130.0	152.0	176.0	201.0	250.0	281.0	328.0	380.0	461.0	549.0	647.0	755.0	907.0	1067.0	1221.0	1418.0	1641.0	1926.0	2255.0	2653.0	3068.0	3591.0	4214.0	4904.0	5688.0	6636.0	7597.0	8605.0	9594.0	10686.0	11738.0	12745.0	13592.0	14513.0	15307.0	16128.0	16900.0	17720.0	18374.0	19030.0	19572.0	20189.0	20691.0	21082.0	21592.0	22035.0	22549.0	23002.0	23408.0	23801.0	24083.0	24357.0	24653.0	24881.0	25065.0	25220.0	25325.0	25439.0	25549.0	25584.0	25542.0	25639.0	25648.0	25554.0	25467.0	25424.0	25334.0	25177.0	25109.0	24961.0	24930.0	24895.0	24767.0	24545.0	24299.0	24042.0	23827.0	23596.0	23323.0	23066.0	22757.0	22499.0	22138.0	21889.0	21565.0	21206.0	20942.0	20704.0	20429.0	20097.0	19817.0	19545.0
0.0	0.0	0.0	0.0	0.0	1.0	2.0	3.0	3.0	3.0	6.0	8.0	8.0	7.0	10.0	11.0	12.0	16.0	16.0	18.0	23.0	26.0	30.0	41.0	55.0	65.0	82.0	115.0	132.0	155.0	197.0	224.0	264.0	307.0	356.0	431.0	514.0	590.0	687.0	793.0	929.0	1051.0	1228.0	1423.0	1653.0	1957.0	2290.0	2658.0	3101.0	3632.0	4313.0	5058.0	5866.0	6639.0	7433.0	8253.0	9056.0	9720.0	10402.0	11085.0	11785.0	12354.0	12901.0	13455.0	13982.0	14446.0	14952.0	15455.0	15952.0	16431.0	16864.0	17310.0	17719.0	18080.0	18489.0	18843.0	19141.0	19466.0	19771.0	20031.0	20304.0	20507.0	20734.0	20985.0	21215.0	21491.0	21697.0	21882.0	21986.0	22097.0	22197.0	22319.0	22405.0	22372.0	22374.0	22356.0	22403.0	22381.0	22376.0	22369.0	22257.0	22176.0	22127.0	22113.0	22029.0	21861.0	21727.0	21648.0	21491.0	21338.0	21128.0	20891.0	20711.0	20575.0	20396.0	20265.0	20020.0	19810.0
0.0	0.0	0.0	0.0	1.0	2.0	3.0	3.0	3.0	6.0	7.0	7.0	8.0	8.0	8.0	8.0	11.0	14.0	15.0	17.0	17.0	19.0	22.0	25.0	31.0	40.0	42.0	42.0	52.0	55.0	66.0	77.0	92.0	113.0	131.0	139.0	167.0	191.0	220.0	253.0	314.0	365.0	416.0	512.0	580.0	677.0	791.0	892.0	1020.0	1215.0	1451.0	1655.0	1908.0	2166.0	2438.0	2716.0	2988.0	3281.0	3519.0	3775.0	4007.0	4246.0	4506.0	4738.0	4952.0	5191.0	5399.0	5612.0	5840.0	6025.0	6225.0	6401.0	6611.0	6800.0	6936.0	7115.0	7319.0	7457.0	7694.0	7874.0	8066.0	8260.0	8421.0	8671.0	8856.0	9029.0	9201.0	9362.0	9558.0	9700.0	9830.0	10034.0	10240.0	10396.0	10498.0	10662.0	10797.0	10967.0	11100.0	11265.0	11411.0	11558.0	11690.0	11771.0	11931.0	12088.0	12255.0	12362.0	12493.0	12623.0	12841.0	12944.0	13108.0	13226.0	13382.0	13544.0	13540.0	13558.0
0.0	0.0	0.0	0.0	0.0	0.0	1.0	3.0	4.0	3.0	7.0	9.0	10.0	12.0	18.0	22.0	29.0	37.0	41.0	56.0	68.0	83.0	87.0	97.0	108.0	120.0	141.0	171.0	213.0	250.0	302.0	350.0	404.0	496.0	573.0	699.0	836.0	967.0	1136.0	1364.0	1592.0	1840.0	2171.0	2530.0	2986.0	3435.0	4052.0	4748.0	5593.0	6595.0	7679.0	8881.0	10121.0	11468.0	12726.0	14108.0	15371.0	16613.0	17748.0	18830.0	19873.0	20838.0	21733.0	22682.0	23445.0	24195.0	24864.0	25443.0	26052.0	26604.0	27175.0	27588.0	27989.0	28371.0	28770.0	29150.0	29403.0	29626.0	29869.0	29996.0	30080.0	30059.0	30102.0	30124.0	30021.0	29935.0	29833.0	29688.0	29540.0	29328.0	29142.0	28886.0	28636.0	28386.0	28197.0	27926.0	27541.0	27249.0	26850.0	26505.0	26182.0	25820.0	25431.0	25027.0	24628.0	24266.0	23803.0	23445.0	23114.0	22771.0	22395.0	21959.0	21539.0	21143.0	20765.0	20363.0	19993.0	19687.0
0.0	0.0	0.0	0.0	0.0	0.0	1.0	2.0	3.0	6.0	8.0	10.0	11.0	14.0	15.0	12.0	19.0	25.0	32.0	42.0	44.0	54.0	70.0	82.0	101.0	115.0	133.0	160.0	182.0	219.0	260.0	288.0	331.0	381.0	467.0	571.0	694.0	807.0	953.0	1082.0	1305.0	1538.0	1792.0	2123.0	2505.0	2954.0	3520.0	4124.0	4791.0	5591.0	6441.0	7464.0	8611.0	9795.0	10929.0	12011.0	13110.0	14152.0	15012.0	16010.0	16925.0	17763.0	18603.0	19418.0	20150.0	20801.0	21484.0	22076.0	22627.0	23132.0	23651.0	23990.0	24372.0	24799.0	25189.0	25595.0	25913.0	26150.0	26328.0	26596.0	26831.0	26937.0	27112.0	27276.0	27384.0	27379.0	27227.0	27241.0	27240.0	27146.0	27015.0	26937.0	26746.0	26538.0	26310.0	26226.0	25994.0	25696.0	25399.0	25087.0	24780.0	24539.0	24157.0	23882.0	23521.0	23216.0	22955.0	22640.0	22284.0	21914.0	21513.0	21143.0	20771.0	20425.0	20060.0	19736.0	19450.0	19186.0
0.0	1.0	1.0	1.0	2.0	3.0	5.0	5.0	6.0	7.0	11.0	11.0	12.0	15.0	23.0	27.0	29.0	32.0	33.0	33.0	37.0	45.0	62.0	69.0	86.0	104.0	125.0	149.0	185.0	222.0	254.0	304.0	371.0	447.0	499.0	617.0	696.0	781.0	919.0	1065.0	1274.0	1488.0	1756.0	2057.0	2369.0	2810.0	3256.0	3858.0	4499.0	5215.0	6159.0	7191.0	8202.0	9285.0	10445.0	11503.0	12602.0	13627.0	14632.0	15652.0	16560.0	17480.0	18155.0	18919.0	19627.0	20351.0	20868.0	21484.0	22066.0	22451.0	22978.0	23494.0	23993.0	24392.0	24724.0	25103.0	25409.0	25710.0	25960.0	26201.0	26346.0	26516.0	26683.0	26781.0	27002.0	26959.0	26954.0	27014.0	26948.0	26853.0	26768.0	26640.0	26524.0	26440.0	26245.0	26048.0	25823.0	25574.0	25470.0	25227.0	24990.0	24650.0	24408.0	24033.0	23635.0	23308.0	23034.0	22743.0	22444.0	22119.0	21753.0	21351.0	21093.0	20800.0	20445.0	20127.0	19818.0	19498.0
0.0	0.0	0.0	0.0	0.0	1.0	4.0	5.0	4.0	4.0	6.0	7.0	12.0	20.0	20.0	26.0	35.0	41.0	46.0	53.0	66.0	83.0	95.0	108.0	126.0	142.0	157.0	181.0	220.0	263.0	299.0	354.0	404.0	492.0	572.0	663.0	775.0	908.0	1086.0	1289.0	1477.0	1783.0	2126.0	2531.0	2919.0	3415.0	3978.0	4618.0	5341.0	6194.0	7261.0	8436.0	9723.0	11032.0	12207.0	13400.0	14561.0	15743.0	16808.0	17925.0	18925.0	19795.0	20704.0	21468.0	22216.0	23007.0	23629.0	24349.0	24943.0	25566.0	26116.0	26640.0	27133.0	27442.0	27800.0	28178.0	28439.0	28681.0	28780.0	28868.0	28985.0	29067.0	29147.0	29163.0	29212.0	29203.0	29113.0	29108.0	29073.0	29084.0	28987.0	28826.0	28536.0	28252.0	28031.0	27776.0	27457.0	27158.0	26791.0	26432.0	26048.0	25657.0	25319.0	25013.0	24587.0	24270.0	23930.0	23601.0	23230.0	22876.0	22421.0	22023.0	21693.0	21314.0	20914.0	20482.0	20078.0	19661.0
0.0	0.0	0.0	0.0	0.0	0.0	0.0	2.0	3.0	4.0	4.0	8.0	11.0	11.0	12.0	18.0	14.0	15.0	20.0	22.0	31.0	37.0	55.0	73.0	83.0	94.0	113.0	135.0	161.0	185.0	220.0	255.0	291.0	345.0	422.0	481.0	572.0	672.0	786.0	915.0	1095.0	1292.0	1535.0	1841.0	2206.0	2617.0	3106.0	3583.0	4191.0	4835.0	5535.0	6500.0	7429.0	8494.0	9554.0	10561.0	11511.0	12473.0	13333.0	14174.0	15084.0	15875.0	16624.0	17395.0	18050.0	18632.0	19218.0	19847.0	20314.0	20839.0	21377.0	21879.0	22404.0	22892.0	23267.0	23642.0	23919.0	24168.0	24426.0	24537.0	24767.0	24998.0	25132.0	25241.0	25356.0	25442.0	25533.0	25432.0	25399.0	25362.0	25410.0	25326.0	25134.0	25016.0	24942.0	24828.0	24621.0	24476.0	24229.0	24100.0	23883.0	23726.0	23493.0	23252.0	23058.0	22755.0	22460.0	22193.0	21857.0	21625.0	21384.0	21029.0	20746.0	20396.0	20113.0	19750.0	19534.0	19261.0
0.0	0.0	0.0	0.0	1.0	1.0	2.0	4.0	4.0	7.0	8.0	9.0	10.0	8.0	9.0	10.0	11.0	11.0	13.0	15.0	18.0	22.0	24.0	28.0	28.0	29.0	28.0	34.0	43.0	49.0	50.0	52.0	65.0	82.0	93.0	116.0	131.0	150.0	168.0	193.0	226.0	257.0	295.0	340.0	399.0	455.0	537.0	635.0	754.0	884.0	1019.0	1163.0	1337.0	1541.0	1719.0	1906.0	2069.0	2226.0	2399.0	2546.0	2686.0	2860.0	3024.0	3163.0	3352.0	3485.0	3621.0	3756.0	3882.0	4009.0	4198.0	4301.0	4454.0	4624.0	4795.0	4955.0	5076.0	5192.0	5344.0	5457.0	5601.0	5750.0	5917.0	6069.0	6176.0	6361.0	6447.0	6577.0	6731.0	6911.0	7064.0	7232.0	7380.0	7515.0	7634.0	7741.0	7880.0	8037.0	8160.0	8291.0	8435.0	8565.0	8714.0	8863.0	8977.0	9152.0	9317.0	9435.0	9597.0	9757.0	9844.0	9949.0	10133.0	10288.0	10439.0	10545.0	10645.0	10749.0
0.0	0.0	0.0	0.0	0.0	0.0	0.0	1.0	2.0	4.0	6.0	10.0	13.0	13.0	18.0	28.0	38.0	51.0	59.0	67.0	79.0	86.0	110.0	132.0	159.0	178.0	191.0	225.0	272.0	318.0	358.0	398.0	460.0	546.0	636.0	719.0	840.0	1003.0	1194.0	1406.0	1677.0	1976.0	2253.0	2629.0	3036.0	3622.0	4248.0	4983.0	5829.0	6823.0	7940.0	9072.0	10409.0	11872.0	13269.0	14571.0	15813.0	17096.0	18284.0	19360.0	20338.0	21269.0	22178.0	23117.0	24027.0	24782.0	25487.0	26147.0	26740.0	27226.0	27775.0	28173.0	28612.0	29063.0	29407.0	29569.0	29846.0	30036.0	30091.0	30145.0	30107.0	30224.0	30193.0	30164.0	30077.0	29980.0	29904.0	29768.0	29498.0	29299.0	29206.0	29047.0	28853.0	28548.0	28221.0	27974.0	27690.0	27405.0	27051.0	26655.0	26293.0	25940.0	25641.0	25177.0	24849.0	24454.0	23952.0	23516.0	23102.0	22665.0	22279.0	21904.0	21501.0	21144.0	20678.0	20305.0	19919.0	19578.0
0.0	0.0	0.0	0.0	0.0	0.0	2.0	4.0	4.0	4.0	4.0	8.0	9.0	11.0	10.0	10.0	9.0	7.0	9.0	10.0	11.0	11.0	14.0	17.0	18.0	24.0	32.0	42.0	48.0	58.0	65.0	71.0	82.0	92.0	101.0	106.0	124.0	135.0	166.0	191.0	217.0	251.0	293.0	351.0	418.0	489.0	593.0	713.0	850.0	995.0	1169.0	1397.0	1631.0	1841.0	2086.0	2317.0	2537.0	2715.0	2925.0	3173.0	3361.0	3520.0	3693.0	3883.0	4096.0	4250.0	4428.0	4563.0	4693.0	4832.0	5011.0	5169.0	5324.0	5479.0	5604.0	5756.0	5931.0	6096.0	6292.0	6423.0	6585.0	6720.0	6850.0	6996.0	7134.0	7321.0	7438.0	7602.0	7721.0	7769.0	7907.0	8012.0	8139.0	8229.0	8364.0	8482.0	8559.0	8743.0	8850.0	8956.0	9120.0	9215.0	9360.0	9515.0	9678.0	9815.0	9894.0	10020.0	10128.0	10242.0	10359.0	10459.0	10585.0	10717.0	10863.0	10943.0	11069.0	11111.0
0.0	0.0	0.0	0.0	1.0	1.0	2.0	3.0	4.0	4.0	5.0	5.0	6.0	5.0	7.0	9.0	11.0	11.0	14.0	20.0	21.0	24.0	29.0	35.0	41.0	46.0	57.0	63.0	83.0	92.0	114.0	137.0	162.0	197.0	240.0	283.0	363.0	423.0	542.0	635.0	738.0	841.0	981.0	1141.0	1302.0	1495.0	1779.0	2107.0	2486.0	2913.0	3391.0	3972.0	4521.0	5054.0	5664.0	6290.0	6884.0	7448.0	8035.0	8625.0	9092.0	9622.0	10129.0	10578.0	11053.0	11469.0	11810.0	12195.0	12520.0	12928.0	13296.0	13668.0	13982.0	14226.0	14534.0	14824.0	15041.0	15285.0	15510.0	15816.0	16077.0	16287.0	16506.0	16703.0	16995.0	17225.0	17355.0	17504.0	17613.0	17670.0	17827.0	17980.0	18140.0	18246.0	18307.0	18350.0	18403.0	18462.0	18486.0	18533.0	18593.0	18563.0	18599.0	18506.0	18443.0	18380.0	18303.0	18230.0	18266.0	18233.0	18246.0	18145.0	18044.0	17876.0	17856.0	17778.0	17642.0	17553.0
0.0	0.0	0.0	0.0	0.0	1.0	3.0	3.0	5.0	5.0	6.0	7.0	7.0	7.0	9.0	13.0	16.0	20.0	22.0	27.0	30.0	38.0	42.0	51.0	52.0	58.0	65.0	81.0	93.0	113.0	141.0	166.0	189.0	221.0	263.0	305.0	352.0	418.0	499.0	594.0	699.0	820.0	946.0	1086.0	1272.0	1468.0	1736.0	2033.0	2411.0	2827.0	3277.0	3790.0	4452.0	5081.0	5743.0	6411.0	7014.0	7596.0	8146.0	8631.0	9133.0	9631.0	10118.0	10629.0	11116.0	11574.0	11973.0	12383.0	12804.0	13198.0	13510.0	13824.0	14118.0	14413.0	14716.0	14968.0	15197.0	15532.0	15759.0	16042.0	16269.0	16512.0	16699.0	16899.0	17089.0	17304.0	17475.0	17681.0	17827.0	18002.0	18086.0	18211.0	18341.0	18448.0	18450.0	18594.0	18693.0	18691.0	18683.0	18675.0	18779.0	18763.0	18797.0	18772.0	18758.0	18686.0	18625.0	18530.0	18436.0	18383.0	18229.0	18158.0	18068.0	17917.0	17829.0	17719.0	17566.0	17516.0
0.0	0.0	0.0	0.0	0.0	1.0	2.0	5.0	3.0	3.0	5.0	6.0	7.0	8.0	13.0	17.0	20.0	26.0	33.0	42.0	50.0	63.0	77.0	87.0	96.0	115.0	129.0	155.0	175.0	214.0	257.0	313.0	377.0	443.0	513.0	580.0	658.0	752.0	857.0	1047.0	1203.0	1425.0	1661.0	1965.0	2248.0	2607.0	3042.0	3521.0	4098.0	4790.0	5620.0	6617.0	7614.0	8632.0	9691.0	10611.0	11578.0	12566.0	13439.0	14254.0	15183.0	15951.0	16646.0	17249.0	17894.0	18486.0	19087.0	19638.0	20239.0	20726.0	21143.0	21542.0	21878.0	22298.0	22583.0	22937.0	23191.0	23424.0	23642.0	23950.0	24149.0	24338.0	24526.0	24667.0	24774.0	24853.0	24886.0	24932.0	24921.0	24857.0	24735.0	24683.0	24580.0	24475.0	24309.0	24142.0	24061.0	23937.0	23787.0	23577.0	23355.0	23191.0	23023.0	22761.0	22568.0	22290.0	22038.0	21688.0	21376.0	21172.0	20904.0	20618.0	20264.0	19952.0	19566.0	19262.0	18952.0	18660.0
0.0	0.0	0.0	1.0	0.0	2.0	2.0	4.0	5.0	7.0	10.0	10.0	10.0	10.0	13.0	13.0	16.0	17.0	23.0	27.0	38.0	48.0	56.0	67.0	80.0	95.0	122.0	137.0	159.0	187.0	219.0	271.0	328.0	399.0	477.0	565.0	687.0	807.0	973.0	1151.0	1328.0	1532.0	1802.0	2135.0	2480.0	2905.0	3401.0	3945.0	4556.0	5408.0	6295.0	7320.0	8388.0	9476.0	10651.0	11759.0	12833.0	13754.0	14704.0	15544.0	16400.0	17239.0	17924.0	18710.0	19420.0	20185.0	20860.0	21431.0	21921.0	22524.0	23010.0	23432.0	23873.0	24221.0	24550.0	24911.0	25292.0	25493.0	25741.0	25986.0	26210.0	26328.0	26565.0	26691.0	26807.0	26762.0	26828.0	26827.0	26691.0	26610.0	26499.0	26479.0	26295.0	26065.0	25847.0	25669.0	25477.0	25292.0	25053.0	24745.0	24562.0	24305.0	24058.0	23743.0	23560.0	23313.0	23023.0	22767.0	22463.0	22133.0	21847.0	21556.0	21143.0	20790.0	20453.0	20148.0	19827.0	19509.0
0.0	0.0	0.0	0.0	1.0	2.0	4.0	3.0	5.0	6.0	8.0	9.0	13.0	17.0	18.0	20.0	25.0	33.0	36.0	49.0	56.0	64.0	77.0	83.0	97.0	112.0	127.0	138.0	155.0	174.0	203.0	222.0	258.0	288.0	334.0	415.0	498.0	590.0	707.0	818.0	957.0	1143.0	1306.0	1539.0	1797.0	2099.0	2422.0	2836.0	3332.0	3945.0	4653.0	5514.0	6390.0	7292.0	8126.0	9034.0	9893.0	10621.0	11317.0	12083.0	12817.0	13491.0	14138.0	14787.0	15357.0	15870.0	16391.0	16841.0	17443.0	17904.0	18444.0	18883.0	19275.0	19658.0	20028.0	20379.0	20734.0	21047.0	21203.0	21472.0	21669.0	21882.0	22190.0	22349.0	22552.0	22751.0	22871.0	22994.0	23151.0	23256.0	23372.0	23336.0	23339.0	23321.0	23262.0	23277.0	23304.0	23293.0	23244.0	23164.0	23068.0	22898.0	22718.0	22528.0	22322.0	22174.0	21926.0	21751.0	21590.0	21430.0	21225.0	21010.0	20855.0	20631.0	20339.0	20040.0	19714.0	19428.0
0.0	0.0	0.0	1.0	2.0	2.0	2.0	2.0	2.0	4.0	5.0	7.0	6.0	8.0	9.0	11.0	15.0	16.0	21.0	23.0	24.0	27.0	31.0	35.0	38.0	51.0	58.0	68.0	73.0	80.0	88.0	107.0	124.0	141.0	164.0	187.0	216.0	248.0	276.0	340.0	408.0	502.0	586.0	659.0	754.0	891.0	1052.0	1244.0	1500.0	1747.0	2066.0	2474.0	2846.0	3311.0	3703.0	4110.0	4484.0	4934.0	5289.0	5695.0	6051.0	6402.0	6694.0	6985.0	7257.0	7552.0	7876.0	8163.0	8474.0	8772.0	9102.0	9374.0	9629.0	9885.0	10110.0	10357.0	10609.0	10800.0	10967.0	11259.0	11453.0	11623.0	11865.0	12044.0	12376.0	12690.0	12857.0	12978.0	13200.0	13498.0	13675.0	13945.0	14095.0	14230.0	14395.0	14491.0	14662.0	14772.0	14891.0	14975.0	15043.0	15092.0	15162.0	15159.0	15272.0	15452.0	15535.0	15578.0	15683.0	15754.0	15784.0	15832.0	15911.0	15916.0	15926.0	15952.0	15990.0	16011.0
0.0	0.0	0.0	0.0	0.0	0.0	1.0	2.0	3.0	2.0	3.0	5.0	9.0	9.0	14.0	16.0	20.0	25.0	31.0	37.0	46.0	62.0	71.0	79.0	95.0	104.0	134.0	159.0	184.0	216.0	237.0	259.0	313.0	364.0	407.0	476.0	543.0	652.0	775.0	912.0	1083.0	1258.0	1499.0	1786.0	2126.0	2497.0	2968.0	3425.0	3964.0	4632.0	5438.0	6371.0	7318.0	8283.0	9295.0	10309.0	11289.0	12170.0	13064.0	13912.0	14694.0	15518.0	16245.0	16868.0	17593.0	18256.0	18950.0	19469.0	20103.0	20573.0	21081.0	21465.0	21772.0	22106.0	22447.0	22782.0	23046.0	23265.0	23517.0	23754.0	23925.0	23987.0	24110.0	24304.0	24296.0	24306.0	24402.0	24425.0	24335.0	24311.0	24173.0	24086.0	24043.0	24034.0	24005.0	23829.0	23702.0	23637.0	23482.0	23303.0	23086.0	22834.0	22626.0	22505.0	22172.0	21927.0	21639.0	21348.0	21098.0	20871.0	20680.0	20451.0	20252.0	20035.0	19791.0	19489.0	19261.0	18989.0
0.0	0.0	0.0	1.0	1.0	2.0	3.0	3.0	5.0	4.0	2.0	2.0	6.0	7.0	8.0	6.0	5.0	8.0	12.0	16.0	16.0	20.0	28.0	36.0	41.0	45.0	52.0	52.0	63.0	72.0	89.0	100.0	121.0	136.0	166.0	187.0	212.0	251.0	292.0	330.0	391.0	469.0	550.0	637.0	756.0	872.0	1010.0	1161.0	1369.0	1586.0	1856.0	2167.0	2541.0	2892.0	3268.0	3682.0	4022.0	4416.0	4785.0	5118.0	5463.0	5768.0	6054.0	6374.0	6649.0	6931.0	7197.0	7454.0	7701.0	7975.0	8212.0	8492.0	8720.0	8922.0	9160.0	9376.0	9659.0	9918.0	10133.0	10364.0	10543.0	10796.0	11058.0	11283.0	11516.0	11664.0	11960.0	12161.0	12354.0	12499.0	12601.0	12791.0	12933.0	13081.0	13280.0	13431.0	13596.0	13773.0	13969.0	14137.0	14282.0	14395.0	14516.0	14613.0	14743.0	14791.0	14889.0	14986.0	15116.0	15171.0	15226.0	15283.0	15329.0	15410.0	15425.0	15462.0	15477.0	15537.0
0.0	0.0	0.0	0.0	1.0	1.0	0.0	0.0	0.0	1.0	1.0	1.0	1.0	2.0	1.0	2.0	4.0	3.0	6.0	9.0	10.0	13.0	17.0	27.0	30.0	44.0	49.0	55.0	64.0	74.0	84.0	103.0	122.0	142.0	168.0	204.0	239.0	284.0	338.0	405.0	477.0	547.0	632.0	748.0	873.0	1066.0	1252.0	1467.0	1749.0	2060.0	2378.0	2772.0	3183.0	3625.0	4075.0	4563.0	5001.0	5418.0	5751.0	6165.0	6445.0	6769.0	7148.0	7484.0	7866.0	8222.0	8461.0	8807.0	9161.0	9433.0	9754.0	10079.0	10404.0	10722.0	10979.0	11295.0	11537.0	11841.0	12049.0	12320.0	12614.0	12804.0	13011.0	13323.0	13606.0	13835.0	14064.0	14258.0	14535.0	14795.0	14962.0	15076.0	15260.0	15443.0	15626.0	15734.0	15914.0	16016.0	16058.0	16125.0	16227.0	16302.0	16353.0	16508.0	16560.0	16588.0	16680.0	16735.0	16783.0	16765.0	16835.0	16831.0	16835.0	16863.0	16866.0	16914.0	16905.0	16923.0
0.0	0.0	0.0	1.0	1.0	1.0	1.0	5.0	5.0	9.0	9.0	9.0	11.0	15.0	17.0	17.0	26.0	31.0	38.0	47.0	60.0	72.0	81.0	94.0	109.0	136.0	164.0	182.0	215.0	245.0	296.0	338.0	416.0	493.0	575.0	676.0	792.0	930.0	1076.0	1268.0	1479.0	1722.0	2060.0	2420.0	2817.0	3321.0	3868.0	4540.0	5297.0	6145.0	7129.0	8293.0	9493.0	10771.0	12024.0	13295.0	14472.0	15586.0	16650.0	17602.0	18626.0	19561.0	20451.0	21286.0	22150.0	22846.0	23441.0	24096.0	24675.0	25209.0	25621.0	25973.0	26389.0	26700.0	26928.0	27302.0	27662.0	27896.0	28018.0	28159.0	28410.0	28474.0	28423.0	28415.0	28374.0	28383.0	28357.0	28177.0	28131.0	28097.0	27984.0	27805.0	27590.0	27403.0	27135.0	26851.0	26548.0	26360.0	26027.0	25674.0	25357.0	25054.0	24616.0	24353.0	23930.0	23540.0	23129.0	22727.0	22310.0	21969.0	21615.0	21248.0	20858.0	20437.0	19991.0	19686.0	19260.0	18927.0
0.0	0.0	0.0	0.0	0.0	0.0	1.0	1.0	2.0	3.0	5.0	7.0	8.0	9.0	11.0	15.0	16.0	19.0	22.0	32.0	35.0	41.0	48.0	64.0	72.0	82.0	93.0	110.0	131.0	155.0	191.0	244.0	296.0	343.0	426.0	484.0	555.0	641.0	742.0	909.0	1053.0	1243.0	1490.0	1750.0	2073.0	2417.0	2784.0	3280.0	3865.0	4537.0	5339.0	6281.0	7175.0	8150.0	9184.0	10139.0	11086.0	12005.0	12841.0	13650.0	14452.0	15148.0	15852.0	16468.0	17086.0	17593.0	18226.0	18763.0	19364.0	19921.0	20401.0	20717.0	21216.0	21612.0	22056.0	22323.0	22685.0	22997.0	23310.0	23441.0	23595.0	23749.0	23926.0	24182.0	24291.0	24409.0	24535.0	24593.0	24629.0	24588.0	24628.0	24604.0	24631.0	24513.0	24477.0	24417.0	24267.0	24088.0	23933.0	23751.0	23604.0	23482.0	23386.0	23194.0	22928.0	22690.0	22437.0	22207.0	21994.0	21740.0	21527.0	21292.0	21040.0	20752.0	20455.0	20115.0	19850.0	19536.0
0.0	0.0	0.0	0.0	2.0	2.0	2.0	2.0	2.0	4.0	5.0	6.0	6.0	10.0	10.0	10.0	11.0	10.0	12.0	17.0	20.0	26.0	33.0	35.0	46.0	60.0	65.0	70.0	93.0	112.0	138.0	161.0	194.0	213.0	246.0	298.0	355.0	412.0	481.0	565.0	663.0	789.0	899.0	1018.0	1194.0	1407.0	1660.0	1928.0	2259.0	2589.0	2998.0	3470.0	4019.0	4577.0	5074.0	5637.0	6211.0	6722.0	7190.0	7647.0	8073.0	8499.0	8934.0	9324.0	9707.0	10155.0	10544.0	10972.0	11327.0	11667.0	12027.0	12372.0	12683.0	12973.0	13266.0	13543.0	13745.0	14015.0	14290.0	14402.0	14649.0	14829.0	15046.0	15328.0	15482.0	15724.0	15917.0	16056.0	16269.0	16441.0	16608.0	16774.0	16888.0	16931.0	17026.0	17165.0	17272.0	17434.0	17587.0	17675.0	17741.0	17840.0	17901.0	17926.0	17998.0	18030.0	18040.0	18033.0	18060.0	18047.0	18032.0	17982.0	17985.0	17960.0	17936.0	17826.0	17754.0	17725.0
0.0	0.0	0.0	0.0	0.0	1.0	1.0	1.0	3.0	4.0	7.0	9.0	9.0	9.0	13.0	18.0	25.0	30.0	40.0	53.0	62.0	69.0	87.0	108.0	123.0	153.0	180.0	210.0	242.0	285.0	332.0	392.0	443.0	506.0	596.0	721.0	829.0	954.0	1098.0	1292.0	1520.0	1776.0	2138.0	2457.0	2894.0	3393.0	3958.0	4626.0	5380.0	6261.0	7273.0	8449.0	9754.0	11032.0	12336.0	13582.0	14733.0	15918.0	16973.0	18055.0	18915.0	19883.0	20802.0	21732.0	22502.0	23260.0	23949.0	24716.0	25352.0	25920.0	26372.0	26728.0	27208.0	27519.0	27880.0	28210.0	28450.0	28669.0	28806.0	28908.0	29020.0	29097.0	29131.0	29137.0	29187.0	29157.0	29214.0	29062.0	28972.0	28795.0	28500.0	28337.0	27972.0	27734.0	27526.0	27247.0	26957.0	26651.0	26320.0	25989.0	25607.0	25236.0	24814.0	24437.0	24100.0	23692.0	23284.0	22964.0	22603.0	22226.0	21869.0	21587.0	21141.0	20773.0	20428.0	20039.0	19675.0	19284.0
0.0	0.0	0.0	0.0	0.0	2.0	3.0	3.0	4.0	5.0	9.0	10.0	10.0	11.0	14.0	15.0	18.0	21.0	28.0	31.0	36.0	36.0	41.0	50.0	64.0	78.0	98.0	113.0	141.0	165.0	193.0	228.0	272.0	326.0	387.0	462.0	530.0	625.0	727.0	839.0	995.0	1211.0	1413.0	1670.0	1949.0	2283.0	2666.0	3143.0	3712.0	4346.0	5048.0	5892.0	6796.0	7697.0	8613.0	9490.0	10384.0	11237.0	12040.0	12841.0	13593.0	14331.0	15040.0	15637.0	16317.0	16921.0	17528.0	17989.0	18528.0	18957.0	19352.0	19714.0	20201.0	20606.0	21042.0	21299.0	21670.0	21913.0	22185.0	22397.0	22664.0	22808.0	22926.0	23054.0	23208.0	23352.0	23486.0	23531.0	23718.0	23763.0	23781.0	23738.0	23732.0	23728.0	23673.0	23591.0	23506.0	23317.0	23123.0	23034.0	22902.0	22670.0	22526.0	22344.0	22110.0	21864.0	21657.0	21481.0	21283.0	20986.0	20789.0	20582.0	20419.0	20138.0	19898.0	19632.0	19370.0	19107.0
0.0	0.0	0.0	0.0	1.0	2.0	2.0	2.0	2.0	5.0	6.0	6.0	8.0	11.0	14.0	15.0	14.0	17.0	16.0	18.0	21.0	24.0	26.0	29.0	32.0	42.0	46.0	46.0	58.0	72.0	80.0	97.0	123.0	142.0	154.0	186.0	214.0	257.0	305.0	369.0	421.0	509.0	603.0	729.0	862.0	1016.0	1193.0	1436.0	1684.0	1959.0	2294.0	2660.0	3090.0	3505.0	3919.0	4307.0	4684.0	5080.0	5492.0	5849.0	6119.0	6450.0	6750.0	7124.0	7441.0	7740.0	8019.0	8235.0	8552.0	8883.0	9143.0	9397.0	9639.0	9918.0	10236.0	10505.0	10715.0	10994.0	11254.0	11543.0	11830.0	12020.0	12206.0	12428.0	12623.0	12846.0	13081.0	13274.0	13450.0	13637.0	13819.0	14072.0	14150.0	14218.0	14319.0	14477.0	14556.0	14701.0	14768.0	14879.0	14996.0	15042.0	15153.0	15231.0	15336.0	15388.0	15576.0	15616.0	15576.0	15637.0	15687.0	15687.0	15715.0	15673.0	15636.0	15613.0	15649.0	15655.0
0.0	0.0	0.0	0.0	1.0	1.0	1.0	1.0	1.0	5.0	5.0	6.0	7.0	7.0	9.0	10.0	11.0	11.0	13.0	14.0	18.0	19.0	24.0	30.0	37.0	44.0	47.0	60.0	74.0	82.0	95.0	119.0	138.0	151.0	179.0	211.0	260.0	312.0	358.0	419.0	479.0	565.0	649.0	741.0	891.0	1016.0	1174.0	1371.0	1613.0	1888.0	2227.0	2560.0	2965.0	3382.0	3808.0	4205.0	4645.0	5012.0	5398.0	5812.0	6214.0	6576.0	6903.0	7254.0	7579.0	7832.0	8134.0	8456.0	8678.0	8985.0	9280.0	9615.0	9856.0	10089.0	10248.0	10522.0	10745.0	10965.0	11148.0	11314.0	11473.0	11671.0	11878.0	12030.0	12208.0	12430.0	12648.0	12831.0	12994.0	13205.0	13413.0	13530.0	13674.0	13845.0	14014.0	14161.0	14221.0	14300.0	14414.0	14550.0	14776.0	14799.0	14932.0	15016.0	15109.0	15236.0	15296.0	15312.0	15379.0	15387.0	15474.0	15577.0	15623.0	15598.0	15685.0	15710.0	15762.0	15739.0
0.0	0.0	0.0	1.0	1.0	1.0	1.0	2.0	4.0	4.0	4.0	3.0	4.0	4.0	5.0	7.0	7.0	7.0	8.0	8.0	9.0	12.0	15.0	20.0	29.0	33.0	35.0	43.0	47.0	50.0	58.0	78.0	91.0	105.0	131.0	159.0	185.0	219.0	258.0	301.0	348.0	408.0	475.0	558.0	645.0	753.0	895.0	1033.0	1235.0	1449.0	1668.0	1956.0	2289.0	2626.0	3026.0	3391.0	3717.0	4051.0	4318.0	4654.0	4950.0	5204.0	5503.0	5773.0	6054.0	6236.0	6521.0	6818.0	7007.0	7281.0	7588.0	7798.0	8072.0	8305.0	8541.0	8707.0	8902.0	9132.0	9332.0	9540.0	9773.0	9997.0	10221.0	10440.0	10634.0	10870.0	11104.0	11316.0	11450.0	11656.0	11895.0	12069.0	12261.0	12479.0	12661.0	12847.0	12970.0	13089.0	13323.0	13415.0	13595.0	13811.0	14028.0	14090.0	14224.0	14365.0	14478.0	14605.0	14704.0	14835.0	14969.0	15119.0	15159.0	15226.0	15333.0	15339.0	15373.0	15375.0
0.0	0.0	0.0	0.0	1.0	1.0	1.0	2.0	3.0	4.0	5.0	6.0	9.0	10.0	10.0	11.0	11.0	14.0	16.0	19.0	23.0	23.0	28.0	33.0	39.0	47.0	55.0	66.0	79.0	104.0	117.0	135.0	157.0	170.0	203.0	258.0	295.0	370.0	457.0	533.0	638.0	731.0	880.0	1045.0	1235.0	1462.0	1717.0	2036.0	2407.0	2885.0	3385.0	3895.0	4532.0	5192.0	5798.0	6384.0	6952.0	7580.0	8114.0	8712.0	9247.0	9857.0	10407.0	10886.0	11338.0	11762.0	12250.0	12646.0	13096.0	13470.0	13860.0	14233.0	14634.0	15009.0	15374.0	15725.0	15998.0	16255.0	16490.0	16705.0	16982.0	17276.0	17528.0	17775.0	17977.0	18276.0	18443.0	18671.0	18852.0	19038.0	19207.0	19303.0	19487.0	19613.0	19698.0	19705.0	19788.0	19922.0	19967.0	20038.0	19898.0	19929.0	19906.0	19881.0	19824.0	19775.0	19675.0	19633.0	19578.0	19464.0	19375.0	19328.0	19292.0	19131.0	18963.0	18829.0	18734.0	18529.0
0.0	0.0	0.0	0.0	0.0	0.0	4.0	5.0	7.0	8.0	10.0	10.0	13.0	18.0	19.0	21.0	28.0	37.0	43.0	56.0	64.0	76.0	83.0	97.0	116.0	150.0	171.0	196.0	231.0	274.0	333.0	404.0	489.0	557.0	656.0	753.0	877.0	1005.0	1151.0	1349.0	1565.0	1802.0	2111.0	2476.0	2883.0	3393.0	3982.0	4672.0	5427.0	6295.0	7375.0	8573.0	9867.0	11063.0	12330.0	13535.0	14786.0	15975.0	17046.0	18066.0	19020.0	19893.0	20750.0	21590.0	22467.0	23205.0	23856.0	24473.0	25072.0	25552.0	25981.0	26414.0	26853.0	27141.0	27522.0	27851.0	28132.0	28237.0	28488.0	28743.0	28876.0	29013.0	28953.0	29009.0	28963.0	28889.0	28848.0	28818.0	28669.0	28591.0	28480.0	28299.0	28088.0	27863.0	27582.0	27241.0	26870.0	26614.0	26318.0	25995.0	25663.0	25320.0	24968.0	24555.0	24258.0	23885.0	23569.0	23172.0	22819.0	22485.0	22084.0	21655.0	21338.0	20892.0	20536.0	20073.0	19730.0	19385.0
0.0	0.0	0.0	0.0	0.0	2.0	2.0	2.0	2.0	2.0	2.0	2.0	3.0	2.0	3.0	3.0	3.0	6.0	8.0	8.0	11.0	15.0	18.0	22.0	24.0	27.0	32.0	32.0	37.0	36.0	46.0	49.0	65.0	73.0	87.0	101.0	123.0	131.0	160.0	189.0	211.0	253.0	294.0	340.0	428.0	501.0	597.0	723.0	850.0	1035.0	1215.0	1413.0	1658.0	1891.0	2082.0	2281.0	2486.0	2688.0	2938.0	3129.0	3290.0	3501.0	3680.0	3812.0	4019.0	4216.0	4406.0	4647.0	4805.0	4934.0	5080.0	5288.0	5447.0	5638.0	5808.0	5961.0	6127.0	6227.0	6395.0	6576.0	6754.0	6933.0	7129.0	7256.0	7495.0	7638.0	7796.0	7991.0	8097.0	8291.0	8440.0	8652.0	8856.0	9005.0	9089.0	9317.0	9484.0	9640.0	9783.0	9943.0	10129.0	10283.0	10396.0	10606.0	10753.0	10921.0	11117.0	11322.0	11488.0	11588.0	11747.0	11845.0	11951.0	12112.0	12238.0	12340.0	12421.0	12517.0
0.0	0.0	0.0	0.0	0.0	1.0	1.0	2.0	5.0	6.0	9.0	10.0	10.0	11.0	11.0	15.0	17.0	22.0	25.0	33.0	33.0	35.0	43.0	44.0	54.0	60.0	71.0	74.0	89.0	101.0	113.0	138.0	184.0	211.0	233.0	276.0	310.0	357.0	413.0	486.0	574.0	693.0	817.0	985.0	1150.0	1316.0	1529.0	1834.0	2150.0	2461.0	2914.0	3422.0	3949.0	4544.0	5121.0	5668.0	6214.0	6779.0	7292.0	7848.0	8320.0	8732.0	9144.0	9612.0	10061.0	10399.0	10755.0	11169.0	11539.0	11932.0	12329.0	12704.0	13056.0	13320.0	13588.0	13870.0	14216.0	14499.0	14816.0	15083.0	15253.0	15506.0	15846.0	16048.0	16282.0	16490.0	16718.0	16904.0	17060.0	17188.0	17352.0	17487.0	17656.0	17703.0	17816.0	17865.0	17958.0	18065.0	18071.0	18139.0	18249.0	18232.0	18325.0	18380.0	18380.0	18350.0	18354.0	18344.0	18311.0	18190.0	18175.0	18129.0	18011.0	17952.0	17904.0	17808.0	17730.0	17654.0
0.0	0.0	0.0	0.0	1.0	1.0	2.0	2.0	2.0	3.0	3.0	3.0	3.0	4.0	6.0	10.0	8.0	9.0	16.0	16.0	17.0	21.0	24.0	28.0	29.0	35.0	35.0	46.0	57.0	78.0	87.0	96.0	121.0	140.0	173.0	214.0	251.0	303.0	351.0	425.0	501.0	594.0	691.0	795.0	962.0	1117.0	1307.0	1504.0	1820.0	2086.0	2459.0	2829.0	3295.0	3761.0	4243.0	4713.0	5159.0	5591.0	6006.0	6414.0	6874.0	7259.0	7615.0	7965.0	8320.0	8639.0	9034.0	9353.0	9644.0	9906.0	10168.0	10471.0	10805.0	11107.0	11318.0	11599.0	11776.0	11983.0	12245.0	12446.0	12717.0	12976.0	13187.0	13425.0	13628.0	13943.0	14194.0	14400.0	14558.0	14646.0	14852.0	14993.0	15061.0	15231.0	15435.0	15555.0	15709.0	15782.0	15920.0	15999.0	16171.0	16289.0	16374.0	16477.0	16573.0	16598.0	16667.0	16817.0	16888.0	16971.0	16980.0	16931.0	16911.0	16883.0	16888.0	16918.0	16897.0	16819.0
0.0	0.0	0.0	0.0	0.0	1.0	2.0	5.0	6.0	7.0	8.0	8.0	9.0	14.0	16.0	15.0	20.0	20.0	23.0	24.0	30.0	39.0	48.0	59.0	65.0	78.0	89.0	102.0	123.0	135.0	146.0	163.0	192.0	234.0	266.0	321.0	398.0	475.0	558.0	651.0	739.0	882.0	1018.0	1176.0	1393.0	1626.0	1876.0	2223.0	2598.0	3023.0	3506.0	4146.0	4812.0	5480.0	6181.0	6881.0	7589.0	8242.0	8838.0	9491.0	10114.0	10719.0	11278.0	11818.0	12288.0	12728.0	13188.0	13664.0	14118.0	14476.0	14853.0	15255.0	15643.0	16047.0	16420.0	16724.0	16965.0	17212.0	17443.0	17711.0	17927.0	18104.0	18375.0	18661.0	18847.0	19088.0	19258.0	19392.0	19523.0	19626.0	19795.0	19943.0	19998.0	20035.0	20051.0	20020.0	20132.0	20083.0	20214.0	20128.0	20048.0	20030.0	20002.0	19987.0	19986.0	19999.0	19907.0	19812.0	19599.0	19501.0	19463.0	19388.0	19222.0	19126.0	18963.0	18778.0	18631.0	18485.0
0.0	0.0	0.0	0.0	1.0	1.0	2.0	2.0	2.0	4.0	4.0	5.0	4.0	7.0	9.0	14.0	15.0	18.0	21.0	23.0	27.0	36.0	44.0	48.0	66.0	79.0	90.0	114.0	134.0	150.0	176.0	199.0	231.0	264.0	315.0	348.0	409.0	491.0	602.0	709.0	833.0	970.0	1160.0	1376.0	1645.0	1914.0	2247.0	2648.0	3100.0	3635.0	4276.0	5025.0	5746.0	6560.0	7387.0	8155.0	8977.0	9737.0	10458.0	11083.0	11657.0	12274.0	12875.0	13382.0	13979.0	14554.0	15060.0	15510.0	16005.0	16501.0	16925.0	17408.0	17803.0	18145.0	18472.0	18834.0	19260.0	19599.0	19875.0	20209.0	20503.0	20716.0	20887.0	21088.0	21315.0	21405.0	21608.0	21661.0	21712.0	21616.0	21691.0	21767.0	21812.0	21829.0	21902.0	21918.0	21868.0	21886.0	21879.0	21799.0	21714.0	21575.0	21496.0	21390.0	21221.0	21029.0	20908.0	20817.0	20613.0	20461.0	20297.0	20087.0	19881.0	19743.0	19510.0	19321.0	19158.0	18934.0
0.0	0.0	0.0	1.0	1.0	1.0	1.0	2.0	2.0	2.0	2.0	3.0	3.0	4.0	5.0	6.0	4.0	6.0	10.0	12.0	17.0	18.0	18.0	18.0	25.0	29.0	33.0	36.0	40.0	44.0	55.0	63.0	72.0	81.0	100.0	116.0	135.0	155.0	177.0	209.0	263.0	298.0	331.0	393.0	467.0	571.0	673.0	789.0	930.0	1086.0	1276.0	1538.0	1758.0	2004.0	2294.0	2562.0	2825.0	3125.0	3306.0	3548.0	3756.0	3965.0	4204.0	4425.0	4606.0	4801.0	4942.0	5095.0	5273.0	5431.0	5562.0	5730.0	5907.0	6001.0	6109.0	6278.0	6387.0	6534.0	6669.0	6802.0	6996.0	7141.0	7275.0	7382.0	7482.0	7571.0	7683.0	7868.0	7944.0	8053.0	8213.0	8333.0	8519.0	8651.0	8774.0	8904.0	9025.0	9142.0	9200.0	9335.0	9526.0	9652.0	9810.0	9933.0	10078.0	10231.0	10305.0	10370.0	10564.0	10617.0	10728.0	10798.0	10875.0	10939.0	11084.0	11144.0	11248.0	11290.0
0.0	0.0	0.0	0.0	1.0	2.0	1.0	1.0	0.0	2.0	4.0	4.0	5.0	6.0	8.0	14.0	17.0	20.0	22.0	26.0	26.0	33.0	38.0	46.0	59.0	67.0	72.0	82.0	90.0	112.0	139.0	171.0	186.0	213.0	247.0	279.0	333.0	389.0	470.0	552.0	659.0	786.0	913.0	1051.0	1227.0	1439.0	1693.0	1960.0	2350.0	2721.0	3260.0	3820.0	4447.0	5044.0	5625.0	6201.0	6782.0	7407.0	7913.0	8446.0	8948.0	9437.0	9823.0	10291.0	10742.0	11152.0	11589.0	11999.0	12399.0	12797.0	13136.0	13535.0	13882.0	14221.0	14497.0	14793.0	15099.0	15381.0	15718.0	16041.0	16198.0	16381.0	16535.0	16713.0	16959.0	17114.0	17373.0	17646.0	17929.0	18111.0	18225.0	18329.0	18488.0	18505.0	18672.0	18740.0	18794.0	18815.0	18852.0	18831.0	18873.0	18826.0	18761.0	18780.0	18795.0	18837.0	18762.0	18720.0	18612.0	18571.0	18486.0	18395.0	18360.0	18286.0	18259.0	18142.0	18012.0	17935.0
0.0	0.0	0.0	1.0	1.0	2.0	2.0	2.0	3.0	2.0	4.0	5.0	7.0	9.0	10.0	12.0	12.0	13.0	17.0	21.0	25.0	27.0	27.0	30.0	31.0	41.0	56.0	67.0	72.0	83.0	115.0	140.0	165.0	204.0	235.0	284.0	346.0	399.0	468.0	543.0	614.0	717.0	848.0	1002.0	1222.0	1425.0	1724.0	2031.0	2375.0	2736.0	3198.0	3692.0	4281.0	4907.0	5463.0	6117.0	6724.0	7287.0	7861.0	8350.0	8818.0	9370.0	9859.0	10288.0	10692.0	11150.0	11562.0	11926.0	12298.0	12657.0	13026.0	13353.0	13685.0	14094.0	14496.0	14806.0	15158.0	15426.0	15758.0	15999.0	16191.0	16519.0	16728.0	16993.0	17137.0	17214.0	17422.0	17553.0	17768.0	17922.0	18112.0	18238.0	18337.0	18459.0	18674.0	18864.0	19003.0	19049.0	19120.0	19236.0	19251.0	19281.0	19383.0	19438.0	19443.0	19524.0	19482.0	19448.0	19477.0	19486.0	19447.0	19371.0	19327.0	19233.0	19096.0	19033.0	18903.0	18760.0
0.0	0.0	0.0	2.0	3.0	3.0	4.0	6.0	6.0	6.0	6.0	6.0	6.0	8.0	6.0	6.0	6.0	10.0	13.0	18.0	19.0	19.0	24.0	26.0	31.0	30.0	35.0	41.0	49.0	52.0	70.0	80.0	96.0	112.0	132.0	184.0	213.0	244.0	291.0	342.0	401.0	486.0	571.0	685.0	795.0	928.0	1082.0	1317.0	1586.0	1874.0	2237.0	2645.0	3085.0	3533.0	4018.0	4544.0	5028.0	5447.0	5922.0	6287.0	6691.0	7075.0	7432.0	7860.0	8250.0	8577.0	8891.0	9213.0	9507.0	9867.0	10129.0	10401.0	10653.0	10944.0	11190.0	11441.0	11751.0	11992.0	12274.0	12483.0	12778.0	13085.0	13323.0	13453.0	13656.0	13903.0	14055.0	14274.0	14438.0	14630.0	14798.0	15023.0	15141.0	15334.0	15483.0	15630.0	15746.0	15813.0	15848.0	16021.0	16124.0	16220.0	16363.0	16464.0	16561.0	16649.0	16714.0	16822.0	16884.0	16915.0	16976.0	17008.0	17053.0	17084.0	17121.0	17123.0	17074.0	17035.0
0.0	0.0	0.0	1.0	2.0	2.0	2.0	4.0	5.0	5.0	6.0	6.0	8.0	11.0	14.0	15.0	15.0	17.0	19.0	23.0	27.0	28.0	30.0	31.0	35.0	39.0	48.0	47.0	51.0	68.0	72.0	79.0	101.0	117.0	135.0	165.0	199.0	242.0	293.0	354.0	428.0	520.0	610.0	697.0	814.0	930.0	1116.0	1336.0	1590.0	1857.0	2151.0	2506.0	2885.0	3265.0	3648.0	4086.0	4539.0	4910.0	5289.0	5664.0	6062.0	6382.0	6724.0	7043.0	7344.0	7595.0	7855.0	8154.0	8449.0	8790.0	9031.0	9316.0	9503.0	9739.0	9974.0	10193.0	10373.0	10617.0	10929.0	11077.0	11329.0	11553.0	11822.0	11971.0	12211.0	12476.0	12684.0	12920.0	13057.0	13223.0	13436.0	13652.0	13862.0	14054.0	14228.0	14379.0	14518.0	14686.0	14785.0	14904.0	14984.0	15099.0	15177.0	15264.0	15333.0	15441.0	15559.0	15651.0	15751.0	15818.0	15821.0	15952.0	16017.0	16060.0	16070.0	16087.0	16064.0	16133.0
0.0	0.0	0.0	0.0	0.0	0.0	1.0	1.0	4.0	6.0	9.0	11.0	16.0	24.0	34.0	37.0	40.0	56.0	63.0	79.0	86.0	113.0	127.0	134.0	159.0	178.0	202.0	234.0	281.0	333.0	394.0	465.0	525.0	597.0	687.0	774.0	908.0	1089.0	1289.0	1447.0	1660.0	1942.0	2257.0	2628.0	3072.0	3626.0	4278.0	5011.0	5813.0	6812.0	7898.0	9183.0	10606.0	12081.0	13657.0	15008.0	16263.0	17531.0	18704.0	19854.0	20915.0	21937.0	22904.0	23687.0	24514.0	25278.0	26027.0	26693.0	27186.0	27706.0	28222.0	28657.0	29060.0	29349.0	29621.0	29872.0	30037.0	30165.0	30297.0	30324.0	30422.0	30450.0	30358.0	30258.0	30198.0	30040.0	29930.0	29776.0	29642.0	29504.0	29170.0	28952.0	28634.0	28318.0	28073.0	27792.0	27480.0	27114.0	26660.0	26389.0	25978.0	25701.0	25416.0	24978.0	24562.0	24096.0	23679.0	23300.0	22931.0	22550.0	22152.0	21787.0	21387.0	20908.0	20521.0	20160.0	19804.0	19406.0
0.0	0.0	1.0	1.0	0.0	1.0	2.0	5.0	5.0	4.0	6.0	7.0	7.0	7.0	7.0	5.0	5.0	6.0	7.0	8.0	11.0	12.0	14.0	15.0	20.0	22.0	27.0	36.0	39.0	48.0	61.0	68.0	78.0	91.0	103.0	128.0	158.0	184.0	218.0	257.0	303.0	356.0	434.0	514.0	610.0	718.0	843.0	982.0	1149.0	1359.0	1571.0	1822.0	2055.0	2344.0	2630.0	2928.0	3234.0	3576.0	3814.0	4058.0	4302.0	4538.0	4777.0	5051.0	5298.0	5567.0	5800.0	6010.0	6237.0	6442.0	6610.0	6783.0	7007.0	7205.0	7408.0	7621.0	7861.0	8068.0	8284.0	8431.0	8601.0	8777.0	9010.0	9121.0	9393.0	9574.0	9772.0	9947.0	10181.0	10284.0	10438.0	10668.0	10908.0	11045.0	11203.0	11302.0	11464.0	11646.0	11775.0	11867.0	12019.0	12232.0	12401.0	12547.0	12657.0	12806.0	12845.0	13077.0	13164.0	13297.0	13402.0	13518.0	13607.0	13657.0	13699.0	13741.0	13782.0	13877.0
0.0	0.0	0.0	0.0	1.0	2.0	2.0	3.0	4.0	4.0	4.0	5.0	7.0	9.0	12.0	15.0	15.0	19.0	25.0	28.0	29.0	37.0	40.0	40.0	49.0	65.0	77.0	94.0	105.0	117.0	134.0	159.0	186.0	225.0	260.0	290.0	325.0	370.0	420.0	476.0	553.0	648.0	776.0	927.0	1067.0	1226.0	1421.0	1677.0	1949.0	2276.0	2663.0	3075.0	3554.0	4121.0	4613.0	5113.0	5588.0	5984.0	6439.0	6864.0	7274.0	7626.0	7989.0	8386.0	8755.0	9079.0	9387.0	9718.0	10016.0	10388.0	10660.0	10927.0	11172.0	11451.0	11748.0	12066.0	12344.0	12613.0	12848.0	13115.0	13351.0	13585.0	13860.0	14085.0	14303.0	14625.0	14815.0	15035.0	15296.0	15544.0	15713.0	15821.0	15905.0	15992.0	16095.0	16218.0	16339.0	16400.0	16443.0	16489.0	16562.0	16670.0	16771.0	16827.0	16935.0	16963.0	16970.0	16998.0	17004.0	16997.0	17003.0	16950.0	17013.0	17002.0	16968.0	16926.0	16847.0	16801.0
0.0	0.0	0.0	2.0	1.0	2.0	2.0	3.0	3.0	3.0	4.0	3.0	6.0	8.0	9.0	10.0	17.0	29.0	33.0	37.0	43.0	50.0	60.0	66.0	77.0	92.0	108.0	120.0	130.0	142.0	164.0	189.0	225.0	246.0	280.0	335.0	391.0	456.0	535.0	618.0	718.0	855.0	1023.0	1212.0	1399.0	1639.0	1950.0	2312.0	2728.0	3226.0	3777.0	4419.0	5153.0	5832.0	6524.0	7212.0	7823.0	8491.0	9099.0	9668.0	10226.0	10802.0	11476.0	12024.0	12565.0	13064.0	13583.0	14136.0	14493.0	14942.0	15347.0	15740.0	16131.0	16545.0	16941.0	17160.0	17462.0	17772.0	18138.0	18371.0	18602.0	18744.0	19043.0	19203.0	19426.0	19602.0	19714.0	19911.0	20130.0	20295.0	20420.0	20394.0	20503.0	20526.0	20582.0	20597.0	20542.0	20509.0	20507.0	20474.0	20407.0	20432.0	20356.0	20261.0	20183.0	20141.0	20144.0	20054.0	19992.0	19851.0	19743.0	19631.0	19532.0	19337.0	19160.0	18957.0	18766.0	18629.0
0.0	0.0	0.0	0.0	0.0	1.0	1.0	4.0	5.0	7.0	9.0	8.0	10.0	15.0	17.0	24.0	31.0	36.0	41.0	55.0	67.0	87.0	102.0	112.0	125.0	142.0	168.0	208.0	240.0	282.0	340.0	426.0	506.0	591.0	712.0	846.0	1018.0	1207.0	1411.0	1667.0	1932.0	2226.0	2624.0	3084.0	3624.0	4261.0	5050.0	5803.0	6755.0	7803.0	9051.0	10483.0	12023.0	13584.0	15125.0	16606.0	18113.0	19361.0	20577.0	21603.0	22681.0	23744.0	24854.0	25728.0	26704.0	27570.0	28367.0	29092.0	29724.0	30353.0	30750.0	31154.0	31525.0	31901.0	32104.0	32375.0	32582.0	32772.0	32951.0	32975.0	33009.0	33021.0	32892.0	32706.0	32608.0	32356.0	32177.0	31953.0	31659.0	31312.0	30960.0	30661.0	30435.0	30131.0	29788.0	29421.0	29042.0	28662.0	28300.0	27793.0	27273.0	26829.0	26385.0	25896.0	25433.0	24946.0	24490.0	23953.0	23520.0	23022.0	22567.0	22102.0	21619.0	21177.0	20756.0	20312.0	19895.0	19433.0
0.0	0.0	0.0	0.0	2.0	2.0	3.0	3.0	3.0	6.0	7.0	12.0	14.0	21.0	27.0	37.0	42.0	45.0	56.0	69.0	85.0	103.0	109.0	132.0	157.0	188.0	236.0	274.0	312.0	369.0	435.0	525.0	644.0	753.0	879.0	1024.0	1225.0	1452.0	1725.0	1991.0	2366.0	2820.0	3293.0	3855.0	4593.0	5336.0	6244.0	7273.0	8442.0	9780.0	11343.0	13097.0	14972.0	17042.0	19081.0	20925.0	22777.0	24388.0	26026.0	27522.0	28808.0	30082.0	31257.0	32303.0	33226.0	34019.0	34736.0	35463.0	36061.0	36594.0	37086.0	37359.0	37688.0	37821.0	37976.0	37987.0	38018.0	37990.0	37931.0	37725.0	37484.0	37142.0	36736.0	36425.0	36199.0	35736.0	35248.0	34832.0	34380.0	33900.0	33364.0	32821.0	32325.0	31815.0	31270.0	30687.0	30154.0	29605.0	29054.0	28407.0	27867.0	27232.0	26646.0	26067.0	25440.0	24882.0	24236.0	23698.0	23105.0	22500.0	21941.0	21439.0	20929.0	20453.0	19924.0	19491.0	19053.0	18582.0
0.0	0.0	0.0	0.0	1.0	2.0	3.0	4.0	5.0	6.0	6.0	5.0	5.0	7.0	8.0	9.0	11.0	13.0	16.0	22.0	27.0	32.0	34.0	46.0	57.0	67.0	83.0	104.0	121.0	140.0	166.0	211.0	258.0	341.0	402.0	461.0	592.0	681.0	809.0	952.0	1121.0	1308.0	1499.0	1754.0	2033.0	2407.0	2846.0	3329.0	3939.0	4622.0	5426.0	6335.0	7379.0	8454.0	9428.0	10398.0	11371.0	12265.0	13148.0	14036.0	14889.0	15660.0	16376.0	17135.0	17774.0	18445.0	19100.0	19718.0	20328.0	20772.0	21282.0	21700.0	22126.0	22575.0	22907.0	23259.0	23641.0	23979.0	24154.0	24447.0	24490.0	24615.0	24670.0	24780.0	24838.0	24932.0	24954.0	24904.0	24852.0	24864.0	24860.0	24825.0	24856.0	24776.0	24670.0	24647.0	24455.0	24227.0	24053.0	23891.0	23783.0	23497.0	23375.0	23173.0	22935.0	22674.0	22388.0	22212.0	21930.0	21708.0	21348.0	21069.0	20771.0	20430.0	20114.0	19741.0	19474.0	19195.0
0.0	0.0	0.0	0.0	0.0	0.0	1.0	1.0	3.0	3.0	4.0	5.0	6.0	7.0	8.0	12.0	18.0	21.0	26.0	25.0	27.0	31.0	42.0	53.0	63.0	68.0	79.0	97.0	114.0	129.0	157.0	188.0	216.0	259.0	305.0	352.0	398.0	465.0	530.0	588.0	723.0	881.0	1050.0	1244.0	1472.0	1727.0	2056.0	2425.0	2801.0	3235.0	3729.0	4335.0	5052.0	5802.0	6486.0	7252.0	7920.0	8637.0	9360.0	10021.0	10513.0	11042.0	11619.0	12165.0	12706.0	13167.0	13614.0	13974.0	14341.0	14685.0	15089.0	15456.0	15875.0	16264.0	16539.0	16771.0	17118.0	17362.0	17666.0	17927.0	18062.0	18273.0	18564.0	18762.0	18929.0	19041.0	19131.0	19304.0	19419.0	19578.0	19654.0	19766.0	19829.0	19890.0	19976.0	20036.0	20104.0	20113.0	20045.0	20053.0	20002.0	19913.0	19918.0	19895.0	19819.0	19777.0	19627.0	19559.0	19438.0	19318.0	19219.0	19097.0	18986.0	18835.0	18719.0	18509.0	18331.0	18199.0
0.0	0.0	0.0	0.0	2.0	2.0	2.0	2.0	2.0	3.0	4.0	3.0	3.0	4.0	4.0	6.0	6.0	8.0	11.0	16.0	19.0	22.0	25.0	31.0	34.0	37.0	46.0	58.0	68.0	84.0	91.0	102.0	106.0	117.0	133.0	153.0	163.0	196.0	224.0	260.0	315.0	383.0	464.0	559.0	660.0	755.0	863.0	1028.0	1201.0	1397.0	1617.0	1852.0	2117.0	2443.0	2723.0	3067.0	3357.0	3644.0	3899.0	4217.0	4497.0	4733.0	5007.0	5275.0	5556.0	5772.0	6056.0	6301.0	6485.0	6732.0	7003.0	7248.0	7513.0	7776.0	7958.0	8133.0	8364.0	8609.0	8809.0	9051.0	9292.0	9545.0	9772.0	9977.0	10109.0	10279.0	10462.0	10634.0	10805.0	10939.0	11119.0	11236.0	11346.0	11535.0	11652.0	11834.0	11947.0	12081.0	12205.0	12359.0	12454.0	12528.0	12643.0	12823.0	12819.0	12902.0	12977.0	13086.0	13213.0	13366.0	13383.0	13474.0	13497.0	13584.0	13591.0	13684.0	13791.0	13821.0
0.0	0.0	0.0	0.0	1.0	4.0	4.0	5.0	9.0	9.0	9.0	12.0	12.0	11.0	11.0	11.0	12.0	12.0	14.0	16.0	18.0	20.0	26.0	32.0	33.0	46.0	61.0	73.0	87.0	101.0	121.0	150.0	176.0	198.0	227.0	264.0	299.0	357.0	415.0	497.0	567.0	658.0	770.0	903.0	1050.0	1245.0	1436.0	1691.0	2020.0	2391.0	2780.0	3192.0	3680.0	4208.0	4762.0	5239.0	5801.0	6336.0	6804.0	7301.0	7758.0	8205.0	8578.0	8991.0	9406.0	9755.0	10160.0	10513.0	10845.0	11158.0	11450.0	11751.0	12100.0	12438.0	12651.0	12898.0	13187.0	13515.0	13776.0	13998.0	14291.0	14489.0	14763.0	14977.0	15188.0	15413.0	15593.0	15717.0	15946.0	16083.0	16313.0	16453.0	16534.0	16691.0	16876.0	17057.0	17115.0	17167.0	17193.0	17289.0	17394.0	17382.0	17445.0	17490.0	17486.0	17532.0	17483.0	17521.0	17486.0	17577.0	17568.0	17423.0	17458.0	17410.0	17350.0	17320.0	17265.0	17199.0
0.0	0.0	0.0	1.0	1.0	1.0	2.0	2.0	2.0	3.0	5.0	4.0	4.0	5.0	10.0	13.0	12.0	17.0	17.0	21.0	19.0	22.0	28.0	32.0	38.0	43.0	44.0	58.0	73.0	80.0	86.0	107.0	127.0	153.0	187.0	231.0	269.0	326.0	388.0	442.0	527.0	617.0	732.0	865.0	1008.0	1177.0	1356.0	1580.0	1886.0	2169.0	2498.0	2911.0	3318.0	3809.0	4329.0	4757.0	5174.0	5675.0	6118.0	6489.0	6899.0	7322.0	7735.0	8140.0	8513.0	8905.0	9245.0	9578.0	9855.0	10170.0	10400.0	10701.0	11021.0	11263.0	11615.0	11929.0	12195.0	12416.0	12619.0	12878.0	13059.0	13265.0	13528.0	13706.0	13891.0	14049.0	14262.0	14434.0	14641.0	14782.0	14948.0	15119.0	15249.0	15375.0	15552.0	15680.0	15823.0	15894.0	15932.0	16009.0	16093.0	16096.0	16160.0	16112.0	16096.0	16174.0	16178.0	16271.0	16306.0	16369.0	16381.0	16351.0	16335.0	16339.0	16340.0	16329.0	16324.0	16332.0
0.0	0.0	0.0	0.0	0.0	0.0	1.0	3.0	6.0	7.0	8.0	11.0	13.0	13.0	16.0	17.0	20.0	22.0	25.0	32.0	40.0	50.0	56.0	59.0	64.0	85.0	105.0	123.0	145.0	164.0	200.0	241.0	280.0	345.0	402.0	467.0	533.0	614.0	716.0	842.0	971.0	1156.0	1344.0	1531.0	1819.0	2168.0	2534.0	3022.0	3545.0	4124.0	4798.0	5606.0	6421.0	7346.0	8245.0	9106.0	9926.0	10749.0	11598.0	12333.0	13140.0	13830.0	14500.0	15164.0	15796.0	16450.0	17019.0	17549.0	18059.0	18519.0	18919.0	19338.0	19736.0	20097.0	20410.0	20798.0	21100.0	21386.0	21595.0	21943.0	22245.0	22504.0	22677.0	22865.0	22994.0	23049.0	23134.0	23274.0	23334.0	23380.0	23407.0	23424.0	23378.0	23240.0	23179.0	23062.0	22988.0	22853.0	22835.0	22655.0	22559.0	22408.0	22223.0	22023.0	21872.0	21725.0	21540.0	21371.0	21219.0	20945.0	20771.0	20600.0	20394.0	20124.0	19871.0	19638.0	19424.0	19227.0
0.0	0.0	0.0	0.0	0.0	1.0	3.0	4.0	5.0	4.0	5.0	5.0	5.0	7.0	8.0	10.0	9.0	13.0	17.0	16.0	20.0	25.0	23.0	25.0	29.0	29.0	29.0	35.0	38.0	43.0	46.0	54.0	66.0	76.0	88.0	105.0	129.0	146.0	162.0	197.0	227.0	277.0	317.0	363.0	449.0	532.0	613.0	731.0	829.0	937.0	1078.0	1265.0	1448.0	1642.0	1855.0	2022.0	2208.0	2439.0	2650.0	2838.0	3015.0	3207.0	3361.0	3538.0	3700.0	3892.0	4106.0	4313.0	4539.0	4679.0	4882.0	5059.0	5251.0	5372.0	5476.0	5622.0	5743.0	5856.0	6032.0	6205.0	6321.0	6431.0	6528.0	6609.0	6760.0	6914.0	7062.0	7209.0	7342.0	7493.0	7589.0	7731.0	7882.0	7998.0	8242.0	8373.0	8527.0	8669.0	8742.0	8880.0	9014.0	9099.0	9220.0	9370.0	9457.0	9554.0	9683.0	9828.0	10013.0	10112.0	10218.0	10329.0	10470.0	10573.0	10692.0	10764.0	10899.0	10991.0
0.0	0.0	0.0	0.0	0.0	1.0	1.0	1.0	1.0	1.0	1.0	1.0	3.0	4.0	5.0	7.0	8.0	9.0	13.0	15.0	21.0	23.0	25.0	27.0	30.0	32.0	41.0	51.0	59.0	68.0	87.0	104.0	128.0	151.0	190.0	222.0	254.0	307.0	363.0	426.0	495.0	563.0	676.0	790.0	928.0	1102.0	1276.0	1459.0	1719.0	1985.0	2305.0	2669.0	3122.0	3548.0	4040.0	4461.0	4868.0	5181.0	5567.0	5919.0	6375.0	6710.0	6988.0	7281.0	7597.0	7914.0	8236.0	8520.0	8782.0	9058.0	9400.0	9640.0	9966.0	10239.0	10457.0	10688.0	10924.0	11151.0	11368.0	11601.0	11771.0	11993.0	12238.0	12440.0	12621.0	12814.0	13096.0	13310.0	13493.0	13698.0	13845.0	14011.0	14231.0	14325.0	14523.0	14673.0	14851.0	15028.0	15018.0	15162.0	15342.0	15445.0	15512.0	15565.0	15701.0	15831.0	15881.0	15910.0	15932.0	15911.0	15952.0	15914.0	15894.0	15865.0	15841.0	15878.0	15823.0	15911.0
0.0	0.0	0.0	0.0	0.0	1.0	1.0	2.0	4.0	6.0	9.0	11.0	13.0	20.0	25.0	28.0	34.0	43.0	54.0	73.0	77.0	95.0	117.0	140.0	180.0	204.0	234.0	278.0	311.0	380.0	443.0	507.0	603.0	689.0	813.0	960.0	1105.0	1292.0	1530.0	1797.0	2083.0	2480.0	2889.0	3403.0	4015.0	4692.0	5476.0	6454.0	7525.0	8709.0	10153.0	11789.0	13457.0	15235.0	16919.0	18573.0	20162.0	21763.0	23179.0	24484.0	25742.0	27001.0	28009.0	28993.0	30023.0	30830.0	31484.0	32249.0	32920.0	33402.0	33805.0	34102.0	34520.0	34849.0	34988.0	35001.0	35103.0	35126.0	35296.0	35234.0	35052.0	34946.0	34645.0	34397.0	34111.0	33937.0	33643.0	33252.0	32931.0	32451.0	32062.0	31592.0	31105.0	30519.0	30003.0	29457.0	28935.0	28343.0	27878.0	27383.0	26844.0	26325.0	25821.0	25308.0	24774.0	24287.0	23824.0	23272.0	22807.0	22299.0	21820.0	21327.0	20842.0	20331.0	19944.0	19572.0	19131.0	18761.0
0.0	0.0	0.0	0.0	0.0	0.0	1.0	2.0	3.0	5.0	10.0	10.0	12.0	12.0	10.0	9.0	12.0	12.0	14.0	15.0	17.0	18.0	24.0	23.0	22.0	25.0	33.0	46.0	59.0	73.0	88.0	104.0	125.0	149.0	163.0	192.0	226.0	249.0	302.0	347.0	403.0	490.0	574.0	682.0	805.0	982.0	1157.0	1360.0	1571.0	1857.0	2189.0	2559.0	2945.0	3417.0	3806.0	4173.0	4582.0	5034.0	5379.0	5652.0	6015.0	6295.0	6625.0	6936.0	7228.0	7521.0	7829.0	8104.0	8377.0	8620.0	8897.0	9115.0	9382.0	9567.0	9863.0	10160.0	10454.0	10761.0	10957.0	11207.0	11397.0	11665.0	11892.0	12105.0	12287.0	12522.0	12693.0	12856.0	12955.0	13079.0	13182.0	13341.0	13519.0	13701.0	13881.0	13998.0	14096.0	14173.0	14321.0	14471.0	14631.0	14761.0	14854.0	14922.0	15033.0	15147.0	15246.0	15345.0	15496.0	15562.0	15626.0	15634.0	15629.0	15670.0	15635.0	15697.0	15724.0	15763.0
0.0	0.0	0.0	1.0	1.0	1.0	0.0	1.0	2.0	2.0	3.0	8.0	11.0	12.0	15.0	17.0	25.0	30.0	33.0	40.0	43.0	52.0	59.0	69.0	84.0	102.0	128.0	139.0	154.0	169.0	193.0	246.0	276.0	331.0	394.0	467.0	570.0	666.0	775.0	898.0	1053.0	1261.0	1470.0	1693.0	1989.0	2351.0	2723.0	3159.0	3669.0	4283.0	4954.0	5747.0	6647.0	7541.0	8477.0	9440.0	10309.0	11126.0	11936.0	12770.0	13450.0	14153.0	14872.0	15485.0	16075.0	16652.0	17148.0	17750.0	18253.0	18734.0	19268.0	19730.0	20151.0	20452.0	20763.0	21254.0	21530.0	21903.0	22272.0	22619.0	22908.0	23248.0	23415.0	23555.0	23733.0	23904.0	24161.0	24176.0	24222.0	24268.0	24209.0	24204.0	24298.0	24256.0	24224.0	24139.0	24071.0	23938.0	23690.0	23610.0	23436.0	23277.0	23049.0	22904.0	22747.0	22524.0	22312.0	22125.0	22007.0	21707.0	21487.0	21261.0	20992.0	20722.0	20490.0	20245.0	19939.0	19713.0
0.0	0.0	0.0	0.0	1.0	1.0	1.0	2.0	4.0	8.0	9.0	10.0	11.0	11.0	11.0	17.0	21.0	24.0	28.0	33.0	42.0	54.0	62.0	67.0	83.0	95.0	119.0	147.0	160.0	189.0	209.0	248.0	289.0	343.0	386.0	436.0	539.0	640.0	755.0	884.0	1050.0	1220.0	1436.0	1663.0	1938.0	2286.0	2683.0	3179.0	3744.0	4338.0	4995.0	5770.0	6615.0	7463.0	8312.0	9219.0	10045.0	10893.0	11653.0	12459.0	13192.0	13875.0	14585.0	15214.0	15703.0	16320.0	16812.0	17338.0	17822.0	18336.0	18726.0	19253.0	19703.0	19958.0	20345.0	20689.0	21060.0	21280.0	21515.0	21669.0	21849.0	22091.0	22258.0	22420.0	22631.0	22806.0	22887.0	22993.0	23107.0	23173.0	23240.0	23261.0	23290.0	23281.0	23226.0	23196.0	23188.0	23090.0	22994.0	22838.0	22668.0	22561.0	22476.0	22246.0	22126.0	21871.0	21675.0	21463.0	21191.0	20979.0	20693.0	20508.0	20403.0	20071.0	19869.0	19655.0	19307.0	19083.0
0.0	0.0	0.0	0.0	0.0	3.0	3.0	3.0	2.0	2.0	3.0	2.0	2.0	1.0	2.0	3.0	3.0	4.0	5.0	7.0	7.0	6.0	9.0	12.0	14.0	16.0	20.0	19.0	20.0	31.0	36.0	39.0	52.0	58.0	69.0	82.0	95.0	113.0	123.0	145.0	173.0	207.0	230.0	274.0	319.0	372.0	438.0	514.0	599.0	700.0	822.0	967.0	1130.0	1282.0	1454.0	1615.0	1772.0	1920.0	2044.0	2154.0	2278.0	2418.0	2516.0	2614.0	2686.0	2781.0	2899.0	3040.0	3161.0	3236.0	3346.0	3458.0	3582.0	3723.0	3854.0	3975.0	4154.0	4231.0	4339.0	4407.0	4530.0	4640.0	4767.0	4908.0	5001.0	5083.0	5199.0	5328.0	5415.0	5513.0	5596.0	5698.0	5786.0	5853.0	5977.0	6136.0	6220.0	6314.0	6425.0	6575.0	6662.0	6753.0	6862.0	6905.0	7020.0	7156.0	7217.0	7328.0	7484.0	7598.0	7701.0	7799.0	7910.0	8041.0	8171.0	8322.0	8463.0	8622.0
0.0	0.0	0.0	0.0	0.0	0.0	0.0	1.0	2.0	4.0	5.0	6.0	8.0	11.0	17.0	20.0	28.0	30.0	33.0	32.0	33.0	35.0	43.0	43.0	57.0	64.0	69.0	88.0	93.0	106.0	121.0	143.0	172.0	208.0	230.0	262.0	288.0	342.0	402.0	481.0	549.0	638.0	754.0	858.0	982.0	1167.0	1309.0	1504.0	1778.0	2066.0	2437.0	2868.0	3321.0	3772.0	4239.0	4716.0	5208.0	5631.0	6086.0	6497.0	6884.0	7290.0	7638.0	8058.0	8449.0	8773.0	9054.0	9430.0	9761.0	10104.0	10393.0	10691.0	10947.0	11228.0	11397.0	11595.0	11898.0	12132.0	12421.0	12636.0	12890.0	13055.0	13237.0	13491.0	13690.0	13820.0	13990.0	14207.0	14376.0	14556.0	14789.0	15001.0	15155.0	15352.0	15528.0	15689.0	15857.0	15964.0	16114.0	16231.0	16354.0	16422.0	16527.0	16546.0	16644.0	16667.0	16746.0	16786.0	16848.0	16903.0	16916.0	16963.0	17011.0	16939.0	16962.0	16911.0	16848.0	16842.0
0.0	0.0	0.0	0.0	0.0	1.0	1.0	1.0	1.0	2.0	3.0	3.0	3.0	6.0	10.0	11.0	11.0	12.0	17.0	19.0	22.0	29.0	36.0	43.0	59.0	79.0	93.0	115.0	127.0	154.0	174.0	207.0	240.0	283.0	341.0	411.0	480.0	593.0	718.0	871.0	1025.0	1212.0	1400.0	1661.0	1967.0	2336.0	2725.0	3182.0	3717.0	4384.0	5204.0	6082.0	6968.0	8080.0	9042.0	9934.0	10815.0	11717.0	12581.0	13327.0	14019.0	14720.0	15358.0	16035.0	16730.0	17310.0	17880.0	18495.0	18940.0	19490.0	20009.0	20394.0	20750.0	21223.0	21619.0	21996.0	22337.0	22672.0	22991.0	23101.0	23238.0	23490.0	23673.0	23882.0	24090.0	24104.0	24205.0	24365.0	24374.0	24419.0	24461.0	24415.0	24309.0	24371.0	24253.0	24145.0	24034.0	24002.0	23801.0	23584.0	23445.0	23226.0	22992.0	22706.0	22454.0	22184.0	21901.0	21626.0	21422.0	21181.0	20848.0	20526.0	20235.0	19955.0	19652.0	19385.0	19018.0	18710.0
0.0	0.0	0.0	0.0	1.0	2.0	3.0	4.0	4.0	7.0	6.0	6.0	10.0	11.0	11.0	17.0	21.0	25.0	31.0	29.0	34.0	46.0	53.0	63.0	73.0	94.0	117.0	144.0	163.0	185.0	216.0	256.0	308.0	379.0	446.0	519.0	591.0	682.0	797.0	925.0	1075.0	1289.0	1503.0	1754.0	2047.0	2466.0	2886.0	3379.0	3975.0	4668.0	5416.0	6257.0	7276.0	8269.0	9257.0	10304.0	11342.0	12333.0	13281.0	14163.0	14970.0	15795.0	16591.0	17300.0	17991.0	18614.0	19167.0	19843.0	20369.0	20868.0	21338.0	21807.0	22203.0	22535.0	22860.0	23214.0	23570.0	23888.0	24007.0	24256.0	24522.0	24687.0	24792.0	24845.0	24890.0	24959.0	25128.0	25228.0	25292.0	25250.0	25251.0	25278.0	25164.0	25198.0	25061.0	24892.0	24811.0	24563.0	24515.0	24314.0	24064.0	23827.0	23710.0	23487.0	23291.0	23041.0	22777.0	22526.0	22288.0	21985.0	21650.0	21272.0	20938.0	20713.0	20421.0	20134.0	19755.0	19459.0
0.0	0.0	0.0	0.0	0.0	0.0	0.0	1.0	2.0	3.0	4.0	5.0	7.0	8.0	8.0	10.0	12.0	14.0	18.0	22.0	27.0	31.0	47.0	57.0	68.0	83.0	106.0	117.0	132.0	143.0	160.0	168.0	194.0	227.0	260.0	292.0	346.0	402.0	449.0	528.0	614.0	706.0	856.0	1004.0	1168.0	1368.0	1589.0	1859.0	2189.0	2525.0	2959.0	3472.0	4017.0	4584.0	5173.0	5796.0	6378.0	6930.0	7511.0	7967.0	8388.0	8858.0	9285.0	9799.0	10273.0	10710.0	11090.0	11472.0	11882.0	12191.0	12561.0	12835.0	13159.0	13498.0	13873.0	14243.0	14566.0	14751.0	15027.0	15310.0	15547.0	15807.0	16025.0	16296.0	16501.0	16682.0	16846.0	17055.0	17210.0	17450.0	17589.0	17633.0	17772.0	17858.0	17958.0	18042.0	18111.0	18153.0	18211.0	18232.0	18343.0	18321.0	18419.0	18399.0	18470.0	18533.0	18496.0	18490.0	18361.0	18341.0	18226.0	18216.0	18199.0	18133.0	18108.0	18059.0	17979.0	17899.0
0.0	0.0	0.0	0.0	1.0	1.0	1.0	1.0	1.0	2.0	2.0	2.0	2.0	3.0	3.0	3.0	4.0	5.0	7.0	7.0	7.0	10.0	11.0	14.0	16.0	25.0	26.0	30.0	34.0	43.0	45.0	49.0	62.0	73.0	92.0	107.0	108.0	124.0	141.0	170.0	202.0	254.0	298.0	350.0	406.0	488.0	573.0	689.0	819.0	947.0	1109.0	1316.0	1529.0	1788.0	2046.0	2280.0	2468.0	2654.0	2886.0	3105.0	3272.0	3500.0	3677.0	3864.0	4080.0	4306.0	4529.0	4672.0	4855.0	5022.0	5203.0	5347.0	5493.0	5673.0	5804.0	6029.0	6242.0	6416.0	6578.0	6756.0	6859.0	7059.0	7215.0	7380.0	7554.0	7755.0	7964.0	8200.0	8405.0	8530.0	8642.0	8840.0	8980.0	9111.0	9311.0	9542.0	9700.0	9851.0	10059.0	10264.0	10431.0	10583.0	10657.0	10800.0	10970.0	11137.0	11286.0	11437.0	11623.0	11770.0	11845.0	11937.0	12023.0	12178.0	12309.0	12457.0	12615.0	12682.0
0.0	0.0	0.0	0.0	1.0	1.0	1.0	3.0	4.0	6.0	7.0	6.0	9.0	8.0	7.0	10.0	13.0	15.0	21.0	24.0	30.0	34.0	44.0	54.0	61.0	77.0	87.0	104.0	124.0	150.0	175.0	200.0	228.0	290.0	335.0	386.0	452.0	546.0	613.0	717.0	841.0	1018.0	1199.0	1396.0	1633.0	1914.0	2239.0	2608.0	3049.0	3551.0	4134.0	4893.0	5666.0	6510.0	7328.0	8139.0	8865.0	9580.0	10281.0	10930.0	11551.0	12228.0	12784.0	13355.0	13924.0	14473.0	15000.0	15521.0	16017.0	16532.0	16978.0	17433.0	17866.0	18181.0	18521.0	18924.0	19239.0	19605.0	19931.0	20102.0	20380.0	20697.0	20863.0	21018.0	21130.0	21268.0	21434.0	21608.0	21737.0	21880.0	22016.0	22128.0	22172.0	22183.0	22160.0	22202.0	22157.0	22142.0	22064.0	21973.0	21898.0	21843.0	21655.0	21472.0	21337.0	21141.0	21017.0	20867.0	20754.0	20498.0	20231.0	20097.0	19913.0	19688.0	19444.0	19274.0	19137.0	18827.0
0.0	0.0	0.0	0.0	0.0	1.0	1.0	2.0	3.0	5.0	9.0	12.0	12.0	14.0	15.0	19.0	22.0	26.0	31.0	36.0	48.0	62.0	75.0	83.0	91.0	114.0	131.0	155.0	195.0	228.0	256.0	306.0	358.0	429.0	500.0	584.0	696.0	807.0	954.0	1114.0	1314.0	1514.0	1809.0	2129.0	2495.0	2932.0	3423.0	3971.0	4712.0	5537.0	6445.0	7513.0	8532.0	9651.0	10887.0	12084.0	13177.0	14358.0	15301.0	16279.0	17250.0	18220.0	18994.0	19805.0	20573.0	21226.0	21888.0	22428.0	23000.0	23586.0	24105.0	24506.0	24882.0	25281.0	25594.0	25985.0	26296.0	26561.0	26926.0	27072.0	27248.0	27400.0	27477.0	27680.0	27802.0	27828.0	27856.0	27862.0	27778.0	27761.0	27618.0	27568.0	27503.0	27361.0	27328.0	27152.0	26990.0	26760.0	26396.0	26103.0	25848.0	25636.0	25305.0	24948.0	24616.0	24280.0	23924.0	23653.0	23246.0	22914.0	22603.0	22202.0	21863.0	21511.0	21120.0	20692.0	20348.0	20040.0
0.0	0.0	0.0	1.0	1.0	3.0	4.0	4.0	6.0	6.0	7.0	7.0	9.0	11.0	12.0	15.0	18.0	22.0	25.0	35.0	39.0	51.0	57.0	68.0	74.0	85.0	97.0	118.0	137.0	181.0	211.0	245.0	297.0	360.0	418.0	491.0	588.0	716.0	824.0	957.0	1140.0	1314.0	1507.0	1759.0	2083.0	2398.0	2782.0	3167.0	3648.0	4320.0	5007.0	5762.0	6614.0	7526.0	8567.0	9452.0	10330.0	11143.0	11924.0	12770.0	13554.0	14348.0	14974.0	15643.0	16290.0	16850.0	17276.0	17773.0	18172.0	18698.0	19129.0	19578.0	19997.0	20315.0	20623.0	20924.0	21238.0	21539.0	21743.0	21973.0	22211.0	22381.0	22648.0	22829.0	22986.0	23136.0	23203.0	23321.0	23420.0	23524.0	23548.0	23549.0	23452.0	23410.0	23415.0	23296.0	23276.0	23192.0	23116.0	22988.0	22836.0	22649.0	22471.0	22355.0	22160.0	21919.0	21678.0	21503.0	21220.0	20981.0	20770.0	20410.0	20241.0	20076.0	19840.0	19629.0	19407.0	19190.0
0.0	0.0	0.0	0.0	0.0	0.0	0.0	0.0	1.0	1.0	2.0	8.0	10.0	13.0	13.0	18.0	21.0	27.0	32.0	35.0	39.0	47.0	56.0	66.0	93.0	103.0	133.0	153.0	185.0	210.0	249.0	296.0	342.0	411.0	502.0	588.0	673.0	829.0	978.0	1169.0	1365.0	1608.0	1820.0	2120.0	2465.0	2902.0	3410.0	3940.0	4645.0	5432.0	6326.0	7291.0	8453.0	9569.0	10773.0	11941.0	13104.0	14162.0	15116.0	16024.0	16909.0	17744.0	18480.0	19218.0	19868.0	20519.0	21223.0	21805.0	22430.0	22906.0	23377.0	23733.0	24175.0	24441.0	24768.0	25123.0	25398.0	25724.0	25869.0	26216.0	26356.0	26401.0	26569.0	26652.0	26700.0	26630.0	26638.0	26630.0	26637.0	26654.0	26609.0	26566.0	26426.0	26238.0	26031.0	25918.0	25856.0	25631.0	25389.0	25124.0	24857.0	24614.0	24343.0	24128.0	23825.0	23522.0	23200.0	22829.0	22471.0	22103.0	21835.0	21486.0	21180.0	20917.0	20562.0	20255.0	19919.0	19535.0
0.0	0.0	0.0	0.0	0.0	0.0	1.0	2.0	3.0	5.0	8.0	7.0	7.0	8.0	10.0	15.0	15.0	19.0	19.0	24.0	24.0	28.0	33.0	39.0	48.0	57.0	61.0	69.0	86.0	95.0	112.0	133.0	151.0	183.0	204.0	245.0	295.0	354.0	430.0	503.0	602.0	695.0	810.0	933.0	1105.0	1333.0	1574.0	1824.0	2124.0	2460.0	2871.0	3293.0	3789.0	4320.0	4859.0	5446.0	5968.0	6478.0	6955.0	7488.0	7913.0	8473.0	8898.0	9359.0	9850.0	10317.0	10728.0	11119.0	11443.0	11888.0	12291.0	12659.0	13022.0	13337.0	13671.0	13999.0	14278.0	14538.0	14765.0	15014.0	15259.0	15501.0	15647.0	15851.0	16040.0	16178.0	16327.0	16512.0	16645.0	16823.0	17029.0	17194.0	17299.0	17417.0	17537.0	17631.0	17814.0	17909.0	17985.0	18031.0	18148.0	18158.0	18107.0	18056.0	18042.0	18059.0	18067.0	18030.0	18027.0	17974.0	18001.0	17969.0	17912.0	17911.0	17788.0	17716.0	17532.0	17460.0
0.0	0.0	0.0	0.0	1.0	1.0	1.0	1.0	2.0	2.0	3.0	4.0	6.0	8.0	10.0	13.0	15.0	15.0	15.0	18.0	22.0	30.0	38.0	36.0	48.0	57.0	60.0	71.0	85.0	102.0	121.0	152.0	185.0	216.0	258.0	315.0	354.0	425.0	496.0	602.0	724.0	846.0	973.0	1142.0	1306.0	1541.0	1829.0	2161.0	2536.0	2950.0	3459.0	4049.0	4654.0	5334.0	5973.0	6577.0	7191.0	7796.0	8428.0	9034.0	9580.0	10176.0	10702.0	11216.0	11764.0	12206.0	12670.0	13122.0	13489.0	13885.0	14246.0	14582.0	14968.0	15314.0	15579.0	15829.0	16107.0	16323.0	16614.0	16897.0	17157.0	17492.0	17748.0	17935.0	18212.0	18383.0	18508.0	18569.0	18668.0	18811.0	18937.0	19112.0	19309.0	19432.0	19491.0	19502.0	19587.0	19624.0	19658.0	19702.0	19726.0	19741.0	19736.0	19736.0	19648.0	19649.0	19617.0	19586.0	19498.0	19430.0	19396.0	19262.0	19191.0	19114.0	19023.0	18905.0	18758.0	18623.0
0.0	0.0	0.0	0.0	1.0	1.0	1.0	1.0	3.0	4.0	7.0	9.0	12.0	15.0	14.0	19.0	21.0	24.0	28.0	31.0	42.0	50.0	51.0	60.0	67.0	72.0	78.0	97.0	117.0	151.0	174.0	197.0	244.0	299.0	347.0	408.0	484.0	570.0	675.0	805.0	950.0	1111.0	1296.0	1537.0	1763.0	2079.0	2409.0	2792.0	3258.0	3870.0	4521.0	5224.0	6010.0	6824.0	7624.0	8390.0	9139.0	9779.0	10563.0	11218.0	11827.0	12502.0	13080.0	13748.0	14306.0	14861.0	15364.0	15855.0	16287.0	16748.0	17193.0	17585.0	17962.0	18289.0	18651.0	19040.0	19440.0	19629.0	19930.0	20276.0	20485.0	20660.0	20874.0	21088.0	21195.0	21320.0	21439.0	21550.0	21619.0	21702.0	21788.0	21776.0	21802.0	21850.0	21839.0	21840.0	21876.0	21847.0	21801.0	21704.0	21664.0	21497.0	21305.0	21189.0	21073.0	20946.0	20709.0	20558.0	20463.0	20245.0	20022.0	19810.0	19681.0	19536.0	19398.0	19214.0	18994.0	18731.0
0.0	0.0	0.0	0.0	0.0	2.0	2.0	3.0	4.0	6.0	11.0	14.0	19.0	22.0	22.0	25.0	34.0	43.0	47.0	59.0	70.0	82.0	91.0	104.0	114.0	127.0	155.0	179.0	211.0	254.0	298.0	350.0	399.0	470.0	558.0	679.0	804.0	933.0	1108.0	1279.0	1489.0	1750.0	2035.0	2413.0	2800.0	3299.0	3846.0	4493.0	5227.0	6056.0	7069.0	8124.0	9362.0	10611.0	11783.0	12955.0	14105.0	15254.0	16265.0	17217.0	18219.0	19107.0	20018.0	20770.0	21551.0	22308.0	22982.0	23636.0	24194.0	24788.0	25223.0	25662.0	26006.0	26504.0	26877.0	27104.0	27468.0	27677.0	27839.0	27888.0	27967.0	28159.0	28201.0	28296.0	28273.0	28236.0	28153.0	28049.0	27922.0	27849.0	27739.0	27546.0	27435.0	27222.0	26992.0	26765.0	26493.0	26209.0	25874.0	25500.0	25197.0	24914.0	24623.0	24212.0	23875.0	23497.0	23108.0	22732.0	22332.0	21967.0	21718.0	21373.0	20921.0	20628.0	20219.0	19871.0	19550.0	19210.0
0.0	0.0	0.0	0.0	1.0	2.0	2.0	2.0	3.0	4.0	4.0	5.0	4.0	9.0	12.0	21.0	25.0	41.0	47.0	62.0	77.0	85.0	98.0	123.0	142.0	171.0	204.0	238.0	272.0	318.0	376.0	437.0	514.0	623.0	741.0	853.0	1005.0	1172.0	1396.0	1626.0	1932.0	2267.0	2697.0	3175.0	3767.0	4444.0	5220.0	6048.0	6986.0	8122.0	9531.0	11076.0	12664.0	14216.0	15868.0	17453.0	18965.0	20387.0	21633.0	22898.0	24053.0	25197.0	26120.0	27196.0	28080.0	29016.0	29626.0	30295.0	30836.0	31385.0	32025.0	32358.0	32670.0	32981.0	33139.0	33280.0	33428.0	33515.0	33656.0	33739.0	33713.0	33740.0	33638.0	33404.0	33215.0	33040.0	32770.0	32521.0	32215.0	31895.0	31589.0	31208.0	30798.0	30400.0	30012.0	29523.0	29131.0	28598.0	28157.0	27716.0	27220.0	26722.0	26270.0	25858.0	25339.0	24811.0	24269.0	23781.0	23384.0	22895.0	22449.0	21924.0	21382.0	20933.0	20522.0	20080.0	19649.0	19224.0
0.0	0.0	0.0	0.0	1.0	1.0	0.0	3.0	3.0	5.0	5.0	11.0	12.0	13.0	16.0	18.0	19.0	19.0	21.0	21.0	29.0	30.0	30.0	35.0	41.0	43.0	51.0	58.0	65.0	84.0	105.0	125.0	151.0	163.0	183.0	213.0	249.0	292.0	358.0	418.0	478.0	550.0	655.0	759.0	893.0	1032.0	1198.0	1417.0	1655.0	1951.0	2288.0	2730.0	3163.0	3600.0	4072.0	4467.0	4922.0	5276.0	5702.0	6024.0	6461.0	6806.0	7143.0	7456.0	7783.0	8081.0	8390.0	8742.0	9118.0	9359.0	9624.0	9915.0	10294.0	10528.0	10761.0	11032.0	11341.0	11542.0	11777.0	12034.0	12292.0	12524.0	12689.0	12922.0	13148.0	13400.0	13597.0	13758.0	13936.0	14061.0	14187.0	14364.0	14562.0	14705.0	14827.0	14929.0	15086.0	15239.0	15298.0	15395.0	15465.0	15500.0	15633.0	15610.0	15694.0	15769.0	15855.0	15831.0	15901.0	15992.0	16047.0	16059.0	16171.0	16169.0	16133.0	16078.0	16126.0	16152.0
0.0	0.0	0.0	1.0	1.0	1.0	2.0	2.0	2.0	4.0	5.0	6.0	9.0	14.0	20.0	20.0	24.0	31.0	37.0	50.0	61.0	72.0	88.0	109.0	130.0	154.0	163.0	196.0	234.0	267.0	320.0	380.0	451.0	531.0	636.0	738.0	870.0	1026.0	1187.0	1408.0	1632.0	1881.0	2217.0	2596.0	3093.0	3651.0	4206.0	4909.0	5728.0	6580.0	7645.0	8876.0	10092.0	11590.0	12955.0	14248.0	15482.0	16682.0	17932.0	19002.0	19955.0	21033.0	21945.0	22717.0	23513.0	24194.0	24867.0	25394.0	26009.0	26574.0	26993.0	27378.0	27746.0	28088.0	28357.0	28593.0	28867.0	29036.0	29191.0	29282.0	29346.0	29375.0	29448.0	29514.0	29481.0	29442.0	29224.0	29049.0	28880.0	28625.0	28481.0	28248.0	27860.0	27547.0	27321.0	27046.0	26701.0	26440.0	26087.0	25749.0	25459.0	25114.0	24842.0	24407.0	24029.0	23724.0	23311.0	22912.0	22591.0	22166.0	21730.0	21439.0	21085.0	20808.0	20454.0	20129.0	19757.0	19384.0
0.0	0.0	0.0	0.0	0.0	0.0	1.0	4.0	8.0	9.0	8.0	10.0	10.0	11.0	14.0	14.0	17.0	28.0	33.0	44.0	53.0	70.0	73.0	85.0	107.0	134.0	157.0	188.0	228.0	264.0	309.0	367.0	432.0	490.0	597.0	685.0	808.0	969.0	1123.0	1335.0	1571.0	1808.0	2143.0	2494.0	2859.0	3350.0	3911.0	4611.0	5428.0	6388.0	7491.0	8719.0	10061.0	11423.0	12808.0	14037.0	15381.0	16546.0	17669.0	18875.0	19922.0	20919.0	21779.0	22548.0	23350.0	24120.0	24850.0	25501.0	26043.0	26518.0	26958.0	27433.0	27675.0	27915.0	28210.0	28505.0	28808.0	29015.0	29093.0	29202.0	29221.0	29317.0	29355.0	29348.0	29367.0	29217.0	29115.0	29011.0	28686.0	28466.0	28295.0	28054.0	27792.0	27524.0	27174.0	26793.0	26537.0	26267.0	25968.0	25652.0	25282.0	24894.0	24555.0	24187.0	23773.0	23410.0	23130.0	22858.0	22516.0	22100.0	21712.0	21289.0	20882.0	20490.0	20139.0	19824.0	19524.0	19153.0
0.0	0.0	0.0	0.0	1.0	1.0	1.0	1.0	1.0	2.0	3.0	6.0	6.0	6.0	12.0	10.0	12.0	12.0	16.0	22.0	26.0	31.0	38.0	48.0	65.0	85.0	98.0	117.0	131.0	164.0	200.0	224.0	256.0	307.0	352.0	403.0	463.0	551.0	643.0	800.0	934.0	1120.0	1325.0	1560.0	1869.0	2248.0	2642.0	3106.0	3628.0	4292.0	5023.0	5877.0	6803.0	7734.0	8670.0	9646.0	10469.0	11330.0	12086.0	12875.0	13572.0	14285.0	14949.0	15501.0	16097.0	16824.0	17346.0	17919.0	18427.0	18878.0	19240.0	19670.0	20039.0	20311.0	20671.0	20989.0	21303.0	21553.0	21890.0	22079.0	22353.0	22557.0	22716.0	22830.0	22919.0	23078.0	23181.0	23223.0	23332.0	23415.0	23416.0	23409.0	23508.0	23471.0	23398.0	23244.0	23131.0	23078.0	23090.0	22999.0	22930.0	22719.0	22535.0	22421.0	22263.0	22012.0	21812.0	21592.0	21374.0	21164.0	20996.0	20798.0	20538.0	20260.0	19980.0	19802.0	19599.0	19228.0
0.0	0.0	0.0	0.0	1.0	1.0	1.0	2.0	5.0	5.0	6.0	8.0	10.0	10.0	10.0	17.0	20.0	22.0	24.0	28.0	32.0	39.0	46.0	50.0	57.0	69.0	87.0	104.0	114.0	135.0	161.0	196.0	234.0	271.0	313.0	369.0	454.0	529.0	602.0	703.0	814.0	964.0	1136.0	1311.0	1530.0	1797.0	2041.0	2447.0	2882.0	3402.0	4022.0	4735.0	5461.0	6265.0	7006.0	7754.0	8439.0	9219.0	9925.0	10588.0	11278.0	11941.0	12518.0	13118.0	13605.0	14084.0	14516.0	14987.0	15433.0	15829.0	16311.0	16783.0	17145.0	17521.0	17908.0	18168.0	18420.0	18723.0	19013.0	19253.0	19423.0	19667.0	19867.0	20016.0	20201.0	20348.0	20490.0	20593.0	20641.0	20670.0	20794.0	20798.0	20812.0	20786.0	20776.0	20816.0	20789.0	20835.0	20787.0	20743.0	20664.0	20608.0	20585.0	20507.0	20391.0	20232.0	20109.0	19969.0	19777.0	19685.0	19480.0	19316.0	19224.0	19035.0	18925.0	18730.0	18625.0	18375.0
0.0	0.0	0.0	0.0	0.0	1.0	2.0	3.0	2.0	3.0	9.0	8.0	10.0	11.0	13.0	20.0	22.0	31.0	37.0	44.0	51.0	53.0	63.0	82.0	110.0	138.0	162.0	188.0	221.0	259.0	302.0	375.0	428.0	514.0	607.0	674.0	803.0	935.0	1098.0	1270.0	1500.0	1777.0	2091.0	2481.0	2926.0	3411.0	3996.0	4677.0	5485.0	6416.0	7467.0	8686.0	9945.0	11293.0	12757.0	14181.0	15497.0	16726.0	17944.0	19042.0	20047.0	20997.0	21884.0	22710.0	23540.0	24375.0	25163.0	25795.0	26508.0	26994.0	27503.0	28035.0	28391.0	28808.0	29160.0	29492.0	29692.0	29857.0	30059.0	30225.0	30381.0	30456.0	30395.0	30272.0	30164.0	30047.0	29850.0	29693.0	29582.0	29339.0	29130.0	28951.0	28574.0	28248.0	27877.0	27610.0	27280.0	26955.0	26516.0	26194.0	25877.0	25544.0	25171.0	24694.0	24239.0	23779.0	23439.0	23004.0	22617.0	22183.0	21810.0	21391.0	21021.0	20647.0	20157.0	19795.0	19413.0	19006.0
0.0	0.0	0.0	0.0	0.0	0.0	3.0	5.0	5.0	6.0	9.0	8.0	11.0	13.0	15.0	19.0	22.0	27.0	37.0	39.0	41.0	55.0	60.0	80.0	97.0	112.0	127.0	147.0	167.0	200.0	228.0	263.0	312.0	362.0	433.0	518.0	614.0	724.0	857.0	1047.0	1232.0	1461.0	1733.0	2008.0	2361.0	2818.0	3287.0	3846.0	4447.0	5276.0	6160.0	7213.0	8321.0	9489.0	10559.0	11647.0	12711.0	13715.0	14678.0	15543.0	16394.0	17071.0	17841.0	18627.0	19345.0	20030.0	20635.0	21190.0	21743.0	22382.0	22803.0	23239.0	23608.0	23952.0	24285.0	24567.0	24828.0	25139.0	25387.0	25626.0	25753.0	25859.0	25949.0	26036.0	26125.0	26115.0	26024.0	25957.0	25929.0	25895.0	25819.0	25638.0	25480.0	25331.0	25245.0	25191.0	25148.0	24990.0	24846.0	24756.0	24543.0	24284.0	24009.0	23748.0	23532.0	23286.0	23014.0	22768.0	22485.0	22204.0	21947.0	21641.0	21378.0	21155.0	20868.0	20506.0	20202.0	19900.0
0.0	0.0	0.0	1.0	1.0	3.0	4.0	5.0	5.0	5.0	5.0	5.0	2.0	2.0	2.0	1.0	1.0	2.0	2.0	5.0	6.0	7.0	8.0	7.0	7.0	7.0	7.0	8.0	7.0	8.0	8.0	6.0	6.0	6.0	7.0	7.0	7.0	9.0	11.0	9.0	12.0	14.0	19.0	25.0	34.0	44.0	54.0	66.0	74.0	98.0	120.0	143.0	168.0	197.0	226.0	250.0	276.0	314.0	339.0	366.0	384.0	397.0	408.0	426.0	448.0	464.0	480.0	498.0	527.0	554.0	578.0	582.0	608.0	646.0	671.0	702.0	720.0	781.0	797.0	810.0	845.0	867.0	890.0	904.0	930.0	932.0	954.0	960.0	985.0	1014.0	1041.0	1062.0	1087.0	1105.0	1130.0	1160.0	1178.0	1202.0	1227.0	1292.0	1326.0	1342.0	1380.0	1392.0	1418.0	1466.0	1522.0	1565.0	1613.0	1631.0	1659.0	1689.0	1757.0	1785.0	1794.0	1855.0	1897.0	1958.0
0.0	0.0	0.0	0.0	2.0	3.0	3.0	5.0	9.0	10.0	14.0	16.0	16.0	18.0	23.0	32.0	42.0	51.0	61.0	67.0	85.0	108.0	123.0	150.0	198.0	243.0	279.0	334.0	377.0	440.0	535.0	634.0	763.0	865.0	990.0	1170.0	1387.0	1654.0	1946.0	2280.0	2716.0	3230.0	3756.0	4363.0	5088.0	5915.0	6871.0	8061.0	9410.0	10885.0	12788.0	14802.0	16927.0	18918.0	21018.0	23087.0	25001.0	26856.0	28426.0	30020.0	31423.0	32618.0	33737.0	34741.0	35661.0	36490.0	37310.0	37909.0	38480.0	38896.0	39228.0	39641.0	39921.0	40154.0	40291.0	40301.0	40246.0	40120.0	39936.0	39667.0	39389.0	39080.0	38626.0	38185.0	37651.0	37071.0	36526.0	35962.0	35455.0	34801.0	34185.0	33545.0	32952.0	32312.0	31683.0	31066.0	30330.0	29736.0	29018.0	28369.0	27724.0	27042.0	26522.0	25864.0	25128.0	24471.0	23853.0	23277.0	22777.0	22209.0	21720.0	21124.0	20629.0	20120.0	19692.0	19198.0	18725.0	18330.0
0.0	0.0	0.0	0.0	0.0	2.0	1.0	1.0	1.0	2.0	4.0	5.0	5.0	6.0	8.0	12.0	14.0	19.0	19.0	20.0	25.0	37.0	51.0	52.0	65.0	76.0	90.0	105.0	122.0	138.0	164.0	188.0	211.0	250.0	280.0	324.0	394.0	446.0	534.0	608.0	698.0	813.0	963.0	1111.0	1280.0	1501.0	1773.0	2095.0	2443.0	2876.0	3342.0	3920.0	4522.0	5116.0	5746.0	6345.0	6924.0	7536.0	8075.0	8624.0	9150.0	9635.0	10084.0	10500.0	10954.0	11403.0	11871.0	12330.0	12719.0	13142.0	13621.0	14039.0	14335.0	14668.0	14947.0	15301.0	15548.0	15746.0	16029.0	16237.0	16516.0	16808.0	17027.0	17299.0	17554.0	17783.0	17981.0	18261.0	18457.0	18716.0	18861.0	18987.0	19083.0	19169.0	19296.0	19363.0	19494.0	19541.0	19528.0	19637.0	19681.0	19699.0	19681.0	19720.0	19641.0	19618.0	19643.0	19660.0	19564.0	19512.0	19451.0	19395.0	19252.0	19055.0	18967.0	18817.0	18723.0	18654.0
0.0	0.0	0.0	1.0	1.0	2.0	4.0	4.0	4.0	5.0	6.0	8.0	12.0	13.0	14.0	16.0	18.0	20.0	29.0	36.0	38.0	47.0	54.0	76.0	86.0	98.0	110.0	126.0	149.0	170.0	204.0	241.0	277.0	327.0	385.0	458.0	553.0	633.0	720.0	849.0	971.0	1135.0	1375.0	1607.0	1882.0	2204.0	2639.0	3067.0	3567.0	4115.0	4810.0	5600.0	6457.0	7383.0	8295.0	9144.0	9863.0	10658.0	11408.0	12137.0	12764.0	13415.0	14056.0	14688.0	15258.0	15792.0	16314.0	16817.0	17349.0	17720.0	18130.0	18474.0	18749.0	19152.0	19500.0	19743.0	20025.0	20304.0	20591.0	20827.0	20989.0	21147.0	21337.0	21481.0	21570.0	21649.0	21769.0	21933.0	21952.0	21996.0	22073.0	22049.0	22093.0	22051.0	22029.0	21996.0	21930.0	21950.0	21918.0	21905.0	21780.0	21719.0	21619.0	21445.0	21320.0	21174.0	20990.0	20806.0	20650.0	20418.0	20222.0	20042.0	19898.0	19699.0	19532.0	19368.0	19151.0	18938.0
0.0	0.0	0.0	0.0	0.0	0.0	0.0	1.0	3.0	3.0	6.0	6.0	6.0	5.0	8.0	8.0	8.0	10.0	12.0	19.0	20.0	23.0	26.0	31.0	38.0	41.0	50.0	61.0	79.0	102.0	124.0	152.0	182.0	203.0	231.0	255.0	299.0	338.0	401.0	464.0	568.0	664.0	795.0	933.0	1087.0	1274.0	1478.0	1717.0	2000.0	2312.0	2673.0	3121.0	3604.0	4077.0	4574.0	5059.0	5516.0	5988.0	6483.0	6901.0	7375.0	7809.0	8283.0	8635.0	9049.0	9367.0	9708.0	10048.0	10341.0	10721.0	11076.0	11385.0	11743.0	11975.0	12251.0	12554.0	12750.0	13046.0	13202.0	13473.0	13696.0	13965.0	14145.0	14398.0	14684.0	14915.0	15142.0	15356.0	15577.0	15700.0	15894.0	16076.0	16161.0	16312.0	16415.0	16557.0	16604.0	16731.0	16802.0	16990.0	17091.0	17199.0	17200.0	17230.0	17276.0	17250.0	17260.0	17198.0	17235.0	17166.0	17196.0	17103.0	17099.0	17068.0	16977.0	16979.0	16931.0	16866.0
0.0	0.0	0.0	0.0	1.0	1.0	1.0	1.0	2.0	4.0	4.0	6.0	9.0	9.0	10.0	9.0	9.0	10.0	9.0	9.0	11.0	12.0	14.0	16.0	16.0	18.0	20.0	23.0	28.0	34.0	39.0	53.0	62.0	77.0	91.0	108.0	132.0	171.0	196.0	224.0	273.0	322.0	383.0	436.0	518.0	615.0	739.0	838.0	964.0	1140.0	1337.0	1547.0	1810.0	2078.0	2334.0	2601.0	2819.0	3060.0	3301.0	3556.0	3774.0	4029.0	4302.0	4516.0	4694.0	4910.0	5160.0	5334.0	5510.0	5729.0	5936.0	6149.0	6370.0	6590.0	6827.0	6963.0	7128.0	7350.0	7580.0	7748.0	7946.0	8100.0	8300.0	8417.0	8568.0	8768.0	8947.0	9117.0	9303.0	9353.0	9546.0	9701.0	9863.0	10080.0	10203.0	10401.0	10515.0	10641.0	10787.0	10890.0	11049.0	11227.0	11329.0	11382.0	11520.0	11654.0	11828.0	11984.0	12143.0	12242.0	12382.0	12499.0	12606.0	12693.0	12698.0	12787.0	12930.0	13049.0
