5.0	6.0	6.0	7.0	8.0	10.0	10.0	14.0	17.0	20.0	26.0	30.0	35.0	41.0	45.0	53.0	62.0	72.0	84.0	96.0	112.0	119.0	140.0	166.0	194.0	214.0	254.0	303.0	347.0	401.0	451.0	527.0	622.0	733.0	852.0	996.0	1182.0	1395.0	1657.0	1968.0	2289.0	2703.0	3204.0	3761.0	4475.0	5240.0	6185.0	7268.0	8546.0	9708.0	11076.0	12587.0	14336.0	16274.0	18443.0	20892.0	23502.0	26618.0	30070.0	33780.0	37865.0	42595.0	47590.0	53150.0	59198.0	65696.0	72688.0	80067.0	87932.0	96360.0	105055.0	114013.0	123293.0	132693.0	142215.0	152028.0	161918.0	171538.0	181079.0	190393.0	199643.0	208574.0	217135.0	225340.0	233075.0	240499.0	247393.0	253902.0	260082.0	265757.0	270981.0	275945.0	280439.0	284602.0	288567.0	292111.0	295355.0	298312.0	301073.0	303618.0	305966.0	308081.0	309998.0	311763.0	313338.0	314774.0	316088.0	317338.0	318447.0	319453.0	320328.0	321149.0	321869.0	322542.0	323151.0	323725.0	324222.0	324689.0
5.0	8.0	8.0	10.0	12.0	13.0	15.0	19.0	22.0	26.0	32.0	37.0	40.0	42.0	51.0	59.0	73.0	80.0	89.0	99.0	116.0	136.0	155.0	179.0	208.0	244.0	282.0	324.0	371.0	439.0	493.0	580.0	677.0	772.0	878.0	1028.0	1203.0	1402.0	1625.0	1925.0	2261.0	2666.0	3115.0	3651.0	4233.0	4944.0	5814.0	6797.0	7939.0	9000.0	10230.0	11597.0	13119.0	14919.0	16984.0	19204.0	21743.0	24487.0	27522.0	31109.0	34964.0	39247.0	44029.0	49295.0	54928.0	60990.0	67524.0	74573.0	82054.0	89961.0	98323.0	106971.0	116008.0	125254.0	134652.0	144259.0	153940.0	163647.0	173203.0	182799.0	192176.0	201270.0	210108.0	218535.0	226506.0	234033.0	241242.0	248031.0	254419.0	260509.0	266104.0	271324.0	276223.0	280776.0	284940.0	288823.0	292369.0	295588.0	298548.0	301213.0	303632.0	305870.0	308004.0	309879.0	311608.0	313183.0	314525.0	315789.0	316947.0	318062.0	319040.0	319959.0	320756.0	321421.0	322128.0	322716.0	323251.0	323722.0
5.0	7.0	7.0	9.0	11.0	14.0	15.0	20.0	26.0	34.0	41.0	46.0	50.0	56.0	68.0	81.0	98.0	117.0	139.0	163.0	196.0	226.0	274.0	317.0	376.0	463.0	543.0	650.0	769.0	895.0	1051.0	1238.0	1453.0	1699.0	2003.0	2355.0	2766.0	3239.0	3802.0	4505.0	5306.0	6243.0	7311.0	8491.0	9915.0	11629.0	13588.0	15922.0	18481.0	20890.0	23530.0	26494.0	29859.0	33524.0	37677.0	42281.0	47189.0	52602.0	58345.0	64627.0	71457.0	78773.0	86473.0	94534.0	102923.0	111736.0	121135.0	130611.0	140223.0	150005.0	159766.0	169377.0	178884.0	188413.0	197713.0	206807.0	215351.0	223745.0	231502.0	238940.0	246235.0	252992.0	259288.0	265319.0	270750.0	275875.0	280536.0	284880.0	288939.0	292661.0	296126.0	299146.0	302098.0	304664.0	307040.0	309252.0	311191.0	312941.0	314561.0	316055.0	317405.0	318612.0	319745.0	320791.0	321644.0	322514.0	323210.0	323890.0	324486.0	324998.0	325512.0	325959.0	326348.0	326726.0	327069.0	327378.0	327626.0	327896.0
5.0	5.0	7.0	10.0	12.0	15.0	18.0	22.0	25.0	28.0	36.0	44.0	52.0	60.0	79.0	94.0	112.0	133.0	162.0	194.0	228.0	280.0	342.0	410.0	482.0	573.0	676.0	793.0	932.0	1115.0	1326.0	1573.0	1849.0	2197.0	2622.0	3101.0	3687.0	4382.0	5145.0	6017.0	7033.0	8268.0	9705.0	11417.0	13369.0	15575.0	18150.0	21172.0	24632.0	27732.0	31323.0	35158.0	39413.0	44239.0	49409.0	55069.0	61224.0	67994.0	75180.0	82862.0	90918.0	99526.0	108330.0	117674.0	127263.0	136928.0	146822.0	156784.0	166697.0	176491.0	186274.0	195735.0	205138.0	214153.0	222729.0	230920.0	238715.0	245991.0	252989.0	259347.0	265500.0	271102.0	276375.0	281178.0	285563.0	289702.0	293521.0	297068.0	300177.0	303012.0	305733.0	308161.0	310332.0	312375.0	314223.0	315880.0	317418.0	318846.0	320091.0	321255.0	322276.0	323270.0	324124.0	324891.0	325583.0	326175.0	326707.0	327245.0	327745.0	328174.0	328583.0	328944.0	329227.0	329490.0	329751.0	330013.0	330237.0	330409.0
5.0	6.0	6.0	8.0	9.0	11.0	20.0	23.0	33.0	35.0	47.0	57.0	66.0	82.0	96.0	121.0	149.0	173.0	200.0	238.0	291.0	338.0	397.0	467.0	543.0	643.0	770.0	908.0	1071.0	1267.0	1483.0	1740.0	2057.0	2431.0	2888.0	3411.0	4049.0	4725.0	5536.0	6449.0	7555.0	8813.0	10359.0	12119.0	14193.0	16618.0	19395.0	22595.0	26268.0	29724.0	33430.0	37530.0	42179.0	47180.0	52821.0	58827.0	65391.0	72250.0	79527.0	87453.0	95875.0	104667.0	113786.0	123224.0	133007.0	142981.0	152917.0	162996.0	172698.0	182533.0	192310.0	201532.0	210601.0	219359.0	227721.0	235679.0	243264.0	250471.0	257181.0	263347.0	269247.0	274733.0	279632.0	284273.0	288680.0	292692.0	296354.0	299654.0	302552.0	305428.0	307875.0	310077.0	312232.0	314018.0	315745.0	317261.0	318696.0	320001.0	321206.0	322256.0	323192.0	324044.0	324846.0	325512.0	326121.0	326698.0	327239.0	327736.0	328136.0	328523.0	328875.0	329160.0	329430.0	329707.0	329941.0	330138.0	330324.0	330493.0
5.0	6.0	8.0	9.0	10.0	11.0	14.0	17.0	22.0	26.0	33.0	41.0	51.0	59.0	65.0	77.0	95.0	116.0	141.0	166.0	191.0	217.0	256.0	306.0	362.0	436.0	523.0	620.0	735.0	860.0	1022.0	1218.0	1464.0	1711.0	2023.0	2409.0	2845.0	3360.0	3991.0	4701.0	5558.0	6539.0	7671.0	9072.0	10696.0	12532.0	14690.0	17174.0	20117.0	22749.0	25593.0	28770.0	32359.0	36328.0	40540.0	45289.0	50488.0	56241.0	62470.0	69195.0	76520.0	84106.0	92292.0	100884.0	109864.0	119106.0	128616.0	138415.0	148482.0	158549.0	168611.0	178669.0	188363.0	197675.0	206804.0	215663.0	224101.0	232180.0	239834.0	247120.0	253943.0	260206.0	266229.0	271823.0	277017.0	281749.0	286075.0	290104.0	293824.0	297263.0	300431.0	303411.0	306046.0	308478.0	310646.0	312610.0	314445.0	316074.0	317501.0	318820.0	320001.0	321103.0	322132.0	323068.0	323874.0	324638.0	325294.0	325908.0	326454.0	326932.0	327406.0	327812.0	328236.0	328571.0	328883.0	329181.0	329418.0	329644.0
5.0	5.0	6.0	6.0	7.0	12.0	13.0	14.0	16.0	18.0	18.0	21.0	23.0	28.0	35.0	39.0	43.0	49.0	51.0	57.0	68.0	83.0	89.0	100.0	121.0	139.0	172.0	200.0	229.0	263.0	313.0	358.0	407.0	481.0	565.0	655.0	761.0	887.0	1031.0	1206.0	1395.0	1643.0	1936.0	2234.0	2620.0	3048.0	3578.0	4189.0	4848.0	5467.0	6230.0	7062.0	7997.0	9056.0	10308.0	11710.0	13292.0	15032.0	17012.0	19281.0	21794.0	24570.0	27659.0	31068.0	34826.0	39073.0	43651.0	48616.0	54090.0	60099.0	66579.0	73536.0	80811.0	88564.0	96737.0	105287.0	114302.0	123448.0	132771.0	142415.0	152125.0	161827.0	171341.0	180722.0	190019.0	199071.0	207829.0	216242.0	224364.0	232219.0	239536.0	246456.0	253042.0	259301.0	265057.0	270299.0	275210.0	279841.0	284062.0	287859.0	291479.0	294723.0	297691.0	300469.0	303020.0	305388.0	307453.0	309357.0	311124.0	312695.0	314146.0	315427.0	316640.0	317721.0	318711.0	319582.0	320388.0	321149.0
5.0	7.0	9.0	13.0	15.0	17.0	22.0	30.0	34.0	38.0	44.0	52.0	60.0	68.0	81.0	97.0	109.0	130.0	153.0	177.0	205.0	238.0	269.0	309.0	355.0	418.0	479.0	544.0	626.0	722.0	842.0	995.0	1177.0	1418.0	1653.0	1972.0	2314.0	2722.0	3187.0	3787.0	4431.0	5177.0	6028.0	7052.0	8257.0	9647.0	11241.0	13164.0	15365.0	17419.0	19715.0	22282.0	25086.0	28294.0	31845.0	35680.0	39954.0	44652.0	49651.0	55180.0	61164.0	67657.0	74631.0	82071.0	89834.0	98080.0	106780.0	115760.0	125168.0	134728.0	144265.0	154045.0	163915.0	173573.0	183184.0	192681.0	201695.0	210478.0	219027.0	227227.0	234944.0	242284.0	249109.0	255498.0	261580.0	267255.0	272690.0	277592.0	282289.0	286388.0	290288.0	293767.0	296942.0	299946.0	302615.0	305072.0	307335.0	309455.0	311262.0	312959.0	314484.0	315879.0	317131.0	318233.0	319315.0	320324.0	321101.0	321869.0	322552.0	323146.0	323743.0	324245.0	324700.0	325099.0	325469.0	325816.0	326107.0	326412.0
5.0	7.0	8.0	9.0	12.0	12.0	12.0	12.0	16.0	17.0	22.0	24.0	29.0	35.0	38.0	45.0	49.0	62.0	68.0	86.0	96.0	109.0	138.0	162.0	189.0	224.0	258.0	300.0	353.0	415.0	488.0	578.0	682.0	808.0	943.0	1096.0	1266.0	1486.0	1748.0	2026.0	2389.0	2766.0	3243.0	3787.0	4444.0	5209.0	6103.0	7162.0	8324.0	9418.0	10635.0	12067.0	13675.0	15458.0	17452.0	19672.0	22159.0	25028.0	28241.0	31756.0	35640.0	39882.0	44623.0	49702.0	55312.0	61442.0	67925.0	74968.0	82473.0	90677.0	99126.0	107885.0	117024.0	126506.0	136149.0	145887.0	155708.0	165543.0	175308.0	185023.0	194509.0	203720.0	212515.0	221094.0	229395.0	237215.0	244495.0	251479.0	257897.0	263845.0	269339.0	274621.0	279482.0	284013.0	288080.0	291793.0	295284.0	298410.0	301334.0	303955.0	306376.0	308568.0	310570.0	312505.0	314107.0	315578.0	316905.0	318137.0	319250.0	320275.0	321163.0	321995.0	322738.0	323407.0	324050.0	324609.0	325090.0	325524.0
5.0	6.0	8.0	11.0	14.0	20.0	23.0	29.0	31.0	37.0	45.0	54.0	61.0	75.0	91.0	107.0	124.0	137.0	158.0	179.0	206.0	247.0	287.0	330.0	373.0	435.0	496.0	572.0	662.0	770.0	898.0	1047.0	1225.0	1427.0	1642.0	1914.0	2242.0	2593.0	3012.0	3537.0	4132.0	4809.0	5595.0	6563.0	7696.0	9047.0	10631.0	12380.0	14461.0	16325.0	18507.0	20947.0	23739.0	26737.0	30087.0	33842.0	37991.0	42591.0	47654.0	53035.0	58986.0	65428.0	72396.0	79937.0	87817.0	96263.0	104925.0	113907.0	123250.0	132757.0	142518.0	152237.0	162242.0	172070.0	181635.0	190986.0	200208.0	209090.0	217610.0	225687.0	233456.0	240941.0	247919.0	254538.0	260622.0	266347.0	271688.0	276719.0	281289.0	285524.0	289388.0	292972.0	296288.0	299297.0	302152.0	304749.0	307151.0	309246.0	311140.0	312929.0	314528.0	315937.0	317239.0	318471.0	319627.0	320632.0	321488.0	322333.0	323062.0	323761.0	324369.0	324935.0	325442.0	325869.0	326251.0	326639.0	326961.0	327244.0
5.0	5.0	5.0	7.0	9.0	10.0	11.0	12.0	16.0	18.0	20.0	25.0	31.0	40.0	48.0	52.0	65.0	76.0	89.0	102.0	129.0	155.0	186.0	219.0	256.0	303.0	353.0	415.0	482.0	564.0	671.0	780.0	921.0	1089.0	1319.0	1551.0	1801.0	2135.0	2559.0	3011.0	3549.0	4150.0	4879.0	5711.0	6702.0	7899.0	9225.0	10774.0	12636.0	14292.0	16213.0	18388.0	20837.0	23583.0	26543.0	29905.0	33664.0	37745.0	42203.0	47304.0	52530.0	58365.0	64624.0	71350.0	78661.0	86358.0	94515.0	103104.0	112074.0	121450.0	131024.0	140683.0	150274.0	160127.0	169916.0	179522.0	189009.0	198252.0	207161.0	215714.0	223968.0	231854.0	239323.0	246357.0	252972.0	258912.0	264683.0	269915.0	274949.0	279534.0	283806.0	287722.0	291210.0	294502.0	297494.0	300215.0	302767.0	305138.0	307237.0	309163.0	310900.0	312412.0	313861.0	315193.0	316391.0	317496.0	318477.0	319347.0	320197.0	320958.0	321638.0	322280.0	322817.0	323363.0	323852.0	324237.0	324607.0	324953.0
5.0	8.0	9.0	11.0	14.0	15.0	19.0	24.0	30.0	34.0	38.0	42.0	51.0	54.0	66.0	80.0	93.0	106.0	131.0	155.0	174.0	212.0	247.0	300.0	369.0	448.0	525.0	619.0	723.0	863.0	1015.0	1199.0	1417.0	1676.0	1971.0	2324.0	2743.0	3260.0	3831.0	4498.0	5325.0	6320.0	7443.0	8770.0	10300.0	12090.0	14245.0	16659.0	19571.0	22102.0	24953.0	28163.0	31774.0	35704.0	40120.0	45053.0	50334.0	55919.0	61988.0	68576.0	75792.0	83570.0	91680.0	100249.0	109161.0	118453.0	127800.0	137379.0	147106.0	156971.0	166750.0	176486.0	186245.0	195637.0	204706.0	213502.0	221961.0	230143.0	237791.0	245080.0	251923.0	258205.0	264130.0	269617.0	274774.0	279655.0	284095.0	288181.0	291966.0	295414.0	298563.0	301451.0	304169.0	306662.0	308862.0	310858.0	312664.0	314337.0	315881.0	317240.0	318433.0	319563.0	320595.0	321556.0	322421.0	323229.0	323940.0	324614.0	325207.0	325748.0	326194.0	326640.0	327046.0	327423.0	327744.0	328023.0	328284.0	328526.0
5.0	7.0	9.0	10.0	12.0	14.0	16.0	21.0	31.0	37.0	49.0	57.0	69.0	81.0	97.0	115.0	134.0	162.0	182.0	216.0	257.0	295.0	348.0	419.0	477.0	549.0	635.0	745.0	869.0	1009.0	1173.0	1399.0	1659.0	1939.0	2292.0	2686.0	3175.0	3770.0	4445.0	5240.0	6207.0	7241.0	8500.0	10032.0	11821.0	13874.0	16264.0	18987.0	22248.0	25203.0	28471.0	31954.0	36011.0	40373.0	45294.0	50503.0	56261.0	62424.0	69243.0	76444.0	84004.0	91943.0	100354.0	109243.0	118314.0	127658.0	137153.0	146813.0	156660.0	166468.0	176089.0	185713.0	195140.0	204240.0	213179.0	221621.0	229841.0	237687.0	245030.0	251859.0	258220.0	264183.0	269749.0	274858.0	279643.0	284146.0	288144.0	291843.0	295312.0	298472.0	301453.0	304181.0	306572.0	308878.0	310872.0	312778.0	314512.0	316064.0	317444.0	318770.0	319919.0	320963.0	321895.0	322737.0	323509.0	324235.0	324861.0	325422.0	325952.0	326431.0	326836.0	327257.0	327615.0	327930.0	328235.0	328473.0	328738.0	328965.0
5.0	7.0	9.0	12.0	17.0	24.0	31.0	43.0	53.0	64.0	72.0	92.0	117.0	140.0	160.0	193.0	232.0	266.0	323.0	373.0	444.0	513.0	598.0	711.0	841.0	991.0	1151.0	1348.0	1571.0	1850.0	2161.0	2527.0	2987.0	3509.0	4084.0	4786.0	5648.0	6679.0	7830.0	9272.0	10872.0	12713.0	14972.0	17511.0	20369.0	23718.0	27543.0	31947.0	37010.0	41586.0	46544.0	51929.0	57808.0	64372.0	71289.0	78623.0	86589.0	95014.0	103843.0	112999.0	122667.0	132633.0	142709.0	152860.0	162893.0	172866.0	182982.0	192677.0	202150.0	211255.0	220126.0	228655.0	236721.0	244262.0	251499.0	258206.0	264447.0	270247.0	275656.0	280607.0	285228.0	289504.0	293333.0	297061.0	300345.0	303368.0	306064.0	308520.0	310696.0	312733.0	314690.0	316422.0	317989.0	319402.0	320658.0	321821.0	322860.0	323861.0	324763.0	325560.0	326261.0	326938.0	327544.0	328084.0	328621.0	329073.0	329472.0	329825.0	330163.0	330453.0	330734.0	330952.0	331175.0	331359.0	331544.0	331710.0	331855.0	331985.0
5.0	6.0	7.0	8.0	11.0	13.0	19.0	25.0	28.0	36.0	45.0	56.0	65.0	76.0	94.0	114.0	138.0	163.0	183.0	215.0	261.0	312.0	371.0	447.0	519.0	601.0	706.0	823.0	976.0	1171.0	1376.0	1613.0	1891.0	2219.0	2587.0	2993.0	3510.0	4096.0	4777.0	5596.0	6553.0	7708.0	9063.0	10601.0	12304.0	14375.0	16819.0	19590.0	22847.0	25792.0	28998.0	32652.0	36663.0	41052.0	45864.0	51250.0	57047.0	63461.0	70392.0	77631.0	85196.0	93334.0	101605.0	110503.0	119636.0	129079.0	138832.0	148651.0	158478.0	168227.0	177857.0	187369.0	196749.0	205719.0	214694.0	223073.0	231079.0	238790.0	246098.0	252948.0	259336.0	265263.0	270813.0	275982.0	280840.0	285177.0	289161.0	292928.0	296363.0	299458.0	302251.0	304892.0	307287.0	309455.0	311418.0	313267.0	314825.0	316339.0	317696.0	318896.0	320033.0	321069.0	321950.0	322804.0	323513.0	324166.0	324752.0	325313.0	325834.0	326305.0	326695.0	327067.0	327425.0	327707.0	328016.0	328258.0	328504.0	328710.0
5.0	6.0	7.0	9.0	10.0	13.0	15.0	19.0	22.0	24.0	30.0	35.0	42.0	44.0	55.0	71.0	87.0	102.0	127.0	151.0	179.0	221.0	274.0	324.0	386.0	456.0	548.0	654.0	757.0	885.0	1051.0	1214.0	1414.0	1674.0	1961.0	2290.0	2661.0	3102.0	3627.0	4261.0	4968.0	5853.0	6854.0	8004.0	9339.0	10937.0	12771.0	14953.0	17357.0	19564.0	22101.0	24994.0	28210.0	31690.0	35597.0	40005.0	44763.0	49864.0	55504.0	61646.0	68254.0	75273.0	82886.0	90951.0	99231.0	107955.0	116963.0	126495.0	136083.0	145893.0	155620.0	165374.0	175223.0	184861.0	194271.0	203383.0	212237.0	220793.0	228879.0	236697.0	244003.0	250945.0	257321.0	263465.0	269201.0	274453.0	279175.0	283663.0	287965.0	291704.0	295108.0	298262.0	301178.0	303830.0	306141.0	308337.0	310353.0	312214.0	313857.0	315332.0	316711.0	317957.0	319022.0	320052.0	320977.0	321829.0	322620.0	323325.0	324016.0	324583.0	325103.0	325546.0	325927.0	326318.0	326676.0	327024.0	327320.0	327548.0
5.0	7.0	8.0	10.0	10.0	12.0	13.0	14.0	18.0	19.0	20.0	23.0	28.0	32.0	36.0	40.0	46.0	51.0	56.0	69.0	81.0	92.0	111.0	121.0	146.0	169.0	205.0	235.0	275.0	329.0	375.0	423.0	484.0	557.0	648.0	781.0	915.0	1054.0	1219.0	1409.0	1678.0	1934.0	2242.0	2648.0	3080.0	3610.0	4234.0	4955.0	5852.0	6630.0	7488.0	8513.0	9638.0	10956.0	12509.0	14201.0	16076.0	18178.0	20484.0	22972.0	25875.0	29160.0	32631.0	36522.0	40914.0	45714.0	50865.0	56349.0	62554.0	69116.0	76224.0	83709.0	91601.0	100019.0	108724.0	117564.0	126924.0	136346.0	145912.0	155594.0	165162.0	174940.0	184398.0	193544.0	202544.0	211195.0	219423.0	227412.0	234954.0	242055.0	248859.0	255270.0	261229.0	266786.0	271895.0	276632.0	281035.0	285189.0	288909.0	292380.0	295527.0	298486.0	301176.0	303658.0	305888.0	307900.0	309790.0	311460.0	313064.0	314499.0	315886.0	317074.0	318179.0	319176.0	320029.0	320841.0	321562.0	322232.0
5.0	7.0	8.0	8.0	11.0	14.0	23.0	28.0	33.0	42.0	53.0	66.0	83.0	100.0	130.0	149.0	171.0	201.0	245.0	281.0	316.0	385.0	460.0	543.0	654.0	776.0	912.0	1067.0	1250.0	1475.0	1746.0	2067.0	2415.0	2857.0	3383.0	3990.0	4686.0	5477.0	6475.0	7592.0	8835.0	10307.0	12109.0	14090.0	16391.0	19074.0	22290.0	25860.0	29985.0	33780.0	37999.0	42615.0	47668.0	53266.0	59284.0	65800.0	72758.0	80318.0	88264.0	96819.0	105743.0	115073.0	124534.0	134419.0	144294.0	154291.0	164350.0	174243.0	184068.0	193508.0	202940.0	212029.0	220789.0	229127.0	237029.0	244386.0	251435.0	258021.0	264195.0	269970.0	275319.0	280311.0	284917.0	289068.0	292899.0	296479.0	299741.0	302763.0	305624.0	308147.0	310388.0	312563.0	314509.0	316247.0	317874.0	319250.0	320495.0	321658.0	322737.0	323744.0	324605.0	325361.0	326091.0	326736.0	327333.0	327861.0	328307.0	328725.0	329129.0	329484.0	329836.0	330120.0	330379.0	330610.0	330837.0	331030.0	331184.0	331339.0
5.0	7.0	7.0	8.0	10.0	15.0	17.0	21.0	30.0	36.0	42.0	52.0	62.0	77.0	92.0	121.0	142.0	176.0	202.0	238.0	281.0	331.0	384.0	461.0	552.0	635.0	744.0	886.0	1039.0	1222.0	1437.0	1722.0	2050.0	2389.0	2829.0	3312.0	3874.0	4531.0	5350.0	6278.0	7378.0	8654.0	10078.0	11810.0	13833.0	16196.0	18860.0	21911.0	25408.0	28572.0	32311.0	36322.0	40693.0	45650.0	51003.0	56860.0	63043.0	69847.0	77109.0	84873.0	93124.0	101629.0	110484.0	119725.0	129121.0	138904.0	148903.0	158814.0	168739.0	178466.0	188255.0	197677.0	206811.0	215599.0	224065.0	232147.0	239720.0	246892.0	253606.0	259998.0	266060.0	271585.0	276860.0	281660.0	285997.0	290149.0	293851.0	297271.0	300425.0	303250.0	305863.0	308280.0	310487.0	312419.0	314216.0	315813.0	317273.0	318656.0	319886.0	320952.0	321980.0	322889.0	323726.0	324474.0	325146.0	325789.0	326345.0	326815.0	327294.0	327710.0	328059.0	328382.0	328695.0	328953.0	329188.0	329410.0	329604.0	329790.0
5.0	7.0	12.0	15.0	19.0	24.0	26.0	34.0	39.0	45.0	51.0	57.0	67.0	82.0	88.0	104.0	122.0	146.0	177.0	203.0	256.0	306.0	350.0	426.0	516.0	611.0	743.0	870.0	1031.0	1227.0	1449.0	1723.0	2016.0	2355.0	2752.0	3215.0	3773.0	4409.0	5168.0	6074.0	7088.0	8284.0	9684.0	11326.0	13316.0	15614.0	18133.0	21147.0	24639.0	27831.0	31324.0	35202.0	39496.0	44157.0	49281.0	54886.0	61084.0	67758.0	74926.0	82467.0	90456.0	98956.0	107844.0	117047.0	126621.0	136480.0	146371.0	156236.0	165974.0	175761.0	185445.0	195131.0	204206.0	213106.0	221828.0	230018.0	237788.0	245007.0	252209.0	258572.0	264590.0	270098.0	275422.0	280157.0	284697.0	288856.0	292586.0	296111.0	299288.0	302306.0	305018.0	307366.0	309531.0	311494.0	313339.0	314908.0	316395.0	317735.0	318979.0	320032.0	321037.0	321935.0	322776.0	323515.0	324217.0	324834.0	325390.0	325903.0	326333.0	326746.0	327104.0	327417.0	327734.0	328007.0	328276.0	328515.0	328718.0	328914.0
5.0	7.0	9.0	13.0	16.0	22.0	27.0	34.0	44.0	55.0	63.0	74.0	89.0	106.0	132.0	158.0	186.0	211.0	251.0	293.0	340.0	392.0	453.0	528.0	612.0	710.0	831.0	987.0	1155.0	1370.0	1620.0	1912.0	2254.0	2675.0	3158.0	3708.0	4391.0	5232.0	6169.0	7217.0	8479.0	9886.0	11469.0	13389.0	15675.0	18251.0	21280.0	24717.0	28697.0	32213.0	36131.0	40555.0	45376.0	50637.0	56170.0	62374.0	69138.0	76260.0	83868.0	91878.0	100450.0	109512.0	118801.0	128257.0	138058.0	147910.0	157867.0	167747.0	177837.0	187636.0	197159.0	206466.0	215549.0	224196.0	232349.0	240207.0	247587.0	254587.0	261195.0	267325.0	273065.0	278351.0	283235.0	287681.0	291916.0	295687.0	299189.0	302389.0	305363.0	308010.0	310437.0	312631.0	314692.0	316433.0	318164.0	319735.0	321158.0	322438.0	323525.0	324481.0	325393.0	326183.0	326948.0	327626.0	328242.0	328777.0	329297.0	329771.0	330147.0	330499.0	330819.0	331122.0	331405.0	331636.0	331849.0	332010.0	332178.0	332353.0
5.0	7.0	9.0	10.0	11.0	11.0	17.0	22.0	27.0	34.0	38.0	45.0	54.0	64.0	79.0	94.0	120.0	142.0	178.0	205.0	247.0	297.0	354.0	415.0	489.0	577.0	684.0	791.0	920.0	1079.0	1276.0	1479.0	1734.0	2033.0	2405.0	2810.0	3282.0	3881.0	4596.0	5438.0	6447.0	7592.0	8970.0	10471.0	12246.0	14249.0	16623.0	19400.0	22635.0	25514.0	28827.0	32406.0	36386.0	40769.0	45603.0	51056.0	56746.0	62990.0	69919.0	77076.0	84858.0	92905.0	101552.0	110443.0	119611.0	129257.0	138822.0	148528.0	158501.0	168218.0	177901.0	187537.0	196839.0	206084.0	214960.0	223419.0	231399.0	239149.0	246291.0	253093.0	259549.0	265567.0	271141.0	276137.0	280878.0	285246.0	289314.0	292945.0	296349.0	299530.0	302442.0	305018.0	307456.0	309549.0	311550.0	313380.0	315045.0	316561.0	317909.0	319083.0	320130.0	321115.0	321981.0	322741.0	323488.0	324158.0	324729.0	325268.0	325791.0	326190.0	326563.0	326956.0	327274.0	327588.0	327838.0	328047.0	328288.0	328499.0
5.0	6.0	7.0	7.0	11.0	12.0	13.0	17.0	20.0	24.0	25.0	27.0	32.0	35.0	38.0	40.0	42.0	44.0	51.0	64.0	72.0	79.0	90.0	105.0	117.0	133.0	160.0	184.0	204.0	236.0	270.0	321.0	372.0	431.0	489.0	567.0	657.0	750.0	869.0	994.0	1160.0	1356.0	1573.0	1825.0	2141.0	2510.0	2957.0	3445.0	4018.0	4514.0	5130.0	5790.0	6607.0	7509.0	8514.0	9620.0	10894.0	12310.0	13908.0	15633.0	17614.0	19804.0	22306.0	25051.0	28263.0	31819.0	35546.0	39783.0	44262.0	49365.0	54977.0	60884.0	67393.0	74321.0	81601.0	89388.0	97548.0	106126.0	115094.0	124254.0	133742.0	143218.0	152756.0	162471.0	172031.0	181573.0	190656.0	199603.0	208445.0	216842.0	224845.0	232435.0	239546.0	246427.0	252872.0	258873.0	264561.0	269872.0	274632.0	279074.0	283212.0	287078.0	290576.0	293785.0	296897.0	299672.0	302186.0	304423.0	306492.0	308492.0	310244.0	311834.0	313233.0	314589.0	315751.0	316899.0	317926.0	318799.0
5.0	9.0	12.0	17.0	23.0	26.0	33.0	36.0	48.0	58.0	70.0	93.0	110.0	134.0	155.0	189.0	221.0	263.0	309.0	352.0	410.0	488.0	566.0	665.0	761.0	894.0	1030.0	1220.0	1408.0	1634.0	1921.0	2223.0	2593.0	3017.0	3588.0	4191.0	4931.0	5793.0	6754.0	7873.0	9167.0	10784.0	12623.0	14737.0	17115.0	19927.0	23138.0	26889.0	31202.0	35093.0	39401.0	44305.0	49542.0	55240.0	61405.0	68056.0	75291.0	83126.0	91300.0	99757.0	108881.0	118177.0	127539.0	137162.0	147160.0	156983.0	167052.0	177001.0	186713.0	196202.0	205510.0	214604.0	223148.0	231378.0	239176.0	246615.0	253312.0	259777.0	265871.0	271480.0	276684.0	281560.0	286038.0	290313.0	294082.0	297562.0	300682.0	303562.0	306207.0	308650.0	310840.0	312799.0	314578.0	316171.0	317705.0	319065.0	320298.0	321418.0	322450.0	323328.0	324198.0	324969.0	325665.0	326281.0	326822.0	327313.0	327761.0	328149.0	328520.0	328852.0	329146.0	329410.0	329647.0	329878.0	330057.0	330237.0	330375.0	330511.0
5.0	5.0	7.0	7.0	8.0	9.0	11.0	13.0	14.0	15.0	16.0	19.0	19.0	21.0	23.0	25.0	30.0	34.0	40.0	48.0	55.0	72.0	88.0	105.0	117.0	136.0	159.0	185.0	207.0	239.0	269.0	317.0	363.0	419.0	494.0	572.0	667.0	789.0	931.0	1094.0	1275.0	1506.0	1790.0	2101.0	2468.0	2912.0	3466.0	4075.0	4773.0	5391.0	6105.0	6945.0	7960.0	9007.0	10254.0	11641.0	13158.0	14955.0	16998.0	19227.0	21647.0	24411.0	27599.0	30962.0	34781.0	38984.0	43579.0	48753.0	54215.0	60176.0	66568.0	73446.0	80749.0	88418.0	96379.0	104808.0	113695.0	122914.0	132354.0	141810.0	151395.0	160996.0	170510.0	179904.0	189216.0	198249.0	207105.0	215773.0	223751.0	231538.0	238839.0	245621.0	252188.0	258255.0	263920.0	269293.0	274281.0	278888.0	283161.0	287065.0	290648.0	293900.0	297039.0	299820.0	302327.0	304620.0	306765.0	308716.0	310555.0	312221.0	313710.0	315031.0	316229.0	317356.0	318346.0	319206.0	320023.0	320779.0
5.0	5.0	6.0	7.0	9.0	9.0	10.0	11.0	16.0	19.0	19.0	24.0	31.0	41.0	46.0	57.0	64.0	78.0	90.0	108.0	131.0	158.0	186.0	214.0	254.0	306.0	376.0	457.0	543.0	643.0	757.0	909.0	1075.0	1258.0	1483.0	1730.0	2056.0	2393.0	2784.0	3282.0	3806.0	4461.0	5210.0	6116.0	7131.0	8357.0	9722.0	11330.0	13313.0	15019.0	16982.0	19128.0	21508.0	24223.0	27307.0	30674.0	34375.0	38501.0	43066.0	48112.0	53524.0	59455.0	65802.0	72644.0	79905.0	87617.0	95806.0	104405.0	113277.0	122532.0	131995.0	141492.0	151059.0	160661.0	170199.0	179714.0	189118.0	198192.0	207164.0	215669.0	223739.0	231636.0	238968.0	245905.0	252533.0	258804.0	264744.0	270223.0	275308.0	279933.0	284363.0	288287.0	292024.0	295310.0	298382.0	301339.0	303966.0	306391.0	308495.0	310562.0	312317.0	314016.0	315545.0	316855.0	318116.0	319271.0	320283.0	321210.0	322028.0	322788.0	323440.0	324039.0	324646.0	325148.0	325559.0	325975.0	326355.0	326697.0
5.0	7.0	10.0	10.0	13.0	18.0	20.0	22.0	24.0	29.0	33.0	43.0	53.0	58.0	64.0	72.0	78.0	88.0	110.0	126.0	147.0	166.0	192.0	218.0	264.0	315.0	388.0	456.0	547.0	649.0	755.0	888.0	1044.0	1237.0	1429.0	1675.0	1955.0	2311.0	2692.0	3155.0	3717.0	4384.0	5158.0	5998.0	7061.0	8289.0	9743.0	11417.0	13360.0	15176.0	17188.0	19414.0	21944.0	24803.0	27923.0	31364.0	35136.0	39375.0	44033.0	49044.0	54534.0	60578.0	66976.0	73985.0	81314.0	89128.0	97422.0	106097.0	115187.0	124546.0	134195.0	143796.0	153613.0	163475.0	173229.0	182658.0	191995.0	201005.0	209772.0	218280.0	226552.0	234422.0	241708.0	248520.0	255133.0	261190.0	266792.0	272055.0	276867.0	281344.0	285511.0	289434.0	292970.0	296283.0	299241.0	302093.0	304612.0	306867.0	308895.0	310807.0	312519.0	314082.0	315501.0	316817.0	317992.0	319062.0	319951.0	320808.0	321581.0	322294.0	322942.0	323536.0	324040.0	324511.0	324925.0	325317.0	325702.0	326055.0
5.0	6.0	6.0	9.0	15.0	17.0	20.0	22.0	29.0	38.0	46.0	57.0	77.0	90.0	107.0	126.0	155.0	178.0	204.0	238.0	277.0	316.0	376.0	444.0	527.0	640.0	745.0	895.0	1046.0	1226.0	1431.0	1633.0	1918.0	2247.0	2606.0	3048.0	3527.0	4082.0	4763.0	5555.0	6479.0	7625.0	8976.0	10529.0	12264.0	14279.0	16667.0	19418.0	22577.0	25437.0	28731.0	32360.0	36314.0	40825.0	45694.0	50963.0	56801.0	63145.0	69912.0	77286.0	84824.0	92964.0	101632.0	110524.0	119742.0	129238.0	138912.0	148698.0	158522.0	168411.0	178135.0	187812.0	197328.0	206344.0	215086.0	223556.0	231598.0	239343.0	246473.0	253311.0	259550.0	265501.0	270915.0	275994.0	280750.0	285092.0	288991.0	292625.0	295980.0	299049.0	301918.0	304548.0	306938.0	309087.0	311115.0	312888.0	314532.0	316011.0	317323.0	318559.0	319703.0	320721.0	321669.0	322483.0	323212.0	323871.0	324523.0	325095.0	325577.0	326036.0	326473.0	326845.0	327188.0	327511.0	327791.0	328038.0	328253.0	328444.0
5.0	6.0	9.0	11.0	13.0	14.0	17.0	20.0	24.0	27.0	34.0	44.0	57.0	70.0	83.0	98.0	118.0	140.0	173.0	201.0	238.0	291.0	355.0	429.0	505.0	591.0	708.0	854.0	1018.0	1203.0	1421.0	1675.0	1968.0	2322.0	2760.0	3239.0	3796.0	4466.0	5253.0	6131.0	7186.0	8371.0	9852.0	11530.0	13514.0	15696.0	18267.0	21267.0	24671.0	27741.0	31214.0	35105.0	39331.0	44102.0	49230.0	54791.0	61065.0	67765.0	74750.0	82305.0	90187.0	98486.0	107200.0	116276.0	125731.0	135386.0	145110.0	154794.0	164508.0	174362.0	183940.0	193259.0	202606.0	211604.0	220111.0	228416.0	236321.0	243601.0	250509.0	257114.0	263147.0	268930.0	274225.0	279005.0	283559.0	287701.0	291452.0	294826.0	298012.0	301017.0	303720.0	306176.0	308328.0	310313.0	312215.0	313891.0	315360.0	316794.0	318050.0	319192.0	320213.0	321189.0	322113.0	322875.0	323598.0	324237.0	324794.0	325346.0	325822.0	326228.0	326600.0	326955.0	327280.0	327554.0	327798.0	328021.0	328238.0	328418.0
5.0	7.0	11.0	13.0	16.0	22.0	25.0	31.0	37.0	43.0	54.0	62.0	79.0	95.0	116.0	132.0	150.0	176.0	194.0	231.0	261.0	301.0	348.0	390.0	444.0	508.0	588.0	680.0	803.0	942.0	1110.0	1276.0	1496.0	1750.0	2054.0	2406.0	2824.0	3300.0	3870.0	4526.0	5374.0	6274.0	7348.0	8616.0	10130.0	11893.0	13905.0	16322.0	19064.0	21497.0	24362.0	27560.0	31168.0	35134.0	39415.0	44220.0	49454.0	55158.0	61376.0	68050.0	75304.0	82996.0	91041.0	99572.0	108413.0	117618.0	127044.0	136568.0	146259.0	156019.0	165777.0	175595.0	185116.0	194288.0	203497.0	212372.0	220713.0	228822.0	236495.0	243893.0	250813.0	257361.0	263336.0	269140.0	274410.0	279331.0	283754.0	288028.0	291861.0	295410.0	298637.0	301569.0	304258.0	306734.0	309057.0	311161.0	313039.0	314744.0	316415.0	317812.0	319058.0	320252.0	321307.0	322246.0	323091.0	323926.0	324652.0	325284.0	325859.0	326408.0	326892.0	327359.0	327761.0	328104.0	328427.0	328718.0	328978.0	329228.0
5.0	7.0	7.0	7.0	8.0	9.0	12.0	14.0	16.0	17.0	21.0	26.0	33.0	41.0	47.0	53.0	63.0	77.0	87.0	100.0	116.0	138.0	160.0	180.0	206.0	238.0	273.0	321.0	375.0	423.0	475.0	545.0	636.0	750.0	885.0	1033.0	1203.0	1396.0	1634.0	1965.0	2311.0	2708.0	3194.0	3789.0	4460.0	5289.0	6192.0	7264.0	8574.0	9759.0	11029.0	12507.0	14214.0	16078.0	18204.0	20487.0	23141.0	26090.0	29352.0	33040.0	36975.0	41305.0	46098.0	51355.0	57233.0	63393.0	70087.0	77248.0	84945.0	92961.0	101285.0	110237.0	119323.0	128754.0	138399.0	148073.0	157731.0	167229.0	176981.0	186432.0	195561.0	204645.0	213400.0	221486.0	229379.0	236912.0	243997.0	250540.0	256830.0	262769.0	268353.0	273520.0	278234.0	282650.0	286567.0	290339.0	293779.0	296849.0	299712.0	302377.0	304698.0	306976.0	308963.0	310815.0	312495.0	314003.0	315323.0	316598.0	317772.0	318809.0	319736.0	320607.0	321334.0	322031.0	322658.0	323278.0	323823.0	324351.0
5.0	6.0	8.0	11.0	13.0	18.0	21.0	26.0	33.0	39.0	48.0	57.0	63.0	76.0	93.0	112.0	127.0	154.0	182.0	214.0	248.0	290.0	358.0	407.0	482.0	565.0	655.0	762.0	893.0	1063.0	1245.0	1460.0	1719.0	2004.0	2357.0	2764.0	3271.0	3823.0	4498.0	5332.0	6272.0	7337.0	8576.0	10045.0	11697.0	13677.0	15989.0	18635.0	21702.0	24450.0	27652.0	31197.0	35205.0	39516.0	44197.0	49441.0	55192.0	61302.0	67846.0	75011.0	82696.0	90778.0	99385.0	108154.0	117291.0	126806.0	136478.0	146375.0	156366.0	166271.0	176175.0	185883.0	195495.0	204753.0	213670.0	222274.0	230466.0	238263.0	245730.0	252563.0	259039.0	265055.0	270721.0	275989.0	280726.0	285229.0	289499.0	293240.0	296716.0	299919.0	302906.0	305649.0	308050.0	310277.0	312159.0	313966.0	315599.0	317130.0	318499.0	319741.0	320866.0	321869.0	322831.0	323694.0	324459.0	325139.0	325740.0	326303.0	326764.0	327186.0	327585.0	327950.0	328294.0	328578.0	328836.0	329092.0	329301.0	329516.0
5.0	8.0	8.0	10.0	11.0	11.0	12.0	15.0	16.0	17.0	20.0	25.0	30.0	36.0	37.0	43.0	54.0	59.0	66.0	86.0	99.0	124.0	145.0	169.0	193.0	223.0	252.0	298.0	337.0	386.0	460.0	542.0	628.0	734.0	878.0	1016.0	1166.0	1364.0	1597.0	1883.0	2209.0	2569.0	2989.0	3499.0	4118.0	4835.0	5677.0	6686.0	7825.0	8848.0	10033.0	11333.0	12745.0	14445.0	16387.0	18545.0	20932.0	23562.0	26585.0	29923.0	33505.0	37495.0	42071.0	46935.0	52274.0	58077.0	64320.0	71140.0	78435.0	86028.0	94065.0	102698.0	111515.0	120752.0	130171.0	139698.0	149350.0	159056.0	168821.0	178262.0	187648.0	196794.0	205709.0	214358.0	222684.0	230642.0	238160.0	245337.0	251913.0	258021.0	263758.0	269168.0	274240.0	279040.0	283377.0	287378.0	290973.0	294252.0	297282.0	300071.0	302653.0	305080.0	307348.0	309363.0	311174.0	312766.0	314280.0	315634.0	316913.0	318039.0	319102.0	320084.0	320847.0	321611.0	322316.0	322961.0	323521.0	324026.0
5.0	5.0	5.0	5.0	5.0	8.0	8.0	9.0	9.0	10.0	11.0	17.0	21.0	26.0	31.0	39.0	51.0	59.0	71.0	83.0	101.0	120.0	144.0	166.0	197.0	231.0	273.0	329.0	396.0	454.0	532.0	623.0	723.0	848.0	996.0	1147.0	1370.0	1627.0	1895.0	2247.0	2654.0	3118.0	3654.0	4279.0	5011.0	5861.0	6822.0	8033.0	9414.0	10684.0	12126.0	13684.0	15470.0	17507.0	19683.0	22160.0	24993.0	28130.0	31580.0	35527.0	39735.0	44410.0	49590.0	55165.0	61337.0	67981.0	74872.0	82459.0	90441.0	98775.0	107569.0	116457.0	125723.0	135254.0	144962.0	154546.0	164132.0	173827.0	183117.0	192486.0	201765.0	210442.0	218780.0	226802.0	234334.0	241656.0	248506.0	254901.0	260924.0	266462.0	271613.0	276564.0	281055.0	285179.0	289081.0	292630.0	295923.0	298883.0	301669.0	304193.0	306469.0	308644.0	310492.0	312205.0	313761.0	315224.0	316631.0	317861.0	318934.0	319905.0	320812.0	321610.0	322344.0	323007.0	323572.0	324074.0	324611.0	325021.0
5.0	6.0	9.0	13.0	18.0	21.0	28.0	32.0	39.0	47.0	55.0	64.0	84.0	99.0	116.0	142.0	168.0	201.0	238.0	276.0	329.0	388.0	450.0	525.0	627.0	748.0	886.0	1058.0	1235.0	1431.0	1692.0	1966.0	2342.0	2750.0	3188.0	3718.0	4372.0	5131.0	6066.0	7135.0	8361.0	9800.0	11421.0	13321.0	15499.0	18036.0	21092.0	24427.0	28292.0	31781.0	35572.0	39968.0	44677.0	49954.0	55726.0	61872.0	68598.0	75770.0	83208.0	91191.0	99732.0	108628.0	118011.0	127674.0	137437.0	147350.0	157509.0	167400.0	177337.0	187222.0	196798.0	206253.0	215210.0	223598.0	231817.0	239603.0	246905.0	253567.0	260062.0	266215.0	271823.0	276974.0	281732.0	286042.0	290002.0	293663.0	297158.0	300262.0	303131.0	305682.0	307964.0	310223.0	312255.0	314024.0	315605.0	317072.0	318432.0	319634.0	320686.0	321648.0	322548.0	323384.0	324125.0	324774.0	325367.0	325901.0	326356.0	326780.0	327213.0	327607.0	327980.0	328303.0	328564.0	328834.0	329043.0	329266.0	329450.0	329644.0
5.0	7.0	7.0	8.0	11.0	12.0	14.0	17.0	23.0	26.0	29.0	35.0	46.0	61.0	75.0	91.0	112.0	131.0	156.0	185.0	212.0	249.0	313.0	363.0	435.0	516.0	611.0	722.0	856.0	1013.0	1191.0	1400.0	1661.0	1978.0	2333.0	2751.0	3216.0	3783.0	4412.0	5147.0	6045.0	7068.0	8323.0	9724.0	11441.0	13393.0	15737.0	18322.0	21352.0	24050.0	27157.0	30520.0	34300.0	38465.0	43107.0	48191.0	53777.0	59905.0	66453.0	73475.0	80896.0	88648.0	96986.0	105677.0	114878.0	124225.0	133890.0	143448.0	153310.0	163226.0	173013.0	182665.0	192452.0	202006.0	211165.0	219798.0	228152.0	236030.0	243481.0	250433.0	257022.0	263180.0	268935.0	274197.0	279159.0	283708.0	287886.0	291723.0	295320.0	298599.0	301565.0	304298.0	306861.0	309162.0	311269.0	313257.0	314990.0	316604.0	318018.0	319327.0	320481.0	321561.0	322528.0	323364.0	324157.0	324842.0	325466.0	326039.0	326605.0	327039.0	327457.0	327826.0	328191.0	328537.0	328832.0	329071.0	329306.0	329519.0
5.0	6.0	6.0	6.0	7.0	7.0	11.0	11.0	16.0	17.0	22.0	25.0	29.0	36.0	40.0	48.0	56.0	73.0	91.0	105.0	134.0	160.0	190.0	229.0	271.0	327.0	385.0	455.0	526.0	614.0	715.0	855.0	1002.0	1181.0	1370.0	1604.0	1880.0	2190.0	2538.0	2954.0	3466.0	4092.0	4749.0	5549.0	6523.0	7600.0	8843.0	10307.0	11953.0	13452.0	15179.0	17127.0	19352.0	21817.0	24553.0	27613.0	31104.0	34890.0	39009.0	43601.0	48494.0	54022.0	59972.0	66495.0	73476.0	80791.0	88607.0	97071.0	105724.0	114894.0	124335.0	133892.0	143762.0	153464.0	163276.0	172977.0	182486.0	191937.0	201156.0	210150.0	218765.0	227078.0	234867.0	242210.0	249243.0	255721.0	261823.0	267549.0	272662.0	277449.0	281939.0	286112.0	289936.0	293445.0	296735.0	299781.0	302508.0	304836.0	307065.0	309178.0	311045.0	312753.0	314266.0	315696.0	316980.0	318132.0	319179.0	320156.0	321068.0	321780.0	322466.0	323084.0	323674.0	324227.0	324732.0	325160.0	325560.0	325926.0
5.0	7.0	7.0	10.0	13.0	15.0	18.0	26.0	34.0	41.0	46.0	56.0	63.0	74.0	104.0	126.0	156.0	193.0	233.0	276.0	349.0	422.0	510.0	603.0	710.0	822.0	958.0	1119.0	1312.0	1533.0	1809.0	2084.0	2409.0	2805.0	3298.0	3880.0	4554.0	5324.0	6237.0	7282.0	8553.0	9923.0	11637.0	13587.0	15855.0	18493.0	21526.0	25007.0	28860.0	32531.0	36560.0	40999.0	45835.0	51188.0	56972.0	63295.0	70228.0	77688.0	85555.0	93811.0	102241.0	111223.0	120695.0	130391.0	140344.0	150291.0	160347.0	170201.0	180021.0	189683.0	198953.0	208415.0	217317.0	225962.0	233982.0	241742.0	249103.0	255949.0	262321.0	268234.0	273790.0	279011.0	283709.0	288135.0	292217.0	295993.0	299497.0	302650.0	305423.0	308042.0	310429.0	312523.0	314487.0	316321.0	317928.0	319409.0	320705.0	321937.0	323059.0	324069.0	324945.0	325770.0	326509.0	327182.0	327824.0	328398.0	328866.0	329291.0	329686.0	330047.0	330369.0	330650.0	330905.0	331143.0	331371.0	331564.0	331730.0	331898.0
5.0	6.0	9.0	12.0	16.0	18.0	22.0	28.0	38.0	39.0	45.0	50.0	58.0	70.0	77.0	88.0	104.0	123.0	141.0	178.0	215.0	268.0	311.0	375.0	437.0	500.0	590.0	685.0	813.0	965.0	1143.0	1361.0	1579.0	1874.0	2217.0	2616.0	3037.0	3534.0	4155.0	4894.0	5709.0	6722.0	7908.0	9258.0	10841.0	12662.0	14791.0	17322.0	20290.0	22944.0	25971.0	29385.0	33075.0	37163.0	41697.0	46569.0	51823.0	57664.0	63891.0	70658.0	77997.0	85841.0	94032.0	102705.0	111689.0	120892.0	130531.0	140318.0	150010.0	160006.0	169946.0	179797.0	189368.0	198715.0	207656.0	216393.0	224864.0	232841.0	240566.0	247759.0	254349.0	260636.0	266578.0	272107.0	277211.0	281890.0	286238.0	290233.0	293879.0	297334.0	300539.0	303274.0	305884.0	308206.0	310400.0	312331.0	314002.0	315560.0	316957.0	318282.0	319481.0	320619.0	321668.0	322635.0	323410.0	324133.0	324834.0	325427.0	325964.0	326447.0	326897.0	327307.0	327666.0	327983.0	328305.0	328579.0	328831.0	329060.0
5.0	7.0	8.0	8.0	12.0	15.0	17.0	18.0	21.0	22.0	24.0	27.0	31.0	36.0	43.0	50.0	54.0	63.0	71.0	84.0	99.0	121.0	146.0	174.0	205.0	237.0	271.0	315.0	360.0	419.0	491.0	596.0	707.0	823.0	965.0	1129.0	1339.0	1600.0	1881.0	2211.0	2607.0	3057.0	3610.0	4229.0	4942.0	5769.0	6707.0	7843.0	9079.0	10298.0	11656.0	13135.0	14894.0	16790.0	18906.0	21268.0	24008.0	26929.0	30251.0	34003.0	38057.0	42608.0	47566.0	52911.0	58698.0	65039.0	71761.0	78972.0	86688.0	94800.0	103210.0	112069.0	121302.0	130694.0	140244.0	149798.0	159378.0	168985.0	178552.0	187952.0	197104.0	206079.0	214626.0	222763.0	230774.0	238288.0	245394.0	252106.0	258239.0	264041.0	269396.0	274520.0	279177.0	283617.0	287597.0	291209.0	294604.0	297659.0	300472.0	303100.0	305438.0	307541.0	309494.0	311247.0	312893.0	314428.0	315840.0	317094.0	318194.0	319184.0	320115.0	320997.0	321764.0	322496.0	323093.0	323661.0	324164.0	324653.0
5.0	5.0	7.0	8.0	8.0	10.0	11.0	13.0	16.0	16.0	18.0	20.0	25.0	32.0	40.0	44.0	52.0	65.0	85.0	103.0	121.0	139.0	156.0	183.0	208.0	239.0	286.0	348.0	399.0	474.0	551.0	632.0	734.0	855.0	1011.0	1162.0	1372.0	1618.0	1895.0	2223.0	2581.0	3013.0	3501.0	4101.0	4800.0	5611.0	6568.0	7679.0	8993.0	10133.0	11470.0	12915.0	14530.0	16436.0	18568.0	20884.0	23560.0	26494.0	29769.0	33510.0	37459.0	41817.0	46699.0	51939.0	57696.0	63929.0	70547.0	77696.0	85285.0	93185.0	101666.0	110390.0	119609.0	128812.0	138394.0	147993.0	157866.0	167587.0	177190.0	186598.0	195788.0	204844.0	213491.0	221844.0	229921.0	237453.0	244628.0	251377.0	257501.0	263519.0	269063.0	274118.0	278960.0	283325.0	287342.0	291167.0	294483.0	297617.0	300397.0	303055.0	305454.0	307561.0	309548.0	311392.0	312995.0	314517.0	315852.0	317106.0	318230.0	319264.0	320191.0	321039.0	321786.0	322471.0	323139.0	323711.0	324258.0	324716.0
5.0	5.0	5.0	5.0	6.0	6.0	6.0	6.0	7.0	8.0	11.0	14.0	18.0	21.0	22.0	25.0	30.0	36.0	45.0	57.0	73.0	87.0	96.0	115.0	142.0	173.0	210.0	241.0	269.0	315.0	367.0	439.0	524.0	628.0	731.0	852.0	998.0	1159.0	1358.0	1611.0	1885.0	2219.0	2645.0	3108.0	3639.0	4273.0	4995.0	5897.0	7006.0	7934.0	9051.0	10275.0	11655.0	13269.0	15053.0	17014.0	19143.0	21655.0	24364.0	27460.0	30829.0	34664.0	38720.0	43309.0	48165.0	53557.0	59458.0	65812.0	72617.0	79975.0	87699.0	95825.0	104335.0	113529.0	122688.0	132087.0	141639.0	151525.0	161184.0	170896.0	180621.0	190133.0	199338.0	208327.0	217048.0	225218.0	233080.0	240541.0	247511.0	254164.0	260461.0	266229.0	271660.0	276455.0	281004.0	285286.0	289171.0	292824.0	296085.0	299124.0	301798.0	304296.0	306573.0	308687.0	310567.0	312292.0	313794.0	315201.0	316529.0	317706.0	318799.0	319793.0	320738.0	321539.0	322275.0	322947.0	323549.0	324113.0
5.0	6.0	6.0	8.0	10.0	12.0	14.0	18.0	19.0	24.0	28.0	34.0	37.0	45.0	53.0	64.0	74.0	92.0	107.0	123.0	137.0	165.0	197.0	236.0	272.0	319.0	367.0	432.0	503.0	604.0	717.0	843.0	986.0	1171.0	1402.0	1661.0	1951.0	2282.0	2708.0	3192.0	3781.0	4449.0	5243.0	6176.0	7235.0	8523.0	9994.0	11747.0	13741.0	15628.0	17764.0	20180.0	22873.0	25838.0	29077.0	32729.0	36625.0	41057.0	45912.0	51148.0	56849.0	62888.0	69618.0	76808.0	84467.0	92630.0	101316.0	110199.0	119350.0	128785.0	138441.0	148258.0	158127.0	168131.0	177856.0	187538.0	197012.0	206146.0	214885.0	223245.0	231363.0	238933.0	245986.0	252680.0	259049.0	264939.0	270481.0	275568.0	280232.0	284659.0	288724.0	292450.0	295889.0	299031.0	301865.0	304483.0	306852.0	309045.0	310987.0	312796.0	314402.0	315914.0	317214.0	318417.0	319537.0	320630.0	321538.0	322392.0	323151.0	323807.0	324462.0	325011.0	325546.0	326039.0	326461.0	326837.0	327150.0	327466.0
5.0	7.0	13.0	15.0	19.0	23.0	32.0	39.0	50.0	55.0	67.0	79.0	92.0	109.0	134.0	165.0	185.0	227.0	259.0	300.0	350.0	425.0	493.0	590.0	685.0	833.0	968.0	1135.0	1314.0	1537.0	1808.0	2112.0	2449.0	2849.0	3340.0	3912.0	4595.0	5362.0	6264.0	7389.0	8583.0	10040.0	11717.0	13683.0	15940.0	18581.0	21609.0	25005.0	28939.0	32578.0	36646.0	41146.0	46044.0	51419.0	57341.0	63694.0	70531.0	77893.0	85660.0	93925.0	102636.0	111416.0	120759.0	130346.0	140128.0	149973.0	159906.0	169750.0	179500.0	189013.0	198484.0	207503.0	216258.0	224611.0	232524.0	240376.0	247513.0	254196.0	260521.0	266430.0	271882.0	277066.0	281706.0	285932.0	289923.0	293688.0	296960.0	300037.0	302871.0	305390.0	307656.0	309784.0	311730.0	313451.0	315078.0	316604.0	317966.0	319224.0	320400.0	321435.0	322378.0	323205.0	323944.0	324599.0	325263.0	325778.0	326309.0	326747.0	327175.0	327560.0	327883.0	328176.0	328425.0	328661.0	328898.0	329113.0	329288.0	329454.0
5.0	5.0	5.0	5.0	6.0	7.0	7.0	8.0	8.0	10.0	12.0	13.0	15.0	17.0	22.0	25.0	32.0	41.0	46.0	54.0	60.0	68.0	80.0	90.0	106.0	122.0	139.0	168.0	198.0	220.0	266.0	303.0	357.0	414.0	494.0	576.0	663.0	784.0	926.0	1098.0	1295.0	1528.0	1788.0	2130.0	2487.0	2920.0	3477.0	4059.0	4788.0	5462.0	6225.0	7140.0	8089.0	9208.0	10401.0	11776.0	13391.0	15155.0	17125.0	19322.0	21776.0	24591.0	27854.0	31292.0	35020.0	39191.0	43879.0	49005.0	54507.0	60584.0	67047.0	73939.0	81346.0	89230.0	97539.0	106166.0	115230.0	124441.0	133941.0	143534.0	153187.0	162858.0	172706.0	182038.0	191319.0	200474.0	209282.0	217588.0	225751.0	233594.0	240907.0	247784.0	254307.0	260318.0	265875.0	271059.0	275927.0	280455.0	284644.0	288455.0	292011.0	295268.0	298216.0	300927.0	303443.0	305750.0	307833.0	309745.0	311448.0	313080.0	314485.0	315785.0	316935.0	317971.0	318928.0	319827.0	320613.0	321280.0
5.0	7.0	9.0	12.0	15.0	18.0	23.0	27.0	30.0	31.0	34.0	44.0	52.0	65.0	73.0	83.0	92.0	100.0	114.0	129.0	146.0	165.0	191.0	216.0	252.0	297.0	343.0	407.0	474.0	554.0	652.0	770.0	908.0	1053.0	1249.0	1470.0	1760.0	2062.0	2405.0	2818.0	3335.0	3919.0	4613.0	5408.0	6351.0	7463.0	8726.0	10243.0	11958.0	13525.0	15340.0	17303.0	19579.0	22129.0	25010.0	28096.0	31705.0	35556.0	39950.0	44736.0	49935.0	55557.0	61793.0	68452.0	75573.0	83081.0	91080.0	99572.0	108305.0	117244.0	126552.0	136188.0	145815.0	155558.0	165314.0	174833.0	184240.0	193399.0	202422.0	211168.0	219523.0	227495.0	235014.0	242276.0	249007.0	255361.0	261247.0	266875.0	272050.0	276808.0	281114.0	285216.0	288925.0	292381.0	295588.0	298539.0	301150.0	303626.0	305811.0	307838.0	309689.0	311418.0	312993.0	314422.0	315750.0	316962.0	318033.0	318969.0	319871.0	320711.0	321468.0	322152.0	322772.0	323329.0	323845.0	324327.0	324731.0	325096.0
5.0	5.0	5.0	6.0	6.0	6.0	9.0	10.0	12.0	16.0	20.0	24.0	26.0	30.0	38.0	44.0	52.0	57.0	65.0	75.0	90.0	104.0	129.0	155.0	179.0	221.0	272.0	325.0	385.0	451.0	526.0	620.0	748.0	891.0	1063.0	1229.0	1455.0	1716.0	2018.0	2349.0	2740.0	3231.0	3809.0	4487.0	5243.0	6132.0	7142.0	8405.0	9904.0	11238.0	12754.0	14393.0	16282.0	18478.0	20814.0	23453.0	26461.0	29885.0	33529.0	37627.0	42203.0	47099.0	52439.0	58423.0	64848.0	71602.0	78870.0	86545.0	94808.0	103278.0	112124.0	121123.0	130402.0	139946.0	149676.0	159614.0	169215.0	178799.0	188017.0	197136.0	205935.0	214515.0	222856.0	230702.0	238225.0	245223.0	252006.0	258318.0	264156.0	269620.0	274617.0	279310.0	283702.0	287720.0	291291.0	294655.0	297667.0	300420.0	302900.0	305268.0	307332.0	309337.0	311077.0	312661.0	314148.0	315467.0	316668.0	317817.0	318784.0	319706.0	320580.0	321370.0	322026.0	322671.0	323231.0	323764.0	324220.0	324613.0
5.0	7.0	8.0	9.0	11.0	15.0	16.0	24.0	24.0	28.0	38.0	46.0	51.0	63.0	71.0	80.0	93.0	109.0	126.0	152.0	181.0	207.0	240.0	275.0	333.0	386.0	466.0	538.0	639.0	752.0	869.0	1008.0	1160.0	1348.0	1590.0	1868.0	2190.0	2571.0	2994.0	3536.0	4180.0	4868.0	5675.0	6673.0	7840.0	9244.0	10866.0	12726.0	14843.0	16920.0	19104.0	21513.0	24253.0	27341.0	30764.0	34531.0	38574.0	43140.0	48009.0	53476.0	59259.0	65722.0	72607.0	79760.0	87359.0	95617.0	104104.0	112996.0	122254.0	131638.0	141211.0	151017.0	160835.0	170526.0	180137.0	189445.0	198536.0	207485.0	215906.0	224128.0	232080.0	239641.0	246785.0	253329.0	259483.0	265354.0	270774.0	275793.0	280487.0	284828.0	288734.0	292356.0	295604.0	298656.0	301408.0	303996.0	306314.0	308358.0	310246.0	311989.0	313639.0	315117.0	316425.0	317642.0	318719.0	319722.0	320575.0	321377.0	322091.0	322713.0	323336.0	323903.0	324401.0	324836.0	325207.0	325563.0	325893.0	326181.0
5.0	7.0	9.0	10.0	12.0	13.0	15.0	15.0	18.0	21.0	27.0	31.0	41.0	51.0	54.0	64.0	78.0	98.0	123.0	145.0	178.0	214.0	252.0	313.0	374.0	430.0	505.0	597.0	697.0	821.0	965.0	1138.0	1331.0	1565.0	1840.0	2172.0	2553.0	3019.0	3537.0	4166.0	4927.0	5778.0	6752.0	7927.0	9246.0	10805.0	12694.0	14799.0	17345.0	19604.0	22252.0	25117.0	28231.0	31667.0	35716.0	39943.0	44618.0	49945.0	55683.0	61761.0	68446.0	75688.0	83342.0	91311.0	99715.0	108535.0	117680.0	127103.0	136710.0	146716.0	156287.0	166086.0	175802.0	185291.0	194635.0	203718.0	212596.0	220947.0	229005.0	236801.0	244149.0	251093.0	257416.0	263372.0	268987.0	274082.0	278891.0	283333.0	287434.0	291124.0	294699.0	297863.0	300866.0	303520.0	305956.0	308180.0	310155.0	311917.0	313558.0	315044.0	316491.0	317733.0	318866.0	319872.0	320815.0	321706.0	322463.0	323219.0	323870.0	324437.0	324971.0	325440.0	325883.0	326279.0	326624.0	326945.0	327222.0	327485.0
5.0	7.0	7.0	7.0	7.0	7.0	7.0	8.0	8.0	8.0	11.0	11.0	14.0	18.0	22.0	29.0	34.0	40.0	43.0	50.0	62.0	67.0	81.0	95.0	115.0	130.0	157.0	179.0	214.0	251.0	286.0	336.0	403.0	477.0	557.0	653.0	756.0	881.0	1040.0	1238.0	1461.0	1706.0	2017.0	2358.0	2764.0	3234.0	3834.0	4482.0	5241.0	5934.0	6754.0	7675.0	8721.0	9900.0	11244.0	12703.0	14327.0	16184.0	18232.0	20637.0	23173.0	26055.0	29276.0	32815.0	36756.0	41106.0	45823.0	50982.0	56735.0	62793.0	69424.0	76477.0	83990.0	91961.0	100382.0	108961.0	117979.0	127155.0	136502.0	146225.0	155906.0	165607.0	175263.0	184731.0	193950.0	202839.0	211298.0	219610.0	227543.0	235280.0	242406.0	249219.0	255499.0	261480.0	267101.0	272339.0	277033.0	281382.0	285415.0	289356.0	292832.0	296139.0	299107.0	301762.0	304232.0	306471.0	308493.0	310351.0	312078.0	313713.0	315126.0	316415.0	317495.0	318637.0	319589.0	320495.0	321282.0	322031.0
5.0	6.0	7.0	11.0	13.0	16.0	21.0	23.0	27.0	32.0	36.0	41.0	46.0	53.0	63.0	75.0	89.0	110.0	124.0	140.0	159.0	182.0	207.0	253.0	301.0	346.0	403.0	478.0	559.0	649.0	757.0	878.0	1014.0	1192.0	1407.0	1649.0	1891.0	2250.0	2637.0	3105.0	3697.0	4316.0	5026.0	5917.0	6909.0	8100.0	9521.0	11117.0	13022.0	14661.0	16671.0	18905.0	21379.0	24069.0	27160.0	30590.0	34423.0	38525.0	43115.0	48230.0	53892.0	59975.0	66424.0	73375.0	80705.0	88478.0	96745.0	105513.0	114723.0	124069.0	133725.0	143525.0	153488.0	163457.0	173120.0	182811.0	192119.0	201213.0	210071.0	218624.0	226858.0	234589.0	242127.0	249094.0	255588.0	261706.0	267402.0	272600.0	277502.0	281968.0	286138.0	290023.0	293494.0	296669.0	299556.0	302272.0	304765.0	306989.0	309116.0	310953.0	312653.0	314225.0	315690.0	316982.0	318159.0	319230.0	320239.0	321149.0	321925.0	322640.0	323297.0	323907.0	324453.0	324934.0	325366.0	325766.0	326136.0	326462.0
5.0	6.0	6.0	6.0	8.0	10.0	12.0	15.0	18.0	20.0	29.0	34.0	36.0	45.0	48.0	57.0	68.0	76.0	94.0	113.0	129.0	151.0	183.0	205.0	241.0	292.0	343.0	410.0	488.0	586.0	717.0	823.0	980.0	1151.0	1335.0	1588.0	1888.0	2253.0	2640.0	3114.0	3658.0	4325.0	5035.0	5922.0	6923.0	8125.0	9464.0	11074.0	12869.0	14591.0	16585.0	18641.0	21037.0	23764.0	26735.0	30177.0	33919.0	37952.0	42486.0	47425.0	52927.0	58804.0	65181.0	72109.0	79484.0	87244.0	95668.0	104389.0	113522.0	122933.0	132463.0	142104.0	151829.0	161776.0	171528.0	181226.0	190602.0	199905.0	208904.0	217623.0	225967.0	233957.0	241376.0	248392.0	255027.0	261221.0	266962.0	272299.0	277254.0	281833.0	285992.0	289947.0	293448.0	296788.0	299787.0	302501.0	304996.0	307240.0	309337.0	311174.0	312849.0	314470.0	315898.0	317194.0	318403.0	319469.0	320422.0	321335.0	322097.0	322836.0	323493.0	324101.0	324636.0	325102.0	325547.0	325910.0	326275.0	326586.0
5.0	8.0	9.0	9.0	10.0	11.0	11.0	11.0	13.0	17.0	21.0	23.0	27.0	33.0	35.0	42.0	50.0	57.0	67.0	79.0	90.0	101.0	118.0	134.0	164.0	187.0	227.0	274.0	322.0	390.0	461.0	542.0	637.0	759.0	919.0	1082.0	1277.0	1504.0	1778.0	2103.0	2488.0	2962.0	3483.0	4157.0	4898.0	5756.0	6783.0	8008.0	9434.0	10706.0	12241.0	13994.0	15910.0	18051.0	20525.0	23208.0	26271.0	29591.0	33292.0	37460.0	41899.0	46879.0	52379.0	58156.0	64579.0	71310.0	78678.0	86498.0	94609.0	103092.0	112121.0	121548.0	130943.0	140724.0	150621.0	160244.0	169903.0	179489.0	188847.0	198238.0	207305.0	216012.0	224182.0	231860.0	239415.0	246513.0	253053.0	259221.0	264958.0	270301.0	275326.0	279858.0	284148.0	288138.0	291699.0	295032.0	298064.0	300919.0	303465.0	305836.0	307957.0	309866.0	311640.0	313279.0	314787.0	316066.0	317285.0	318378.0	319425.0	320308.0	321099.0	321858.0	322524.0	323092.0	323627.0	324128.0	324605.0	325049.0
5.0	5.0	6.0	7.0	8.0	9.0	12.0	13.0	15.0	17.0	22.0	30.0	35.0	39.0	44.0	50.0	60.0	69.0	73.0	82.0	94.0	105.0	124.0	151.0	169.0	201.0	240.0	277.0	326.0	381.0	458.0	547.0	646.0	740.0	865.0	1037.0	1231.0	1455.0	1716.0	2041.0	2368.0	2792.0	3297.0	3883.0	4549.0	5339.0	6236.0	7346.0	8617.0	9747.0	10996.0	12421.0	14087.0	15831.0	17867.0	20158.0	22726.0	25561.0	28664.0	32223.0	36089.0	40404.0	45064.0	50204.0	55765.0	61903.0	68376.0	75494.0	83026.0	90814.0	99049.0	107705.0	116906.0	126126.0	135747.0	145554.0	155140.0	164665.0	174343.0	183774.0	193116.0	202189.0	210990.0	219483.0	227504.0	235187.0	242516.0	249380.0	255882.0	261912.0	267540.0	272794.0	277531.0	281981.0	286129.0	290004.0	293535.0	296657.0	299675.0	302387.0	304846.0	307045.0	309004.0	310893.0	312675.0	314210.0	315601.0	316927.0	318068.0	319059.0	320037.0	320883.0	321651.0	322341.0	323009.0	323588.0	324162.0	324639.0
5.0	6.0	10.0	11.0	17.0	26.0	33.0	38.0	46.0	60.0	74.0	97.0	109.0	131.0	157.0	181.0	217.0	258.0	300.0	344.0	399.0	471.0	541.0	634.0	757.0	912.0	1064.0	1237.0	1427.0	1698.0	1966.0	2306.0	2689.0	3118.0	3627.0	4229.0	4954.0	5788.0	6768.0	7880.0	9243.0	10821.0	12663.0	14901.0	17342.0	20195.0	23599.0	27465.0	31845.0	35744.0	40074.0	44917.0	50167.0	56011.0	62169.0	69015.0	76205.0	83843.0	91918.0	100505.0	109442.0	118618.0	128094.0	137838.0	147694.0	157535.0	167486.0	177334.0	187081.0	196710.0	206096.0	215088.0	223607.0	231902.0	239724.0	246994.0	254005.0	260632.0	266794.0	272400.0	277636.0	282462.0	286866.0	291068.0	294857.0	298382.0	301620.0	304572.0	307280.0	309689.0	311906.0	313923.0	315727.0	317340.0	318893.0	320304.0	321587.0	322725.0	323774.0	324725.0	325525.0	326319.0	326959.0	327560.0	328165.0	328716.0	329164.0	329584.0	329954.0	330288.0	330609.0	330875.0	331099.0	331330.0	331519.0	331713.0	331879.0	332042.0
5.0	6.0	6.0	9.0	11.0	12.0	13.0	15.0	16.0	19.0	21.0	23.0	25.0	30.0	34.0	35.0	40.0	45.0	50.0	59.0	69.0	85.0	96.0	120.0	143.0	166.0	198.0	228.0	264.0	303.0	353.0	418.0	489.0	590.0	685.0	805.0	935.0	1104.0	1305.0	1515.0	1764.0	2070.0	2435.0	2825.0	3310.0	3910.0	4604.0	5374.0	6314.0	7099.0	8074.0	9127.0	10324.0	11697.0	13301.0	15088.0	16995.0	19208.0	21687.0	24385.0	27481.0	30868.0	34701.0	38917.0	43569.0	48627.0	54108.0	60257.0	66629.0	73498.0	80816.0	88697.0	96827.0	105611.0	114481.0	123695.0	133049.0	142310.0	151775.0	161320.0	170890.0	180352.0	189739.0	198894.0	207652.0	216148.0	224227.0	231949.0	239273.0	246197.0	252706.0	258696.0	264474.0	269913.0	274949.0	279590.0	283876.0	287837.0	291481.0	294867.0	297945.0	300752.0	303273.0	305572.0	307695.0	309549.0	311295.0	312838.0	314306.0	315611.0	316823.0	317878.0	318873.0	319757.0	320561.0	321221.0	321833.0	322458.0
5.0	6.0	7.0	9.0	11.0	13.0	14.0	18.0	22.0	27.0	33.0	40.0	47.0	59.0	69.0	78.0	92.0	109.0	127.0	144.0	164.0	189.0	219.0	246.0	293.0	342.0	394.0	451.0	518.0	581.0	685.0	800.0	927.0	1062.0	1216.0	1436.0	1675.0	1955.0	2294.0	2686.0	3132.0	3673.0	4290.0	4968.0	5809.0	6730.0	7829.0	9120.0	10617.0	12018.0	13577.0	15335.0	17321.0	19563.0	22023.0	24812.0	27965.0	31407.0	35170.0	39419.0	44132.0	49202.0	54750.0	60784.0	67280.0	74322.0	81873.0	89720.0	97908.0	106563.0	115536.0	124689.0	133970.0	143597.0	153457.0	163169.0	172802.0	182386.0	191689.0	200743.0	209599.0	217930.0	226128.0	233695.0	241028.0	247882.0	254388.0	260511.0	266209.0	271290.0	276253.0	280671.0	284793.0	288627.0	292113.0	295328.0	298225.0	300806.0	303299.0	305553.0	307624.0	309481.0	311182.0	312786.0	314229.0	315521.0	316658.0	317633.0	318611.0	319434.0	320251.0	320975.0	321631.0	322221.0	322717.0	323211.0	323654.0	324045.0
5.0	7.0	9.0	9.0	11.0	15.0	18.0	23.0	25.0	34.0	38.0	47.0	57.0	68.0	80.0	90.0	107.0	127.0	143.0	171.0	194.0	228.0	261.0	299.0	346.0	404.0	462.0	531.0	631.0	737.0	855.0	1000.0	1209.0	1407.0	1638.0	1948.0	2261.0	2680.0	3109.0	3654.0	4332.0	5111.0	5927.0	6904.0	8086.0	9542.0	11177.0	13119.0	15330.0	17359.0	19577.0	22148.0	24917.0	28092.0	31491.0	35441.0	39743.0	44456.0	49615.0	55162.0	61284.0	67812.0	74913.0	82395.0	90365.0	98737.0	107580.0	116725.0	126028.0	135532.0	145455.0	155314.0	165009.0	174991.0	184572.0	193861.0	202902.0	211621.0	220105.0	228197.0	236043.0	243358.0	250245.0	256646.0	262729.0	268202.0	273294.0	278053.0	282521.0	286641.0	290424.0	293892.0	297152.0	300044.0	302671.0	305168.0	307392.0	309374.0	311261.0	312961.0	314536.0	315915.0	317179.0	318340.0	319367.0	320340.0	321201.0	322014.0	322759.0	323476.0	324075.0	324577.0	325030.0	325458.0	325852.0	326190.0	326462.0	326752.0
5.0	7.0	8.0	13.0	15.0	19.0	25.0	33.0	42.0	53.0	67.0	84.0	101.0	123.0	145.0	175.0	208.0	240.0	285.0	336.0	402.0	471.0	545.0	650.0	753.0	890.0	1050.0	1249.0	1489.0	1795.0	2109.0	2508.0	2944.0	3478.0	4083.0	4811.0	5595.0	6543.0	7686.0	9001.0	10570.0	12429.0	14497.0	16868.0	19666.0	22870.0	26443.0	30597.0	35405.0	39724.0	44667.0	49937.0	55836.0	62045.0	68844.0	76124.0	83950.0	92166.0	100874.0	109974.0	119524.0	129311.0	139383.0	149570.0	159506.0	169485.0	179493.0	189301.0	198762.0	207954.0	216744.0	225435.0	233584.0	241513.0	248738.0	255549.0	261990.0	268065.0	273518.0	278723.0	283467.0	287966.0	291995.0	295664.0	298997.0	302001.0	304904.0	307610.0	309980.0	312065.0	313987.0	315709.0	317334.0	318812.0	320111.0	321275.0	322355.0	323369.0	324293.0	325068.0	325812.0	326478.0	327049.0	327561.0	328043.0	328492.0	328877.0	329262.0	329606.0	329892.0	330146.0	330391.0	330595.0	330782.0	330976.0	331139.0	331278.0	331404.0
5.0	6.0	11.0	12.0	17.0	26.0	34.0	47.0	59.0	69.0	84.0	98.0	117.0	141.0	171.0	196.0	239.0	278.0	335.0	405.0	487.0	571.0	686.0	811.0	983.0	1158.0	1348.0	1607.0	1888.0	2211.0	2600.0	3090.0	3621.0	4296.0	5054.0	5969.0	7022.0	8291.0	9730.0	11395.0	13323.0	15580.0	18176.0	21264.0	24707.0	28791.0	33389.0	38632.0	44646.0	49978.0	55909.0	62364.0	69308.0	76738.0	84785.0	93186.0	101949.0	111093.0	120685.0	130700.0	140761.0	151074.0	161300.0	171596.0	182020.0	191980.0	201800.0	211377.0	220605.0	229327.0	237708.0	245466.0	252898.0	259951.0	266247.0	272206.0	277756.0	282848.0	287539.0	291778.0	295665.0	299419.0	302717.0	305701.0	308492.0	311024.0	313307.0	315375.0	317273.0	318978.0	320536.0	321913.0	323182.0	324386.0	325421.0	326400.0	327236.0	328002.0	328669.0	329281.0	329825.0	330341.0	330798.0	331177.0	331543.0	331884.0	332217.0	332481.0	332705.0	332904.0	333100.0	333263.0	333430.0	333578.0	333705.0	333811.0	333913.0	333985.0
5.0	5.0	7.0	7.0	8.0	13.0	15.0	15.0	19.0	23.0	30.0	32.0	42.0	51.0	59.0	72.0	92.0	112.0	127.0	149.0	182.0	230.0	277.0	340.0	400.0	477.0	582.0	706.0	843.0	1019.0	1214.0	1431.0	1702.0	2010.0	2392.0	2813.0	3291.0	3867.0	4531.0	5290.0	6206.0	7329.0	8596.0	10112.0	11867.0	13867.0	16250.0	19039.0	22102.0	25014.0	28230.0	31863.0	35855.0	40251.0	45033.0	50318.0	56098.0	62450.0	69453.0	76768.0	84566.0	92733.0	101403.0	110393.0	119694.0	129306.0	139081.0	149120.0	159025.0	168895.0	178798.0	188560.0	197922.0	206995.0	215783.0	224137.0	232172.0	239897.0	247147.0	253835.0	260182.0	266230.0	271666.0	276817.0	281571.0	285918.0	289956.0	293616.0	297028.0	300045.0	302873.0	305508.0	307909.0	310119.0	312055.0	313738.0	315359.0	316811.0	318120.0	319356.0	320430.0	321446.0	322343.0	323173.0	323938.0	324615.0	325261.0	325820.0	326329.0	326806.0	327244.0	327645.0	327954.0	328272.0	328562.0	328820.0	329036.0	329232.0
5.0	5.0	5.0	7.0	7.0	9.0	11.0	12.0	18.0	25.0	32.0	38.0	43.0	47.0	62.0	77.0	92.0	102.0	120.0	152.0	171.0	205.0	242.0	277.0	317.0	370.0	443.0	530.0	624.0	729.0	855.0	1010.0	1196.0	1384.0	1612.0	1913.0	2243.0	2634.0	3132.0	3682.0	4321.0	5098.0	6007.0	7030.0	8214.0	9608.0	11202.0	13057.0	15176.0	17206.0	19381.0	21819.0	24577.0	27572.0	30928.0	34651.0	38869.0	43495.0	48514.0	53953.0	59878.0	66180.0	73036.0	80364.0	88266.0	96476.0	104993.0	113723.0	122852.0	132134.0	141540.0	151279.0	161019.0	170740.0	180291.0	189728.0	198833.0	207614.0	216255.0	224507.0	232298.0	239698.0	246628.0	253103.0	259379.0	265153.0	270555.0	275472.0	280188.0	284583.0	288427.0	292026.0	295283.0	298273.0	300987.0	303538.0	305856.0	307919.0	309831.0	311595.0	313155.0	314631.0	315901.0	317097.0	318289.0	319333.0	320218.0	320989.0	321660.0	322337.0	322920.0	323505.0	324046.0	324510.0	324894.0	325258.0	325569.0	325864.0
5.0	5.0	5.0	6.0	6.0	6.0	8.0	9.0	10.0	12.0	13.0	17.0	22.0	30.0	36.0	43.0	50.0	57.0	69.0	87.0	100.0	115.0	140.0	157.0	186.0	213.0	240.0	274.0	321.0	364.0	417.0	480.0	551.0	649.0	761.0	904.0	1055.0	1227.0	1427.0	1681.0	1936.0	2252.0	2658.0	3048.0	3541.0	4177.0	4908.0	5716.0	6639.0	7530.0	8491.0	9625.0	10833.0	12282.0	13817.0	15563.0	17544.0	19677.0	22236.0	24981.0	28043.0	31469.0	35275.0	39320.0	43894.0	48927.0	54347.0	60353.0	66588.0	73483.0	80680.0	88331.0	96481.0	105140.0	113925.0	123213.0	132683.0	142309.0	151870.0	161543.0	171166.0	180675.0	189990.0	199277.0	208083.0	216499.0	224695.0	232428.0	239663.0	246549.0	253114.0	259052.0	264720.0	270020.0	275043.0	279572.0	283920.0	287742.0	291248.0	294528.0	297471.0	300247.0	302844.0	305193.0	307290.0	309248.0	310981.0	312480.0	313948.0	315251.0	316432.0	317449.0	318392.0	319304.0	320095.0	320847.0	321522.0	322117.0
5.0	7.0	8.0	10.0	14.0	17.0	17.0	20.0	21.0	23.0	25.0	26.0	27.0	32.0	38.0	46.0	55.0	69.0	83.0	96.0	119.0	145.0	172.0	200.0	238.0	299.0	347.0	411.0	484.0	567.0	660.0	772.0	886.0	1025.0	1201.0	1411.0	1606.0	1894.0	2225.0	2642.0	3081.0	3631.0	4281.0	5063.0	5968.0	7001.0	8227.0	9612.0	11255.0	12756.0	14456.0	16382.0	18604.0	20992.0	23733.0	26765.0	30132.0	33890.0	37995.0	42497.0	47451.0	52820.0	58658.0	64996.0	71853.0	79291.0	87089.0	95461.0	104009.0	112972.0	122223.0	131504.0	141119.0	151030.0	160789.0	170619.0	180270.0	189761.0	198904.0	207721.0	216337.0	224631.0	232606.0	240156.0	247141.0	253784.0	260014.0	265984.0	271509.0	276541.0	281235.0	285549.0	289495.0	293176.0	296464.0	299583.0	302423.0	305101.0	307403.0	309516.0	311507.0	313260.0	314910.0	316380.0	317827.0	319055.0	320123.0	321139.0	322022.0	322883.0	323623.0	324362.0	324994.0	325519.0	326048.0	326488.0	326935.0	327306.0
5.0	5.0	5.0	6.0	7.0	8.0	10.0	14.0	18.0	20.0	23.0	26.0	31.0	39.0	49.0	60.0	70.0	79.0	92.0	106.0	128.0	149.0	182.0	212.0	241.0	286.0	333.0	389.0	462.0	528.0	626.0	727.0	850.0	1014.0	1191.0	1356.0	1590.0	1880.0	2172.0	2527.0	2917.0	3436.0	3980.0	4696.0	5479.0	6371.0	7396.0	8633.0	10135.0	11499.0	12945.0	14647.0	16557.0	18714.0	21107.0	23822.0	26729.0	30033.0	33729.0	37672.0	42047.0	46918.0	52236.0	58071.0	64328.0	71039.0	78222.0	85822.0	93977.0	102399.0	111132.0	120179.0	129437.0	138904.0	148495.0	158186.0	167715.0	177451.0	186956.0	196212.0	205157.0	213829.0	222171.0	230106.0	237629.0	244629.0	251351.0	257671.0	263496.0	268996.0	274189.0	278925.0	283166.0	287137.0	290873.0	294320.0	297387.0	300264.0	302811.0	305140.0	307354.0	309342.0	311014.0	312658.0	314231.0	315561.0	316777.0	317870.0	318870.0	319779.0	320604.0	321395.0	322038.0	322669.0	323232.0	323717.0	324149.0	324598.0
5.0	6.0	9.0	9.0	11.0	15.0	18.0	22.0	25.0	29.0	37.0	44.0	54.0	66.0	81.0	93.0	100.0	123.0	144.0	173.0	199.0	247.0	301.0	351.0	419.0	495.0	587.0	688.0	814.0	957.0	1138.0	1351.0	1587.0	1834.0	2123.0	2490.0	2908.0	3400.0	3962.0	4661.0	5478.0	6437.0	7562.0	8876.0	10432.0	12147.0	14150.0	16532.0	19325.0	21821.0	24722.0	27829.0	31347.0	35305.0	39565.0	44292.0	49452.0	55187.0	61449.0	68145.0	75350.0	83075.0	91015.0	99648.0	108548.0	117601.0	127196.0	136758.0	146454.0	156367.0	166226.0	175891.0	185595.0	194985.0	204043.0	212915.0	221685.0	229901.0	237524.0	244889.0	251736.0	258280.0	264255.0	269885.0	275100.0	279802.0	284166.0	288290.0	292007.0	295457.0	298653.0	301560.0	304216.0	306593.0	308808.0	310887.0	312761.0	314434.0	315954.0	317273.0	318556.0	319709.0	320695.0	321649.0	322515.0	323318.0	324006.0	324645.0	325230.0	325780.0	326214.0	326629.0	326977.0	327320.0	327642.0	327941.0	328232.0	328471.0
5.0	6.0	8.0	9.0	9.0	11.0	11.0	12.0	14.0	14.0	18.0	21.0	25.0	29.0	36.0	40.0	44.0	49.0	55.0	62.0	67.0	73.0	85.0	96.0	113.0	133.0	154.0	185.0	219.0	249.0	286.0	333.0	367.0	434.0	513.0	601.0	701.0	813.0	959.0	1125.0	1316.0	1527.0	1798.0	2110.0	2444.0	2826.0	3285.0	3843.0	4487.0	5084.0	5759.0	6485.0	7383.0	8332.0	9415.0	10629.0	12030.0	13575.0	15340.0	17315.0	19495.0	21996.0	24808.0	27905.0	31346.0	35206.0	39581.0	44262.0	49577.0	55120.0	61177.0	67757.0	74654.0	82208.0	90055.0	98336.0	107104.0	116109.0	125465.0	135169.0	144680.0	154540.0	164264.0	173884.0	183316.0	192577.0	201694.0	210320.0	218774.0	226968.0	234571.0	241820.0	248694.0	255153.0	261046.0	266615.0	271891.0	276699.0	281259.0	285298.0	289088.0	292605.0	295833.0	298812.0	301613.0	304113.0	306345.0	308456.0	310335.0	312077.0	313696.0	315116.0	316416.0	317612.0	318661.0	319597.0	320488.0	321246.0
5.0	5.0	6.0	7.0	7.0	7.0	9.0	10.0	13.0	14.0	16.0	19.0	22.0	26.0	29.0	35.0	43.0	54.0	71.0	85.0	105.0	121.0	145.0	170.0	199.0	249.0	292.0	346.0	409.0	465.0	558.0	665.0	768.0	899.0	1055.0	1230.0	1424.0	1674.0	1965.0	2289.0	2662.0	3115.0	3647.0	4312.0	5050.0	5894.0	6824.0	7945.0	9285.0	10524.0	11880.0	13470.0	15154.0	17129.0	19294.0	21772.0	24616.0	27761.0	31233.0	35000.0	39207.0	43850.0	48902.0	54318.0	60204.0	66559.0	73486.0	80844.0	88482.0	96689.0	105203.0	113938.0	123010.0	132390.0	141744.0	151377.0	161003.0	170331.0	179774.0	188969.0	197895.0	206679.0	215086.0	223173.0	230835.0	238161.0	245262.0	251827.0	257913.0	263530.0	268796.0	273817.0	278327.0	282568.0	286556.0	290248.0	293589.0	296615.0	299383.0	301916.0	304266.0	306443.0	308438.0	310253.0	311864.0	313300.0	314652.0	315857.0	317017.0	318048.0	318981.0	319782.0	320547.0	321253.0	321852.0	322414.0	322905.0	323348.0
5.0	8.0	11.0	14.0	19.0	27.0	32.0	35.0	49.0	61.0	74.0	93.0	116.0	137.0	174.0	210.0	246.0	286.0	344.0	407.0	482.0	570.0	678.0	791.0	900.0	1055.0	1239.0	1456.0	1718.0	2031.0	2417.0	2822.0	3294.0	3826.0	4471.0	5225.0	6189.0	7262.0	8539.0	9995.0	11754.0	13738.0	16082.0	18829.0	21936.0	25462.0	29577.0	34315.0	39638.0	44425.0	49738.0	55539.0	61922.0	68826.0	76199.0	83973.0	92279.0	101138.0	110281.0	119787.0	129461.0	139526.0	149345.0	159513.0	169461.0	179440.0	189242.0	198741.0	208174.0	217177.0	225881.0	234158.0	241860.0	249186.0	256007.0	262560.0	268621.0	274199.0	279459.0	284279.0	288727.0	292724.0	296424.0	299846.0	302987.0	305778.0	308259.0	310536.0	312631.0	314611.0	316364.0	317973.0	319499.0	320913.0	322090.0	323176.0	324146.0	325078.0	325892.0	326588.0	327284.0	327887.0	328446.0	328945.0	329364.0	329740.0	330090.0	330413.0	330706.0	330937.0	331180.0	331420.0	331613.0	331774.0	331923.0	332054.0	332177.0	332286.0
5.0	5.0	9.0	10.0	12.0	13.0	14.0	17.0	20.0	25.0	26.0	26.0	28.0	31.0	34.0	42.0	47.0	52.0	60.0	75.0	87.0	110.0	133.0	163.0	189.0	229.0	264.0	311.0	354.0	421.0	506.0	573.0	675.0	789.0	913.0	1068.0	1257.0	1477.0	1750.0	2055.0	2424.0	2834.0	3326.0	3929.0	4635.0	5422.0	6398.0	7477.0	8780.0	9939.0	11250.0	12787.0	14599.0	16495.0	18667.0	21132.0	23963.0	26985.0	30434.0	34323.0	38572.0	43134.0	48230.0	53834.0	59928.0	66456.0	73466.0	80925.0	88925.0	97257.0	105937.0	114905.0	124396.0	133769.0	143555.0	153446.0	163284.0	172968.0	182566.0	191864.0	201024.0	209935.0	218454.0	226576.0	234351.0	241758.0	248755.0	255327.0	261317.0	267099.0	272511.0	277406.0	282069.0	286302.0	290109.0	293644.0	296959.0	299964.0	302749.0	305198.0	307489.0	309607.0	311491.0	313263.0	314866.0	316343.0	317649.0	318854.0	319928.0	320876.0	321732.0	322563.0	323228.0	323882.0	324474.0	325014.0	325516.0	325964.0
5.0	6.0	8.0	11.0	14.0	18.0	19.0	24.0	30.0	39.0	45.0	56.0	69.0	85.0	97.0	115.0	134.0	160.0	185.0	221.0	257.0	289.0	340.0	397.0	466.0	540.0	637.0	747.0	880.0	1035.0	1208.0	1409.0	1647.0	1957.0	2275.0	2672.0	3111.0	3609.0	4215.0	4958.0	5799.0	6801.0	7934.0	9256.0	10832.0	12617.0	14762.0	17168.0	20012.0	22643.0	25522.0	28751.0	32447.0	36366.0	40761.0	45599.0	50927.0	56573.0	62748.0	69489.0	76709.0	84375.0	92606.0	101296.0	110432.0	119663.0	128980.0	138733.0	148852.0	158736.0	168694.0	178569.0	188353.0	198028.0	207213.0	216235.0	224511.0	232749.0	240450.0	247751.0	254393.0	260747.0	266703.0	272142.0	277334.0	282108.0	286445.0	290476.0	294080.0	297370.0	300390.0	303314.0	305793.0	308147.0	310306.0	312267.0	314023.0	315601.0	317038.0	318296.0	319518.0	320606.0	321603.0	322525.0	323345.0	324088.0	324748.0	325318.0	325844.0	326337.0	326793.0	327204.0	327613.0	327911.0	328239.0	328522.0	328753.0	329002.0
5.0	9.0	9.0	12.0	18.0	20.0	20.0	22.0	27.0	30.0	40.0	48.0	58.0	72.0	90.0	108.0	126.0	146.0	186.0	222.0	262.0	302.0	344.0	397.0	461.0	531.0	618.0	720.0	861.0	1039.0	1211.0	1417.0	1643.0	1919.0	2208.0	2610.0	3054.0	3602.0	4220.0	4937.0	5774.0	6684.0	7839.0	9119.0	10664.0	12458.0	14509.0	16941.0	19685.0	22166.0	24918.0	28039.0	31466.0	35280.0	39559.0	44260.0	49390.0	54981.0	60962.0	67362.0	74262.0	81651.0	89549.0	97718.0	106490.0	115589.0	124900.0	134406.0	144194.0	153855.0	163734.0	173480.0	183014.0	192580.0	201679.0	210599.0	219342.0	227459.0	235219.0	242645.0	249498.0	256214.0	262465.0	268184.0	273449.0	278571.0	283109.0	287332.0	291189.0	294723.0	297930.0	300869.0	303635.0	306181.0	308551.0	310602.0	312493.0	314236.0	315787.0	317260.0	318501.0	319668.0	320695.0	321675.0	322553.0	323316.0	324044.0	324700.0	325227.0	325797.0	326258.0	326710.0	327094.0	327451.0	327782.0	328055.0	328294.0	328508.0
5.0	7.0	7.0	7.0	7.0	8.0	9.0	10.0	12.0	13.0	13.0	14.0	15.0	16.0	19.0	23.0	28.0	32.0	34.0	37.0	43.0	49.0	59.0	69.0	76.0	90.0	105.0	131.0	150.0	176.0	200.0	249.0	284.0	320.0	368.0	427.0	506.0	570.0	672.0	799.0	947.0	1087.0	1296.0	1484.0	1759.0	2072.0	2417.0	2800.0	3248.0	3672.0	4181.0	4747.0	5392.0	6072.0	6857.0	7726.0	8680.0	9796.0	11043.0	12451.0	13990.0	15858.0	17795.0	19882.0	22296.0	25053.0	28115.0	31503.0	35306.0	39347.0	43871.0	48743.0	54199.0	60004.0	66382.0	73030.0	80299.0	88038.0	96220.0	104751.0	113554.0	122718.0	132117.0	141719.0	151363.0	161002.0	170569.0	180054.0	189314.0	198258.0	207108.0	215643.0	223641.0	231391.0	238811.0	245774.0	252270.0	258431.0	264172.0	269582.0	274490.0	279155.0	283454.0	287386.0	291034.0	294426.0	297413.0	300221.0	302782.0	304996.0	307120.0	308977.0	310705.0	312318.0	313748.0	315075.0	316297.0	317433.0
5.0	6.0	7.0	9.0	12.0	14.0	18.0	24.0	27.0	33.0	39.0	43.0	49.0	58.0	67.0	81.0	93.0	103.0	113.0	127.0	149.0	173.0	203.0	235.0	264.0	312.0	348.0	404.0	456.0	531.0	621.0	733.0	869.0	1003.0	1164.0	1333.0	1546.0	1816.0	2121.0	2471.0	2857.0	3313.0	3884.0	4569.0	5293.0	6211.0	7300.0	8559.0	10037.0	11369.0	12907.0	14559.0	16486.0	18619.0	21030.0	23732.0	26816.0	30165.0	33880.0	38022.0	42536.0	47491.0	52885.0	58600.0	64853.0	71592.0	78842.0	86379.0	94483.0	103019.0	111800.0	120898.0	130274.0	139611.0	149311.0	159202.0	168841.0	178343.0	187678.0	196915.0	205782.0	214395.0	222738.0	230616.0	238052.0	245204.0	251988.0	258350.0	264325.0	269837.0	274953.0	279783.0	284002.0	288050.0	291858.0	295283.0	298383.0	301199.0	303794.0	306213.0	308346.0	310309.0	312110.0	313738.0	315255.0	316601.0	317776.0	318912.0	319908.0	320775.0	321599.0	322328.0	322973.0	323605.0	324152.0	324638.0	325091.0	325491.0
5.0	6.0	6.0	8.0	9.0	10.0	13.0	15.0	18.0	23.0	28.0	36.0	37.0	44.0	58.0	65.0	77.0	101.0	125.0	153.0	185.0	221.0	257.0	318.0	376.0	437.0	521.0	612.0	724.0	860.0	1017.0	1240.0	1498.0	1782.0	2098.0	2498.0	2962.0	3512.0	4165.0	4891.0	5706.0	6755.0	7936.0	9315.0	11000.0	12896.0	15069.0	17637.0	20651.0	23343.0	26386.0	29806.0	33635.0	37744.0	42252.0	47232.0	52535.0	58599.0	64992.0	71839.0	79156.0	87044.0	95444.0	104263.0	113271.0	122456.0	132022.0	141857.0	151528.0	161220.0	170915.0	180504.0	189937.0	199302.0	208236.0	217013.0	225303.0	233246.0	240802.0	247867.0	254600.0	260979.0	266760.0	272232.0	277276.0	281909.0	286115.0	289965.0	293509.0	296855.0	299827.0	302613.0	305247.0	307504.0	309577.0	311518.0	313295.0	314897.0	316335.0	317649.0	318849.0	319950.0	320978.0	321877.0	322655.0	323452.0	324135.0	324742.0	325295.0	325767.0	326210.0	326617.0	327018.0	327360.0	327650.0	327955.0	328209.0	328432.0
5.0	6.0	8.0	10.0	12.0	14.0	19.0	22.0	25.0	28.0	32.0	40.0	51.0	65.0	81.0	95.0	114.0	143.0	169.0	197.0	240.0	283.0	326.0	394.0	468.0	550.0	655.0	760.0	897.0	1069.0	1236.0	1448.0	1708.0	1971.0	2313.0	2727.0	3180.0	3755.0	4451.0	5214.0	6157.0	7326.0	8578.0	10048.0	11863.0	13877.0	16245.0	18963.0	22101.0	24846.0	27979.0	31460.0	35344.0	39671.0	44396.0	49552.0	55196.0	61390.0	67964.0	75146.0	82722.0	90757.0	99348.0	108262.0	117572.0	127196.0	136805.0	146748.0	156485.0	166612.0	176561.0	186330.0	195735.0	204975.0	213865.0	222439.0	230680.0	238209.0	245432.0	252300.0	258775.0	264814.0	270468.0	275754.0	280542.0	284935.0	289022.0	292804.0	296278.0	299474.0	302346.0	304974.0	307382.0	309591.0	311649.0	313398.0	315136.0	316610.0	318029.0	319268.0	320372.0	321402.0	322349.0	323182.0	323957.0	324637.0	325254.0	325833.0	326341.0	326820.0	327245.0	327611.0	327921.0	328192.0	328467.0	328734.0	328924.0	329133.0
5.0	5.0	5.0	6.0	6.0	11.0	12.0	13.0	17.0	20.0	23.0	29.0	36.0	41.0	46.0	57.0	75.0	97.0	119.0	143.0	168.0	190.0	227.0	263.0	303.0	347.0	411.0	477.0	548.0	634.0	747.0	857.0	1004.0	1166.0	1375.0	1582.0	1870.0	2155.0	2527.0	2964.0	3495.0	4045.0	4776.0	5552.0	6479.0	7641.0	8987.0	10506.0	12287.0	13943.0	15801.0	17843.0	20237.0	22808.0	25789.0	29031.0	32592.0	36547.0	40997.0	45797.0	50984.0	56663.0	62852.0	69402.0	76628.0	84225.0	92432.0	100876.0	109564.0	118578.0	128079.0	137540.0	147293.0	156940.0	166725.0	176416.0	185883.0	195247.0	204222.0	212979.0	221488.0	229497.0	236961.0	244174.0	250851.0	257267.0	263095.0	268580.0	273684.0	278436.0	282843.0	286855.0	290622.0	294107.0	297199.0	300168.0	302829.0	305301.0	307508.0	309429.0	311245.0	312898.0	314454.0	315895.0	317169.0	318262.0	319268.0	320155.0	320981.0	321730.0	322445.0	323058.0	323633.0	324155.0	324615.0	325067.0	325438.0	325797.0
5.0	5.0	5.0	6.0	7.0	9.0	10.0	10.0	12.0	14.0	15.0	16.0	19.0	19.0	24.0	25.0	30.0	34.0	39.0	41.0	49.0	64.0	78.0	90.0	102.0	119.0	135.0	155.0	179.0	200.0	235.0	284.0	343.0	399.0	467.0	561.0	649.0	754.0	899.0	1067.0	1271.0	1500.0	1749.0	2063.0	2426.0	2840.0	3364.0	3978.0	4727.0	5441.0	6248.0	7062.0	8073.0	9205.0	10483.0	11993.0	13643.0	15578.0	17661.0	20013.0	22669.0	25618.0	28803.0	32381.0	36284.0	40672.0	45415.0	50710.0	56441.0	62634.0	69224.0	76392.0	84043.0	92204.0	100834.0	109570.0	118703.0	128127.0	137789.0	147527.0	157352.0	167186.0	176693.0	186211.0	195431.0	204455.0	213159.0	221500.0	229318.0	236817.0	243846.0	250443.0	256729.0	262448.0	268055.0	273080.0	277867.0	282234.0	286256.0	290056.0	293431.0	296656.0	299525.0	302137.0	304392.0	306556.0	308510.0	310379.0	312010.0	313449.0	314782.0	316017.0	317169.0	318155.0	319088.0	319943.0	320761.0	321422.0
5.0	5.0	7.0	9.0	11.0	13.0	15.0	18.0	22.0	24.0	28.0	33.0	42.0	55.0	71.0	86.0	102.0	126.0	138.0	150.0	184.0	217.0	257.0	305.0	358.0	407.0	484.0	556.0	667.0	800.0	952.0	1130.0	1325.0	1544.0	1837.0	2175.0	2580.0	3002.0	3525.0	4113.0	4829.0	5677.0	6663.0	7804.0	9159.0	10765.0	12644.0	14815.0	17218.0	19532.0	22039.0	24798.0	27937.0	31505.0	35358.0	39675.0	44510.0	49662.0	55232.0	61292.0	67735.0	74899.0	82436.0	90349.0	98670.0	107494.0	116449.0	125628.0	135209.0	144883.0	154550.0	164261.0	174119.0	183535.0	192974.0	202047.0	210810.0	219325.0	227460.0	235014.0	242299.0	249238.0	255666.0	261703.0	267439.0	272627.0	277426.0	281870.0	286015.0	289836.0	293402.0	296710.0	299675.0	302472.0	304979.0	307220.0	309224.0	311034.0	312739.0	314345.0	315720.0	316993.0	318115.0	319137.0	320080.0	320979.0	321778.0	322518.0	323145.0	323795.0	324307.0	324815.0	325278.0	325683.0	326094.0	326427.0	326700.0	326990.0
5.0	5.0	7.0	10.0	15.0	20.0	25.0	28.0	35.0	41.0	49.0	57.0	77.0	94.0	109.0	125.0	147.0	174.0	207.0	246.0	293.0	354.0	421.0	486.0	577.0	671.0	782.0	910.0	1084.0	1272.0	1498.0	1758.0	2071.0	2434.0	2844.0	3347.0	3923.0	4610.0	5350.0	6306.0	7379.0	8634.0	10085.0	11804.0	13818.0	16171.0	18869.0	22000.0	25660.0	28941.0	32721.0	36782.0	41340.0	46271.0	51684.0	57682.0	64171.0	71144.0	78599.0	86574.0	95057.0	103928.0	113219.0	122525.0	132521.0	142422.0	152400.0	162683.0	172827.0	182799.0	192584.0	202157.0	211375.0	220349.0	228856.0	236880.0	244357.0	251474.0	258060.0	264351.0	270196.0	275531.0	280609.0	285146.0	289307.0	293155.0	296698.0	299874.0	302779.0	305471.0	307906.0	310142.0	312212.0	314098.0	315776.0	317300.0	318647.0	319846.0	320998.0	321949.0	322828.0	323666.0	324430.0	325125.0	325720.0	326262.0	326804.0	327225.0	327638.0	328018.0	328348.0	328620.0	328891.0	329157.0	329368.0	329579.0	329770.0	329947.0
5.0	5.0	7.0	8.0	12.0	15.0	21.0	23.0	29.0	34.0	39.0	44.0	55.0	70.0	86.0	101.0	116.0	138.0	169.0	195.0	229.0	269.0	325.0	379.0	447.0	531.0	640.0	769.0	923.0	1082.0	1264.0	1481.0	1735.0	2029.0	2384.0	2765.0	3220.0	3734.0	4351.0	5037.0	5873.0	6802.0	7956.0	9285.0	10780.0	12644.0	14720.0	17111.0	19916.0	22496.0	25404.0	28693.0	32256.0	36231.0	40486.0	45385.0	50659.0	56282.0	62334.0	68975.0	76222.0	83857.0	92003.0	100365.0	109227.0	118290.0	127597.0	137299.0	147109.0	156903.0	166759.0	176390.0	185959.0	195174.0	204186.0	213037.0	221379.0	229341.0	236881.0	244228.0	251187.0	257547.0	263552.0	269086.0	274331.0	279115.0	283466.0	287443.0	291194.0	294602.0	297824.0	300627.0	303223.0	305544.0	307721.0	309752.0	311626.0	313213.0	314732.0	316055.0	317300.0	318449.0	319453.0	320374.0	321215.0	322018.0	322695.0	323286.0	323882.0	324432.0	324913.0	325303.0	325696.0	326069.0	326358.0	326658.0	326929.0	327185.0
5.0	5.0	6.0	7.0	10.0	12.0	16.0	21.0	27.0	32.0	43.0	51.0	61.0	77.0	90.0	107.0	127.0	151.0	173.0	204.0	246.0	304.0	363.0	439.0	524.0	639.0	745.0	874.0	1030.0	1229.0	1459.0	1709.0	2021.0	2377.0	2808.0	3340.0	3904.0	4566.0	5338.0	6232.0	7270.0	8522.0	9971.0	11669.0	13658.0	15913.0	18638.0	21632.0	25248.0	28536.0	32134.0	36135.0	40618.0	45580.0	50949.0	56836.0	62982.0	69968.0	77299.0	84997.0	93135.0	101657.0	110686.0	120070.0	129646.0	139400.0	149175.0	159166.0	169185.0	179146.0	188777.0	198198.0	207345.0	216282.0	224889.0	232984.0	240570.0	247822.0	254731.0	261111.0	267129.0	272576.0	277795.0	282434.0	286733.0	290734.0	294382.0	297779.0	300930.0	303825.0	306403.0	308759.0	310893.0	312916.0	314733.0	316344.0	317830.0	319103.0	320301.0	321416.0	322436.0	323319.0	324127.0	324844.0	325493.0	326085.0	326665.0	327115.0	327567.0	327992.0	328396.0	328711.0	329028.0	329317.0	329560.0	329797.0	329995.0	330173.0
5.0	6.0	7.0	7.0	8.0	9.0	11.0	16.0	20.0	22.0	24.0	31.0	40.0	44.0	48.0	56.0	68.0	76.0	94.0	113.0	128.0	145.0	168.0	200.0	237.0	279.0	325.0	385.0	446.0	545.0	634.0	733.0	893.0	1060.0	1237.0	1483.0	1732.0	2016.0	2362.0	2760.0	3262.0	3811.0	4444.0	5250.0	6158.0	7274.0	8467.0	9923.0	11585.0	13133.0	14868.0	16863.0	19019.0	21479.0	24224.0	27289.0	30707.0	34529.0	38685.0	43401.0	48654.0	54216.0	60163.0	66893.0	73874.0	81470.0	89379.0	97726.0	106490.0	115524.0	124943.0	134398.0	144139.0	154004.0	163936.0	173740.0	183334.0	192636.0	201901.0	210775.0	219315.0	227564.0	235248.0	242537.0	249417.0	256059.0	262150.0	267930.0	273156.0	278042.0	282599.0	286726.0	290565.0	294176.0	297421.0	300385.0	303144.0	305658.0	307948.0	310047.0	311977.0	313628.0	315221.0	316695.0	317990.0	319168.0	320226.0	321174.0	322152.0	322913.0	323667.0	324352.0	324934.0	325518.0	326039.0	326485.0	326896.0	327247.0
5.0	7.0	7.0	7.0	9.0	13.0	14.0	16.0	20.0	23.0	28.0	36.0	42.0	47.0	54.0	61.0	70.0	86.0	102.0	126.0	150.0	174.0	200.0	238.0	280.0	335.0	392.0	462.0	577.0	680.0	810.0	951.0	1107.0	1303.0	1533.0	1780.0	2063.0	2414.0	2863.0	3358.0	3919.0	4599.0	5431.0	6362.0	7480.0	8706.0	10231.0	11954.0	14010.0	15910.0	17938.0	20300.0	22975.0	26009.0	29343.0	33068.0	37169.0	41597.0	46474.0	51794.0	57636.0	63996.0	70806.0	78034.0	85621.0	93716.0	102392.0	111231.0	120393.0	129759.0	139417.0	149246.0	159196.0	169083.0	178786.0	188350.0	197678.0	206680.0	215348.0	223706.0	231560.0	239021.0	246106.0	252735.0	258945.0	264823.0	270298.0	275292.0	280037.0	284345.0	288295.0	291974.0	295324.0	298311.0	301049.0	303565.0	305860.0	308044.0	310015.0	311755.0	313340.0	314779.0	316077.0	317271.0	318398.0	319352.0	320262.0	321043.0	321792.0	322481.0	323105.0	323682.0	324183.0	324653.0	325037.0	325401.0	325718.0	326026.0
5.0	6.0	8.0	12.0	16.0	19.0	23.0	25.0	29.0	36.0	41.0	50.0	58.0	65.0	79.0	84.0	99.0	119.0	145.0	176.0	199.0	225.0	272.0	331.0	388.0	460.0	554.0	649.0	783.0	903.0	1057.0	1260.0	1453.0	1675.0	1996.0	2325.0	2728.0	3204.0	3766.0	4420.0	5179.0	6005.0	7094.0	8263.0	9645.0	11287.0	13165.0	15395.0	17845.0	20204.0	22788.0	25687.0	28975.0	32561.0	36588.0	41010.0	45750.0	50974.0	56833.0	62961.0	69716.0	77001.0	84778.0	92850.0	101397.0	110341.0	119674.0	129208.0	138760.0	148537.0	158362.0	168096.0	177914.0	187380.0	196688.0	205739.0	214307.0	222639.0	230493.0	238189.0	245309.0	252159.0	258506.0	264382.0	269876.0	275028.0	279805.0	284153.0	288153.0	291808.0	295164.0	298291.0	301145.0	303782.0	306190.0	308334.0	310299.0	312130.0	313757.0	315227.0	316541.0	317722.0	318847.0	319931.0	320864.0	321722.0	322469.0	323139.0	323731.0	324306.0	324808.0	325264.0	325689.0	326076.0	326395.0	326748.0	327058.0	327348.0
5.0	6.0	9.0	12.0	15.0	19.0	23.0	31.0	38.0	50.0	60.0	72.0	83.0	99.0	114.0	139.0	168.0	199.0	230.0	271.0	326.0	377.0	467.0	533.0	636.0	762.0	874.0	1024.0	1204.0	1426.0	1660.0	1991.0	2336.0	2736.0	3225.0	3773.0	4405.0	5161.0	6008.0	7038.0	8221.0	9611.0	11231.0	13061.0	15186.0	17622.0	20551.0	23872.0	27664.0	31162.0	35048.0	39180.0	43892.0	49070.0	54773.0	60838.0	67434.0	74418.0	81976.0	90044.0	98524.0	107316.0	116652.0	126263.0	136042.0	145978.0	155857.0	165804.0	175634.0	185372.0	194904.0	204185.0	213094.0	221648.0	229675.0	237544.0	244897.0	251747.0	258165.0	264074.0	269806.0	274991.0	279751.0	284274.0	288327.0	292094.0	295527.0	298677.0	301532.0	304179.0	306511.0	308746.0	310680.0	312453.0	314089.0	315622.0	316916.0	318106.0	319164.0	320225.0	321147.0	321983.0	322732.0	323424.0	324010.0	324611.0	325108.0	325539.0	325997.0	326382.0	326708.0	327013.0	327298.0	327554.0	327775.0	327978.0	328148.0	328290.0
5.0	5.0	7.0	10.0	10.0	16.0	22.0	31.0	40.0	48.0	59.0	75.0	92.0	112.0	142.0	171.0	219.0	258.0	302.0	350.0	416.0	497.0	583.0	682.0	809.0	950.0	1116.0	1302.0	1549.0	1821.0	2154.0	2579.0	3053.0	3592.0	4191.0	4925.0	5783.0	6782.0	8013.0	9435.0	11065.0	12933.0	15086.0	17630.0	20540.0	23843.0	27676.0	32085.0	37142.0	41646.0	46699.0	52266.0	58452.0	65120.0	72110.0	79662.0	87820.0	96369.0	105422.0	114830.0	124500.0	134554.0	144590.0	154838.0	165217.0	175423.0	185333.0	195096.0	204615.0	213918.0	222673.0	231150.0	239160.0	246705.0	253820.0	260482.0	266761.0	272557.0	278094.0	283043.0	287557.0	291878.0	295793.0	299317.0	302625.0	305493.0	308089.0	310545.0	312657.0	314646.0	316487.0	318214.0	319833.0	321238.0	322521.0	323628.0	324698.0	325639.0	326460.0	327223.0	327876.0	328479.0	329066.0	329577.0	330003.0	330417.0	330774.0	331114.0	331438.0	331733.0	331992.0	332226.0	332413.0	332573.0	332763.0	332922.0	333040.0	333158.0
5.0	7.0	8.0	10.0	12.0	12.0	14.0	20.0	27.0	32.0	38.0	41.0	47.0	51.0	58.0	66.0	75.0	84.0	91.0	106.0	116.0	139.0	161.0	180.0	212.0	254.0	297.0	353.0	412.0	481.0	548.0	643.0	742.0	873.0	1015.0	1189.0	1390.0	1634.0	1914.0	2246.0	2639.0	3080.0	3639.0	4249.0	4980.0	5819.0	6846.0	8088.0	9434.0	10668.0	12072.0	13686.0	15495.0	17541.0	19772.0	22205.0	24956.0	28007.0	31501.0	35390.0	39502.0	44198.0	49209.0	54736.0	60619.0	66888.0	73847.0	81189.0	88927.0	97261.0	105748.0	114634.0	123776.0	133206.0	142922.0	152601.0	162198.0	171905.0	181420.0	190842.0	199699.0	208569.0	216974.0	224947.0	232760.0	240184.0	247135.0	253783.0	260007.0	265778.0	271170.0	276027.0	280707.0	284852.0	288752.0	292297.0	295588.0	298640.0	301383.0	304001.0	306313.0	308452.0	310391.0	312073.0	313680.0	315166.0	316454.0	317654.0	318730.0	319717.0	320605.0	321400.0	322145.0	322817.0	323452.0	323957.0	324459.0	324925.0
5.0	7.0	9.0	10.0	11.0	14.0	21.0	28.0	34.0	41.0	51.0	69.0	89.0	106.0	129.0	148.0	176.0	209.0	251.0	305.0	363.0	431.0	510.0	589.0	703.0	829.0	987.0	1150.0	1339.0	1546.0	1851.0	2158.0	2563.0	3036.0	3566.0	4142.0	4814.0	5619.0	6574.0	7671.0	8943.0	10431.0	12175.0	14183.0	16488.0	19242.0	22416.0	25986.0	30168.0	33822.0	37991.0	42586.0	47682.0	53110.0	59362.0	65921.0	72950.0	80548.0	88611.0	96892.0	105743.0	115160.0	124645.0	134426.0	144057.0	154111.0	164277.0	174104.0	183928.0	193474.0	202824.0	211802.0	220459.0	228846.0	236828.0	244476.0	251583.0	258231.0	264442.0	270225.0	275554.0	280441.0	284947.0	289166.0	292911.0	296438.0	299679.0	302612.0	305232.0	307687.0	309918.0	312010.0	313902.0	315598.0	317081.0	318439.0	319720.0	320864.0	321887.0	322826.0	323690.0	324497.0	325183.0	325850.0	326410.0	326945.0	327431.0	327862.0	328269.0	328633.0	328941.0	329255.0	329524.0	329776.0	330007.0	330226.0	330396.0	330576.0
5.0	7.0	9.0	11.0	16.0	18.0	23.0	27.0	36.0	45.0	53.0	64.0	82.0	97.0	107.0	125.0	144.0	176.0	217.0	259.0	299.0	367.0	441.0	529.0	614.0	727.0	876.0	1030.0	1225.0	1462.0	1716.0	2014.0	2379.0	2773.0	3267.0	3859.0	4544.0	5321.0	6263.0	7328.0	8611.0	10125.0	11822.0	13739.0	16072.0	18703.0	21828.0	25439.0	29612.0	33278.0	37355.0	41844.0	46881.0	52315.0	58236.0	64708.0	71506.0	78948.0	86818.0	95170.0	103722.0	112876.0	122170.0	131696.0	141642.0	151558.0	161522.0	171441.0	181278.0	191090.0	200565.0	209740.0	218528.0	226828.0	234935.0	242618.0	249804.0	256441.0	262789.0	268794.0	274344.0	279491.0	284265.0	288641.0	292607.0	296270.0	299721.0	302770.0	305575.0	308078.0	310441.0	312575.0	314493.0	316340.0	317956.0	319415.0	320709.0	321922.0	323020.0	323994.0	324910.0	325735.0	326483.0	327133.0	327752.0	328259.0	328745.0	329181.0	329555.0	329929.0	330300.0	330578.0	330842.0	331124.0	331352.0	331552.0	331704.0	331884.0
5.0	5.0	6.0	6.0	7.0	10.0	12.0	15.0	17.0	19.0	23.0	30.0	38.0	47.0	54.0	69.0	81.0	90.0	115.0	148.0	186.0	215.0	265.0	312.0	378.0	436.0	517.0	601.0	710.0	852.0	1035.0	1212.0	1459.0	1725.0	2054.0	2429.0	2895.0	3442.0	4101.0	4881.0	5721.0	6692.0	7856.0	9255.0	10819.0	12641.0	14751.0	17208.0	20146.0	22740.0	25659.0	28979.0	32524.0	36601.0	41096.0	46077.0	51487.0	57306.0	63599.0	70283.0	77640.0	85366.0	93595.0	102190.0	111207.0	120565.0	130050.0	139985.0	149866.0	159695.0	169481.0	179155.0	188702.0	198099.0	207390.0	216295.0	224726.0	232698.0	240339.0	247432.0	254121.0	260336.0	266353.0	271806.0	276855.0	281508.0	285786.0	289757.0	293395.0	296833.0	299912.0	302751.0	305254.0	307750.0	309911.0	311873.0	313655.0	315208.0	316640.0	317961.0	319247.0	320319.0	321304.0	322221.0	323072.0	323858.0	324542.0	325128.0	325693.0	326192.0	326649.0	327052.0	327440.0	327784.0	328086.0	328352.0	328596.0	328826.0
5.0	5.0	8.0	10.0	12.0	16.0	18.0	20.0	23.0	25.0	34.0	38.0	43.0	48.0	63.0	74.0	90.0	108.0	124.0	142.0	166.0	205.0	244.0	286.0	339.0	405.0	485.0	577.0	661.0	771.0	908.0	1071.0	1250.0	1450.0	1700.0	2019.0	2371.0	2768.0	3273.0	3865.0	4582.0	5396.0	6312.0	7416.0	8649.0	10132.0	11949.0	14056.0	16360.0	18502.0	20956.0	23725.0	26774.0	30071.0	33914.0	38091.0	42752.0	47794.0	53496.0	59411.0	65949.0	72939.0	80483.0	88405.0	96692.0	105515.0	114631.0	124118.0	133614.0	143568.0	153414.0	163324.0	173089.0	182777.0	192268.0	201434.0	210491.0	219069.0	227290.0	235096.0	242311.0	249290.0	255880.0	261947.0	267696.0	272989.0	278011.0	282626.0	286918.0	290766.0	294255.0	297440.0	300430.0	303219.0	305671.0	307942.0	310012.0	311884.0	313551.0	315116.0	316555.0	317792.0	318992.0	320067.0	321048.0	321885.0	322706.0	323466.0	324141.0	324688.0	325195.0	325681.0	326108.0	326487.0	326857.0	327186.0	327451.0	327702.0
5.0	8.0	11.0	15.0	18.0	22.0	25.0	31.0	36.0	47.0	60.0	69.0	82.0	94.0	115.0	134.0	160.0	194.0	228.0	261.0	317.0	375.0	454.0	544.0	654.0	774.0	899.0	1071.0	1240.0	1446.0	1705.0	1992.0	2353.0	2771.0	3259.0	3853.0	4493.0	5268.0	6199.0	7299.0	8565.0	10085.0	11874.0	13891.0	16248.0	18993.0	22169.0	25869.0	30025.0	33825.0	38047.0	42744.0	47946.0	53520.0	59568.0	66168.0	73169.0	80701.0	88912.0	97185.0	105948.0	115185.0	124723.0	134431.0	144274.0	154147.0	164132.0	174070.0	183816.0	193496.0	202838.0	211870.0	220663.0	228969.0	236711.0	244230.0	251213.0	257755.0	263867.0	269589.0	275037.0	279938.0	284564.0	288803.0	292706.0	296288.0	299621.0	302582.0	305357.0	307807.0	310066.0	312196.0	314072.0	315811.0	317492.0	318885.0	320189.0	321408.0	322476.0	323415.0	324261.0	325109.0	325858.0	326518.0	327097.0	327641.0	328129.0	328562.0	328960.0	329306.0	329610.0	329901.0	330147.0	330414.0	330635.0	330836.0	330995.0	331121.0
5.0	6.0	7.0	9.0	12.0	17.0	17.0	23.0	31.0	38.0	40.0	49.0	63.0	79.0	90.0	104.0	129.0	159.0	189.0	216.0	246.0	290.0	344.0	392.0	466.0	554.0	657.0	762.0	913.0	1100.0	1301.0	1545.0	1819.0	2167.0	2579.0	3039.0	3593.0	4208.0	5015.0	5933.0	6976.0	8158.0	9627.0	11301.0	13242.0	15515.0	18112.0	21132.0	24588.0	27740.0	31218.0	35050.0	39354.0	44304.0	49380.0	55103.0	61223.0	67948.0	75187.0	82840.0	90924.0	99401.0	108275.0	117558.0	127070.0	136738.0	146574.0	156508.0	166391.0	176281.0	185926.0	195586.0	204762.0	213581.0	222181.0	230271.0	238133.0	245499.0	252398.0	258885.0	264874.0	270451.0	275629.0	280439.0	284752.0	288858.0	292604.0	295965.0	299099.0	301986.0	304591.0	306961.0	309260.0	311217.0	313048.0	314699.0	316203.0	317635.0	318935.0	320068.0	321161.0	322042.0	322869.0	323667.0	324385.0	325050.0	325621.0	326151.0	326611.0	327054.0	327460.0	327787.0	328089.0	328371.0	328614.0	328846.0	329055.0	329245.0
5.0	5.0	6.0	7.0	9.0	9.0	9.0	10.0	10.0	10.0	10.0	10.0	12.0	12.0	13.0	14.0	15.0	16.0	18.0	19.0	19.0	19.0	19.0	20.0	20.0	20.0	23.0	24.0	24.0	25.0	28.0	30.0	37.0	41.0	46.0	55.0	62.0	72.0	86.0	103.0	131.0	159.0	192.0	225.0	266.0	321.0	373.0	434.0	526.0	609.0	690.0	789.0	894.0	1022.0	1173.0	1338.0	1523.0	1728.0	1958.0	2234.0	2529.0	2874.0	3236.0	3629.0	4076.0	4654.0	5270.0	5951.0	6805.0	7698.0	8697.0	9879.0	11135.0	12622.0	14241.0	16120.0	18209.0	20534.0	23110.0	26058.0	29338.0	32844.0	36852.0	41315.0	46212.0	51487.0	57215.0	63429.0	70181.0	77037.0	84599.0	92438.0	100820.0	109640.0	118793.0	128105.0	137553.0	147051.0	156740.0	166340.0	175768.0	185238.0	194273.0	203097.0	211822.0	220065.0	227951.0	235422.0	242505.0	249175.0	255477.0	261405.0	266799.0	271874.0	276655.0	281181.0	285166.0	288924.0
5.0	10.0	14.0	16.0	19.0	26.0	33.0	43.0	56.0	67.0	80.0	101.0	131.0	163.0	187.0	223.0	265.0	327.0	402.0	487.0	570.0	678.0	782.0	937.0	1127.0	1334.0	1599.0	1859.0	2184.0	2575.0	3036.0	3567.0	4185.0	4930.0	5805.0	6844.0	8009.0	9356.0	10990.0	12835.0	15026.0	17512.0	20345.0	23756.0	27555.0	31912.0	36951.0	42711.0	49193.0	55030.0	61275.0	68087.0	75474.0	83482.0	91915.0	100639.0	109750.0	119491.0	129316.0	139507.0	149741.0	160001.0	170324.0	180501.0	190608.0	200317.0	209939.0	219120.0	227773.0	236081.0	244004.0	251471.0	258534.0	264924.0	271071.0	276679.0	281864.0	286773.0	291172.0	295357.0	299185.0	302705.0	305789.0	308661.0	311279.0	313800.0	315971.0	317965.0	319745.0	321311.0	322756.0	324066.0	325272.0	326320.0	327360.0	328186.0	328960.0	329627.0	330240.0	330832.0	331349.0	331839.0	332262.0	332661.0	333030.0	333355.0	333600.0	333862.0	334101.0	334294.0	334488.0	334659.0	334797.0	334939.0	335062.0	335182.0	335302.0	335397.0
5.0	5.0	6.0	9.0	10.0	11.0	12.0	14.0	19.0	26.0	29.0	38.0	45.0	52.0	60.0	76.0	92.0	105.0	132.0	156.0	184.0	218.0	251.0	293.0	348.0	397.0	448.0	514.0	611.0	712.0	827.0	967.0	1139.0	1332.0	1567.0	1816.0	2094.0	2431.0	2837.0	3326.0	3885.0	4516.0	5276.0	6160.0	7169.0	8411.0	9893.0	11542.0	13461.0	15172.0	17147.0	19364.0	21884.0	24616.0	27619.0	30911.0	34653.0	38826.0	43378.0	48301.0	53768.0	59704.0	66143.0	73105.0	80389.0	88286.0	96522.0	105140.0	113937.0	123218.0	132757.0	142456.0	152246.0	162105.0	171898.0	181549.0	190866.0	200041.0	208974.0	217681.0	225752.0	233637.0	241120.0	248250.0	254774.0	261002.0	266807.0	272258.0	277285.0	281914.0	286085.0	290011.0	293662.0	296884.0	299929.0	302720.0	305250.0	307605.0	309723.0	311594.0	313306.0	314942.0	316345.0	317598.0	318731.0	319810.0	320822.0	321697.0	322507.0	323226.0	323865.0	324425.0	324948.0	325419.0	325856.0	326260.0	326595.0	326921.0
5.0	8.0	11.0	11.0	13.0	15.0	17.0	21.0	28.0	36.0	42.0	48.0	58.0	65.0	82.0	92.0	115.0	133.0	157.0	187.0	220.0	259.0	305.0	362.0	426.0	508.0	604.0	720.0	846.0	998.0	1173.0	1350.0	1564.0	1863.0	2196.0	2550.0	2974.0	3464.0	4060.0	4766.0	5589.0	6512.0	7651.0	9007.0	10487.0	12267.0	14265.0	16573.0	19289.0	21800.0	24622.0	27658.0	31024.0	34743.0	38825.0	43428.0	48547.0	54098.0	60078.0	66614.0	73511.0	80927.0	88731.0	96948.0	105685.0	114677.0	124160.0	133754.0	143648.0	153581.0	163386.0	173145.0	182884.0	192475.0	201768.0	210769.0	219275.0	227574.0	235530.0	242818.0	249793.0	256395.0	262464.0	268125.0	273520.0	278430.0	283019.0	287235.0	291049.0	294601.0	297834.0	300785.0	303421.0	305787.0	308076.0	310159.0	312036.0	313771.0	315250.0	316671.0	317909.0	319082.0	320101.0	321078.0	321941.0	322763.0	323534.0	324217.0	324812.0	325360.0	325848.0	326305.0	326712.0	327089.0	327404.0	327701.0	327951.0	328201.0
5.0	5.0	6.0	7.0	10.0	12.0	12.0	14.0	18.0	24.0	27.0	29.0	40.0	43.0	52.0	56.0	63.0	75.0	85.0	99.0	124.0	141.0	169.0	207.0	240.0	285.0	341.0	401.0	466.0	535.0	625.0	732.0	871.0	1019.0	1186.0	1375.0	1609.0	1869.0	2202.0	2630.0	3078.0	3589.0	4224.0	4911.0	5712.0	6674.0	7848.0	9159.0	10667.0	12017.0	13598.0	15376.0	17459.0	19689.0	22171.0	24957.0	28068.0	31481.0	35290.0	39503.0	44126.0	49132.0	54617.0	60689.0	67030.0	74061.0	81679.0	89472.0	97695.0	106329.0	115299.0	124517.0	133840.0	143639.0	153248.0	162855.0	172573.0	182078.0	191323.0	200345.0	209276.0	217881.0	226042.0	233646.0	240915.0	247845.0	254328.0	260430.0	266178.0	271415.0	276344.0	280763.0	284997.0	288788.0	292338.0	295616.0	298604.0	301288.0	303755.0	306006.0	308064.0	309886.0	311501.0	313058.0	314583.0	315927.0	317155.0	318240.0	319236.0	320110.0	320929.0	321740.0	322434.0	323021.0	323613.0	324121.0	324559.0	324947.0
5.0	6.0	6.0	7.0	10.0	12.0	12.0	13.0	15.0	17.0	20.0	21.0	21.0	25.0	26.0	29.0	32.0	34.0	40.0	49.0	55.0	64.0	76.0	88.0	99.0	115.0	140.0	169.0	197.0	237.0	289.0	336.0	396.0	474.0	567.0	664.0	787.0	928.0	1093.0	1296.0	1518.0	1776.0	2073.0	2436.0	2854.0	3329.0	3934.0	4581.0	5388.0	6078.0	6895.0	7877.0	8946.0	10178.0	11577.0	13070.0	14805.0	16690.0	18901.0	21387.0	24094.0	27133.0	30567.0	34402.0	38591.0	43170.0	48233.0	53693.0	59569.0	66082.0	72954.0	80336.0	88112.0	96085.0	104703.0	113581.0	122810.0	132296.0	141789.0	151601.0	161398.0	171143.0	180563.0	189896.0	199075.0	207945.0	216535.0	224632.0	232566.0	239873.0	246797.0	253447.0	259693.0	265421.0	270813.0	275759.0	280283.0	284574.0	288470.0	292092.0	295574.0	298672.0	301474.0	304084.0	306375.0	308525.0	310506.0	312247.0	313830.0	315357.0	316671.0	317879.0	318943.0	319947.0	320886.0	321716.0	322417.0	323065.0
