0.0	0.0	0.0	0.0	0.0	0.0	0.0	0.0	0.0	0.0	0.0	0.0	0.0	0.0	0.0	0.0	0.0	0.0	0.0	0.0	0.0	0.0	0.0	0.0	0.0	0.0	0.0	0.0	0.0	0.0	0.0	0.0	0.0	0.0	0.0	1.0	1.0	1.0	1.0	1.0	1.0	2.0	3.0	3.0	3.0	3.0	6.0	7.0	7.0	8.0	8.0	8.0	11.0	12.0	15.0	16.0	17.0	20.0	22.0	26.0	31.0	35.0	37.0	43.0	50.0	55.0	61.0	72.0	90.0	104.0	118.0	143.0	164.0	188.0	205.0	223.0	253.0	284.0	324.0	356.0	384.0	404.0	434.0	467.0	501.0	536.0	577.0	617.0	662.0	703.0	764.0	804.0	848.0	892.0	925.0	974.0	1024.0	1089.0	1131.0	1175.0	1220.0	1277.0	1328.0	1373.0	1420.0	1463.0	1508.0	1535.0	1571.0	1606.0	1651.0	1685.0	1721.0
0.0	0.0	0.0	0.0	0.0	0.0	0.0	0.0	0.0	0.0	0.0	0.0	0.0	0.0	0.0	0.0	0.0	0.0	0.0	0.0	0.0	0.0	0.0	1.0	1.0	1.0	1.0	1.0	1.0	1.0	1.0	1.0	1.0	1.0	1.0	1.0	1.0	1.0	1.0	1.0	1.0	1.0	1.0	1.0	1.0	1.0	1.0	1.0	1.0	1.0	2.0	2.0	2.0	2.0	3.0	3.0	3.0	3.0	3.0	4.0	4.0	5.0	6.0	7.0	7.0	9.0	10.0	13.0	13.0	18.0	19.0	19.0	25.0	26.0	31.0	31.0	39.0	40.0	46.0	50.0	51.0	64.0	72.0	80.0	92.0	103.0	117.0	131.0	145.0	159.0	177.0	200.0	225.0	249.0	270.0	290.0	318.0	346.0	379.0	408.0	432.0	469.0	509.0	551.0	589.0	638.0	671.0	713.0	757.0	797.0	834.0	878.0	922.0
0.0	0.0	0.0	0.0	0.0	0.0	0.0	0.0	0.0	0.0	0.0	0.0	0.0	0.0	0.0	0.0	0.0	0.0	0.0	0.0	0.0	0.0	0.0	0.0	0.0	0.0	0.0	1.0	1.0	1.0	1.0	1.0	1.0	1.0	1.0	1.0	1.0	2.0	2.0	2.0	2.0	2.0	2.0	3.0	3.0	3.0	3.0	3.0	3.0	3.0	5.0	5.0	6.0	6.0	8.0	8.0	8.0	9.0	10.0	11.0	12.0	12.0	14.0	16.0	18.0	23.0	24.0	27.0	32.0	35.0	39.0	51.0	63.0	70.0	73.0	85.0	90.0	100.0	115.0	129.0	150.0	166.0	188.0	197.0	213.0	239.0	261.0	279.0	305.0	338.0	376.0	400.0	432.0	473.0	512.0	543.0	569.0	617.0	676.0	734.0	790.0	832.0	881.0	933.0	992.0	1040.0	1095.0	1140.0	1175.0	1227.0	1267.0	1324.0	1358.0
0.0	0.0	0.0	0.0	0.0	0.0	0.0	0.0	0.0	0.0	0.0	0.0	0.0	0.0	0.0	0.0	0.0	0.0	0.0	0.0	0.0	0.0	0.0	0.0	0.0	0.0	0.0	0.0	0.0	0.0	0.0	0.0	0.0	0.0	0.0	0.0	0.0	0.0	0.0	0.0	0.0	0.0	0.0	1.0	1.0	1.0	1.0	2.0	2.0	2.0	2.0	2.0	2.0	2.0	2.0	3.0	4.0	4.0	6.0	9.0	10.0	13.0	15.0	16.0	19.0	22.0	24.0	30.0	34.0	35.0	40.0	45.0	47.0	54.0	62.0	70.0	81.0	89.0	103.0	116.0	131.0	148.0	169.0	185.0	205.0	224.0	242.0	262.0	288.0	316.0	345.0	379.0	415.0	459.0	500.0	536.0	568.0	607.0	649.0	696.0	753.0	810.0	851.0	898.0	952.0	997.0	1057.0	1105.0	1153.0	1208.0	1257.0	1302.0	1364.0
0.0	0.0	0.0	0.0	0.0	0.0	0.0	0.0	0.0	0.0	0.0	0.0	0.0	0.0	0.0	0.0	0.0	0.0	0.0	0.0	1.0	1.0	1.0	1.0	1.0	1.0	1.0	1.0	1.0	1.0	1.0	1.0	1.0	1.0	1.0	1.0	1.0	1.0	1.0	1.0	1.0	1.0	1.0	1.0	1.0	1.0	1.0	1.0	1.0	1.0	1.0	2.0	2.0	3.0	3.0	3.0	3.0	4.0	4.0	5.0	5.0	7.0	9.0	13.0	17.0	27.0	31.0	34.0	39.0	45.0	50.0	59.0	71.0	80.0	92.0	106.0	119.0	134.0	140.0	166.0	182.0	201.0	211.0	235.0	262.0	290.0	320.0	348.0	379.0	413.0	445.0	489.0	521.0	554.0	593.0	628.0	666.0	713.0	757.0	805.0	842.0	887.0	944.0	982.0	1021.0	1063.0	1114.0	1155.0	1189.0	1238.0	1291.0	1339.0	1377.0
0.0	0.0	0.0	0.0	0.0	0.0	0.0	0.0	0.0	0.0	0.0	0.0	0.0	0.0	0.0	0.0	0.0	0.0	0.0	0.0	0.0	0.0	0.0	0.0	0.0	0.0	0.0	0.0	0.0	0.0	0.0	0.0	0.0	0.0	0.0	0.0	0.0	0.0	0.0	0.0	0.0	0.0	1.0	1.0	1.0	1.0	1.0	1.0	1.0	3.0	3.0	3.0	3.0	3.0	4.0	4.0	5.0	5.0	6.0	7.0	9.0	12.0	12.0	14.0	16.0	23.0	24.0	30.0	34.0	38.0	54.0	63.0	67.0	75.0	88.0	98.0	111.0	124.0	141.0	156.0	180.0	205.0	228.0	257.0	271.0	294.0	324.0	348.0	380.0	412.0	449.0	492.0	531.0	571.0	610.0	655.0	688.0	739.0	792.0	834.0	890.0	933.0	977.0	1014.0	1066.0	1116.0	1161.0	1190.0	1236.0	1279.0	1330.0	1375.0	1426.0
0.0	0.0	0.0	0.0	0.0	0.0	0.0	0.0	0.0	0.0	0.0	0.0	0.0	0.0	0.0	0.0	0.0	0.0	0.0	0.0	0.0	0.0	0.0	0.0	0.0	0.0	0.0	0.0	0.0	0.0	0.0	0.0	0.0	0.0	0.0	0.0	0.0	0.0	0.0	0.0	0.0	0.0	0.0	0.0	0.0	0.0	0.0	0.0	0.0	0.0	0.0	0.0	0.0	1.0	2.0	2.0	2.0	4.0	4.0	5.0	5.0	6.0	9.0	10.0	11.0	16.0	23.0	23.0	25.0	26.0	28.0	32.0	38.0	44.0	47.0	64.0	67.0	78.0	85.0	100.0	117.0	130.0	147.0	163.0	184.0	217.0	240.0	270.0	288.0	312.0	335.0	363.0	390.0	428.0	473.0	515.0	551.0	587.0	632.0	673.0	719.0	768.0	817.0	868.0	920.0	966.0	1015.0	1059.0	1102.0	1168.0	1213.0	1268.0	1305.0
0.0	0.0	0.0	0.0	0.0	0.0	0.0	0.0	0.0	0.0	0.0	0.0	0.0	0.0	0.0	0.0	0.0	0.0	0.0	0.0	0.0	0.0	0.0	0.0	0.0	0.0	0.0	0.0	0.0	0.0	0.0	0.0	0.0	0.0	0.0	0.0	0.0	0.0	0.0	0.0	0.0	0.0	0.0	0.0	0.0	0.0	1.0	2.0	2.0	2.0	2.0	3.0	3.0	3.0	3.0	4.0	5.0	7.0	8.0	9.0	12.0	14.0	16.0	23.0	24.0	29.0	34.0	39.0	48.0	51.0	62.0	71.0	81.0	86.0	97.0	105.0	121.0	140.0	156.0	172.0	189.0	208.0	237.0	262.0	284.0	318.0	341.0	364.0	394.0	420.0	461.0	495.0	538.0	578.0	614.0	645.0	683.0	717.0	760.0	795.0	839.0	900.0	958.0	1008.0	1053.0	1111.0	1165.0	1219.0	1279.0	1333.0	1381.0	1428.0	1475.0
0.0	0.0	0.0	0.0	0.0	0.0	0.0	0.0	0.0	0.0	0.0	0.0	0.0	0.0	0.0	0.0	0.0	0.0	0.0	0.0	0.0	0.0	0.0	0.0	0.0	0.0	0.0	0.0	0.0	0.0	0.0	0.0	0.0	0.0	0.0	0.0	1.0	1.0	1.0	1.0	1.0	2.0	2.0	2.0	2.0	2.0	2.0	2.0	2.0	3.0	3.0	3.0	4.0	4.0	4.0	8.0	9.0	9.0	10.0	10.0	14.0	16.0	19.0	21.0	25.0	27.0	30.0	33.0	38.0	41.0	43.0	45.0	51.0	59.0	66.0	80.0	88.0	98.0	112.0	118.0	130.0	147.0	160.0	180.0	201.0	220.0	243.0	269.0	293.0	311.0	348.0	382.0	407.0	442.0	470.0	506.0	555.0	596.0	641.0	684.0	734.0	780.0	818.0	862.0	906.0	946.0	991.0	1048.0	1093.0	1136.0	1188.0	1226.0	1264.0
0.0	0.0	0.0	0.0	0.0	0.0	0.0	0.0	0.0	0.0	0.0	0.0	0.0	0.0	0.0	0.0	0.0	0.0	0.0	0.0	0.0	0.0	1.0	1.0	1.0	1.0	1.0	1.0	1.0	1.0	1.0	1.0	1.0	1.0	1.0	1.0	1.0	3.0	3.0	4.0	4.0	4.0	4.0	4.0	5.0	5.0	6.0	7.0	7.0	7.0	7.0	7.0	9.0	11.0	11.0	13.0	16.0	21.0	21.0	22.0	24.0	33.0	38.0	44.0	48.0	52.0	59.0	69.0	84.0	96.0	103.0	116.0	126.0	141.0	161.0	179.0	205.0	234.0	254.0	280.0	303.0	328.0	364.0	406.0	437.0	483.0	533.0	571.0	614.0	662.0	722.0	758.0	808.0	851.0	902.0	960.0	1007.0	1050.0	1082.0	1130.0	1186.0	1229.0	1278.0	1323.0	1366.0	1418.0	1455.0	1487.0	1528.0	1563.0	1612.0	1653.0	1688.0
0.0	0.0	0.0	0.0	0.0	0.0	0.0	0.0	0.0	0.0	0.0	0.0	0.0	0.0	0.0	0.0	0.0	0.0	0.0	0.0	0.0	0.0	0.0	0.0	0.0	0.0	0.0	0.0	0.0	0.0	0.0	0.0	0.0	0.0	0.0	0.0	0.0	0.0	0.0	0.0	0.0	0.0	0.0	0.0	0.0	0.0	1.0	1.0	1.0	1.0	4.0	4.0	4.0	4.0	5.0	7.0	8.0	8.0	10.0	12.0	13.0	15.0	19.0	21.0	27.0	32.0	40.0	47.0	54.0	60.0	62.0	68.0	77.0	89.0	98.0	108.0	120.0	136.0	156.0	172.0	181.0	201.0	225.0	252.0	288.0	326.0	349.0	384.0	415.0	451.0	491.0	531.0	563.0	607.0	648.0	697.0	749.0	804.0	847.0	896.0	949.0	1004.0	1053.0	1105.0	1149.0	1204.0	1252.0	1310.0	1356.0	1407.0	1455.0	1502.0	1553.0
0.0	0.0	0.0	0.0	0.0	0.0	0.0	0.0	0.0	0.0	0.0	0.0	0.0	0.0	0.0	0.0	0.0	0.0	0.0	0.0	0.0	0.0	0.0	0.0	0.0	0.0	0.0	0.0	0.0	0.0	0.0	0.0	0.0	0.0	0.0	0.0	0.0	1.0	1.0	1.0	1.0	1.0	1.0	1.0	1.0	1.0	1.0	1.0	1.0	2.0	2.0	3.0	3.0	3.0	3.0	3.0	3.0	4.0	6.0	7.0	9.0	9.0	12.0	15.0	17.0	19.0	21.0	22.0	24.0	28.0	38.0	44.0	45.0	53.0	60.0	71.0	83.0	95.0	105.0	115.0	123.0	134.0	152.0	176.0	195.0	216.0	239.0	263.0	289.0	323.0	359.0	402.0	444.0	474.0	503.0	544.0	580.0	617.0	659.0	708.0	765.0	803.0	861.0	927.0	975.0	1022.0	1064.0	1102.0	1152.0	1190.0	1234.0	1285.0	1328.0
0.0	0.0	0.0	0.0	0.0	0.0	0.0	0.0	0.0	0.0	0.0	0.0	0.0	0.0	0.0	0.0	0.0	0.0	0.0	0.0	0.0	0.0	0.0	0.0	0.0	0.0	0.0	0.0	0.0	0.0	0.0	0.0	0.0	0.0	0.0	0.0	0.0	0.0	0.0	0.0	0.0	1.0	2.0	3.0	3.0	3.0	3.0	5.0	6.0	6.0	8.0	8.0	8.0	10.0	11.0	11.0	14.0	16.0	17.0	18.0	21.0	22.0	28.0	35.0	41.0	49.0	58.0	65.0	79.0	91.0	103.0	113.0	126.0	145.0	155.0	175.0	199.0	224.0	243.0	266.0	290.0	314.0	353.0	390.0	424.0	464.0	511.0	546.0	591.0	635.0	676.0	734.0	776.0	817.0	866.0	914.0	953.0	1001.0	1052.0	1104.0	1164.0	1214.0	1268.0	1315.0	1367.0	1411.0	1451.0	1489.0	1534.0	1576.0	1616.0	1658.0	1697.0
0.0	0.0	0.0	0.0	0.0	0.0	0.0	0.0	0.0	0.0	0.0	0.0	0.0	0.0	0.0	0.0	0.0	0.0	0.0	0.0	0.0	0.0	0.0	0.0	0.0	0.0	0.0	0.0	0.0	0.0	0.0	0.0	1.0	1.0	1.0	1.0	1.0	1.0	1.0	1.0	1.0	1.0	2.0	3.0	3.0	4.0	4.0	4.0	5.0	6.0	6.0	7.0	7.0	7.0	7.0	11.0	13.0	14.0	19.0	21.0	22.0	26.0	28.0	31.0	35.0	43.0	50.0	57.0	59.0	69.0	88.0	101.0	108.0	125.0	142.0	163.0	180.0	206.0	229.0	258.0	292.0	325.0	351.0	373.0	407.0	440.0	474.0	515.0	564.0	614.0	652.0	697.0	742.0	788.0	830.0	885.0	940.0	979.0	1013.0	1070.0	1108.0	1166.0	1217.0	1273.0	1315.0	1357.0	1396.0	1447.0	1497.0	1533.0	1563.0	1600.0	1642.0
0.0	0.0	0.0	0.0	0.0	0.0	0.0	0.0	0.0	0.0	0.0	0.0	1.0	1.0	1.0	1.0	1.0	2.0	2.0	2.0	2.0	2.0	2.0	2.0	2.0	2.0	2.0	2.0	2.0	2.0	2.0	2.0	2.0	2.0	3.0	3.0	3.0	3.0	3.0	3.0	3.0	3.0	3.0	4.0	4.0	4.0	5.0	5.0	6.0	7.0	8.0	11.0	14.0	15.0	17.0	20.0	25.0	27.0	30.0	34.0	38.0	41.0	44.0	51.0	61.0	64.0	72.0	83.0	102.0	119.0	132.0	155.0	170.0	183.0	201.0	219.0	245.0	273.0	300.0	336.0	372.0	399.0	421.0	456.0	482.0	525.0	562.0	596.0	634.0	678.0	722.0	783.0	836.0	879.0	914.0	964.0	1011.0	1061.0	1112.0	1158.0	1209.0	1263.0	1318.0	1370.0	1417.0	1453.0	1495.0	1530.0	1581.0	1619.0	1647.0	1688.0	1726.0
0.0	0.0	0.0	0.0	0.0	0.0	0.0	0.0	0.0	0.0	0.0	0.0	0.0	0.0	0.0	0.0	0.0	0.0	0.0	0.0	0.0	1.0	1.0	1.0	1.0	1.0	1.0	1.0	1.0	1.0	1.0	1.0	1.0	1.0	1.0	1.0	1.0	1.0	1.0	1.0	1.0	1.0	1.0	4.0	4.0	4.0	4.0	5.0	5.0	5.0	5.0	6.0	9.0	10.0	11.0	12.0	14.0	16.0	18.0	21.0	27.0	35.0	43.0	46.0	48.0	53.0	67.0	77.0	84.0	95.0	113.0	129.0	146.0	164.0	178.0	197.0	217.0	240.0	263.0	289.0	324.0	356.0	392.0	423.0	446.0	474.0	510.0	552.0	586.0	642.0	689.0	724.0	778.0	826.0	881.0	927.0	983.0	1047.0	1095.0	1145.0	1185.0	1237.0	1278.0	1311.0	1354.0	1408.0	1452.0	1506.0	1551.0	1591.0	1638.0	1672.0	1720.0
0.0	0.0	0.0	0.0	0.0	0.0	0.0	0.0	0.0	0.0	0.0	0.0	0.0	0.0	0.0	0.0	0.0	0.0	0.0	0.0	0.0	0.0	0.0	0.0	0.0	0.0	0.0	0.0	0.0	0.0	0.0	1.0	1.0	1.0	2.0	2.0	2.0	2.0	2.0	2.0	2.0	2.0	2.0	2.0	2.0	3.0	3.0	4.0	5.0	5.0	5.0	6.0	9.0	10.0	13.0	14.0	18.0	18.0	21.0	26.0	28.0	36.0	44.0	53.0	59.0	68.0	80.0	95.0	111.0	116.0	133.0	143.0	157.0	171.0	190.0	214.0	235.0	253.0	276.0	302.0	334.0	363.0	402.0	433.0	473.0	517.0	549.0	594.0	644.0	693.0	730.0	779.0	826.0	862.0	905.0	949.0	1007.0	1060.0	1111.0	1156.0	1192.0	1252.0	1309.0	1358.0	1411.0	1453.0	1498.0	1537.0	1582.0	1620.0	1658.0	1693.0	1741.0
0.0	0.0	0.0	0.0	0.0	0.0	0.0	0.0	0.0	0.0	0.0	0.0	0.0	0.0	0.0	0.0	0.0	0.0	0.0	0.0	0.0	0.0	0.0	0.0	0.0	0.0	0.0	0.0	0.0	0.0	0.0	0.0	0.0	0.0	0.0	0.0	1.0	1.0	1.0	1.0	1.0	1.0	1.0	1.0	1.0	1.0	2.0	3.0	4.0	5.0	6.0	6.0	7.0	7.0	8.0	8.0	8.0	9.0	12.0	16.0	18.0	20.0	24.0	27.0	31.0	35.0	42.0	52.0	63.0	71.0	79.0	89.0	100.0	111.0	121.0	139.0	154.0	175.0	197.0	221.0	240.0	265.0	288.0	312.0	333.0	361.0	391.0	429.0	461.0	496.0	533.0	575.0	613.0	662.0	717.0	768.0	801.0	855.0	903.0	950.0	993.0	1040.0	1085.0	1142.0	1200.0	1259.0	1312.0	1356.0	1405.0	1447.0	1487.0	1524.0	1575.0
0.0	0.0	0.0	0.0	0.0	0.0	0.0	0.0	0.0	0.0	0.0	0.0	0.0	0.0	0.0	0.0	0.0	0.0	0.0	0.0	0.0	0.0	0.0	0.0	0.0	0.0	0.0	0.0	0.0	0.0	0.0	0.0	0.0	0.0	0.0	0.0	0.0	0.0	0.0	1.0	1.0	1.0	1.0	1.0	1.0	3.0	3.0	4.0	4.0	4.0	4.0	7.0	7.0	10.0	11.0	12.0	16.0	16.0	22.0	24.0	31.0	33.0	39.0	46.0	53.0	64.0	72.0	84.0	91.0	102.0	109.0	124.0	141.0	164.0	182.0	199.0	225.0	250.0	276.0	306.0	339.0	371.0	406.0	442.0	479.0	513.0	551.0	594.0	627.0	678.0	719.0	759.0	808.0	853.0	907.0	958.0	1015.0	1063.0	1100.0	1143.0	1187.0	1234.0	1280.0	1338.0	1385.0	1433.0	1483.0	1525.0	1566.0	1615.0	1662.0	1701.0	1745.0
0.0	0.0	0.0	0.0	0.0	0.0	0.0	0.0	0.0	0.0	0.0	0.0	0.0	0.0	0.0	0.0	0.0	0.0	0.0	0.0	0.0	0.0	0.0	0.0	0.0	0.0	0.0	0.0	0.0	0.0	0.0	0.0	0.0	0.0	0.0	0.0	0.0	0.0	0.0	0.0	0.0	0.0	0.0	0.0	0.0	1.0	1.0	1.0	1.0	1.0	1.0	1.0	1.0	1.0	1.0	1.0	1.0	1.0	1.0	2.0	3.0	3.0	4.0	5.0	6.0	6.0	7.0	7.0	8.0	13.0	15.0	17.0	20.0	24.0	27.0	27.0	32.0	33.0	37.0	42.0	49.0	54.0	59.0	71.0	82.0	90.0	98.0	103.0	113.0	131.0	148.0	162.0	173.0	192.0	215.0	238.0	268.0	292.0	317.0	345.0	373.0	399.0	437.0	476.0	515.0	558.0	586.0	632.0	689.0	737.0	777.0	827.0	868.0
0.0	0.0	0.0	0.0	0.0	0.0	0.0	0.0	0.0	0.0	0.0	0.0	0.0	0.0	0.0	0.0	0.0	0.0	0.0	0.0	0.0	0.0	0.0	0.0	0.0	0.0	0.0	0.0	0.0	0.0	0.0	0.0	0.0	0.0	0.0	0.0	0.0	0.0	0.0	0.0	0.0	0.0	0.0	0.0	0.0	0.0	0.0	0.0	0.0	0.0	0.0	0.0	0.0	0.0	0.0	1.0	2.0	3.0	7.0	8.0	8.0	8.0	8.0	9.0	12.0	12.0	16.0	18.0	28.0	34.0	39.0	45.0	51.0	58.0	66.0	77.0	81.0	90.0	98.0	108.0	130.0	143.0	154.0	169.0	188.0	212.0	234.0	249.0	274.0	308.0	330.0	365.0	404.0	446.0	480.0	524.0	570.0	600.0	639.0	689.0	730.0	785.0	828.0	877.0	928.0	976.0	1025.0	1067.0	1111.0	1160.0	1206.0	1259.0	1311.0
0.0	0.0	0.0	0.0	0.0	0.0	0.0	0.0	0.0	0.0	0.0	0.0	0.0	0.0	0.0	0.0	0.0	0.0	0.0	0.0	0.0	0.0	0.0	0.0	0.0	0.0	0.0	0.0	0.0	0.0	0.0	0.0	0.0	0.0	0.0	0.0	0.0	0.0	0.0	0.0	0.0	0.0	0.0	0.0	0.0	0.0	0.0	0.0	0.0	1.0	1.0	1.0	2.0	2.0	2.0	4.0	5.0	6.0	7.0	10.0	13.0	14.0	16.0	19.0	22.0	25.0	31.0	35.0	38.0	45.0	53.0	62.0	76.0	81.0	89.0	100.0	111.0	121.0	135.0	155.0	172.0	189.0	207.0	236.0	266.0	293.0	322.0	345.0	377.0	406.0	431.0	474.0	523.0	558.0	593.0	629.0	671.0	717.0	753.0	802.0	858.0	910.0	966.0	1014.0	1070.0	1126.0	1163.0	1217.0	1263.0	1303.0	1351.0	1406.0	1455.0
0.0	0.0	0.0	0.0	0.0	0.0	0.0	0.0	0.0	0.0	0.0	0.0	0.0	0.0	0.0	0.0	0.0	0.0	0.0	0.0	0.0	0.0	0.0	0.0	0.0	0.0	0.0	0.0	0.0	0.0	0.0	0.0	1.0	1.0	1.0	1.0	1.0	1.0	1.0	1.0	1.0	1.0	1.0	1.0	1.0	2.0	4.0	4.0	4.0	5.0	5.0	5.0	7.0	10.0	12.0	12.0	14.0	17.0	20.0	20.0	20.0	22.0	24.0	29.0	35.0	37.0	41.0	47.0	57.0	65.0	76.0	86.0	97.0	104.0	120.0	124.0	136.0	148.0	164.0	178.0	197.0	217.0	236.0	264.0	293.0	335.0	379.0	415.0	451.0	485.0	523.0	563.0	600.0	632.0	676.0	726.0	779.0	819.0	871.0	925.0	973.0	1023.0	1076.0	1140.0	1202.0	1256.0	1301.0	1353.0	1400.0	1450.0	1489.0	1529.0	1580.0
0.0	0.0	0.0	0.0	0.0	0.0	0.0	0.0	0.0	0.0	0.0	0.0	0.0	0.0	0.0	0.0	0.0	0.0	0.0	0.0	0.0	0.0	0.0	0.0	0.0	0.0	0.0	0.0	0.0	0.0	0.0	0.0	0.0	0.0	0.0	0.0	0.0	0.0	0.0	0.0	0.0	0.0	0.0	0.0	0.0	0.0	0.0	0.0	0.0	0.0	0.0	0.0	0.0	0.0	1.0	2.0	3.0	4.0	7.0	7.0	10.0	12.0	16.0	19.0	25.0	28.0	34.0	38.0	40.0	48.0	50.0	58.0	65.0	71.0	84.0	94.0	102.0	114.0	126.0	149.0	170.0	189.0	204.0	232.0	257.0	273.0	307.0	334.0	360.0	386.0	422.0	456.0	481.0	525.0	568.0	617.0	662.0	699.0	741.0	785.0	828.0	879.0	929.0	965.0	1006.0	1053.0	1088.0	1149.0	1198.0	1254.0	1292.0	1332.0	1384.0
0.0	0.0	0.0	0.0	0.0	0.0	0.0	0.0	0.0	0.0	0.0	0.0	0.0	0.0	0.0	0.0	0.0	0.0	0.0	0.0	0.0	0.0	0.0	0.0	0.0	0.0	0.0	0.0	0.0	0.0	0.0	0.0	0.0	0.0	0.0	0.0	0.0	0.0	0.0	0.0	0.0	0.0	0.0	0.0	0.0	0.0	1.0	1.0	2.0	2.0	2.0	3.0	4.0	4.0	5.0	5.0	5.0	5.0	5.0	5.0	6.0	10.0	14.0	14.0	17.0	26.0	31.0	38.0	41.0	47.0	53.0	60.0	69.0	79.0	90.0	99.0	112.0	124.0	132.0	144.0	162.0	185.0	198.0	215.0	233.0	253.0	284.0	313.0	341.0	368.0	398.0	433.0	473.0	501.0	539.0	580.0	626.0	668.0	710.0	752.0	783.0	826.0	873.0	928.0	977.0	1015.0	1058.0	1093.0	1139.0	1187.0	1235.0	1279.0	1320.0
0.0	0.0	0.0	0.0	0.0	0.0	0.0	0.0	0.0	0.0	0.0	0.0	0.0	0.0	0.0	0.0	0.0	0.0	0.0	0.0	0.0	0.0	0.0	0.0	0.0	0.0	0.0	0.0	0.0	1.0	1.0	2.0	2.0	2.0	2.0	2.0	2.0	2.0	3.0	3.0	3.0	4.0	5.0	5.0	5.0	5.0	5.0	5.0	6.0	6.0	7.0	9.0	13.0	16.0	21.0	24.0	31.0	33.0	40.0	46.0	51.0	55.0	66.0	75.0	78.0	97.0	107.0	126.0	137.0	155.0	172.0	196.0	220.0	244.0	269.0	295.0	323.0	362.0	389.0	413.0	457.0	498.0	531.0	570.0	624.0	662.0	727.0	783.0	817.0	867.0	910.0	950.0	996.0	1051.0	1091.0	1158.0	1209.0	1249.0	1294.0	1347.0	1386.0	1428.0	1475.0	1533.0	1587.0	1620.0	1657.0	1701.0	1745.0	1774.0	1809.0	1833.0	1871.0
0.0	0.0	0.0	0.0	0.0	0.0	0.0	0.0	0.0	0.0	0.0	0.0	0.0	0.0	0.0	0.0	0.0	0.0	0.0	0.0	0.0	0.0	0.0	0.0	0.0	0.0	0.0	0.0	0.0	0.0	0.0	0.0	0.0	0.0	0.0	0.0	0.0	0.0	0.0	0.0	0.0	0.0	0.0	0.0	0.0	0.0	0.0	3.0	5.0	5.0	5.0	5.0	5.0	6.0	6.0	8.0	9.0	9.0	12.0	13.0	19.0	21.0	23.0	27.0	30.0	34.0	37.0	41.0	45.0	49.0	60.0	74.0	83.0	90.0	100.0	117.0	136.0	156.0	171.0	186.0	201.0	227.0	245.0	277.0	304.0	335.0	355.0	379.0	409.0	447.0	483.0	523.0	568.0	606.0	657.0	695.0	740.0	788.0	840.0	892.0	951.0	1007.0	1055.0	1105.0	1151.0	1208.0	1257.0	1301.0	1349.0	1394.0	1431.0	1472.0	1508.0
0.0	0.0	0.0	0.0	0.0	0.0	0.0	0.0	0.0	0.0	0.0	0.0	0.0	0.0	0.0	0.0	0.0	0.0	0.0	0.0	0.0	0.0	0.0	0.0	0.0	0.0	0.0	0.0	0.0	0.0	0.0	0.0	0.0	0.0	0.0	0.0	0.0	1.0	1.0	2.0	2.0	2.0	2.0	2.0	2.0	3.0	4.0	4.0	4.0	5.0	5.0	6.0	6.0	6.0	6.0	6.0	6.0	7.0	9.0	16.0	18.0	18.0	22.0	25.0	29.0	34.0	40.0	48.0	52.0	57.0	65.0	73.0	90.0	107.0	119.0	133.0	142.0	165.0	186.0	202.0	224.0	246.0	271.0	302.0	328.0	353.0	386.0	430.0	470.0	504.0	544.0	590.0	630.0	681.0	735.0	778.0	822.0	862.0	907.0	963.0	1017.0	1066.0	1099.0	1145.0	1203.0	1251.0	1303.0	1348.0	1397.0	1440.0	1478.0	1521.0	1557.0
0.0	0.0	0.0	0.0	0.0	0.0	0.0	0.0	0.0	0.0	0.0	0.0	0.0	0.0	0.0	0.0	0.0	0.0	0.0	0.0	0.0	0.0	0.0	0.0	0.0	0.0	0.0	0.0	0.0	0.0	0.0	0.0	0.0	1.0	1.0	1.0	1.0	1.0	1.0	1.0	1.0	1.0	1.0	1.0	1.0	1.0	1.0	1.0	1.0	2.0	3.0	3.0	3.0	4.0	6.0	6.0	6.0	7.0	8.0	9.0	10.0	13.0	14.0	20.0	21.0	26.0	29.0	35.0	38.0	45.0	49.0	51.0	54.0	61.0	73.0	81.0	92.0	100.0	108.0	120.0	136.0	153.0	177.0	196.0	217.0	250.0	270.0	305.0	333.0	359.0	390.0	421.0	457.0	485.0	525.0	565.0	608.0	635.0	687.0	735.0	780.0	826.0	881.0	929.0	978.0	1032.0	1076.0	1132.0	1188.0	1226.0	1264.0	1314.0	1355.0
0.0	0.0	0.0	0.0	0.0	0.0	0.0	0.0	0.0	0.0	0.0	0.0	0.0	0.0	0.0	0.0	0.0	0.0	0.0	0.0	0.0	0.0	0.0	0.0	0.0	0.0	0.0	0.0	0.0	0.0	0.0	0.0	0.0	0.0	0.0	0.0	0.0	0.0	1.0	1.0	1.0	1.0	2.0	2.0	3.0	4.0	6.0	8.0	8.0	8.0	10.0	10.0	11.0	12.0	12.0	12.0	13.0	15.0	21.0	21.0	23.0	26.0	33.0	42.0	46.0	56.0	65.0	82.0	87.0	98.0	112.0	120.0	132.0	149.0	169.0	192.0	209.0	237.0	264.0	286.0	313.0	337.0	369.0	397.0	427.0	459.0	500.0	531.0	577.0	618.0	658.0	708.0	754.0	804.0	856.0	892.0	953.0	1007.0	1046.0	1090.0	1138.0	1199.0	1255.0	1308.0	1350.0	1402.0	1432.0	1481.0	1529.0	1572.0	1618.0	1654.0	1700.0
0.0	0.0	0.0	0.0	0.0	0.0	0.0	0.0	0.0	0.0	0.0	0.0	0.0	0.0	0.0	0.0	0.0	0.0	0.0	0.0	0.0	0.0	0.0	0.0	0.0	0.0	0.0	0.0	0.0	0.0	0.0	0.0	0.0	0.0	0.0	0.0	0.0	1.0	1.0	1.0	1.0	1.0	1.0	1.0	1.0	1.0	1.0	1.0	1.0	1.0	1.0	1.0	3.0	4.0	8.0	8.0	13.0	19.0	26.0	33.0	40.0	48.0	53.0	61.0	70.0	80.0	95.0	102.0	115.0	125.0	137.0	161.0	185.0	213.0	234.0	255.0	285.0	318.0	359.0	391.0	429.0	461.0	506.0	549.0	602.0	649.0	693.0	742.0	791.0	827.0	879.0	932.0	990.0	1044.0	1098.0	1150.0	1204.0	1247.0	1298.0	1343.0	1401.0	1454.0	1504.0	1545.0	1579.0	1634.0	1682.0	1723.0	1758.0	1799.0	1831.0	1863.0	1894.0
0.0	0.0	0.0	0.0	0.0	0.0	0.0	0.0	0.0	0.0	0.0	0.0	0.0	0.0	0.0	0.0	0.0	0.0	0.0	0.0	0.0	0.0	0.0	0.0	0.0	0.0	0.0	0.0	0.0	0.0	0.0	0.0	0.0	0.0	0.0	0.0	0.0	1.0	2.0	2.0	3.0	3.0	3.0	3.0	3.0	3.0	3.0	4.0	4.0	5.0	8.0	10.0	10.0	12.0	12.0	13.0	15.0	16.0	18.0	21.0	26.0	29.0	35.0	38.0	45.0	50.0	55.0	59.0	66.0	76.0	79.0	92.0	102.0	108.0	129.0	148.0	162.0	179.0	198.0	222.0	243.0	268.0	286.0	308.0	348.0	388.0	422.0	462.0	505.0	539.0	565.0	599.0	638.0	694.0	747.0	785.0	823.0	879.0	928.0	970.0	1026.0	1072.0	1120.0	1183.0	1240.0	1288.0	1329.0	1375.0	1417.0	1469.0	1515.0	1558.0	1614.0
0.0	0.0	0.0	0.0	0.0	0.0	0.0	0.0	0.0	0.0	0.0	0.0	0.0	0.0	0.0	0.0	0.0	0.0	0.0	0.0	0.0	0.0	0.0	0.0	0.0	1.0	1.0	1.0	1.0	1.0	1.0	1.0	1.0	1.0	1.0	1.0	1.0	1.0	1.0	1.0	1.0	1.0	2.0	2.0	3.0	3.0	3.0	3.0	4.0	6.0	7.0	7.0	7.0	8.0	10.0	14.0	18.0	21.0	24.0	26.0	28.0	34.0	36.0	48.0	57.0	63.0	71.0	84.0	98.0	106.0	130.0	149.0	174.0	187.0	209.0	230.0	254.0	282.0	312.0	351.0	377.0	415.0	454.0	490.0	523.0	561.0	600.0	641.0	685.0	741.0	782.0	842.0	891.0	933.0	964.0	1008.0	1049.0	1108.0	1147.0	1188.0	1239.0	1298.0	1347.0	1396.0	1436.0	1486.0	1532.0	1573.0	1616.0	1656.0	1701.0	1746.0	1784.0
0.0	0.0	0.0	0.0	0.0	0.0	0.0	0.0	0.0	0.0	0.0	0.0	0.0	0.0	0.0	0.0	0.0	0.0	0.0	0.0	0.0	0.0	0.0	0.0	0.0	0.0	0.0	0.0	0.0	0.0	0.0	0.0	0.0	0.0	0.0	0.0	0.0	0.0	0.0	0.0	0.0	0.0	0.0	0.0	0.0	0.0	1.0	1.0	2.0	4.0	4.0	5.0	8.0	11.0	12.0	15.0	16.0	18.0	19.0	21.0	24.0	29.0	32.0	39.0	42.0	49.0	56.0	66.0	79.0	89.0	94.0	107.0	117.0	135.0	146.0	169.0	191.0	207.0	232.0	250.0	280.0	309.0	341.0	373.0	401.0	437.0	468.0	518.0	564.0	605.0	652.0	701.0	760.0	807.0	850.0	885.0	931.0	973.0	1021.0	1074.0	1126.0	1182.0	1239.0	1282.0	1327.0	1372.0	1428.0	1478.0	1530.0	1566.0	1618.0	1667.0	1707.0
0.0	0.0	0.0	0.0	0.0	0.0	0.0	0.0	0.0	0.0	0.0	0.0	0.0	0.0	0.0	0.0	0.0	0.0	0.0	0.0	0.0	0.0	0.0	0.0	0.0	0.0	0.0	0.0	0.0	0.0	0.0	0.0	0.0	0.0	0.0	0.0	0.0	0.0	0.0	0.0	0.0	0.0	0.0	0.0	0.0	0.0	0.0	0.0	0.0	2.0	2.0	4.0	4.0	4.0	5.0	5.0	5.0	8.0	8.0	9.0	11.0	13.0	14.0	17.0	22.0	23.0	27.0	30.0	33.0	39.0	41.0	50.0	54.0	66.0	77.0	88.0	99.0	107.0	119.0	130.0	146.0	165.0	183.0	198.0	216.0	243.0	261.0	284.0	305.0	331.0	363.0	389.0	418.0	449.0	492.0	535.0	586.0	631.0	674.0	721.0	778.0	837.0	884.0	930.0	984.0	1031.0	1069.0	1130.0	1174.0	1214.0	1255.0	1297.0	1352.0
0.0	0.0	0.0	0.0	0.0	0.0	0.0	0.0	0.0	0.0	0.0	0.0	0.0	0.0	0.0	0.0	0.0	0.0	0.0	0.0	0.0	0.0	0.0	0.0	0.0	0.0	0.0	0.0	0.0	0.0	0.0	0.0	0.0	0.0	0.0	0.0	0.0	0.0	0.0	0.0	0.0	0.0	0.0	1.0	1.0	2.0	3.0	4.0	5.0	5.0	5.0	6.0	7.0	9.0	11.0	14.0	16.0	18.0	23.0	23.0	27.0	29.0	33.0	38.0	45.0	50.0	55.0	63.0	77.0	89.0	97.0	110.0	122.0	139.0	152.0	171.0	190.0	203.0	222.0	249.0	279.0	297.0	328.0	361.0	396.0	432.0	468.0	506.0	537.0	587.0	629.0	674.0	720.0	768.0	801.0	854.0	901.0	944.0	1000.0	1054.0	1107.0	1154.0	1199.0	1250.0	1301.0	1340.0	1391.0	1428.0	1469.0	1504.0	1540.0	1580.0	1621.0
0.0	0.0	0.0	0.0	0.0	0.0	0.0	0.0	0.0	0.0	0.0	0.0	0.0	0.0	0.0	0.0	0.0	0.0	0.0	0.0	0.0	0.0	0.0	0.0	0.0	0.0	0.0	0.0	0.0	0.0	0.0	0.0	0.0	0.0	0.0	0.0	0.0	1.0	1.0	1.0	2.0	2.0	2.0	2.0	2.0	2.0	2.0	2.0	2.0	2.0	2.0	2.0	2.0	2.0	8.0	9.0	10.0	11.0	12.0	13.0	14.0	15.0	17.0	21.0	24.0	26.0	28.0	34.0	37.0	41.0	50.0	58.0	68.0	80.0	85.0	97.0	109.0	121.0	142.0	160.0	178.0	197.0	207.0	229.0	260.0	282.0	311.0	328.0	364.0	388.0	426.0	468.0	505.0	544.0	586.0	618.0	657.0	700.0	745.0	782.0	839.0	896.0	960.0	1007.0	1049.0	1119.0	1165.0	1214.0	1254.0	1301.0	1351.0	1390.0	1432.0
0.0	0.0	0.0	0.0	0.0	0.0	0.0	0.0	0.0	0.0	0.0	0.0	0.0	0.0	0.0	0.0	0.0	0.0	0.0	0.0	0.0	0.0	0.0	0.0	0.0	0.0	0.0	0.0	0.0	0.0	0.0	0.0	0.0	0.0	0.0	0.0	0.0	0.0	0.0	0.0	0.0	0.0	0.0	0.0	0.0	0.0	0.0	0.0	0.0	1.0	2.0	3.0	4.0	5.0	6.0	6.0	9.0	11.0	15.0	18.0	20.0	22.0	25.0	29.0	33.0	40.0	44.0	54.0	58.0	67.0	74.0	92.0	99.0	117.0	128.0	139.0	159.0	170.0	190.0	215.0	241.0	262.0	289.0	316.0	354.0	387.0	426.0	465.0	488.0	531.0	572.0	612.0	650.0	683.0	723.0	781.0	839.0	892.0	956.0	1018.0	1066.0	1114.0	1164.0	1208.0	1252.0	1311.0	1357.0	1398.0	1438.0	1480.0	1521.0	1569.0	1603.0
0.0	0.0	0.0	0.0	0.0	0.0	0.0	0.0	0.0	0.0	0.0	0.0	0.0	0.0	0.0	0.0	0.0	0.0	0.0	0.0	0.0	0.0	0.0	0.0	0.0	0.0	0.0	0.0	0.0	0.0	0.0	0.0	0.0	0.0	0.0	0.0	0.0	0.0	1.0	1.0	1.0	1.0	1.0	1.0	1.0	1.0	1.0	2.0	3.0	3.0	3.0	4.0	4.0	4.0	4.0	5.0	5.0	6.0	8.0	9.0	9.0	14.0	15.0	21.0	24.0	30.0	41.0	48.0	54.0	67.0	73.0	84.0	105.0	114.0	130.0	146.0	168.0	186.0	201.0	230.0	256.0	285.0	314.0	346.0	377.0	421.0	462.0	496.0	535.0	571.0	622.0	655.0	708.0	748.0	799.0	838.0	882.0	935.0	991.0	1046.0	1089.0	1151.0	1218.0	1266.0	1315.0	1366.0	1411.0	1459.0	1513.0	1558.0	1588.0	1640.0	1681.0
0.0	0.0	0.0	0.0	0.0	0.0	0.0	0.0	0.0	0.0	0.0	0.0	0.0	0.0	0.0	0.0	0.0	0.0	0.0	0.0	0.0	0.0	0.0	0.0	0.0	0.0	0.0	0.0	0.0	0.0	0.0	0.0	0.0	0.0	0.0	0.0	1.0	1.0	1.0	1.0	1.0	2.0	2.0	2.0	2.0	2.0	3.0	3.0	3.0	4.0	4.0	5.0	6.0	8.0	9.0	11.0	13.0	18.0	19.0	20.0	22.0	27.0	29.0	32.0	38.0	43.0	47.0	49.0	53.0	63.0	67.0	87.0	96.0	106.0	124.0	132.0	140.0	158.0	170.0	189.0	214.0	237.0	257.0	274.0	294.0	316.0	345.0	376.0	409.0	446.0	495.0	527.0	568.0	607.0	645.0	685.0	723.0	766.0	822.0	876.0	918.0	946.0	992.0	1044.0	1085.0	1139.0	1192.0	1248.0	1282.0	1332.0	1390.0	1457.0	1516.0
0.0	0.0	0.0	0.0	0.0	0.0	0.0	0.0	0.0	0.0	0.0	0.0	0.0	0.0	0.0	0.0	0.0	0.0	0.0	0.0	0.0	0.0	0.0	0.0	1.0	1.0	1.0	1.0	1.0	1.0	1.0	1.0	1.0	1.0	1.0	1.0	1.0	1.0	1.0	1.0	1.0	1.0	1.0	1.0	1.0	2.0	2.0	2.0	2.0	2.0	2.0	2.0	2.0	2.0	2.0	3.0	3.0	3.0	4.0	4.0	5.0	5.0	6.0	8.0	9.0	12.0	15.0	17.0	21.0	22.0	27.0	29.0	31.0	38.0	43.0	47.0	51.0	54.0	63.0	69.0	76.0	79.0	89.0	100.0	111.0	128.0	141.0	156.0	172.0	185.0	198.0	216.0	239.0	265.0	287.0	312.0	348.0	372.0	422.0	461.0	493.0	526.0	576.0	612.0	650.0	703.0	747.0	797.0	835.0	883.0	928.0	971.0	1013.0
0.0	0.0	0.0	0.0	0.0	0.0	0.0	0.0	0.0	0.0	0.0	0.0	0.0	0.0	0.0	0.0	0.0	0.0	0.0	0.0	0.0	0.0	0.0	0.0	0.0	0.0	0.0	0.0	0.0	1.0	1.0	1.0	1.0	1.0	1.0	2.0	2.0	2.0	2.0	2.0	2.0	2.0	2.0	2.0	3.0	3.0	4.0	5.0	7.0	8.0	9.0	9.0	10.0	10.0	11.0	13.0	13.0	17.0	20.0	21.0	24.0	26.0	28.0	30.0	31.0	35.0	39.0	42.0	50.0	55.0	68.0	73.0	80.0	95.0	109.0	126.0	135.0	152.0	169.0	180.0	196.0	218.0	239.0	259.0	288.0	309.0	331.0	365.0	395.0	423.0	455.0	489.0	535.0	568.0	606.0	639.0	683.0	732.0	777.0	823.0	875.0	920.0	977.0	1033.0	1073.0	1120.0	1171.0	1214.0	1265.0	1311.0	1361.0	1403.0	1439.0
0.0	0.0	0.0	0.0	0.0	0.0	0.0	0.0	0.0	0.0	0.0	0.0	0.0	0.0	0.0	0.0	0.0	0.0	0.0	0.0	0.0	0.0	0.0	0.0	0.0	0.0	1.0	1.0	1.0	1.0	1.0	1.0	1.0	1.0	1.0	1.0	2.0	2.0	3.0	4.0	4.0	4.0	5.0	5.0	6.0	6.0	6.0	6.0	7.0	8.0	8.0	9.0	9.0	9.0	9.0	10.0	10.0	10.0	13.0	17.0	20.0	25.0	26.0	31.0	38.0	46.0	54.0	60.0	71.0	82.0	95.0	110.0	127.0	141.0	151.0	167.0	180.0	197.0	211.0	231.0	253.0	285.0	316.0	345.0	383.0	418.0	443.0	484.0	519.0	565.0	601.0	660.0	708.0	754.0	798.0	842.0	884.0	931.0	979.0	1038.0	1084.0	1124.0	1170.0	1213.0	1266.0	1310.0	1369.0	1424.0	1472.0	1508.0	1537.0	1575.0	1612.0
0.0	0.0	0.0	0.0	0.0	0.0	0.0	0.0	0.0	0.0	0.0	0.0	0.0	0.0	0.0	0.0	0.0	0.0	0.0	0.0	0.0	0.0	0.0	0.0	0.0	0.0	0.0	0.0	0.0	0.0	0.0	0.0	0.0	0.0	0.0	0.0	0.0	0.0	0.0	0.0	0.0	0.0	0.0	1.0	1.0	1.0	2.0	3.0	4.0	6.0	8.0	9.0	11.0	14.0	14.0	15.0	19.0	22.0	24.0	26.0	30.0	35.0	40.0	44.0	51.0	61.0	67.0	80.0	87.0	101.0	113.0	129.0	138.0	151.0	169.0	189.0	216.0	236.0	259.0	287.0	316.0	337.0	357.0	391.0	424.0	460.0	495.0	531.0	576.0	614.0	664.0	718.0	759.0	813.0	858.0	899.0	951.0	1002.0	1071.0	1130.0	1176.0	1236.0	1294.0	1336.0	1379.0	1423.0	1480.0	1517.0	1566.0	1613.0	1658.0	1694.0	1760.0
0.0	0.0	0.0	0.0	0.0	0.0	0.0	0.0	0.0	0.0	0.0	0.0	0.0	0.0	1.0	1.0	2.0	2.0	2.0	2.0	2.0	2.0	2.0	2.0	2.0	2.0	2.0	2.0	2.0	2.0	2.0	2.0	2.0	2.0	2.0	2.0	2.0	2.0	2.0	2.0	2.0	2.0	2.0	2.0	2.0	2.0	2.0	3.0	3.0	4.0	4.0	5.0	6.0	6.0	7.0	7.0	8.0	10.0	13.0	13.0	14.0	16.0	19.0	22.0	25.0	27.0	35.0	40.0	47.0	54.0	57.0	64.0	73.0	76.0	89.0	99.0	110.0	125.0	146.0	165.0	181.0	209.0	233.0	267.0	286.0	313.0	340.0	369.0	410.0	445.0	470.0	504.0	547.0	580.0	623.0	659.0	702.0	751.0	795.0	843.0	887.0	923.0	969.0	1029.0	1079.0	1131.0	1183.0	1230.0	1271.0	1318.0	1370.0	1411.0	1455.0
0.0	0.0	0.0	0.0	0.0	0.0	0.0	0.0	0.0	0.0	0.0	0.0	0.0	0.0	0.0	0.0	0.0	0.0	0.0	0.0	0.0	0.0	0.0	0.0	0.0	0.0	0.0	0.0	0.0	0.0	0.0	0.0	0.0	0.0	0.0	1.0	1.0	1.0	1.0	1.0	1.0	1.0	1.0	1.0	1.0	1.0	1.0	3.0	3.0	4.0	5.0	6.0	6.0	8.0	8.0	11.0	11.0	14.0	14.0	15.0	17.0	19.0	19.0	24.0	28.0	32.0	41.0	45.0	52.0	58.0	66.0	73.0	86.0	103.0	110.0	126.0	135.0	147.0	165.0	186.0	209.0	236.0	260.0	288.0	307.0	348.0	377.0	413.0	444.0	492.0	524.0	568.0	599.0	647.0	690.0	730.0	771.0	815.0	855.0	898.0	936.0	1004.0	1056.0	1104.0	1143.0	1196.0	1243.0	1293.0	1341.0	1379.0	1415.0	1454.0	1496.0
0.0	0.0	0.0	0.0	0.0	0.0	0.0	0.0	0.0	0.0	0.0	0.0	0.0	0.0	0.0	0.0	0.0	0.0	0.0	0.0	0.0	0.0	0.0	0.0	0.0	0.0	0.0	0.0	0.0	0.0	0.0	0.0	0.0	0.0	0.0	0.0	0.0	1.0	1.0	1.0	1.0	2.0	2.0	3.0	4.0	6.0	6.0	6.0	6.0	8.0	9.0	11.0	13.0	15.0	15.0	18.0	21.0	25.0	29.0	35.0	41.0	46.0	57.0	64.0	75.0	85.0	93.0	106.0	121.0	138.0	164.0	185.0	205.0	227.0	255.0	276.0	301.0	323.0	350.0	386.0	417.0	462.0	503.0	554.0	595.0	638.0	680.0	717.0	758.0	804.0	847.0	912.0	963.0	1007.0	1066.0	1111.0	1167.0	1210.0	1257.0	1300.0	1347.0	1397.0	1431.0	1467.0	1511.0	1558.0	1607.0	1642.0	1680.0	1719.0	1773.0	1806.0	1831.0
0.0	0.0	0.0	0.0	0.0	0.0	0.0	0.0	0.0	0.0	0.0	0.0	0.0	0.0	0.0	0.0	0.0	0.0	0.0	0.0	0.0	0.0	0.0	0.0	0.0	0.0	1.0	1.0	1.0	1.0	1.0	1.0	1.0	1.0	2.0	2.0	2.0	2.0	2.0	2.0	2.0	2.0	2.0	2.0	2.0	2.0	2.0	2.0	3.0	3.0	4.0	5.0	5.0	6.0	9.0	10.0	13.0	20.0	21.0	24.0	25.0	27.0	34.0	36.0	38.0	46.0	50.0	55.0	61.0	64.0	76.0	85.0	95.0	100.0	108.0	117.0	130.0	140.0	159.0	181.0	199.0	225.0	251.0	273.0	311.0	358.0	378.0	412.0	442.0	472.0	507.0	538.0	582.0	627.0	664.0	698.0	735.0	779.0	839.0	878.0	924.0	975.0	1020.0	1065.0	1112.0	1165.0	1206.0	1255.0	1299.0	1348.0	1379.0	1427.0	1474.0
0.0	0.0	0.0	0.0	0.0	0.0	0.0	0.0	0.0	0.0	0.0	0.0	0.0	0.0	0.0	0.0	0.0	0.0	0.0	0.0	0.0	0.0	0.0	0.0	0.0	0.0	0.0	0.0	0.0	0.0	0.0	0.0	0.0	0.0	0.0	0.0	0.0	0.0	0.0	1.0	1.0	2.0	3.0	3.0	3.0	3.0	3.0	3.0	4.0	5.0	8.0	8.0	9.0	9.0	11.0	12.0	14.0	15.0	19.0	23.0	26.0	30.0	32.0	36.0	48.0	54.0	64.0	74.0	85.0	97.0	112.0	130.0	148.0	162.0	186.0	202.0	223.0	245.0	267.0	299.0	330.0	361.0	391.0	424.0	455.0	497.0	539.0	586.0	634.0	682.0	718.0	764.0	811.0	859.0	912.0	954.0	1001.0	1056.0	1099.0	1142.0	1190.0	1251.0	1306.0	1360.0	1406.0	1451.0	1484.0	1529.0	1575.0	1615.0	1648.0	1683.0	1722.0
0.0	0.0	0.0	0.0	0.0	0.0	0.0	0.0	0.0	0.0	0.0	0.0	0.0	0.0	0.0	0.0	0.0	0.0	0.0	0.0	0.0	0.0	0.0	0.0	0.0	0.0	0.0	0.0	0.0	0.0	0.0	0.0	0.0	0.0	0.0	0.0	0.0	0.0	1.0	1.0	1.0	1.0	2.0	2.0	2.0	2.0	2.0	4.0	6.0	7.0	7.0	8.0	9.0	12.0	14.0	17.0	19.0	22.0	25.0	25.0	29.0	34.0	37.0	44.0	50.0	56.0	62.0	70.0	77.0	85.0	99.0	113.0	132.0	140.0	159.0	175.0	201.0	217.0	245.0	267.0	306.0	337.0	359.0	395.0	421.0	460.0	504.0	534.0	568.0	605.0	647.0	687.0	729.0	787.0	849.0	909.0	956.0	1007.0	1063.0	1105.0	1146.0	1207.0	1259.0	1319.0	1367.0	1411.0	1458.0	1504.0	1541.0	1574.0	1612.0	1649.0	1690.0
0.0	0.0	0.0	0.0	0.0	0.0	0.0	0.0	0.0	0.0	0.0	0.0	0.0	0.0	0.0	0.0	0.0	0.0	0.0	0.0	0.0	0.0	0.0	0.0	0.0	0.0	0.0	0.0	0.0	0.0	0.0	0.0	0.0	0.0	0.0	0.0	0.0	0.0	0.0	0.0	0.0	0.0	0.0	0.0	0.0	1.0	1.0	1.0	2.0	4.0	5.0	5.0	5.0	6.0	6.0	6.0	6.0	7.0	7.0	9.0	11.0	12.0	15.0	22.0	26.0	29.0	31.0	34.0	35.0	38.0	41.0	45.0	51.0	59.0	68.0	83.0	100.0	106.0	117.0	132.0	147.0	156.0	172.0	194.0	215.0	235.0	253.0	280.0	316.0	348.0	388.0	418.0	440.0	473.0	507.0	542.0	583.0	624.0	669.0	715.0	769.0	834.0	872.0	916.0	960.0	1005.0	1053.0	1109.0	1166.0	1226.0	1289.0	1333.0	1386.0
0.0	0.0	0.0	0.0	0.0	0.0	0.0	0.0	0.0	0.0	0.0	0.0	0.0	0.0	0.0	0.0	0.0	0.0	0.0	0.0	0.0	0.0	0.0	0.0	0.0	0.0	0.0	0.0	0.0	0.0	0.0	0.0	0.0	0.0	0.0	0.0	0.0	0.0	0.0	0.0	0.0	0.0	0.0	1.0	4.0	4.0	4.0	4.0	5.0	6.0	6.0	6.0	6.0	8.0	8.0	11.0	11.0	13.0	14.0	17.0	20.0	21.0	27.0	31.0	36.0	41.0	45.0	50.0	57.0	65.0	75.0	83.0	91.0	100.0	110.0	116.0	135.0	151.0	175.0	193.0	220.0	235.0	261.0	280.0	315.0	342.0	367.0	405.0	447.0	491.0	530.0	577.0	618.0	660.0	725.0	782.0	834.0	888.0	943.0	988.0	1042.0	1095.0	1143.0	1200.0	1250.0	1305.0	1361.0	1419.0	1478.0	1520.0	1569.0	1635.0	1665.0
0.0	0.0	0.0	0.0	0.0	0.0	0.0	0.0	0.0	0.0	0.0	0.0	0.0	0.0	0.0	0.0	0.0	0.0	0.0	1.0	1.0	1.0	1.0	1.0	1.0	1.0	1.0	1.0	1.0	1.0	1.0	1.0	1.0	1.0	1.0	1.0	1.0	1.0	2.0	2.0	2.0	2.0	2.0	3.0	3.0	3.0	3.0	3.0	4.0	6.0	8.0	9.0	10.0	14.0	14.0	19.0	25.0	29.0	33.0	37.0	41.0	45.0	51.0	57.0	63.0	73.0	79.0	94.0	108.0	117.0	139.0	154.0	174.0	202.0	214.0	240.0	258.0	289.0	332.0	377.0	414.0	451.0	481.0	525.0	574.0	625.0	668.0	708.0	750.0	790.0	840.0	902.0	967.0	1015.0	1062.0	1108.0	1160.0	1215.0	1267.0	1315.0	1353.0	1401.0	1451.0	1494.0	1535.0	1575.0	1610.0	1648.0	1687.0	1726.0	1759.0	1797.0	1830.0
0.0	0.0	0.0	0.0	0.0	0.0	0.0	0.0	0.0	0.0	0.0	0.0	0.0	0.0	0.0	0.0	0.0	0.0	0.0	0.0	0.0	0.0	0.0	0.0	0.0	0.0	0.0	0.0	0.0	0.0	0.0	0.0	0.0	0.0	0.0	0.0	0.0	0.0	0.0	0.0	0.0	0.0	0.0	0.0	0.0	1.0	2.0	3.0	3.0	3.0	5.0	6.0	8.0	9.0	12.0	13.0	14.0	16.0	17.0	21.0	25.0	30.0	33.0	40.0	43.0	49.0	63.0	76.0	83.0	91.0	104.0	112.0	126.0	140.0	157.0	179.0	206.0	229.0	252.0	275.0	301.0	331.0	361.0	392.0	425.0	460.0	500.0	521.0	566.0	615.0	658.0	702.0	739.0	786.0	833.0	877.0	925.0	975.0	1022.0	1073.0	1134.0	1186.0	1245.0	1287.0	1325.0	1364.0	1408.0	1451.0	1499.0	1535.0	1584.0	1632.0	1681.0
0.0	0.0	0.0	0.0	0.0	0.0	0.0	0.0	0.0	0.0	0.0	0.0	0.0	0.0	0.0	0.0	0.0	0.0	0.0	0.0	0.0	0.0	0.0	0.0	0.0	0.0	0.0	0.0	0.0	0.0	0.0	0.0	0.0	0.0	0.0	0.0	0.0	0.0	0.0	0.0	0.0	0.0	0.0	0.0	0.0	0.0	1.0	1.0	1.0	1.0	2.0	3.0	3.0	4.0	4.0	4.0	5.0	5.0	6.0	7.0	9.0	10.0	10.0	10.0	11.0	12.0	18.0	18.0	20.0	24.0	26.0	27.0	29.0	34.0	41.0	47.0	49.0	53.0	60.0	65.0	73.0	79.0	87.0	93.0	103.0	115.0	126.0	145.0	160.0	173.0	192.0	217.0	243.0	268.0	296.0	326.0	351.0	376.0	400.0	433.0	469.0	506.0	537.0	577.0	611.0	660.0	705.0	736.0	780.0	826.0	879.0	920.0	951.0
0.0	0.0	0.0	0.0	0.0	0.0	0.0	0.0	0.0	0.0	0.0	0.0	0.0	0.0	0.0	0.0	0.0	0.0	0.0	0.0	0.0	0.0	0.0	0.0	0.0	0.0	0.0	0.0	1.0	1.0	1.0	1.0	1.0	1.0	1.0	1.0	1.0	1.0	1.0	1.0	1.0	1.0	1.0	1.0	1.0	1.0	2.0	2.0	2.0	2.0	3.0	4.0	5.0	6.0	6.0	6.0	7.0	8.0	11.0	12.0	13.0	14.0	16.0	18.0	20.0	23.0	25.0	25.0	28.0	32.0	36.0	40.0	45.0	51.0	57.0	62.0	75.0	82.0	95.0	103.0	114.0	130.0	144.0	160.0	171.0	186.0	208.0	230.0	259.0	289.0	312.0	334.0	366.0	394.0	419.0	450.0	487.0	529.0	567.0	607.0	662.0	700.0	735.0	790.0	850.0	899.0	947.0	999.0	1045.0	1092.0	1143.0	1182.0	1232.0
0.0	0.0	0.0	0.0	0.0	0.0	0.0	0.0	0.0	0.0	0.0	0.0	0.0	0.0	0.0	0.0	0.0	0.0	0.0	0.0	0.0	0.0	0.0	0.0	0.0	0.0	0.0	0.0	0.0	0.0	0.0	0.0	0.0	0.0	0.0	0.0	0.0	1.0	2.0	2.0	2.0	3.0	3.0	3.0	3.0	4.0	4.0	4.0	5.0	5.0	7.0	7.0	9.0	9.0	9.0	10.0	10.0	14.0	16.0	17.0	21.0	25.0	29.0	33.0	34.0	40.0	42.0	46.0	49.0	61.0	71.0	82.0	98.0	111.0	127.0	140.0	152.0	165.0	183.0	195.0	208.0	231.0	256.0	284.0	308.0	340.0	373.0	402.0	436.0	472.0	517.0	553.0	594.0	652.0	697.0	745.0	789.0	850.0	890.0	940.0	989.0	1032.0	1070.0	1115.0	1164.0	1227.0	1274.0	1336.0	1380.0	1442.0	1485.0	1524.0	1569.0
0.0	0.0	0.0	0.0	0.0	0.0	0.0	0.0	0.0	0.0	0.0	0.0	0.0	0.0	0.0	0.0	0.0	0.0	0.0	0.0	0.0	0.0	0.0	0.0	0.0	0.0	0.0	0.0	0.0	0.0	0.0	0.0	0.0	0.0	0.0	0.0	0.0	0.0	0.0	0.0	0.0	0.0	0.0	0.0	0.0	0.0	0.0	0.0	0.0	0.0	0.0	0.0	0.0	0.0	1.0	1.0	1.0	1.0	1.0	1.0	1.0	3.0	3.0	3.0	6.0	9.0	9.0	10.0	11.0	15.0	16.0	18.0	24.0	26.0	32.0	36.0	37.0	41.0	48.0	55.0	65.0	71.0	84.0	97.0	112.0	123.0	133.0	145.0	165.0	185.0	199.0	216.0	240.0	275.0	296.0	334.0	370.0	399.0	426.0	447.0	489.0	516.0	552.0	595.0	643.0	685.0	729.0	767.0	812.0	861.0	906.0	956.0	1002.0
0.0	0.0	0.0	0.0	0.0	0.0	0.0	0.0	0.0	0.0	0.0	0.0	0.0	0.0	0.0	0.0	0.0	0.0	0.0	0.0	0.0	0.0	0.0	0.0	0.0	0.0	0.0	0.0	0.0	0.0	0.0	0.0	0.0	0.0	0.0	0.0	0.0	0.0	1.0	1.0	1.0	1.0	1.0	1.0	1.0	1.0	1.0	2.0	2.0	3.0	3.0	5.0	5.0	8.0	10.0	11.0	12.0	13.0	15.0	18.0	22.0	27.0	33.0	36.0	38.0	48.0	60.0	66.0	74.0	85.0	94.0	107.0	122.0	140.0	153.0	167.0	196.0	216.0	240.0	263.0	285.0	319.0	356.0	386.0	425.0	469.0	499.0	531.0	569.0	606.0	644.0	686.0	732.0	788.0	843.0	883.0	935.0	988.0	1050.0	1106.0	1164.0	1210.0	1272.0	1313.0	1355.0	1398.0	1461.0	1497.0	1544.0	1600.0	1650.0	1696.0	1745.0
0.0	0.0	0.0	0.0	0.0	0.0	0.0	0.0	0.0	0.0	0.0	0.0	0.0	0.0	0.0	0.0	0.0	0.0	0.0	0.0	0.0	0.0	0.0	0.0	0.0	0.0	0.0	0.0	0.0	0.0	0.0	0.0	0.0	0.0	0.0	1.0	1.0	1.0	1.0	1.0	1.0	1.0	1.0	1.0	1.0	2.0	3.0	3.0	3.0	3.0	3.0	3.0	4.0	5.0	5.0	5.0	5.0	6.0	7.0	7.0	8.0	9.0	9.0	11.0	13.0	18.0	20.0	23.0	29.0	33.0	34.0	40.0	46.0	50.0	54.0	64.0	68.0	75.0	81.0	86.0	100.0	113.0	130.0	154.0	164.0	178.0	206.0	224.0	241.0	265.0	298.0	324.0	352.0	382.0	419.0	455.0	489.0	529.0	566.0	608.0	655.0	694.0	735.0	781.0	830.0	874.0	923.0	963.0	1010.0	1066.0	1126.0	1174.0	1214.0
0.0	0.0	0.0	0.0	0.0	0.0	0.0	0.0	0.0	0.0	0.0	0.0	0.0	0.0	0.0	0.0	0.0	0.0	1.0	1.0	1.0	1.0	1.0	1.0	1.0	1.0	1.0	1.0	1.0	1.0	1.0	1.0	1.0	1.0	1.0	1.0	1.0	1.0	1.0	1.0	1.0	1.0	1.0	1.0	1.0	1.0	2.0	2.0	2.0	2.0	2.0	3.0	6.0	6.0	7.0	8.0	9.0	9.0	10.0	10.0	10.0	12.0	14.0	17.0	17.0	24.0	27.0	34.0	45.0	52.0	60.0	66.0	76.0	87.0	97.0	119.0	131.0	143.0	163.0	185.0	209.0	236.0	249.0	281.0	312.0	348.0	378.0	430.0	471.0	500.0	534.0	583.0	624.0	662.0	704.0	753.0	817.0	861.0	914.0	957.0	1000.0	1044.0	1092.0	1145.0	1192.0	1241.0	1279.0	1329.0	1378.0	1429.0	1483.0	1532.0	1573.0
0.0	0.0	0.0	0.0	0.0	0.0	0.0	0.0	0.0	0.0	0.0	0.0	0.0	0.0	0.0	0.0	0.0	0.0	0.0	0.0	0.0	0.0	0.0	0.0	0.0	0.0	0.0	0.0	0.0	0.0	0.0	0.0	0.0	1.0	1.0	1.0	2.0	2.0	2.0	4.0	4.0	4.0	5.0	5.0	5.0	5.0	6.0	8.0	8.0	10.0	10.0	11.0	11.0	14.0	16.0	17.0	20.0	22.0	22.0	26.0	29.0	33.0	35.0	39.0	44.0	48.0	51.0	55.0	64.0	69.0	75.0	83.0	89.0	97.0	115.0	128.0	147.0	171.0	192.0	216.0	238.0	271.0	303.0	329.0	354.0	381.0	432.0	463.0	490.0	524.0	570.0	609.0	658.0	702.0	752.0	803.0	850.0	894.0	945.0	987.0	1050.0	1099.0	1147.0	1198.0	1246.0	1291.0	1341.0	1373.0	1405.0	1445.0	1491.0	1537.0	1579.0
0.0	0.0	0.0	0.0	0.0	0.0	0.0	0.0	0.0	0.0	0.0	0.0	0.0	0.0	0.0	0.0	0.0	0.0	0.0	0.0	0.0	0.0	0.0	0.0	0.0	0.0	0.0	0.0	0.0	0.0	0.0	0.0	0.0	0.0	0.0	1.0	1.0	1.0	1.0	1.0	1.0	1.0	2.0	2.0	2.0	2.0	2.0	2.0	2.0	2.0	2.0	2.0	4.0	4.0	4.0	4.0	5.0	6.0	7.0	7.0	9.0	9.0	11.0	12.0	13.0	15.0	18.0	18.0	21.0	25.0	32.0	38.0	41.0	43.0	52.0	61.0	67.0	75.0	86.0	96.0	106.0	119.0	134.0	145.0	161.0	176.0	189.0	211.0	244.0	272.0	303.0	319.0	354.0	388.0	428.0	455.0	494.0	541.0	588.0	632.0	679.0	720.0	761.0	800.0	841.0	890.0	934.0	995.0	1042.0	1096.0	1149.0	1197.0	1247.0
0.0	0.0	0.0	0.0	0.0	0.0	0.0	0.0	0.0	0.0	0.0	0.0	0.0	0.0	0.0	0.0	0.0	0.0	0.0	0.0	0.0	0.0	0.0	0.0	0.0	0.0	0.0	0.0	0.0	0.0	0.0	0.0	0.0	0.0	0.0	0.0	0.0	0.0	0.0	0.0	0.0	0.0	0.0	0.0	2.0	2.0	2.0	2.0	2.0	2.0	2.0	2.0	3.0	4.0	5.0	8.0	11.0	14.0	16.0	20.0	24.0	28.0	29.0	32.0	36.0	46.0	57.0	67.0	77.0	82.0	95.0	110.0	126.0	137.0	159.0	172.0	199.0	221.0	251.0	285.0	314.0	349.0	380.0	407.0	447.0	486.0	542.0	584.0	621.0	672.0	704.0	754.0	800.0	842.0	894.0	959.0	997.0	1050.0	1111.0	1161.0	1213.0	1262.0	1298.0	1339.0	1387.0	1449.0	1494.0	1532.0	1564.0	1601.0	1630.0	1673.0	1703.0
0.0	0.0	0.0	0.0	0.0	0.0	0.0	0.0	0.0	0.0	0.0	0.0	0.0	0.0	0.0	0.0	0.0	0.0	0.0	0.0	0.0	0.0	0.0	0.0	0.0	0.0	0.0	0.0	0.0	0.0	0.0	0.0	0.0	0.0	0.0	0.0	0.0	0.0	0.0	0.0	0.0	0.0	0.0	0.0	0.0	0.0	0.0	0.0	0.0	0.0	1.0	1.0	3.0	5.0	5.0	8.0	10.0	10.0	12.0	12.0	16.0	20.0	22.0	25.0	26.0	28.0	35.0	40.0	48.0	53.0	64.0	71.0	78.0	95.0	109.0	121.0	137.0	158.0	173.0	189.0	215.0	234.0	260.0	286.0	312.0	343.0	377.0	411.0	448.0	488.0	531.0	582.0	628.0	666.0	707.0	744.0	793.0	834.0	883.0	923.0	977.0	1029.0	1062.0	1110.0	1153.0	1202.0	1246.0	1286.0	1339.0	1378.0	1430.0	1474.0	1513.0
0.0	0.0	0.0	0.0	0.0	0.0	0.0	0.0	0.0	0.0	0.0	0.0	0.0	0.0	0.0	0.0	0.0	0.0	0.0	0.0	0.0	0.0	0.0	0.0	0.0	0.0	0.0	0.0	0.0	0.0	0.0	0.0	0.0	0.0	0.0	0.0	0.0	0.0	0.0	0.0	0.0	0.0	0.0	1.0	1.0	1.0	1.0	1.0	3.0	3.0	4.0	4.0	6.0	6.0	6.0	7.0	11.0	12.0	14.0	18.0	20.0	23.0	26.0	31.0	37.0	43.0	50.0	59.0	64.0	69.0	77.0	86.0	99.0	110.0	125.0	139.0	158.0	172.0	193.0	208.0	228.0	256.0	288.0	323.0	348.0	366.0	404.0	436.0	475.0	517.0	558.0	602.0	640.0	684.0	726.0	763.0	818.0	879.0	935.0	969.0	1008.0	1063.0	1115.0	1169.0	1221.0	1256.0	1302.0	1352.0	1415.0	1452.0	1496.0	1531.0	1569.0
0.0	0.0	0.0	0.0	0.0	0.0	0.0	0.0	0.0	0.0	0.0	0.0	0.0	0.0	0.0	0.0	0.0	0.0	0.0	0.0	0.0	0.0	0.0	0.0	0.0	0.0	0.0	0.0	0.0	0.0	0.0	0.0	0.0	0.0	0.0	0.0	0.0	0.0	0.0	0.0	0.0	0.0	0.0	0.0	0.0	0.0	0.0	0.0	0.0	0.0	0.0	0.0	1.0	1.0	2.0	2.0	3.0	3.0	3.0	3.0	4.0	5.0	6.0	8.0	8.0	10.0	11.0	12.0	13.0	15.0	16.0	18.0	20.0	22.0	24.0	29.0	30.0	34.0	39.0	43.0	51.0	55.0	56.0	71.0	82.0	93.0	100.0	109.0	129.0	143.0	157.0	177.0	195.0	224.0	243.0	267.0	287.0	313.0	344.0	375.0	412.0	454.0	479.0	519.0	570.0	609.0	646.0	688.0	736.0	784.0	835.0	877.0	926.0
0.0	0.0	0.0	0.0	0.0	0.0	0.0	0.0	0.0	0.0	0.0	0.0	0.0	0.0	0.0	0.0	0.0	0.0	0.0	0.0	0.0	0.0	0.0	0.0	0.0	0.0	0.0	0.0	0.0	0.0	0.0	0.0	0.0	0.0	0.0	0.0	0.0	0.0	0.0	0.0	0.0	0.0	0.0	0.0	0.0	0.0	0.0	0.0	0.0	0.0	0.0	1.0	1.0	1.0	1.0	1.0	1.0	2.0	2.0	2.0	3.0	3.0	3.0	4.0	8.0	9.0	11.0	12.0	13.0	16.0	18.0	22.0	26.0	29.0	30.0	35.0	38.0	42.0	47.0	48.0	54.0	56.0	58.0	69.0	81.0	90.0	94.0	106.0	116.0	133.0	148.0	160.0	175.0	190.0	215.0	237.0	262.0	283.0	313.0	340.0	366.0	389.0	423.0	461.0	487.0	530.0	563.0	605.0	654.0	697.0	733.0	782.0	823.0
0.0	0.0	0.0	0.0	0.0	0.0	0.0	0.0	0.0	0.0	0.0	0.0	0.0	0.0	0.0	0.0	0.0	0.0	0.0	0.0	0.0	0.0	0.0	0.0	0.0	0.0	0.0	0.0	0.0	0.0	0.0	0.0	0.0	0.0	0.0	0.0	0.0	0.0	0.0	0.0	0.0	0.0	0.0	0.0	0.0	0.0	0.0	0.0	0.0	2.0	2.0	2.0	2.0	2.0	3.0	3.0	3.0	3.0	3.0	3.0	4.0	4.0	6.0	10.0	13.0	14.0	17.0	22.0	25.0	27.0	29.0	34.0	37.0	42.0	50.0	56.0	65.0	79.0	94.0	102.0	115.0	128.0	144.0	153.0	165.0	185.0	201.0	230.0	254.0	279.0	298.0	328.0	356.0	390.0	428.0	469.0	507.0	548.0	590.0	623.0	670.0	727.0	775.0	832.0	879.0	923.0	972.0	1027.0	1075.0	1120.0	1172.0	1216.0	1267.0
0.0	0.0	0.0	0.0	0.0	0.0	0.0	0.0	0.0	0.0	0.0	0.0	0.0	0.0	0.0	0.0	0.0	0.0	0.0	0.0	0.0	0.0	0.0	0.0	0.0	0.0	0.0	0.0	0.0	0.0	0.0	0.0	0.0	0.0	0.0	0.0	0.0	0.0	0.0	0.0	0.0	0.0	0.0	0.0	0.0	0.0	0.0	0.0	1.0	1.0	1.0	1.0	1.0	1.0	1.0	1.0	1.0	1.0	2.0	3.0	3.0	3.0	3.0	3.0	3.0	5.0	5.0	5.0	5.0	6.0	8.0	9.0	11.0	11.0	14.0	18.0	20.0	23.0	26.0	26.0	31.0	37.0	42.0	48.0	54.0	66.0	76.0	81.0	91.0	101.0	117.0	131.0	140.0	155.0	173.0	192.0	213.0	237.0	256.0	276.0	302.0	331.0	371.0	411.0	442.0	478.0	527.0	572.0	613.0	644.0	696.0	749.0	806.0
0.0	0.0	0.0	0.0	0.0	0.0	0.0	0.0	0.0	0.0	0.0	0.0	0.0	0.0	0.0	0.0	0.0	0.0	0.0	0.0	0.0	0.0	0.0	0.0	0.0	0.0	0.0	0.0	0.0	0.0	0.0	0.0	0.0	0.0	0.0	0.0	0.0	0.0	0.0	0.0	0.0	0.0	0.0	0.0	0.0	1.0	1.0	1.0	1.0	1.0	1.0	2.0	3.0	6.0	6.0	7.0	8.0	9.0	11.0	13.0	13.0	15.0	21.0	23.0	25.0	26.0	27.0	31.0	36.0	42.0	46.0	53.0	59.0	63.0	74.0	81.0	91.0	105.0	119.0	137.0	152.0	165.0	180.0	200.0	215.0	233.0	249.0	272.0	296.0	327.0	355.0	393.0	422.0	449.0	486.0	530.0	564.0	601.0	645.0	683.0	736.0	767.0	809.0	851.0	902.0	957.0	1010.0	1052.0	1086.0	1128.0	1174.0	1221.0	1267.0
0.0	0.0	0.0	0.0	0.0	0.0	0.0	0.0	0.0	0.0	0.0	0.0	0.0	0.0	0.0	0.0	0.0	0.0	0.0	0.0	0.0	0.0	0.0	0.0	0.0	0.0	0.0	0.0	0.0	0.0	0.0	0.0	0.0	0.0	0.0	0.0	0.0	0.0	0.0	0.0	0.0	0.0	0.0	0.0	0.0	0.0	0.0	0.0	0.0	0.0	0.0	0.0	0.0	0.0	0.0	0.0	0.0	0.0	0.0	0.0	0.0	0.0	0.0	0.0	0.0	0.0	0.0	0.0	0.0	0.0	0.0	0.0	0.0	0.0	0.0	0.0	0.0	0.0	0.0	0.0	0.0	0.0	0.0	0.0	0.0	0.0	0.0	0.0	0.0	0.0	0.0	0.0	0.0	0.0	0.0	0.0	0.0	0.0	0.0	0.0	0.0	0.0	0.0	0.0	0.0	0.0	0.0	0.0	0.0	0.0	0.0	0.0	0.0
0.0	0.0	0.0	0.0	0.0	0.0	0.0	0.0	0.0	0.0	0.0	0.0	0.0	0.0	0.0	0.0	0.0	0.0	0.0	0.0	0.0	0.0	0.0	0.0	0.0	0.0	0.0	0.0	0.0	0.0	0.0	0.0	0.0	0.0	0.0	0.0	0.0	0.0	0.0	0.0	0.0	2.0	3.0	3.0	3.0	3.0	3.0	3.0	3.0	3.0	3.0	5.0	7.0	7.0	7.0	8.0	9.0	13.0	15.0	16.0	20.0	24.0	27.0	33.0	38.0	43.0	55.0	63.0	76.0	81.0	91.0	102.0	113.0	129.0	142.0	155.0	173.0	190.0	216.0	229.0	252.0	278.0	306.0	335.0	359.0	399.0	433.0	463.0	490.0	532.0	568.0	610.0	666.0	705.0	759.0	806.0	843.0	905.0	950.0	1010.0	1062.0	1106.0	1155.0	1201.0	1250.0	1308.0	1355.0	1401.0	1447.0	1491.0	1538.0	1586.0	1627.0
0.0	0.0	0.0	0.0	0.0	0.0	0.0	0.0	0.0	0.0	0.0	0.0	0.0	0.0	0.0	0.0	0.0	0.0	0.0	0.0	0.0	0.0	0.0	0.0	0.0	0.0	0.0	0.0	0.0	0.0	0.0	0.0	0.0	0.0	0.0	0.0	0.0	0.0	0.0	0.0	0.0	0.0	0.0	0.0	0.0	0.0	0.0	0.0	0.0	1.0	1.0	1.0	1.0	1.0	1.0	1.0	1.0	1.0	2.0	3.0	4.0	4.0	4.0	4.0	4.0	6.0	8.0	11.0	13.0	14.0	17.0	22.0	25.0	26.0	27.0	32.0	36.0	41.0	50.0	61.0	66.0	71.0	80.0	88.0	94.0	107.0	117.0	124.0	139.0	158.0	179.0	202.0	223.0	246.0	274.0	299.0	322.0	354.0	391.0	443.0	470.0	505.0	537.0	577.0	617.0	663.0	710.0	754.0	795.0	849.0	890.0	947.0	1003.0
0.0	0.0	0.0	0.0	0.0	0.0	0.0	0.0	0.0	0.0	0.0	0.0	0.0	0.0	0.0	0.0	0.0	0.0	0.0	0.0	0.0	0.0	0.0	0.0	0.0	0.0	0.0	0.0	0.0	0.0	0.0	1.0	1.0	1.0	1.0	1.0	1.0	1.0	1.0	1.0	2.0	2.0	2.0	2.0	2.0	3.0	4.0	4.0	4.0	5.0	5.0	6.0	8.0	12.0	12.0	12.0	16.0	18.0	21.0	21.0	22.0	24.0	26.0	32.0	39.0	43.0	48.0	57.0	65.0	71.0	74.0	91.0	112.0	120.0	134.0	150.0	163.0	181.0	203.0	229.0	263.0	288.0	319.0	353.0	386.0	412.0	450.0	486.0	515.0	570.0	615.0	663.0	707.0	755.0	805.0	851.0	901.0	957.0	1014.0	1061.0	1115.0	1156.0	1202.0	1248.0	1297.0	1341.0	1379.0	1416.0	1468.0	1521.0	1559.0	1602.0	1640.0
0.0	0.0	0.0	0.0	0.0	0.0	0.0	0.0	0.0	0.0	0.0	0.0	0.0	0.0	0.0	0.0	0.0	0.0	0.0	0.0	0.0	0.0	0.0	0.0	0.0	0.0	0.0	0.0	0.0	0.0	0.0	0.0	0.0	0.0	0.0	0.0	0.0	0.0	0.0	1.0	1.0	1.0	2.0	2.0	2.0	2.0	2.0	2.0	2.0	5.0	6.0	7.0	7.0	8.0	10.0	10.0	11.0	15.0	16.0	19.0	22.0	24.0	27.0	32.0	39.0	47.0	50.0	59.0	67.0	81.0	101.0	110.0	130.0	149.0	166.0	193.0	218.0	242.0	273.0	295.0	329.0	367.0	406.0	439.0	477.0	529.0	565.0	601.0	640.0	675.0	711.0	749.0	786.0	826.0	879.0	936.0	977.0	1034.0	1082.0	1140.0	1189.0	1251.0	1302.0	1358.0	1392.0	1433.0	1474.0	1524.0	1569.0	1611.0	1641.0	1677.0	1712.0
0.0	0.0	0.0	0.0	0.0	0.0	0.0	0.0	0.0	0.0	0.0	0.0	0.0	0.0	0.0	0.0	0.0	0.0	0.0	0.0	0.0	0.0	0.0	0.0	0.0	0.0	0.0	0.0	0.0	0.0	0.0	0.0	0.0	0.0	0.0	0.0	0.0	0.0	0.0	1.0	1.0	1.0	2.0	2.0	2.0	2.0	2.0	2.0	2.0	3.0	3.0	3.0	4.0	4.0	4.0	7.0	9.0	10.0	11.0	15.0	16.0	19.0	21.0	25.0	30.0	37.0	39.0	46.0	51.0	58.0	65.0	76.0	85.0	98.0	111.0	121.0	128.0	145.0	160.0	171.0	190.0	211.0	229.0	246.0	273.0	310.0	344.0	376.0	408.0	440.0	469.0	501.0	531.0	574.0	609.0	646.0	685.0	725.0	767.0	821.0	863.0	909.0	959.0	1006.0	1046.0	1086.0	1142.0	1183.0	1219.0	1256.0	1308.0	1350.0	1397.0
0.0	0.0	0.0	0.0	0.0	0.0	0.0	0.0	0.0	0.0	0.0	0.0	0.0	0.0	0.0	0.0	0.0	0.0	0.0	0.0	0.0	0.0	0.0	0.0	0.0	0.0	0.0	0.0	0.0	0.0	0.0	0.0	0.0	0.0	0.0	0.0	0.0	0.0	0.0	0.0	0.0	1.0	1.0	1.0	2.0	2.0	2.0	3.0	3.0	4.0	4.0	6.0	8.0	8.0	8.0	9.0	11.0	15.0	17.0	25.0	29.0	34.0	37.0	39.0	46.0	54.0	62.0	71.0	75.0	86.0	99.0	120.0	130.0	147.0	175.0	189.0	205.0	225.0	261.0	290.0	309.0	350.0	377.0	415.0	450.0	495.0	543.0	582.0	627.0	676.0	722.0	764.0	802.0	846.0	906.0	949.0	1003.0	1042.0	1090.0	1140.0	1190.0	1232.0	1278.0	1316.0	1364.0	1416.0	1445.0	1492.0	1539.0	1581.0	1621.0	1654.0	1703.0
0.0	0.0	0.0	0.0	0.0	0.0	0.0	0.0	0.0	0.0	0.0	0.0	0.0	0.0	0.0	0.0	0.0	0.0	0.0	0.0	0.0	0.0	0.0	0.0	0.0	0.0	0.0	0.0	0.0	0.0	0.0	0.0	1.0	1.0	1.0	1.0	1.0	1.0	2.0	2.0	2.0	2.0	2.0	2.0	2.0	2.0	2.0	2.0	3.0	3.0	3.0	4.0	5.0	6.0	8.0	8.0	8.0	9.0	9.0	11.0	12.0	13.0	14.0	19.0	22.0	23.0	30.0	38.0	44.0	52.0	59.0	62.0	72.0	81.0	90.0	103.0	120.0	129.0	144.0	162.0	178.0	202.0	219.0	245.0	268.0	287.0	317.0	354.0	382.0	411.0	443.0	477.0	514.0	554.0	596.0	635.0	672.0	723.0	777.0	814.0	877.0	922.0	973.0	1026.0	1072.0	1129.0	1169.0	1209.0	1258.0	1317.0	1364.0	1415.0	1448.0
0.0	0.0	0.0	0.0	0.0	0.0	0.0	0.0	0.0	0.0	0.0	0.0	0.0	0.0	0.0	0.0	0.0	0.0	0.0	0.0	0.0	0.0	0.0	0.0	0.0	0.0	0.0	0.0	0.0	0.0	0.0	0.0	1.0	1.0	1.0	1.0	1.0	1.0	1.0	1.0	2.0	2.0	2.0	3.0	3.0	3.0	3.0	4.0	4.0	5.0	5.0	5.0	8.0	8.0	9.0	10.0	12.0	15.0	15.0	17.0	20.0	22.0	28.0	31.0	35.0	41.0	44.0	53.0	61.0	66.0	77.0	87.0	98.0	116.0	126.0	135.0	156.0	170.0	189.0	211.0	232.0	263.0	282.0	310.0	346.0	376.0	403.0	442.0	475.0	512.0	562.0	611.0	657.0	696.0	733.0	776.0	829.0	887.0	938.0	983.0	1043.0	1092.0	1140.0	1186.0	1228.0	1269.0	1311.0	1362.0	1411.0	1451.0	1490.0	1531.0	1573.0
0.0	0.0	0.0	0.0	0.0	0.0	0.0	0.0	0.0	0.0	0.0	0.0	0.0	0.0	0.0	0.0	0.0	0.0	0.0	0.0	0.0	0.0	0.0	0.0	0.0	0.0	0.0	0.0	0.0	0.0	0.0	0.0	0.0	0.0	0.0	0.0	0.0	0.0	1.0	1.0	1.0	1.0	1.0	1.0	2.0	2.0	2.0	2.0	2.0	2.0	2.0	2.0	3.0	3.0	3.0	3.0	3.0	3.0	5.0	6.0	8.0	8.0	8.0	8.0	9.0	9.0	14.0	18.0	24.0	29.0	36.0	37.0	44.0	48.0	54.0	63.0	68.0	76.0	83.0	94.0	110.0	121.0	133.0	146.0	158.0	173.0	194.0	216.0	232.0	255.0	277.0	300.0	327.0	353.0	389.0	426.0	451.0	494.0	529.0	564.0	602.0	650.0	685.0	732.0	769.0	823.0	879.0	936.0	986.0	1021.0	1061.0	1113.0	1145.0
0.0	0.0	0.0	0.0	0.0	0.0	0.0	0.0	0.0	0.0	0.0	0.0	0.0	0.0	0.0	0.0	0.0	0.0	0.0	0.0	0.0	0.0	0.0	0.0	0.0	0.0	0.0	0.0	0.0	0.0	0.0	0.0	0.0	0.0	0.0	1.0	1.0	2.0	2.0	2.0	2.0	3.0	4.0	6.0	6.0	7.0	8.0	8.0	9.0	11.0	12.0	13.0	13.0	16.0	21.0	23.0	25.0	27.0	30.0	33.0	37.0	44.0	49.0	52.0	63.0	71.0	81.0	95.0	99.0	115.0	130.0	144.0	164.0	183.0	205.0	229.0	247.0	275.0	300.0	326.0	360.0	393.0	431.0	464.0	501.0	548.0	587.0	640.0	687.0	737.0	791.0	831.0	878.0	933.0	996.0	1044.0	1082.0	1125.0	1169.0	1220.0	1261.0	1306.0	1341.0	1384.0	1443.0	1486.0	1522.0	1559.0	1592.0	1640.0	1682.0	1708.0	1744.0
0.0	0.0	0.0	0.0	0.0	0.0	0.0	0.0	0.0	0.0	0.0	0.0	0.0	0.0	0.0	0.0	0.0	0.0	0.0	0.0	0.0	0.0	0.0	0.0	0.0	0.0	0.0	0.0	0.0	0.0	0.0	0.0	0.0	0.0	0.0	0.0	0.0	0.0	0.0	0.0	0.0	0.0	0.0	0.0	1.0	2.0	3.0	3.0	3.0	4.0	5.0	6.0	7.0	8.0	10.0	13.0	16.0	17.0	22.0	26.0	27.0	31.0	35.0	42.0	52.0	56.0	63.0	71.0	78.0	87.0	105.0	130.0	143.0	162.0	184.0	201.0	220.0	250.0	276.0	304.0	334.0	364.0	390.0	425.0	467.0	499.0	533.0	561.0	604.0	635.0	676.0	722.0	770.0	809.0	850.0	899.0	941.0	991.0	1030.0	1085.0	1136.0	1184.0	1229.0	1263.0	1308.0	1359.0	1400.0	1442.0	1486.0	1526.0	1566.0	1604.0	1645.0
0.0	0.0	0.0	0.0	0.0	0.0	0.0	0.0	0.0	0.0	0.0	0.0	0.0	0.0	0.0	0.0	0.0	0.0	0.0	0.0	0.0	0.0	0.0	0.0	0.0	0.0	0.0	0.0	0.0	0.0	0.0	0.0	0.0	0.0	0.0	0.0	1.0	1.0	1.0	1.0	1.0	1.0	1.0	1.0	2.0	3.0	3.0	3.0	3.0	4.0	4.0	6.0	7.0	10.0	10.0	11.0	11.0	13.0	13.0	19.0	19.0	23.0	26.0	29.0	30.0	31.0	36.0	46.0	57.0	67.0	75.0	80.0	93.0	107.0	119.0	133.0	148.0	164.0	189.0	213.0	232.0	255.0	272.0	298.0	326.0	358.0	399.0	419.0	454.0	496.0	531.0	561.0	602.0	639.0	680.0	740.0	783.0	827.0	870.0	916.0	976.0	1044.0	1094.0	1135.0	1184.0	1224.0	1280.0	1336.0	1386.0	1438.0	1486.0	1540.0	1588.0
0.0	0.0	0.0	0.0	0.0	0.0	0.0	0.0	0.0	0.0	0.0	0.0	0.0	0.0	0.0	0.0	0.0	0.0	0.0	0.0	0.0	0.0	0.0	0.0	0.0	0.0	0.0	0.0	0.0	0.0	0.0	0.0	0.0	0.0	0.0	0.0	0.0	0.0	1.0	1.0	1.0	1.0	1.0	3.0	3.0	4.0	4.0	4.0	4.0	5.0	6.0	7.0	8.0	9.0	10.0	12.0	15.0	17.0	19.0	26.0	32.0	36.0	43.0	50.0	58.0	70.0	75.0	92.0	103.0	118.0	138.0	155.0	176.0	202.0	229.0	251.0	274.0	302.0	338.0	376.0	402.0	435.0	472.0	512.0	558.0	611.0	665.0	700.0	745.0	805.0	857.0	916.0	963.0	1008.0	1069.0	1118.0	1175.0	1230.0	1293.0	1345.0	1390.0	1436.0	1493.0	1539.0	1580.0	1621.0	1663.0	1702.0	1740.0	1773.0	1802.0	1836.0	1878.0
0.0	0.0	0.0	0.0	0.0	0.0	0.0	0.0	0.0	0.0	0.0	0.0	0.0	0.0	0.0	0.0	0.0	0.0	0.0	0.0	0.0	0.0	0.0	0.0	0.0	0.0	0.0	0.0	0.0	0.0	0.0	0.0	0.0	0.0	0.0	0.0	0.0	0.0	0.0	0.0	2.0	2.0	3.0	5.0	6.0	7.0	10.0	10.0	10.0	13.0	13.0	13.0	18.0	19.0	21.0	22.0	24.0	27.0	32.0	37.0	42.0	49.0	57.0	62.0	67.0	80.0	95.0	102.0	112.0	125.0	137.0	145.0	162.0	176.0	201.0	221.0	246.0	269.0	292.0	323.0	352.0	383.0	414.0	454.0	490.0	534.0	577.0	616.0	653.0	692.0	740.0	786.0	830.0	871.0	918.0	967.0	1013.0	1057.0	1114.0	1161.0	1209.0	1263.0	1316.0	1380.0	1424.0	1473.0	1514.0	1564.0	1598.0	1637.0	1678.0	1714.0	1750.0
0.0	0.0	0.0	0.0	0.0	0.0	0.0	0.0	0.0	0.0	0.0	0.0	0.0	0.0	0.0	0.0	0.0	0.0	0.0	0.0	0.0	0.0	0.0	0.0	0.0	0.0	0.0	0.0	0.0	0.0	0.0	0.0	0.0	0.0	0.0	0.0	0.0	0.0	0.0	0.0	0.0	0.0	1.0	1.0	1.0	1.0	1.0	2.0	2.0	2.0	2.0	2.0	3.0	5.0	6.0	7.0	7.0	8.0	9.0	13.0	13.0	16.0	19.0	22.0	28.0	32.0	39.0	43.0	49.0	61.0	66.0	72.0	81.0	89.0	100.0	110.0	120.0	145.0	164.0	182.0	201.0	220.0	241.0	268.0	300.0	336.0	353.0	389.0	432.0	460.0	503.0	547.0	589.0	624.0	660.0	708.0	738.0	780.0	828.0	872.0	926.0	985.0	1036.0	1081.0	1112.0	1166.0	1223.0	1270.0	1323.0	1365.0	1403.0	1445.0	1489.0
0.0	0.0	0.0	0.0	0.0	0.0	0.0	0.0	0.0	0.0	0.0	0.0	0.0	0.0	0.0	0.0	0.0	0.0	0.0	0.0	0.0	0.0	0.0	0.0	0.0	0.0	0.0	0.0	0.0	0.0	0.0	0.0	0.0	0.0	0.0	0.0	0.0	0.0	0.0	0.0	0.0	0.0	0.0	0.0	0.0	0.0	0.0	0.0	0.0	0.0	0.0	0.0	0.0	0.0	0.0	0.0	0.0	0.0	0.0	0.0	0.0	0.0	0.0	1.0	1.0	2.0	2.0	2.0	4.0	7.0	8.0	8.0	8.0	11.0	12.0	13.0	15.0	15.0	17.0	19.0	23.0	24.0	27.0	34.0	42.0	47.0	55.0	57.0	64.0	69.0	73.0	86.0	100.0	108.0	117.0	132.0	141.0	152.0	168.0	181.0	193.0	213.0	227.0	255.0	280.0	313.0	340.0	361.0	405.0	425.0	463.0	493.0	528.0
0.0	0.0	0.0	0.0	0.0	0.0	0.0	0.0	0.0	0.0	0.0	0.0	0.0	0.0	0.0	0.0	0.0	0.0	0.0	0.0	0.0	0.0	0.0	0.0	0.0	0.0	1.0	1.0	1.0	1.0	1.0	1.0	1.0	2.0	2.0	2.0	2.0	2.0	2.0	2.0	3.0	3.0	3.0	3.0	3.0	3.0	3.0	3.0	3.0	4.0	4.0	5.0	6.0	7.0	7.0	9.0	12.0	13.0	13.0	16.0	17.0	17.0	25.0	25.0	29.0	37.0	40.0	45.0	61.0	66.0	71.0	78.0	88.0	102.0	114.0	125.0	142.0	161.0	181.0	196.0	206.0	228.0	254.0	274.0	306.0	344.0	384.0	414.0	441.0	486.0	532.0	566.0	604.0	653.0	702.0	749.0	795.0	838.0	875.0	925.0	969.0	1018.0	1052.0	1103.0	1154.0	1193.0	1229.0	1270.0	1310.0	1343.0	1391.0	1442.0	1492.0
0.0	0.0	0.0	0.0	0.0	0.0	0.0	0.0	0.0	0.0	0.0	0.0	0.0	0.0	0.0	0.0	0.0	0.0	0.0	0.0	0.0	1.0	1.0	1.0	1.0	1.0	1.0	1.0	1.0	1.0	1.0	1.0	1.0	2.0	2.0	2.0	2.0	2.0	2.0	2.0	2.0	2.0	2.0	2.0	3.0	3.0	3.0	4.0	4.0	6.0	7.0	8.0	9.0	11.0	11.0	12.0	13.0	14.0	16.0	16.0	19.0	22.0	28.0	35.0	43.0	56.0	69.0	82.0	96.0	111.0	122.0	139.0	164.0	176.0	204.0	224.0	243.0	269.0	297.0	323.0	354.0	384.0	413.0	450.0	477.0	514.0	557.0	612.0	664.0	710.0	760.0	804.0	851.0	890.0	935.0	978.0	1028.0	1080.0	1128.0	1176.0	1222.0	1269.0	1314.0	1363.0	1407.0	1446.0	1487.0	1530.0	1576.0	1627.0	1665.0	1698.0	1735.0
0.0	0.0	0.0	0.0	0.0	0.0	0.0	0.0	0.0	0.0	0.0	0.0	0.0	0.0	0.0	0.0	0.0	0.0	0.0	0.0	0.0	0.0	0.0	0.0	0.0	0.0	0.0	0.0	0.0	0.0	0.0	0.0	0.0	0.0	0.0	0.0	0.0	0.0	0.0	0.0	1.0	2.0	2.0	2.0	4.0	4.0	5.0	5.0	6.0	6.0	8.0	11.0	11.0	12.0	13.0	14.0	15.0	16.0	21.0	26.0	30.0	33.0	39.0	48.0	57.0	59.0	67.0	77.0	85.0	102.0	116.0	132.0	148.0	163.0	178.0	200.0	219.0	238.0	263.0	288.0	312.0	344.0	367.0	394.0	429.0	465.0	505.0	543.0	583.0	615.0	659.0	697.0	739.0	774.0	824.0	873.0	913.0	971.0	1018.0	1080.0	1121.0	1156.0	1197.0	1234.0	1286.0	1321.0	1363.0	1419.0	1462.0	1497.0	1551.0	1591.0	1621.0
0.0	0.0	0.0	0.0	0.0	0.0	0.0	0.0	0.0	0.0	0.0	0.0	0.0	0.0	0.0	0.0	0.0	0.0	0.0	0.0	0.0	0.0	0.0	0.0	0.0	0.0	0.0	0.0	0.0	0.0	0.0	0.0	0.0	0.0	0.0	0.0	0.0	0.0	0.0	0.0	0.0	1.0	1.0	1.0	1.0	1.0	1.0	1.0	1.0	2.0	2.0	2.0	3.0	3.0	3.0	3.0	3.0	3.0	3.0	4.0	6.0	7.0	7.0	7.0	8.0	9.0	10.0	12.0	12.0	14.0	19.0	23.0	29.0	34.0	37.0	44.0	51.0	58.0	63.0	73.0	84.0	93.0	102.0	112.0	128.0	143.0	160.0	175.0	192.0	208.0	226.0	250.0	279.0	312.0	342.0	376.0	417.0	449.0	498.0	536.0	579.0	621.0	664.0	705.0	753.0	797.0	850.0	896.0	952.0	993.0	1060.0	1101.0	1146.0
0.0	0.0	0.0	0.0	0.0	0.0	0.0	0.0	0.0	0.0	0.0	0.0	0.0	0.0	0.0	0.0	0.0	0.0	0.0	0.0	0.0	0.0	0.0	0.0	0.0	0.0	0.0	0.0	0.0	0.0	0.0	0.0	0.0	0.0	0.0	0.0	0.0	1.0	1.0	1.0	1.0	1.0	1.0	1.0	1.0	2.0	2.0	2.0	2.0	3.0	3.0	3.0	4.0	4.0	4.0	5.0	5.0	6.0	6.0	6.0	8.0	9.0	12.0	14.0	15.0	16.0	16.0	20.0	26.0	30.0	42.0	52.0	62.0	69.0	78.0	89.0	97.0	108.0	124.0	134.0	156.0	170.0	187.0	204.0	218.0	243.0	275.0	314.0	344.0	387.0	414.0	450.0	499.0	536.0	574.0	616.0	658.0	712.0	755.0	800.0	849.0	892.0	932.0	977.0	1021.0	1066.0	1114.0	1167.0	1228.0	1279.0	1316.0	1354.0	1404.0
0.0	0.0	0.0	0.0	0.0	0.0	0.0	0.0	0.0	0.0	0.0	0.0	0.0	0.0	0.0	0.0	0.0	0.0	0.0	0.0	0.0	0.0	0.0	0.0	0.0	0.0	0.0	0.0	0.0	0.0	0.0	0.0	0.0	0.0	0.0	0.0	0.0	0.0	0.0	0.0	0.0	0.0	0.0	0.0	0.0	1.0	1.0	1.0	1.0	1.0	1.0	1.0	1.0	2.0	2.0	2.0	2.0	2.0	2.0	2.0	3.0	4.0	5.0	5.0	6.0	7.0	10.0	11.0	13.0	15.0	17.0	20.0	27.0	27.0	33.0	38.0	43.0	55.0	62.0	70.0	74.0	83.0	92.0	103.0	118.0	128.0	139.0	160.0	181.0	204.0	231.0	256.0	295.0	317.0	348.0	371.0	398.0	431.0	468.0	515.0	554.0	591.0	632.0	667.0	697.0	744.0	780.0	833.0	883.0	933.0	984.0	1025.0	1067.0
0.0	0.0	0.0	0.0	0.0	0.0	0.0	0.0	0.0	0.0	0.0	0.0	0.0	0.0	0.0	0.0	0.0	0.0	0.0	0.0	0.0	1.0	1.0	1.0	1.0	1.0	1.0	1.0	1.0	1.0	1.0	1.0	1.0	1.0	1.0	1.0	1.0	1.0	1.0	1.0	1.0	1.0	1.0	1.0	1.0	1.0	1.0	1.0	1.0	1.0	1.0	1.0	1.0	1.0	1.0	1.0	1.0	1.0	1.0	1.0	1.0	2.0	2.0	2.0	3.0	4.0	4.0	4.0	4.0	6.0	6.0	7.0	9.0	9.0	10.0	13.0	19.0	22.0	29.0	33.0	39.0	43.0	47.0	56.0	64.0	74.0	79.0	87.0	99.0	114.0	127.0	149.0	175.0	195.0	211.0	233.0	254.0	287.0	323.0	351.0	380.0	398.0	428.0	462.0	506.0	549.0	595.0	630.0	673.0	719.0	763.0	800.0	843.0
0.0	0.0	0.0	0.0	0.0	0.0	0.0	0.0	0.0	0.0	0.0	0.0	0.0	0.0	0.0	0.0	0.0	0.0	0.0	0.0	0.0	1.0	1.0	1.0	1.0	1.0	1.0	1.0	1.0	1.0	1.0	1.0	1.0	1.0	1.0	2.0	2.0	2.0	3.0	3.0	3.0	5.0	6.0	6.0	6.0	6.0	7.0	7.0	8.0	8.0	9.0	10.0	11.0	12.0	13.0	16.0	22.0	28.0	32.0	39.0	44.0	55.0	66.0	79.0	94.0	104.0	117.0	133.0	149.0	167.0	186.0	210.0	243.0	260.0	289.0	310.0	337.0	371.0	408.0	441.0	490.0	535.0	571.0	606.0	649.0	705.0	737.0	779.0	829.0	873.0	931.0	989.0	1041.0	1090.0	1132.0	1175.0	1236.0	1278.0	1332.0	1384.0	1422.0	1474.0	1521.0	1563.0	1621.0	1665.0	1711.0	1752.0	1785.0	1823.0	1863.0	1906.0	1943.0
0.0	0.0	0.0	0.0	0.0	0.0	0.0	0.0	0.0	0.0	0.0	0.0	0.0	0.0	0.0	0.0	0.0	0.0	0.0	0.0	0.0	0.0	0.0	0.0	0.0	0.0	0.0	1.0	1.0	1.0	1.0	1.0	1.0	1.0	1.0	1.0	1.0	1.0	1.0	1.0	1.0	1.0	1.0	1.0	3.0	4.0	4.0	4.0	4.0	4.0	4.0	4.0	4.0	4.0	5.0	5.0	5.0	6.0	6.0	6.0	6.0	6.0	9.0	10.0	12.0	13.0	18.0	28.0	30.0	37.0	42.0	48.0	54.0	60.0	67.0	71.0	76.0	86.0	91.0	102.0	114.0	128.0	145.0	165.0	180.0	189.0	204.0	230.0	263.0	284.0	316.0	343.0	376.0	415.0	447.0	482.0	529.0	565.0	609.0	657.0	695.0	741.0	786.0	820.0	878.0	925.0	979.0	1022.0	1081.0	1126.0	1184.0	1239.0	1281.0
0.0	0.0	0.0	0.0	0.0	0.0	0.0	0.0	0.0	0.0	0.0	0.0	0.0	0.0	0.0	0.0	0.0	0.0	0.0	0.0	0.0	0.0	0.0	0.0	0.0	0.0	0.0	0.0	0.0	0.0	0.0	0.0	0.0	0.0	0.0	0.0	0.0	1.0	1.0	2.0	3.0	3.0	3.0	3.0	3.0	4.0	4.0	4.0	4.0	7.0	8.0	8.0	9.0	11.0	14.0	17.0	19.0	21.0	23.0	24.0	25.0	28.0	30.0	36.0	40.0	44.0	48.0	64.0	74.0	85.0	91.0	98.0	113.0	124.0	139.0	155.0	172.0	189.0	216.0	231.0	245.0	282.0	302.0	330.0	362.0	400.0	433.0	469.0	494.0	534.0	565.0	609.0	656.0	696.0	740.0	780.0	826.0	876.0	923.0	976.0	1026.0	1077.0	1136.0	1182.0	1229.0	1273.0	1314.0	1348.0	1400.0	1451.0	1490.0	1526.0	1570.0
0.0	0.0	0.0	0.0	0.0	0.0	0.0	0.0	0.0	0.0	0.0	0.0	0.0	0.0	0.0	0.0	0.0	0.0	0.0	0.0	0.0	0.0	0.0	0.0	0.0	0.0	0.0	0.0	0.0	0.0	0.0	0.0	0.0	0.0	0.0	0.0	0.0	0.0	0.0	1.0	1.0	1.0	2.0	2.0	3.0	3.0	3.0	4.0	4.0	4.0	6.0	6.0	6.0	6.0	6.0	6.0	7.0	7.0	7.0	7.0	7.0	9.0	10.0	12.0	13.0	14.0	16.0	19.0	25.0	31.0	34.0	37.0	41.0	49.0	58.0	65.0	74.0	81.0	94.0	105.0	117.0	125.0	143.0	155.0	163.0	181.0	197.0	217.0	245.0	264.0	300.0	320.0	347.0	382.0	414.0	443.0	478.0	506.0	548.0	588.0	627.0	676.0	720.0	766.0	788.0	831.0	879.0	930.0	982.0	1024.0	1074.0	1108.0	1151.0
0.0	0.0	0.0	0.0	0.0	0.0	0.0	0.0	0.0	0.0	0.0	0.0	0.0	0.0	0.0	0.0	0.0	0.0	0.0	0.0	0.0	0.0	0.0	0.0	0.0	0.0	0.0	0.0	0.0	0.0	0.0	0.0	0.0	0.0	0.0	0.0	0.0	0.0	0.0	0.0	0.0	0.0	0.0	0.0	0.0	0.0	0.0	1.0	1.0	1.0	1.0	2.0	2.0	2.0	2.0	2.0	2.0	3.0	5.0	5.0	5.0	6.0	6.0	7.0	9.0	11.0	14.0	14.0	16.0	18.0	21.0	22.0	27.0	33.0	39.0	43.0	48.0	51.0	56.0	61.0	71.0	78.0	92.0	102.0	112.0	124.0	130.0	147.0	161.0	175.0	197.0	218.0	238.0	267.0	294.0	312.0	347.0	377.0	402.0	443.0	480.0	503.0	537.0	603.0	634.0	676.0	729.0	789.0	836.0	884.0	921.0	973.0	1028.0
