499995.0,499994.0,499993.0,499992.0,499991.0,499990.0,499988.0,499988.0,499986.0,499981.0,499979.0,499977.0,499970.0,499964.0,499956.0,499948.0,499937.0,499928.0,499912.0,499895.0,499873.0,499844.0,499815.0,499788.0,499753.0,499708.0,499655.0,499576.0,499501.0,499409.0,499307.0,499194.0,499058.0,498869.0,498670.0,498411.0,498151.0,497833.0,497453.0,497064.0,496556.0,495989.0,495370.0,494632.0,493763.0,492730.0,491587.0,490329.0,488812.0,487012.0,484962.0,482687.0,480071.0,477012.0,473548.0,469593.0,465215.0,460065.0,458178.0,456299.0,454576.0,452903.0,451355.0,449912.0,448575.0,447416.0,446339.0,445414.0,444565.0,443830.0,443200.0,442602.0,442087.0,441697.0,441293.0,440965.0,440650.0,440373.0,440135.0,439900.0,439696.0,439494.0,439329.0,439184.0,439083.0,438981.0,438870.0,438789.0,438718.0
499995.0,499992.0,499991.0,499990.0,499986.0,499980.0,499974.0,499966.0,499961.0,499954.0,499949.0,499942.0,499931.0,499918.0,499899.0,499888.0,499873.0,499843.0,499809.0,499774.0,499738.0,499690.0,499640.0,499583.0,499521.0,499449.0,499362.0,499282.0,499158.0,499019.0,498853.0,498658.0,498460.0,498214.0,497911.0,497575.0,497163.0,496709.0,496182.0,495615.0,494900.0,494101.0,493210.0,492157.0,490892.0,489400.0,487747.0,485843.0,483608.0,481094.0,478167.0,474798.0,470895.0,466439.0,461508.0,455865.0,449606.0,442628.0,440014.0,437616.0,435272.0,433173.0,431149.0,429345.0,427718.0,426272.0,424995.0,423858.0,422855.0,421950.0,421142.0,420445.0,419857.0,419324.0,418841.0,418398.0,418052.0,417744.0,417474.0,417218.0,416957.0,416728.0,416539.0,416386.0,416244.0,416124.0,415995.0,415865.0,415778.0
499995.0,499995.0,499995.0,499994.0,499994.0,499993.0,499992.0,499992.0,499992.0,499990.0,499989.0,499988.0,499987.0,499984.0,499984.0,499980.0,499978.0,499977.0,499973.0,499973.0,499970.0,499962.0,499955.0,499949.0,499945.0,499934.0,499922.0,499911.0,499904.0,499890.0,499873.0,499860.0,499830.0,499806.0,499766.0,499729.0,499693.0,499635.0,499589.0,499507.0,499414.0,499339.0,499226.0,499089.0,498943.0,498785.0,498578.0,498369.0,498124.0,497812.0,497439.0,497012.0,496514.0,495954.0,495313.0,494589.0,493703.0,492732.0,492360.0,491971.0,491619.0,491280.0,490945.0,490600.0,490315.0,490077.0,489831.0,489627.0,489452.0,489291.0,489128.0,488993.0,488868.0,488763.0,488662.0,488580.0,488504.0,488429.0,488376.0,488327.0,488270.0,488221.0,488168.0,488123.0,488084.0,488053.0,488028.0,488003.0,487985.0
499995.0,499994.0,499994.0,499993.0,499990.0,499988.0,499985.0,499982.0,499980.0,499975.0,499967.0,499954.0,499942.0,499935.0,499922.0,499909.0,499893.0,499872.0,499845.0,499817.0,499789.0,499759.0,499722.0,499681.0,499628.0,499572.0,499504.0,499423.0,499300.0,499194.0,499056.0,498905.0,498729.0,498503.0,498241.0,497955.0,497587.0,497176.0,496718.0,496231.0,495632.0,494894.0,494078.0,493126.0,492035.0,490708.0,489216.0,487584.0,485649.0,483380.0,480832.0,477884.0,474504.0,470660.0,466350.0,461493.0,455958.0,449738.0,447484.0,445295.0,443130.0,441040.0,439108.0,437396.0,435824.0,434410.0,433191.0,432073.0,431121.0,430254.0,429424.0,428746.0,428099.0,427621.0,427156.0,426714.0,426305.0,425972.0,425664.0,425410.0,425133.0,424910.0,424704.0,424528.0,424386.0,424265.0,424155.0,424047.0,423940.0
499995.0,499994.0,499991.0,499990.0,499988.0,499987.0,499987.0,499984.0,499983.0,499977.0,499974.0,499973.0,499970.0,499966.0,499962.0,499961.0,499956.0,499953.0,499942.0,499937.0,499930.0,499915.0,499907.0,499889.0,499878.0,499857.0,499832.0,499805.0,499772.0,499731.0,499686.0,499637.0,499570.0,499490.0,499422.0,499336.0,499211.0,499088.0,498943.0,498775.0,498577.0,498309.0,498006.0,497654.0,497275.0,496828.0,496350.0,495751.0,495028.0,494235.0,493333.0,492302.0,491071.0,489677.0,488081.0,486207.0,483992.0,481468.0,480546.0,479653.0,478696.0,477868.0,477079.0,476307.0,475655.0,475048.0,474481.0,473953.0,473480.0,473061.0,472694.0,472346.0,472049.0,471795.0,471581.0,471360.0,471182.0,471032.0,470881.0,470727.0,470609.0,470514.0,470414.0,470309.0,470218.0,470134.0,470065.0,470006.0,469960.0
499995.0,499995.0,499994.0,499993.0,499991.0,499990.0,499985.0,499982.0,499980.0,499973.0,499967.0,499962.0,499954.0,499950.0,499943.0,499932.0,499917.0,499900.0,499886.0,499860.0,499841.0,499809.0,499776.0,499739.0,499685.0,499639.0,499591.0,499520.0,499435.0,499332.0,499219.0,499095.0,498952.0,498787.0,498596.0,498373.0,498096.0,497746.0,497365.0,496910.0,496394.0,495796.0,495142.0,494332.0,493376.0,492286.0,491015.0,489569.0,487859.0,485962.0,483846.0,481316.0,478381.0,475066.0,471300.0,466971.0,462121.0,456822.0,454873.0,452995.0,451127.0,449385.0,447769.0,446249.0,444891.0,443654.0,442519.0,441521.0,440603.0,439819.0,439156.0,438560.0,438006.0,437504.0,437107.0,436721.0,436349.0,436052.0,435800.0,435590.0,435389.0,435188.0,435022.0,434882.0,434755.0,434624.0,434536.0,434434.0,434364.0
499995.0,499993.0,499992.0,499990.0,499988.0,499987.0,499983.0,499981.0,499976.0,499972.0,499963.0,499957.0,499945.0,499930.0,499915.0,499903.0,499888.0,499863.0,499839.0,499812.0,499779.0,499730.0,499680.0,499631.0,499576.0,499495.0,499407.0,499287.0,499166.0,499028.0,498867.0,498665.0,498428.0,498179.0,497873.0,497513.0,497119.0,496642.0,496077.0,495467.0,494747.0,493893.0,492962.0,491853.0,490545.0,489096.0,487368.0,485512.0,483300.0,480681.0,477821.0,474427.0,470661.0,466480.0,461650.0,456344.0,450263.0,443472.0,440990.0,438606.0,436294.0,434087.0,432141.0,430339.0,428707.0,427284.0,426015.0,424853.0,423870.0,422930.0,422141.0,421474.0,420877.0,420331.0,419878.0,419469.0,419077.0,418727.0,418451.0,418197.0,417992.0,417796.0,417610.0,417435.0,417312.0,417180.0,417076.0,416990.0,416894.0
499995.0,499994.0,499994.0,499992.0,499990.0,499990.0,499986.0,499985.0,499983.0,499981.0,499979.0,499975.0,499968.0,499966.0,499959.0,499954.0,499943.0,499933.0,499922.0,499910.0,499901.0,499880.0,499859.0,499835.0,499802.0,499765.0,499734.0,499689.0,499627.0,499557.0,499480.0,499402.0,499292.0,499162.0,499011.0,498851.0,498675.0,498451.0,498193.0,497896.0,497564.0,497130.0,496699.0,496189.0,495604.0,494857.0,494028.0,493085.0,491970.0,490644.0,489045.0,487260.0,485263.0,482971.0,480336.0,477350.0,473965.0,469942.0,468507.0,467084.0,465727.0,464443.0,463241.0,462083.0,461026.0,460075.0,459223.0,458430.0,457685.0,457078.0,456552.0,456081.0,455669.0,455299.0,454949.0,454688.0,454407.0,454148.0,453947.0,453751.0,453584.0,453435.0,453298.0,453164.0,453051.0,452939.0,452848.0,452769.0,452702.0
499995.0,499994.0,499991.0,499989.0,499987.0,499986.0,499981.0,499973.0,499967.0,499961.0,499949.0,499935.0,499918.0,499894.0,499878.0,499851.0,499811.0,499778.0,499732.0,499692.0,499641.0,499570.0,499492.0,499401.0,499292.0,499163.0,498999.0,498842.0,498644.0,498386.0,498096.0,497751.0,497334.0,496910.0,496422.0,495781.0,495115.0,494308.0,493359.0,492303.0,491037.0,489664.0,488003.0,486063.0,483924.0,481423.0,478565.0,475294.0,471584.0,467385.0,462631.0,457292.0,451279.0,444598.0,437179.0,429031.0,420290.0,410923.0,407545.0,404219.0,401151.0,398226.0,395607.0,393214.0,391117.0,389288.0,387592.0,386151.0,384929.0,383863.0,382944.0,382187.0,381442.0,380869.0,380301.0,379831.0,379450.0,379071.0,378746.0,378474.0,378249.0,378016.0,377834.0,377672.0,377542.0,377417.0,377320.0,377241.0,377160.0
499995.0,499992.0,499991.0,499989.0,499986.0,499984.0,499978.0,499975.0,499967.0,499958.0,499955.0,499951.0,499945.0,499939.0,499927.0,499915.0,499901.0,499882.0,499861.0,499841.0,499813.0,499777.0,499741.0,499697.0,499640.0,499565.0,499474.0,499394.0,499303.0,499185.0,499059.0,498909.0,498744.0,498519.0,498281.0,498000.0,497702.0,497358.0,496945.0,496441.0,495835.0,495165.0,494435.0,493525.0,492497.0,491348.0,490012.0,488385.0,486530.0,484444.0,482047.0,479276.0,476171.0,472448.0,468377.0,463674.0,458601.0,452794.0,450639.0,448548.0,446459.0,444543.0,442810.0,441166.0,439676.0,438444.0,437313.0,436286.0,435423.0,434631.0,433914.0,433277.0,432680.0,432208.0,431781.0,431397.0,431061.0,430745.0,430481.0,430255.0,430012.0,429820.0,429652.0,429503.0,429360.0,429247.0,429150.0,429066.0,428979.0
499995.0,499993.0,499991.0,499988.0,499987.0,499983.0,499980.0,499978.0,499971.0,499967.0,499963.0,499953.0,499942.0,499931.0,499921.0,499903.0,499881.0,499864.0,499844.0,499810.0,499783.0,499736.0,499696.0,499637.0,499550.0,499477.0,499395.0,499294.0,499170.0,499037.0,498885.0,498689.0,498491.0,498257.0,497968.0,497577.0,497205.0,496774.0,496264.0,495639.0,494941.0,494092.0,493143.0,492077.0,490745.0,489216.0,487516.0,485514.0,483284.0,480650.0,477640.0,474184.0,470274.0,465871.0,460901.0,455279.0,449057.0,442175.0,439561.0,437108.0,434721.0,432422.0,430384.0,428473.0,426773.0,425157.0,423782.0,422561.0,421508.0,420577.0,419792.0,419045.0,418449.0,417859.0,417354.0,416883.0,416510.0,416133.0,415846.0,415586.0,415361.0,415136.0,414958.0,414791.0,414676.0,414535.0,414417.0,414334.0,414256.0
499995.0,499993.0,499993.0,499990.0,499990.0,499990.0,499985.0,499981.0,499979.0,499974.0,499969.0,499966.0,499962.0,499954.0,499951.0,499942.0,499934.0,499925.0,499913.0,499903.0,499892.0,499876.0,499854.0,499831.0,499800.0,499767.0,499730.0,499682.0,499625.0,499582.0,499527.0,499451.0,499357.0,499248.0,499120.0,498986.0,498836.0,498637.0,498413.0,498133.0,497838.0,497495.0,497098.0,496637.0,496088.0,495457.0,494700.0,493818.0,492821.0,491716.0,490367.0,488861.0,487138.0,485106.0,482857.0,480212.0,477245.0,473882.0,472579.0,471328.0,470081.0,468877.0,467819.0,466845.0,465933.0,465122.0,464387.0,463756.0,463168.0,462584.0,462107.0,461722.0,461357.0,461014.0,460738.0,460494.0,460278.0,460085.0,459919.0,459765.0,459603.0,459481.0,459365.0,459241.0,459133.0,459025.0,458949.0,458878.0,458810.0
499995.0,499994.0,499992.0,499991.0,499991.0,499990.0,499988.0,499987.0,499986.0,499984.0,499982.0,499980.0,499978.0,499976.0,499974.0,499971.0,499970.0,499968.0,499965.0,499961.0,499959.0,499950.0,499946.0,499936.0,499925.0,499914.0,499904.0,499890.0,499879.0,499863.0,499844.0,499826.0,499802.0,499778.0,499751.0,499710.0,499677.0,499624.0,499568.0,499510.0,499443.0,499358.0,499269.0,499167.0,499020.0,498859.0,498687.0,498482.0,498239.0,497982.0,497682.0,497328.0,496880.0,496355.0,495779.0,495139.0,494331.0,493368.0,492992.0,492638.0,492321.0,492009.0,491654.0,491361.0,491071.0,490841.0,490630.0,490436.0,490273.0,490120.0,489984.0,489849.0,489725.0,489624.0,489522.0,489442.0,489345.0,489259.0,489202.0,489155.0,489097.0,489051.0,489007.0,488966.0,488926.0,488890.0,488853.0,488830.0,488801.0
499995.0,499992.0,499989.0,499987.0,499985.0,499980.0,499975.0,499967.0,499964.0,499951.0,499941.0,499935.0,499922.0,499904.0,499888.0,499870.0,499846.0,499815.0,499784.0,499751.0,499718.0,499675.0,499619.0,499558.0,499481.0,499381.0,499286.0,499166.0,499045.0,498902.0,498711.0,498507.0,498273.0,497960.0,497640.0,497268.0,496824.0,496334.0,495701.0,495007.0,494204.0,493289.0,492179.0,490970.0,489524.0,487832.0,485907.0,483651.0,481082.0,478170.0,474876.0,471184.0,466954.0,462198.0,456765.0,450760.0,444116.0,436806.0,434035.0,431410.0,428869.0,426486.0,424313.0,422360.0,420546.0,418952.0,417586.0,416311.0,415214.0,414293.0,413463.0,412713.0,412104.0,411528.0,410991.0,410567.0,410193.0,409869.0,409573.0,409310.0,409060.0,408838.0,408662.0,408479.0,408324.0,408190.0,408070.0,407965.0,407879.0
499995.0,499995.0,499993.0,499992.0,499992.0,499991.0,499987.0,499983.0,499979.0,499976.0,499975.0,499968.0,499961.0,499957.0,499953.0,499946.0,499938.0,499927.0,499916.0,499898.0,499875.0,499856.0,499832.0,499801.0,499770.0,499739.0,499695.0,499645.0,499592.0,499523.0,499435.0,499358.0,499264.0,499129.0,498987.0,498842.0,498665.0,498464.0,498201.0,497907.0,497600.0,497217.0,496805.0,496294.0,495707.0,495056.0,494221.0,493290.0,492149.0,490923.0,489428.0,487726.0,485720.0,483464.0,480894.0,477996.0,474583.0,470730.0,469376.0,467976.0,466627.0,465290.0,464039.0,462922.0,461871.0,461005.0,460152.0,459418.0,458732.0,458157.0,457615.0,457140.0,456718.0,456335.0,455991.0,455697.0,455432.0,455223.0,455005.0,454793.0,454612.0,454431.0,454292.0,454160.0,454042.0,453937.0,453852.0,453749.0,453672.0
499995.0,499993.0,499989.0,499988.0,499984.0,499977.0,499969.0,499963.0,499957.0,499942.0,499930.0,499914.0,499892.0,499870.0,499841.0,499807.0,499773.0,499740.0,499688.0,499623.0,499563.0,499483.0,499400.0,499299.0,499153.0,499022.0,498846.0,498608.0,498340.0,498064.0,497730.0,497390.0,496946.0,496422.0,495833.0,495178.0,494383.0,493455.0,492315.0,490975.0,489475.0,487713.0,485668.0,483367.0,480664.0,477660.0,474269.0,470349.0,465919.0,460938.0,455298.0,449038.0,442032.0,434258.0,425853.0,416768.0,406955.0,396281.0,392589.0,389030.0,385817.0,382691.0,379829.0,377319.0,375171.0,373244.0,371525.0,370030.0,368737.0,367650.0,366681.0,365833.0,365086.0,364444.0,363853.0,363391.0,362951.0,362575.0,362277.0,362000.0,361756.0,361575.0,361402.0,361246.0,361123.0,361022.0,360904.0,360818.0,360715.0
499995.0,499993.0,499992.0,499991.0,499989.0,499987.0,499986.0,499983.0,499978.0,499971.0,499965.0,499958.0,499952.0,499941.0,499930.0,499920.0,499906.0,499888.0,499869.0,499843.0,499814.0,499779.0,499737.0,499688.0,499638.0,499575.0,499504.0,499421.0,499318.0,499207.0,499067.0,498916.0,498727.0,498519.0,498260.0,497962.0,497623.0,497233.0,496741.0,496227.0,495652.0,494904.0,494082.0,493146.0,492048.0,490756.0,489356.0,487608.0,485599.0,483387.0,480811.0,477881.0,474518.0,470631.0,466211.0,461312.0,455632.0,449478.0,447195.0,444891.0,442742.0,440689.0,438786.0,437121.0,435584.0,434255.0,433000.0,431915.0,430979.0,430104.0,429376.0,428722.0,428149.0,427596.0,427128.0,426680.0,426302.0,425982.0,425728.0,425452.0,425236.0,425018.0,424854.0,424686.0,424546.0,424413.0,424326.0,424238.0,424156.0
499995.0,499994.0,499991.0,499990.0,499989.0,499984.0,499983.0,499983.0,499979.0,499975.0,499971.0,499966.0,499960.0,499956.0,499944.0,499932.0,499916.0,499906.0,499895.0,499882.0,499860.0,499835.0,499809.0,499774.0,499742.0,499693.0,499641.0,499590.0,499517.0,499431.0,499328.0,499225.0,499117.0,498981.0,498822.0,498621.0,498420.0,498176.0,497872.0,497527.0,497121.0,496632.0,496102.0,495479.0,494764.0,493954.0,492974.0,491867.0,490550.0,489086.0,487344.0,485409.0,483167.0,480733.0,477770.0,474381.0,470524.0,466220.0,464628.0,463055.0,461516.0,460060.0,458671.0,457461.0,456328.0,455306.0,454405.0,453633.0,452941.0,452304.0,451730.0,451209.0,450747.0,450333.0,449936.0,449622.0,449309.0,449049.0,448826.0,448637.0,448455.0,448284.0,448138.0,448027.0,447924.0,447832.0,447735.0,447639.0,447567.0
499995.0,499992.0,499990.0,499988.0,499982.0,499979.0,499969.0,499967.0,499962.0,499954.0,499947.0,499938.0,499923.0,499897.0,499878.0,499854.0,499833.0,499799.0,499765.0,499723.0,499676.0,499612.0,499545.0,499446.0,499348.0,499240.0,499127.0,498994.0,498850.0,498693.0,498494.0,498247.0,497981.0,497644.0,497256.0,496762.0,496223.0,495638.0,494902.0,494069.0,493132.0,492043.0,490763.0,489271.0,487576.0,485667.0,483416.0,480765.0,477710.0,474402.0,470730.0,466406.0,461604.0,456201.0,449890.0,442982.0,435460.0,427247.0,424315.0,421421.0,418643.0,416013.0,413577.0,411432.0,409512.0,407843.0,406426.0,405078.0,403910.0,402945.0,402044.0,401268.0,400585.0,399978.0,399464.0,399040.0,398605.0,398233.0,397911.0,397610.0,397364.0,397124.0,396927.0,396765.0,396599.0,396464.0,396345.0,396245.0,396146.0
499995.0,499993.0,499990.0,499989.0,499987.0,499985.0,499982.0,499978.0,499974.0,499968.0,499962.0,499958.0,499954.0,499943.0,499934.0,499916.0,499902.0,499886.0,499872.0,499845.0,499812.0,499782.0,499749.0,499702.0,499655.0,499585.0,499531.0,499448.0,499359.0,499234.0,499105.0,498938.0,498754.0,498556.0,498291.0,498028.0,497737.0,497359.0,496908.0,496425.0,495855.0,495215.0,494427.0,493532.0,492509.0,491308.0,489886.0,488304.0,486555.0,484441.0,482138.0,479457.0,476267.0,472694.0,468600.0,464135.0,459134.0,453324.0,451229.0,449135.0,447171.0,445318.0,443550.0,441957.0,440497.0,439173.0,438059.0,437050.0,436150.0,435366.0,434635.0,433993.0,433490.0,433048.0,432606.0,432205.0,431870.0,431567.0,431292.0,431082.0,430899.0,430728.0,430564.0,430403.0,430244.0,430120.0,430003.0,429904.0,429803.0
499995.0,499995.0,499995.0,499995.0,499994.0,499994.0,499994.0,499992.0,499991.0,499990.0,499990.0,499989.0,499988.0,499988.0,499986.0,499984.0,499983.0,499982.0,499981.0,499977.0,499970.0,499964.0,499959.0,499950.0,499943.0,499929.0,499909.0,499895.0,499878.0,499849.0,499831.0,499806.0,499778.0,499752.0,499715.0,499676.0,499614.0,499539.0,499462.0,499369.0,499269.0,499164.0,499012.0,498846.0,498663.0,498406.0,498155.0,497807.0,497437.0,497021.0,496538.0,495931.0,495287.0,494538.0,493685.0,492742.0,491556.0,490211.0,489684.0,489189.0,488695.0,488257.0,487840.0,487423.0,487033.0,486688.0,486365.0,486083.0,485834.0,485598.0,485399.0,485218.0,485036.0,484859.0,484722.0,484597.0,484481.0,484373.0,484280.0,484189.0,484112.0,484055.0,483983.0,483922.0,483867.0,483824.0,483775.0,483746.0,483707.0
499995.0,499995.0,499992.0,499990.0,499987.0,499986.0,499984.0,499982.0,499978.0,499974.0,499969.0,499965.0,499958.0,499951.0,499945.0,499936.0,499927.0,499921.0,499911.0,499899.0,499889.0,499878.0,499860.0,499833.0,499818.0,499791.0,499758.0,499727.0,499690.0,499649.0,499601.0,499546.0,499484.0,499403.0,499289.0,499179.0,499047.0,498909.0,498732.0,498506.0,498253.0,497992.0,497686.0,497287.0,496823.0,496320.0,495750.0,495079.0,494268.0,493358.0,492290.0,491038.0,489697.0,488038.0,486155.0,483950.0,481500.0,478734.0,477674.0,476644.0,475605.0,474640.0,473695.0,472844.0,472082.0,471424.0,470772.0,470201.0,469696.0,469284.0,468910.0,468544.0,468213.0,467927.0,467692.0,467474.0,467286.0,467119.0,466975.0,466847.0,466729.0,466605.0,466505.0,466426.0,466360.0,466298.0,466235.0,466173.0,466117.0
499995.0,499994.0,499992.0,499989.0,499986.0,499986.0,499981.0,499978.0,499976.0,499974.0,499969.0,499965.0,499958.0,499946.0,499933.0,499921.0,499911.0,499895.0,499871.0,499852.0,499826.0,499787.0,499748.0,499700.0,499656.0,499611.0,499539.0,499449.0,499359.0,499249.0,499144.0,499001.0,498836.0,498634.0,498398.0,498159.0,497877.0,497555.0,497162.0,496706.0,496202.0,495606.0,494882.0,494043.0,493078.0,491961.0,490724.0,489281.0,487685.0,485782.0,483567.0,480920.0,477957.0,474565.0,470674.0,466431.0,461649.0,456107.0,454027.0,452105.0,450184.0,448383.0,446765.0,445204.0,443855.0,442591.0,441519.0,440560.0,439765.0,438971.0,438333.0,437739.0,437181.0,436711.0,436305.0,435954.0,435618.0,435296.0,435069.0,434837.0,434627.0,434430.0,434276.0,434135.0,433988.0,433872.0,433749.0,433644.0,433559.0
499995.0,499995.0,499995.0,499994.0,499992.0,499992.0,499991.0,499987.0,499983.0,499982.0,499980.0,499976.0,499972.0,499969.0,499963.0,499953.0,499947.0,499938.0,499921.0,499912.0,499897.0,499879.0,499865.0,499836.0,499810.0,499772.0,499733.0,499692.0,499647.0,499593.0,499517.0,499443.0,499355.0,499271.0,499153.0,499020.0,498868.0,498673.0,498467.0,498196.0,497900.0,497525.0,497087.0,496620.0,496059.0,495377.0,494631.0,493776.0,492740.0,491560.0,490226.0,488643.0,486840.0,484815.0,482566.0,479891.0,476800.0,473286.0,472006.0,470781.0,469595.0,468404.0,467289.0,466211.0,465286.0,464497.0,463795.0,463121.0,462527.0,462005.0,461525.0,461081.0,460723.0,460384.0,460049.0,459790.0,459554.0,459322.0,459099.0,458893.0,458726.0,458578.0,458452.0,458334.0,458228.0,458140.0,458046.0,457961.0,457890.0
499995.0,499995.0,499994.0,499993.0,499991.0,499990.0,499986.0,499981.0,499979.0,499976.0,499971.0,499964.0,499955.0,499945.0,499936.0,499923.0,499908.0,499893.0,499873.0,499842.0,499815.0,499773.0,499732.0,499688.0,499639.0,499566.0,499485.0,499395.0,499276.0,499143.0,498989.0,498792.0,498578.0,498328.0,498014.0,497679.0,497315.0,496861.0,496329.0,495760.0,495081.0,494285.0,493357.0,492294.0,491077.0,489620.0,487885.0,485932.0,483795.0,481282.0,478371.0,475012.0,471147.0,466826.0,461945.0,456357.0,450232.0,443377.0,440865.0,438364.0,436006.0,433831.0,431866.0,429958.0,428245.0,426740.0,425405.0,424207.0,423228.0,422369.0,421558.0,420853.0,420215.0,419644.0,419165.0,418759.0,418390.0,418049.0,417750.0,417483.0,417256.0,417038.0,416870.0,416728.0,416574.0,416447.0,416330.0,416214.0,416137.0
499995.0,499995.0,499995.0,499995.0,499993.0,499993.0,499992.0,499990.0,499989.0,499988.0,499988.0,499988.0,499988.0,499987.0,499986.0,499984.0,499982.0,499981.0,499979.0,499979.0,499978.0,499978.0,499977.0,499976.0,499973.0,499970.0,499968.0,499963.0,499958.0,499954.0,499948.0,499939.0,499930.0,499922.0,499914.0,499901.0,499889.0,499880.0,499861.0,499841.0,499818.0,499787.0,499761.0,499715.0,499662.0,499611.0,499563.0,499490.0,499414.0,499300.0,499188.0,499066.0,498907.0,498753.0,498535.0,498283.0,497983.0,497651.0,497527.0,497380.0,497247.0,497125.0,497007.0,496884.0,496783.0,496708.0,496638.0,496551.0,496475.0,496425.0,496368.0,496322.0,496269.0,496228.0,496193.0,496164.0,496133.0,496106.0,496075.0,496058.0,496042.0,496026.0,496008.0,495985.0,495968.0,495952.0,495941.0,495932.0,495927.0
499995.0,499995.0,499993.0,499987.0,499984.0,499982.0,499977.0,499972.0,499966.0,499958.0,499950.0,499935.0,499921.0,499910.0,499894.0,499879.0,499851.0,499818.0,499791.0,499756.0,499701.0,499646.0,499572.0,499511.0,499415.0,499298.0,499187.0,499061.0,498903.0,498708.0,498462.0,498244.0,497956.0,497607.0,497212.0,496762.0,496282.0,495717.0,494991.0,494172.0,493274.0,492234.0,491058.0,489671.0,488021.0,486176.0,484043.0,481519.0,478715.0,475533.0,471931.0,467826.0,463259.0,457992.0,452132.0,445593.0,438296.0,430261.0,427352.0,424506.0,421884.0,419301.0,417003.0,414956.0,413083.0,411444.0,409962.0,408681.0,407546.0,406485.0,405605.0,404840.0,404186.0,403605.0,403090.0,402672.0,402266.0,401944.0,401652.0,401374.0,401149.0,400971.0,400802.0,400631.0,400491.0,400378.0,400270.0,400187.0,400110.0
499995.0,499993.0,499991.0,499988.0,499985.0,499981.0,499978.0,499973.0,499970.0,499963.0,499957.0,499953.0,499943.0,499933.0,499926.0,499909.0,499888.0,499868.0,499849.0,499821.0,499792.0,499759.0,499717.0,499669.0,499616.0,499560.0,499504.0,499419.0,499332.0,499218.0,499101.0,498958.0,498799.0,498606.0,498400.0,498161.0,497863.0,497511.0,497094.0,496607.0,496069.0,495405.0,494630.0,493690.0,492673.0,491498.0,490133.0,488604.0,486788.0,484661.0,482211.0,479539.0,476426.0,472834.0,468764.0,464202.0,459020.0,453132.0,450967.0,448900.0,446803.0,444829.0,442996.0,441424.0,439978.0,438553.0,437424.0,436350.0,435380.0,434545.0,433855.0,433160.0,432570.0,432070.0,431639.0,431213.0,430841.0,430536.0,430281.0,430018.0,429814.0,429616.0,429449.0,429282.0,429164.0,429058.0,428956.0,428866.0,428791.0
499995.0,499994.0,499994.0,499993.0,499990.0,499989.0,499988.0,499987.0,499985.0,499983.0,499977.0,499972.0,499968.0,499965.0,499961.0,499954.0,499945.0,499934.0,499922.0,499913.0,499901.0,499887.0,499868.0,499841.0,499804.0,499763.0,499730.0,499696.0,499643.0,499591.0,499534.0,499437.0,499359.0,499270.0,499143.0,499001.0,498816.0,498639.0,498431.0,498207.0,497916.0,497555.0,497182.0,496747.0,496216.0,495606.0,494893.0,494094.0,493119.0,492028.0,490741.0,489195.0,487447.0,485486.0,483237.0,480582.0,477588.0,474129.0,472809.0,471541.0,470333.0,469193.0,468087.0,467054.0,466162.0,465336.0,464586.0,463901.0,463313.0,462827.0,462369.0,461964.0,461571.0,461226.0,460943.0,460666.0,460416.0,460207.0,460018.0,459861.0,459717.0,459577.0,459449.0,459347.0,459247.0,459148.0,459066.0,458995.0,458932.0
499995.0,499994.0,499993.0,499990.0,499989.0,499985.0,499984.0,499981.0,499978.0,499975.0,499968.0,499959.0,499950.0,499940.0,499932.0,499917.0,499905.0,499882.0,499855.0,499828.0,499801.0,499768.0,499734.0,499688.0,499635.0,499577.0,499501.0,499416.0,499314.0,499188.0,499044.0,498884.0,498708.0,498504.0,498260.0,497968.0,497610.0,497226.0,496793.0,496228.0,495630.0,494901.0,494056.0,493098.0,492014.0,490722.0,489253.0,487524.0,485580.0,483391.0,480887.0,478005.0,474723.0,470921.0,466673.0,461840.0,456379.0,450195.0,447849.0,445676.0,443493.0,441429.0,439547.0,437872.0,436385.0,434960.0,433716.0,432627.0,431643.0,430809.0,430023.0,429323.0,428692.0,428115.0,427597.0,427207.0,426833.0,426485.0,426208.0,425952.0,425733.0,425531.0,425352.0,425196.0,425046.0,424943.0,424822.0,424706.0,424610.0
499995.0,499994.0,499993.0,499989.0,499987.0,499986.0,499983.0,499979.0,499970.0,499965.0,499953.0,499944.0,499928.0,499913.0,499891.0,499869.0,499841.0,499821.0,499783.0,499747.0,499695.0,499628.0,499564.0,499479.0,499377.0,499252.0,499107.0,498946.0,498767.0,498542.0,498291.0,498009.0,497664.0,497303.0,496835.0,496325.0,495731.0,495022.0,494184.0,493213.0,492089.0,490808.0,489321.0,487671.0,485728.0,483489.0,480880.0,477986.0,474694.0,470849.0,466599.0,461769.0,456224.0,450143.0,443425.0,435947.0,427629.0,418758.0,415477.0,412355.0,409457.0,406685.0,404142.0,401797.0,399735.0,397947.0,396338.0,394923.0,393744.0,392603.0,391692.0,390889.0,390190.0,389552.0,388983.0,388499.0,388084.0,387714.0,387404.0,387085.0,386842.0,386633.0,386449.0,386268.0,386153.0,386031.0,385918.0,385823.0,385744.0
499995.0,499993.0,499989.0,499985.0,499983.0,499980.0,499972.0,499970.0,499966.0,499958.0,499952.0,499949.0,499936.0,499929.0,499918.0,499906.0,499888.0,499863.0,499838.0,499808.0,499786.0,499757.0,499707.0,499662.0,499599.0,499530.0,499459.0,499386.0,499299.0,499173.0,499031.0,498864.0,498680.0,498480.0,498223.0,497917.0,497522.0,497085.0,496569.0,495973.0,495303.0,494495.0,493582.0,492545.0,491250.0,489799.0,488095.0,486138.0,483951.0,481434.0,478551.0,475234.0,471406.0,467162.0,462239.0,456813.0,450708.0,443984.0,441549.0,439289.0,436978.0,434784.0,432769.0,430913.0,429234.0,427744.0,426468.0,425348.0,424354.0,423447.0,422652.0,421990.0,421377.0,420789.0,420276.0,419834.0,419433.0,419092.0,418803.0,418515.0,418294.0,418080.0,417908.0,417736.0,417593.0,417460.0,417329.0,417221.0,417138.0
499995.0,499995.0,499994.0,499992.0,499988.0,499985.0,499978.0,499971.0,499959.0,499953.0,499941.0,499926.0,499907.0,499888.0,499867.0,499846.0,499813.0,499780.0,499748.0,499704.0,499655.0,499594.0,499525.0,499458.0,499383.0,499272.0,499140.0,498988.0,498815.0,498633.0,498417.0,498153.0,497861.0,497498.0,497066.0,496550.0,495977.0,495322.0,494516.0,493621.0,492575.0,491354.0,489943.0,488335.0,486485.0,484299.0,481856.0,479025.0,475776.0,472123.0,467848.0,463199.0,457930.0,452080.0,445460.0,438157.0,430134.0,421375.0,418178.0,415130.0,412158.0,409359.0,406900.0,404625.0,402548.0,400776.0,399192.0,397769.0,396525.0,395476.0,394499.0,393654.0,392942.0,392318.0,391754.0,391266.0,390847.0,390475.0,390157.0,389867.0,389593.0,389367.0,389160.0,388986.0,388827.0,388660.0,388528.0,388424.0,388316.0
499995.0,499994.0,499992.0,499988.0,499984.0,499980.0,499975.0,499969.0,499960.0,499951.0,499943.0,499934.0,499924.0,499915.0,499899.0,499873.0,499853.0,499824.0,499796.0,499755.0,499706.0,499648.0,499598.0,499524.0,499445.0,499339.0,499214.0,499092.0,498950.0,498788.0,498590.0,498318.0,498001.0,497671.0,497256.0,496842.0,496295.0,495676.0,494978.0,494123.0,493213.0,492088.0,490816.0,489336.0,487605.0,485629.0,483423.0,480850.0,477843.0,474467.0,470590.0,466122.0,461193.0,455692.0,449566.0,442685.0,435029.0,426679.0,423583.0,420665.0,417974.0,415331.0,412982.0,410820.0,408909.0,407117.0,405499.0,404135.0,402941.0,401987.0,401126.0,400384.0,399736.0,399127.0,398597.0,398160.0,397731.0,397360.0,397033.0,396769.0,396502.0,396287.0,396086.0,395917.0,395780.0,395660.0,395568.0,395467.0,395388.0
499995.0,499995.0,499993.0,499990.0,499988.0,499988.0,499985.0,499981.0,499979.0,499972.0,499966.0,499960.0,499949.0,499940.0,499929.0,499915.0,499899.0,499882.0,499857.0,499836.0,499798.0,499765.0,499735.0,499692.0,499640.0,499592.0,499523.0,499438.0,499354.0,499254.0,499147.0,499013.0,498845.0,498638.0,498438.0,498196.0,497877.0,497522.0,497110.0,496648.0,496115.0,495508.0,494799.0,493990.0,493035.0,491929.0,490679.0,489176.0,487554.0,485683.0,483475.0,481008.0,478111.0,474831.0,471027.0,466717.0,462019.0,456680.0,454645.0,452668.0,450793.0,448977.0,447349.0,445839.0,444499.0,443271.0,442186.0,441190.0,440315.0,439514.0,438830.0,438215.0,437637.0,437163.0,436748.0,436392.0,436066.0,435776.0,435486.0,435239.0,435013.0,434818.0,434650.0,434487.0,434344.0,434217.0,434119.0,434029.0,433949.0
499995.0,499993.0,499992.0,499991.0,499990.0,499988.0,499982.0,499979.0,499976.0,499971.0,499968.0,499963.0,499959.0,499951.0,499943.0,499930.0,499917.0,499905.0,499893.0,499879.0,499857.0,499825.0,499803.0,499770.0,499732.0,499686.0,499639.0,499577.0,499513.0,499450.0,499347.0,499230.0,499137.0,499009.0,498850.0,498678.0,498490.0,498242.0,497974.0,497674.0,497277.0,496852.0,496367.0,495799.0,495137.0,494399.0,493466.0,492429.0,491191.0,489756.0,488138.0,486301.0,484158.0,481606.0,478650.0,475399.0,471785.0,467655.0,466208.0,464649.0,463181.0,461860.0,460534.0,459346.0,458231.0,457286.0,456408.0,455628.0,454891.0,454273.0,453681.0,453230.0,452788.0,452384.0,452024.0,451724.0,451463.0,451210.0,451007.0,450801.0,450633.0,450481.0,450334.0,450227.0,450108.0,450026.0,449950.0,449877.0,449816.0
499995.0,499995.0,499994.0,499992.0,499991.0,499990.0,499989.0,499985.0,499984.0,499980.0,499978.0,499974.0,499971.0,499962.0,499952.0,499941.0,499930.0,499918.0,499903.0,499891.0,499873.0,499861.0,499846.0,499821.0,499795.0,499759.0,499709.0,499663.0,499621.0,499552.0,499483.0,499406.0,499309.0,499204.0,499082.0,498947.0,498784.0,498576.0,498317.0,498041.0,497703.0,497341.0,496904.0,496402.0,495780.0,495093.0,494309.0,493431.0,492372.0,491137.0,489668.0,488027.0,486168.0,484019.0,481506.0,478683.0,475435.0,471710.0,470340.0,468983.0,467670.0,466407.0,465244.0,464146.0,463133.0,462262.0,461424.0,460669.0,459994.0,459423.0,458899.0,458424.0,458023.0,457653.0,457303.0,456996.0,456730.0,456495.0,456258.0,456081.0,455903.0,455752.0,455611.0,455495.0,455366.0,455280.0,455202.0,455103.0,455025.0
499995.0,499995.0,499995.0,499992.0,499992.0,499990.0,499986.0,499984.0,499980.0,499974.0,499969.0,499965.0,499959.0,499947.0,499941.0,499927.0,499915.0,499904.0,499893.0,499878.0,499856.0,499825.0,499788.0,499755.0,499719.0,499673.0,499608.0,499542.0,499474.0,499384.0,499283.0,499154.0,499020.0,498860.0,498696.0,498493.0,498244.0,497966.0,497640.0,497271.0,496826.0,496305.0,495714.0,495059.0,494265.0,493348.0,492267.0,491106.0,489706.0,488149.0,486267.0,484127.0,481736.0,478895.0,475689.0,472046.0,467839.0,463092.0,461422.0,459680.0,457990.0,456388.0,454876.0,453566.0,452314.0,451170.0,450179.0,449281.0,448547.0,447882.0,447310.0,446793.0,446316.0,445873.0,445529.0,445212.0,444902.0,444650.0,444400.0,444190.0,443970.0,443806.0,443638.0,443513.0,443388.0,443274.0,443188.0,443099.0,443022.0
499995.0,499994.0,499994.0,499991.0,499991.0,499990.0,499985.0,499983.0,499979.0,499973.0,499971.0,499966.0,499961.0,499957.0,499951.0,499941.0,499927.0,499918.0,499907.0,499897.0,499878.0,499858.0,499844.0,499820.0,499791.0,499764.0,499720.0,499666.0,499598.0,499517.0,499434.0,499332.0,499222.0,499096.0,498949.0,498751.0,498554.0,498308.0,498017.0,497692.0,497331.0,496900.0,496393.0,495777.0,495082.0,494264.0,493358.0,492324.0,491133.0,489718.0,488076.0,486200.0,484036.0,481597.0,478754.0,475597.0,472005.0,467923.0,466488.0,464980.0,463561.0,462254.0,461004.0,459825.0,458784.0,457734.0,456859.0,456099.0,455371.0,454773.0,454253.0,453746.0,453307.0,452903.0,452559.0,452231.0,451942.0,451663.0,451429.0,451220.0,451036.0,450878.0,450724.0,450597.0,450490.0,450409.0,450322.0,450252.0,450181.0
499995.0,499995.0,499993.0,499992.0,499990.0,499986.0,499983.0,499979.0,499975.0,499967.0,499959.0,499947.0,499934.0,499917.0,499902.0,499879.0,499858.0,499838.0,499805.0,499774.0,499740.0,499682.0,499633.0,499577.0,499514.0,499428.0,499322.0,499202.0,499051.0,498882.0,498648.0,498439.0,498185.0,497856.0,497492.0,497086.0,496572.0,496020.0,495318.0,494539.0,493618.0,492550.0,491349.0,489920.0,488381.0,486592.0,484536.0,482098.0,479291.0,476049.0,472410.0,468289.0,463598.0,458290.0,452567.0,446127.0,438940.0,430953.0,427972.0,425135.0,422594.0,420088.0,417849.0,415801.0,413883.0,412246.0,410718.0,409388.0,408217.0,407195.0,406339.0,405562.0,404837.0,404252.0,403717.0,403280.0,402871.0,402534.0,402215.0,401942.0,401694.0,401462.0,401288.0,401110.0,400978.0,400867.0,400740.0,400641.0,400553.0
499995.0,499994.0,499992.0,499992.0,499990.0,499987.0,499983.0,499980.0,499977.0,499974.0,499966.0,499961.0,499953.0,499941.0,499931.0,499918.0,499905.0,499889.0,499868.0,499844.0,499819.0,499795.0,499756.0,499716.0,499669.0,499599.0,499534.0,499459.0,499369.0,499285.0,499167.0,499037.0,498906.0,498713.0,498508.0,498279.0,498008.0,497703.0,497341.0,496938.0,496433.0,495867.0,495173.0,494383.0,493507.0,492532.0,491340.0,489932.0,488333.0,486569.0,484483.0,482110.0,479348.0,476196.0,472562.0,468523.0,463978.0,458863.0,456988.0,455183.0,453414.0,451675.0,450065.0,448669.0,447335.0,446168.0,445117.0,444153.0,443333.0,442610.0,441968.0,441384.0,440879.0,440451.0,440020.0,439649.0,439343.0,439059.0,438769.0,438529.0,438326.0,438137.0,437974.0,437813.0,437684.0,437556.0,437449.0,437365.0,437293.0
499995.0,499995.0,499995.0,499993.0,499991.0,499989.0,499988.0,499986.0,499983.0,499981.0,499978.0,499974.0,499966.0,499960.0,499956.0,499948.0,499936.0,499924.0,499907.0,499891.0,499875.0,499864.0,499840.0,499822.0,499800.0,499765.0,499731.0,499695.0,499642.0,499585.0,499515.0,499422.0,499326.0,499215.0,499109.0,498968.0,498803.0,498625.0,498424.0,498190.0,497913.0,497564.0,497159.0,496718.0,496203.0,495612.0,494919.0,494113.0,493183.0,492124.0,490924.0,489468.0,487826.0,486022.0,483889.0,481381.0,478531.0,475357.0,474205.0,473000.0,471852.0,470777.0,469751.0,468889.0,467978.0,467214.0,466548.0,465896.0,465334.0,464867.0,464400.0,464041.0,463698.0,463379.0,463122.0,462862.0,462636.0,462444.0,462253.0,462099.0,461967.0,461839.0,461716.0,461599.0,461509.0,461429.0,461350.0,461274.0,461214.0
499995.0,499994.0,499990.0,499990.0,499990.0,499989.0,499987.0,499985.0,499983.0,499979.0,499977.0,499968.0,499963.0,499953.0,499946.0,499933.0,499929.0,499921.0,499902.0,499882.0,499863.0,499842.0,499812.0,499783.0,499748.0,499706.0,499654.0,499597.0,499533.0,499443.0,499350.0,499244.0,499116.0,498976.0,498774.0,498573.0,498341.0,498074.0,497692.0,497317.0,496891.0,496404.0,495820.0,495157.0,494335.0,493373.0,492285.0,491052.0,489628.0,488021.0,486148.0,484036.0,481522.0,478667.0,475443.0,471751.0,467619.0,462932.0,461115.0,459408.0,457756.0,456141.0,454771.0,453432.0,452163.0,451059.0,450046.0,449105.0,448305.0,447586.0,446976.0,446380.0,445854.0,445404.0,444998.0,444624.0,444288.0,444015.0,443757.0,443536.0,443337.0,443158.0,442993.0,442834.0,442727.0,442620.0,442511.0,442418.0,442338.0
499995.0,499994.0,499992.0,499991.0,499987.0,499984.0,499980.0,499974.0,499971.0,499966.0,499960.0,499952.0,499948.0,499942.0,499934.0,499912.0,499892.0,499873.0,499849.0,499825.0,499792.0,499760.0,499716.0,499668.0,499612.0,499562.0,499482.0,499380.0,499269.0,499157.0,499008.0,498832.0,498612.0,498357.0,498080.0,497782.0,497401.0,496964.0,496420.0,495830.0,495138.0,494308.0,493404.0,492267.0,491037.0,489644.0,487985.0,486071.0,483835.0,481333.0,478479.0,475179.0,471416.0,467222.0,462429.0,457061.0,450855.0,444200.0,441832.0,439373.0,437026.0,434811.0,432801.0,430962.0,429316.0,427836.0,426487.0,425340.0,424257.0,423362.0,422574.0,421875.0,421257.0,420751.0,420263.0,419867.0,419515.0,419209.0,418922.0,418695.0,418480.0,418294.0,418138.0,418012.0,417902.0,417789.0,417697.0,417620.0,417552.0
499995.0,499994.0,499990.0,499988.0,499985.0,499983.0,499978.0,499972.0,499966.0,499960.0,499952.0,499940.0,499932.0,499922.0,499912.0,499891.0,499876.0,499859.0,499836.0,499806.0,499771.0,499722.0,499679.0,499628.0,499558.0,499474.0,499379.0,499260.0,499120.0,499005.0,498843.0,498657.0,498448.0,498208.0,497922.0,497620.0,497269.0,496816.0,496322.0,495721.0,495023.0,494227.0,493321.0,492256.0,491032.0,489567.0,487972.0,486091.0,483883.0,481333.0,478447.0,475129.0,471414.0,467199.0,462535.0,457259.0,451222.0,444521.0,442151.0,439710.0,437424.0,435242.0,433300.0,431405.0,429790.0,428320.0,427042.0,425883.0,424866.0,423997.0,423232.0,422535.0,421903.0,421399.0,420897.0,420469.0,420098.0,419745.0,419431.0,419156.0,418934.0,418744.0,418538.0,418373.0,418223.0,418118.0,418018.0,417916.0,417827.0
499995.0,499994.0,499994.0,499994.0,499992.0,499991.0,499990.0,499988.0,499985.0,499984.0,499982.0,499975.0,499970.0,499962.0,499950.0,499938.0,499925.0,499908.0,499886.0,499863.0,499842.0,499816.0,499787.0,499745.0,499697.0,499653.0,499593.0,499532.0,499451.0,499361.0,499259.0,499120.0,498975.0,498807.0,498624.0,498398.0,498142.0,497838.0,497505.0,497120.0,496647.0,496115.0,495487.0,494709.0,493834.0,492821.0,491700.0,490408.0,488939.0,487201.0,485272.0,482995.0,480326.0,477347.0,473875.0,469936.0,465626.0,460688.0,458817.0,457010.0,455216.0,453597.0,452098.0,450733.0,449557.0,448445.0,447446.0,446570.0,445818.0,445122.0,444492.0,443942.0,443427.0,442989.0,442599.0,442260.0,441954.0,441663.0,441409.0,441198.0,441014.0,440844.0,440700.0,440559.0,440442.0,440318.0,440212.0,440108.0,440029.0
499995.0,499995.0,499995.0,499992.0,499988.0,499986.0,499985.0,499981.0,499978.0,499974.0,499967.0,499957.0,499944.0,499933.0,499914.0,499897.0,499870.0,499842.0,499816.0,499783.0,499740.0,499707.0,499667.0,499602.0,499527.0,499449.0,499366.0,499266.0,499128.0,498969.0,498819.0,498614.0,498370.0,498128.0,497826.0,497465.0,497066.0,496549.0,496001.0,495330.0,494572.0,493689.0,492590.0,491409.0,490033.0,488449.0,486553.0,484402.0,481956.0,479071.0,475726.0,472116.0,468070.0,463427.0,458153.0,452238.0,445592.0,438262.0,435636.0,432957.0,430414.0,428208.0,426115.0,424166.0,422408.0,420884.0,419488.0,418280.0,417186.0,416215.0,415394.0,414664.0,414025.0,413449.0,412970.0,412521.0,412127.0,411791.0,411479.0,411195.0,410970.0,410784.0,410605.0,410437.0,410308.0,410163.0,410062.0,409965.0,409873.0
499995.0,499992.0,499991.0,499985.0,499980.0,499977.0,499973.0,499966.0,499952.0,499946.0,499937.0,499926.0,499907.0,499887.0,499867.0,499842.0,499819.0,499789.0,499747.0,499708.0,499656.0,499598.0,499532.0,499458.0,499362.0,499244.0,499092.0,498957.0,498811.0,498622.0,498394.0,498132.0,497819.0,497453.0,497023.0,496549.0,496020.0,495357.0,494606.0,493677.0,492672.0,491437.0,490050.0,488477.0,486622.0,484554.0,482204.0,479459.0,476278.0,472703.0,468648.0,463997.0,458693.0,452777.0,446270.0,439027.0,431191.0,422652.0,419482.0,416454.0,413560.0,410950.0,408509.0,406191.0,404130.0,402365.0,400866.0,399566.0,398415.0,397373.0,396435.0,395688.0,395021.0,394441.0,393933.0,393470.0,393059.0,392740.0,392463.0,392200.0,391985.0,391792.0,391601.0,391442.0,391307.0,391186.0,391091.0,391013.0,390937.0
499995.0,499994.0,499994.0,499991.0,499989.0,499987.0,499986.0,499982.0,499980.0,499975.0,499969.0,499959.0,499953.0,499944.0,499936.0,499924.0,499906.0,499892.0,499872.0,499849.0,499828.0,499807.0,499782.0,499740.0,499701.0,499650.0,499583.0,499506.0,499437.0,499351.0,499245.0,499146.0,499013.0,498875.0,498707.0,498495.0,498262.0,497983.0,497662.0,497285.0,496835.0,496329.0,495768.0,495126.0,494311.0,493373.0,492358.0,491100.0,489646.0,488038.0,486232.0,484026.0,481598.0,478706.0,475506.0,471813.0,467674.0,463032.0,461281.0,459655.0,457975.0,456388.0,454845.0,453544.0,452260.0,451154.0,450186.0,449314.0,448523.0,447839.0,447209.0,446608.0,446143.0,445720.0,445353.0,445004.0,444667.0,444374.0,444102.0,443901.0,443707.0,443520.0,443365.0,443230.0,443089.0,442980.0,442866.0,442781.0,442698.0
499995.0,499993.0,499991.0,499989.0,499988.0,499986.0,499981.0,499976.0,499967.0,499956.0,499946.0,499930.0,499917.0,499905.0,499881.0,499855.0,499832.0,499805.0,499759.0,499719.0,499661.0,499599.0,499530.0,499449.0,499349.0,499216.0,499057.0,498904.0,498706.0,498484.0,498223.0,497929.0,497582.0,497150.0,496672.0,496136.0,495501.0,494747.0,493912.0,492936.0,491822.0,490543.0,488995.0,487275.0,485243.0,482934.0,480300.0,477260.0,473863.0,470089.0,465682.0,460680.0,455233.0,449135.0,442365.0,434838.0,426588.0,417735.0,414508.0,411375.0,408416.0,405724.0,403198.0,400903.0,398855.0,397016.0,395332.0,394005.0,392824.0,391796.0,390863.0,390074.0,389339.0,388739.0,388206.0,387787.0,387389.0,387030.0,386708.0,386423.0,386150.0,385930.0,385764.0,385600.0,385453.0,385295.0,385170.0,385077.0,384990.0
499995.0,499993.0,499991.0,499990.0,499989.0,499986.0,499985.0,499978.0,499973.0,499972.0,499966.0,499953.0,499942.0,499930.0,499920.0,499906.0,499890.0,499863.0,499835.0,499801.0,499770.0,499737.0,499683.0,499610.0,499532.0,499442.0,499339.0,499231.0,499099.0,498929.0,498746.0,498548.0,498305.0,498012.0,497648.0,497270.0,496811.0,496274.0,495655.0,494883.0,494024.0,493016.0,491905.0,490615.0,489117.0,487475.0,485568.0,483322.0,480741.0,477794.0,474478.0,470690.0,466458.0,461590.0,456244.0,450174.0,443352.0,435875.0,433026.0,430317.0,427688.0,425261.0,423113.0,421112.0,419336.0,417716.0,416326.0,415069.0,413988.0,413052.0,412169.0,411435.0,410770.0,410204.0,409721.0,409258.0,408867.0,408503.0,408216.0,407961.0,407719.0,407506.0,407323.0,407165.0,407025.0,406889.0,406770.0,406655.0,406566.0
499995.0,499993.0,499991.0,499990.0,499989.0,499987.0,499987.0,499986.0,499984.0,499981.0,499977.0,499973.0,499972.0,499970.0,499964.0,499958.0,499952.0,499948.0,499943.0,499933.0,499923.0,499912.0,499901.0,499887.0,499875.0,499857.0,499831.0,499803.0,499777.0,499749.0,499711.0,499670.0,499613.0,499551.0,499481.0,499376.0,499255.0,499138.0,499004.0,498856.0,498658.0,498462.0,498211.0,497898.0,497550.0,497145.0,496642.0,496101.0,495478.0,494704.0,493786.0,492777.0,491629.0,490317.0,488763.0,486965.0,484772.0,482352.0,481429.0,480544.0,479698.0,478883.0,478116.0,477421.0,476822.0,476222.0,475759.0,475312.0,474879.0,474480.0,474151.0,473816.0,473547.0,473295.0,473070.0,472858.0,472691.0,472518.0,472355.0,472207.0,472101.0,471997.0,471902.0,471812.0,471745.0,471681.0,471625.0,471569.0,471538.0
499995.0,499993.0,499992.0,499990.0,499985.0,499982.0,499977.0,499975.0,499970.0,499964.0,499954.0,499950.0,499942.0,499936.0,499921.0,499900.0,499891.0,499876.0,499858.0,499834.0,499806.0,499775.0,499735.0,499682.0,499626.0,499565.0,499468.0,499370.0,499247.0,499117.0,498987.0,498807.0,498586.0,498323.0,498011.0,497697.0,497301.0,496802.0,496263.0,495588.0,494867.0,493971.0,492986.0,491813.0,490480.0,488839.0,487027.0,484923.0,482490.0,479785.0,476615.0,472971.0,468851.0,464230.0,459084.0,453193.0,446531.0,439283.0,436686.0,434080.0,431553.0,429237.0,427082.0,425174.0,423475.0,421870.0,420453.0,419305.0,418174.0,417227.0,416365.0,415635.0,414960.0,414424.0,413926.0,413491.0,413104.0,412755.0,412433.0,412169.0,411919.0,411691.0,411497.0,411318.0,411164.0,411001.0,410879.0,410777.0,410686.0
499995.0,499993.0,499991.0,499988.0,499985.0,499980.0,499978.0,499973.0,499967.0,499956.0,499947.0,499928.0,499906.0,499887.0,499871.0,499856.0,499837.0,499812.0,499765.0,499719.0,499665.0,499610.0,499550.0,499467.0,499386.0,499267.0,499135.0,498967.0,498783.0,498583.0,498363.0,498095.0,497781.0,497401.0,496994.0,496525.0,495974.0,495300.0,494551.0,493648.0,492601.0,491403.0,490044.0,488505.0,486636.0,484510.0,482095.0,479323.0,476160.0,472598.0,468597.0,463997.0,458812.0,453036.0,446424.0,439230.0,431393.0,422717.0,419558.0,416487.0,413580.0,410901.0,408368.0,406085.0,403990.0,402227.0,400688.0,399371.0,398161.0,397137.0,396235.0,395490.0,394769.0,394162.0,393614.0,393133.0,392707.0,392303.0,391953.0,391683.0,391429.0,391205.0,391013.0,390849.0,390688.0,390557.0,390442.0,390343.0,390253.0
499995.0,499994.0,499992.0,499990.0,499989.0,499984.0,499980.0,499973.0,499964.0,499956.0,499949.0,499946.0,499937.0,499929.0,499912.0,499898.0,499882.0,499862.0,499833.0,499801.0,499768.0,499726.0,499672.0,499597.0,499518.0,499431.0,499329.0,499211.0,499068.0,498905.0,498723.0,498496.0,498253.0,497971.0,497634.0,497256.0,496801.0,496300.0,495710.0,495018.0,494225.0,493280.0,492188.0,490911.0,489516.0,487786.0,485834.0,483575.0,480893.0,477868.0,474477.0,470505.0,466183.0,461281.0,455636.0,449332.0,442412.0,434593.0,431764.0,429036.0,426470.0,424098.0,421868.0,419855.0,417980.0,416311.0,414825.0,413566.0,412466.0,411492.0,410616.0,409862.0,409165.0,408566.0,408055.0,407570.0,407183.0,406833.0,406518.0,406227.0,405978.0,405749.0,405566.0,405402.0,405273.0,405144.0,405017.0,404920.0,404817.0
499995.0,499994.0,499994.0,499993.0,499992.0,499990.0,499989.0,499987.0,499984.0,499981.0,499974.0,499966.0,499961.0,499955.0,499946.0,499942.0,499933.0,499925.0,499919.0,499906.0,499896.0,499879.0,499860.0,499842.0,499814.0,499784.0,499763.0,499724.0,499677.0,499630.0,499568.0,499488.0,499400.0,499298.0,499176.0,499045.0,498879.0,498695.0,498468.0,498218.0,497927.0,497596.0,497158.0,496701.0,496150.0,495522.0,494823.0,493960.0,492967.0,491867.0,490591.0,489184.0,487522.0,485586.0,483353.0,480738.0,477717.0,474363.0,473108.0,471871.0,470615.0,469463.0,468337.0,467355.0,466447.0,465607.0,464840.0,464136.0,463546.0,462989.0,462496.0,462032.0,461680.0,461363.0,461069.0,460807.0,460587.0,460378.0,460185.0,460025.0,459871.0,459730.0,459609.0,459491.0,459376.0,459283.0,459200.0,459115.0,459066.0
499995.0,499993.0,499991.0,499989.0,499988.0,499985.0,499982.0,499977.0,499969.0,499960.0,499955.0,499950.0,499943.0,499932.0,499916.0,499901.0,499880.0,499858.0,499837.0,499807.0,499778.0,499739.0,499689.0,499633.0,499580.0,499501.0,499411.0,499325.0,499226.0,499106.0,498967.0,498789.0,498587.0,498361.0,498085.0,497785.0,497425.0,496991.0,496515.0,495925.0,495208.0,494443.0,493505.0,492441.0,491222.0,489796.0,488183.0,486329.0,484146.0,481601.0,478719.0,475464.0,471698.0,467474.0,462755.0,457359.0,451431.0,444733.0,442225.0,439758.0,437454.0,435348.0,433425.0,431647.0,429967.0,428538.0,427213.0,426022.0,425045.0,424159.0,423404.0,422687.0,422108.0,421587.0,421119.0,420699.0,420311.0,419978.0,419702.0,419454.0,419216.0,418995.0,418821.0,418668.0,418529.0,418401.0,418304.0,418205.0,418108.0
499995.0,499994.0,499993.0,499991.0,499991.0,499991.0,499988.0,499987.0,499983.0,499979.0,499977.0,499972.0,499964.0,499961.0,499956.0,499952.0,499948.0,499941.0,499937.0,499929.0,499922.0,499910.0,499901.0,499887.0,499878.0,499861.0,499848.0,499829.0,499799.0,499775.0,499746.0,499694.0,499651.0,499603.0,499543.0,499472.0,499395.0,499298.0,499202.0,499084.0,498944.0,498795.0,498598.0,498376.0,498144.0,497838.0,497476.0,497100.0,496683.0,496157.0,495542.0,494866.0,494068.0,493120.0,492046.0,490847.0,489397.0,487763.0,487114.0,486531.0,485923.0,485361.0,484813.0,484325.0,483873.0,483506.0,483149.0,482809.0,482508.0,482234.0,481996.0,481730.0,481510.0,481344.0,481189.0,481045.0,480891.0,480785.0,480665.0,480574.0,480487.0,480409.0,480346.0,480286.0,480229.0,480175.0,480131.0,480090.0,480050.0
499995.0,499994.0,499992.0,499991.0,499989.0,499987.0,499986.0,499981.0,499979.0,499975.0,499972.0,499968.0,499960.0,499949.0,499933.0,499919.0,499898.0,499882.0,499866.0,499844.0,499810.0,499772.0,499730.0,499686.0,499630.0,499559.0,499484.0,499387.0,499303.0,499171.0,499032.0,498865.0,498662.0,498428.0,498190.0,497861.0,497546.0,497151.0,496708.0,496175.0,495574.0,494889.0,494055.0,493108.0,491994.0,490769.0,489317.0,487625.0,485616.0,483408.0,480774.0,477848.0,474481.0,470672.0,466405.0,461523.0,455998.0,449912.0,447682.0,445491.0,443365.0,441467.0,439631.0,437962.0,436492.0,435187.0,434016.0,432920.0,432006.0,431169.0,430469.0,429854.0,429287.0,428799.0,428333.0,427948.0,427595.0,427271.0,426987.0,426765.0,426557.0,426360.0,426205.0,426058.0,425910.0,425773.0,425656.0,425548.0,425451.0
499995.0,499993.0,499993.0,499991.0,499987.0,499983.0,499981.0,499976.0,499972.0,499965.0,499959.0,499948.0,499940.0,499929.0,499927.0,499911.0,499892.0,499872.0,499852.0,499825.0,499801.0,499770.0,499736.0,499695.0,499643.0,499580.0,499510.0,499433.0,499342.0,499217.0,499097.0,498957.0,498787.0,498601.0,498364.0,498069.0,497773.0,497411.0,496984.0,496475.0,495884.0,495204.0,494448.0,493564.0,492543.0,491284.0,489828.0,488121.0,486257.0,484092.0,481570.0,478643.0,475413.0,471647.0,467453.0,462722.0,457257.0,451249.0,449012.0,446827.0,444722.0,442792.0,440944.0,439195.0,437686.0,436278.0,435043.0,433938.0,432921.0,432095.0,431372.0,430695.0,430113.0,429569.0,429122.0,428680.0,428308.0,427994.0,427705.0,427462.0,427235.0,427047.0,426855.0,426688.0,426544.0,426434.0,426326.0,426240.0,426167.0
499995.0,499993.0,499990.0,499990.0,499989.0,499987.0,499984.0,499980.0,499974.0,499968.0,499960.0,499959.0,499952.0,499944.0,499929.0,499913.0,499896.0,499876.0,499848.0,499818.0,499778.0,499728.0,499686.0,499630.0,499559.0,499479.0,499368.0,499270.0,499146.0,498968.0,498815.0,498621.0,498389.0,498095.0,497759.0,497408.0,496954.0,496480.0,495889.0,495224.0,494408.0,493449.0,492322.0,491035.0,489562.0,487876.0,486014.0,483788.0,481197.0,478258.0,474859.0,471064.0,466720.0,461785.0,456275.0,450101.0,443373.0,435867.0,433153.0,430536.0,427945.0,425584.0,423404.0,421393.0,419555.0,417956.0,416528.0,415282.0,414144.0,413163.0,412318.0,411585.0,410987.0,410449.0,409898.0,409437.0,409027.0,408657.0,408342.0,408054.0,407787.0,407575.0,407398.0,407232.0,407069.0,406929.0,406820.0,406728.0,406623.0
499995.0,499994.0,499992.0,499990.0,499990.0,499988.0,499985.0,499981.0,499978.0,499973.0,499966.0,499962.0,499957.0,499952.0,499939.0,499931.0,499924.0,499911.0,499894.0,499880.0,499861.0,499840.0,499818.0,499782.0,499749.0,499702.0,499652.0,499601.0,499523.0,499435.0,499328.0,499226.0,499088.0,498944.0,498744.0,498540.0,498288.0,497990.0,497676.0,497318.0,496885.0,496359.0,495763.0,495108.0,494317.0,493373.0,492257.0,490996.0,489532.0,487783.0,485810.0,483514.0,480897.0,477991.0,474478.0,470707.0,466325.0,461439.0,459650.0,457966.0,456311.0,454655.0,453085.0,451686.0,450398.0,449190.0,448205.0,447292.0,446518.0,445807.0,445182.0,444646.0,444138.0,443683.0,443259.0,442930.0,442633.0,442346.0,442099.0,441866.0,441671.0,441499.0,441338.0,441202.0,441090.0,440980.0,440881.0,440826.0,440742.0
499995.0,499994.0,499993.0,499992.0,499989.0,499987.0,499985.0,499980.0,499978.0,499976.0,499973.0,499971.0,499966.0,499964.0,499958.0,499950.0,499944.0,499937.0,499933.0,499927.0,499920.0,499903.0,499887.0,499873.0,499860.0,499831.0,499799.0,499766.0,499726.0,499678.0,499637.0,499571.0,499500.0,499410.0,499310.0,499193.0,499052.0,498881.0,498680.0,498444.0,498165.0,497830.0,497454.0,496982.0,496432.0,495782.0,495108.0,494226.0,493227.0,492126.0,490832.0,489384.0,487684.0,485716.0,483469.0,480829.0,477871.0,474471.0,473224.0,471976.0,470761.0,469649.0,468536.0,467554.0,466644.0,465776.0,465013.0,464334.0,463754.0,463230.0,462746.0,462330.0,461959.0,461623.0,461331.0,461044.0,460804.0,460601.0,460409.0,460227.0,460047.0,459915.0,459789.0,459693.0,459597.0,459500.0,459413.0,459332.0,459269.0
499995.0,499994.0,499993.0,499993.0,499992.0,499990.0,499987.0,499986.0,499984.0,499981.0,499979.0,499976.0,499975.0,499972.0,499964.0,499961.0,499959.0,499955.0,499951.0,499946.0,499938.0,499929.0,499920.0,499908.0,499892.0,499874.0,499858.0,499837.0,499806.0,499777.0,499749.0,499707.0,499667.0,499614.0,499554.0,499486.0,499388.0,499285.0,499161.0,499028.0,498845.0,498663.0,498461.0,498241.0,497952.0,497603.0,497203.0,496737.0,496235.0,495577.0,494818.0,493997.0,492945.0,491837.0,490477.0,488960.0,487227.0,485216.0,484445.0,483717.0,483018.0,482292.0,481621.0,480996.0,480452.0,479950.0,479463.0,479043.0,478667.0,478354.0,478049.0,477762.0,477537.0,477359.0,477143.0,476955.0,476799.0,476667.0,476542.0,476412.0,476318.0,476216.0,476149.0,476089.0,476019.0,475961.0,475908.0,475843.0,475806.0
499995.0,499995.0,499994.0,499992.0,499990.0,499988.0,499987.0,499979.0,499977.0,499973.0,499966.0,499963.0,499962.0,499954.0,499947.0,499938.0,499933.0,499922.0,499913.0,499900.0,499884.0,499871.0,499845.0,499825.0,499798.0,499768.0,499732.0,499697.0,499647.0,499585.0,499510.0,499420.0,499316.0,499227.0,499097.0,498932.0,498749.0,498545.0,498318.0,498020.0,497673.0,497278.0,496832.0,496295.0,495683.0,494973.0,494157.0,493230.0,492102.0,490820.0,489325.0,487601.0,485629.0,483269.0,480564.0,477577.0,474270.0,470361.0,468946.0,467444.0,466028.0,464678.0,463448.0,462274.0,461228.0,460281.0,459511.0,458787.0,458147.0,457548.0,457050.0,456569.0,456161.0,455822.0,455494.0,455212.0,454960.0,454738.0,454518.0,454346.0,454199.0,454021.0,453876.0,453760.0,453647.0,453554.0,453455.0,453366.0,453294.0
499995.0,499994.0,499994.0,499992.0,499990.0,499986.0,499983.0,499980.0,499977.0,499970.0,499964.0,499961.0,499954.0,499945.0,499938.0,499932.0,499924.0,499911.0,499885.0,499868.0,499847.0,499817.0,499784.0,499746.0,499694.0,499639.0,499589.0,499516.0,499434.0,499336.0,499231.0,499104.0,498952.0,498777.0,498593.0,498367.0,498056.0,497731.0,497365.0,496931.0,496402.0,495818.0,495119.0,494306.0,493385.0,492298.0,491038.0,489599.0,487984.0,486128.0,483951.0,481425.0,478569.0,475345.0,471699.0,467539.0,462863.0,457565.0,455474.0,453530.0,451732.0,449970.0,448286.0,446776.0,445418.0,444201.0,443157.0,442210.0,441313.0,440581.0,439917.0,439328.0,438776.0,438306.0,437860.0,437514.0,437191.0,436900.0,436644.0,436433.0,436247.0,436080.0,435925.0,435779.0,435667.0,435551.0,435441.0,435341.0,435276.0
499995.0,499995.0,499991.0,499988.0,499983.0,499980.0,499976.0,499972.0,499965.0,499959.0,499953.0,499944.0,499934.0,499920.0,499904.0,499888.0,499869.0,499846.0,499816.0,499785.0,499747.0,499711.0,499659.0,499606.0,499547.0,499471.0,499373.0,499270.0,499156.0,499015.0,498880.0,498703.0,498489.0,498248.0,497944.0,497596.0,497241.0,496843.0,496326.0,495769.0,495103.0,494359.0,493449.0,492370.0,491131.0,489681.0,488112.0,486293.0,484251.0,481811.0,478957.0,475780.0,472170.0,467984.0,463367.0,458215.0,452523.0,445983.0,443580.0,441228.0,438987.0,436871.0,434978.0,433179.0,431626.0,430153.0,428802.0,427665.0,426705.0,425814.0,425052.0,424365.0,423757.0,423260.0,422788.0,422371.0,421993.0,421636.0,421323.0,421054.0,420821.0,420614.0,420440.0,420291.0,420149.0,420014.0,419908.0,419811.0,419727.0
499995.0,499995.0,499995.0,499995.0,499995.0,499994.0,499994.0,499992.0,499990.0,499989.0,499988.0,499986.0,499985.0,499985.0,499982.0,499980.0,499979.0,499976.0,499971.0,499969.0,499966.0,499960.0,499953.0,499948.0,499942.0,499929.0,499916.0,499901.0,499884.0,499869.0,499841.0,499825.0,499798.0,499757.0,499710.0,499654.0,499586.0,499513.0,499436.0,499335.0,499218.0,499079.0,498928.0,498726.0,498519.0,498257.0,497955.0,497629.0,497269.0,496827.0,496281.0,495673.0,494962.0,494164.0,493242.0,492194.0,490839.0,489420.0,488867.0,488341.0,487749.0,487251.0,486760.0,486309.0,485875.0,485518.0,485214.0,484907.0,484647.0,484410.0,484236.0,484065.0,483908.0,483758.0,483633.0,483517.0,483420.0,483319.0,483230.0,483141.0,483059.0,482996.0,482934.0,482879.0,482841.0,482780.0,482738.0,482706.0,482673.0
499995.0,499995.0,499995.0,499994.0,499993.0,499992.0,499992.0,499992.0,499990.0,499985.0,499982.0,499979.0,499977.0,499976.0,499974.0,499971.0,499968.0,499963.0,499954.0,499948.0,499942.0,499932.0,499924.0,499911.0,499891.0,499874.0,499858.0,499836.0,499813.0,499774.0,499727.0,499689.0,499634.0,499575.0,499496.0,499390.0,499284.0,499135.0,498981.0,498824.0,498646.0,498420.0,498157.0,497848.0,497500.0,497080.0,496604.0,496052.0,495419.0,494644.0,493775.0,492790.0,491684.0,490318.0,488772.0,486973.0,484960.0,482549.0,481640.0,480745.0,479897.0,479100.0,478348.0,477645.0,476971.0,476385.0,475878.0,475411.0,474976.0,474605.0,474271.0,473974.0,473702.0,473462.0,473253.0,473085.0,472892.0,472723.0,472579.0,472439.0,472341.0,472228.0,472138.0,472065.0,471983.0,471932.0,471874.0,471815.0,471771.0
499995.0,499995.0,499994.0,499991.0,499991.0,499991.0,499989.0,499984.0,499982.0,499976.0,499971.0,499966.0,499964.0,499961.0,499957.0,499944.0,499934.0,499923.0,499912.0,499895.0,499877.0,499859.0,499837.0,499808.0,499777.0,499748.0,499719.0,499672.0,499620.0,499563.0,499490.0,499401.0,499312.0,499196.0,499067.0,498920.0,498754.0,498537.0,498294.0,498017.0,497672.0,497283.0,496846.0,496339.0,495732.0,495059.0,494290.0,493396.0,492278.0,491061.0,489568.0,487880.0,485950.0,483794.0,481258.0,478324.0,474997.0,471191.0,469792.0,468398.0,467098.0,465895.0,464703.0,463652.0,462697.0,461825.0,460985.0,460246.0,459618.0,459062.0,458600.0,458099.0,457692.0,457349.0,457036.0,456754.0,456500.0,456268.0,456079.0,455930.0,455775.0,455621.0,455472.0,455346.0,455247.0,455160.0,455078.0,455021.0,454963.0
499995.0,499995.0,499993.0,499993.0,499992.0,499992.0,499992.0,499992.0,499990.0,499989.0,499987.0,499984.0,499982.0,499981.0,499977.0,499972.0,499968.0,499966.0,499960.0,499953.0,499947.0,499936.0,499925.0,499916.0,499897.0,499880.0,499856.0,499827.0,499799.0,499765.0,499736.0,499699.0,499652.0,499586.0,499523.0,499453.0,499359.0,499263.0,499151.0,499006.0,498866.0,498703.0,498522.0,498276.0,497983.0,497657.0,497302.0,496831.0,496301.0,495718.0,495028.0,494259.0,493294.0,492168.0,490951.0,489569.0,487932.0,485968.0,485277.0,484552.0,483840.0,483170.0,482528.0,481946.0,481436.0,480933.0,480500.0,480111.0,479753.0,479487.0,479217.0,478953.0,478724.0,478526.0,478335.0,478178.0,478048.0,477927.0,477805.0,477679.0,477584.0,477501.0,477443.0,477372.0,477322.0,477276.0,477223.0,477188.0,477151.0
499995.0,499994.0,499994.0,499992.0,499990.0,499989.0,499986.0,499984.0,499982.0,499977.0,499968.0,499964.0,499957.0,499947.0,499935.0,499914.0,499901.0,499885.0,499863.0,499832.0,499806.0,499765.0,499721.0,499681.0,499630.0,499579.0,499500.0,499409.0,499327.0,499228.0,499098.0,498951.0,498788.0,498575.0,498336.0,498028.0,497762.0,497424.0,497026.0,496588.0,496089.0,495482.0,494777.0,493932.0,492893.0,491803.0,490497.0,488956.0,487153.0,485036.0,482660.0,479934.0,476833.0,473318.0,469293.0,464683.0,459555.0,453723.0,451575.0,449432.0,447381.0,445522.0,443736.0,442148.0,440677.0,439387.0,438276.0,437229.0,436336.0,435521.0,434766.0,434116.0,433494.0,433027.0,432578.0,432181.0,431863.0,431555.0,431274.0,431023.0,430807.0,430604.0,430427.0,430268.0,430125.0,430006.0,429893.0,429809.0,429713.0
499995.0,499994.0,499994.0,499994.0,499994.0,499993.0,499993.0,499992.0,499988.0,499987.0,499987.0,499986.0,499984.0,499983.0,499979.0,499976.0,499973.0,499968.0,499961.0,499956.0,499950.0,499939.0,499929.0,499917.0,499904.0,499891.0,499875.0,499856.0,499831.0,499800.0,499767.0,499728.0,499682.0,499620.0,499553.0,499466.0,499384.0,499284.0,499166.0,499023.0,498868.0,498676.0,498474.0,498229.0,497941.0,497606.0,497208.0,496737.0,496182.0,495579.0,494914.0,494112.0,493186.0,492115.0,490845.0,489379.0,487662.0,485747.0,485038.0,484328.0,483611.0,482961.0,482336.0,481714.0,481235.0,480760.0,480317.0,479979.0,479643.0,479366.0,479094.0,478848.0,478612.0,478406.0,478225.0,478057.0,477896.0,477756.0,477608.0,477481.0,477375.0,477290.0,477202.0,477126.0,477077.0,477020.0,476971.0,476927.0,476882.0
499995.0,499992.0,499992.0,499992.0,499991.0,499990.0,499986.0,499982.0,499980.0,499978.0,499977.0,499974.0,499971.0,499964.0,499951.0,499944.0,499935.0,499929.0,499917.0,499910.0,499896.0,499883.0,499868.0,499850.0,499835.0,499816.0,499780.0,499746.0,499708.0,499665.0,499618.0,499559.0,499484.0,499424.0,499315.0,499217.0,499072.0,498915.0,498726.0,498506.0,498233.0,497898.0,497561.0,497140.0,496662.0,496108.0,495486.0,494685.0,493820.0,492734.0,491563.0,490215.0,488639.0,486770.0,484675.0,482246.0,479515.0,476421.0,475233.0,474065.0,472951.0,471850.0,470804.0,469876.0,468995.0,468206.0,467521.0,466906.0,466381.0,465902.0,465449.0,465033.0,464690.0,464399.0,464122.0,463871.0,463671.0,463451.0,463274.0,463096.0,462950.0,462818.0,462737.0,462637.0,462551.0,462465.0,462402.0,462339.0,462281.0
499995.0,499994.0,499993.0,499991.0,499991.0,499990.0,499987.0,499986.0,499985.0,499983.0,499980.0,499975.0,499970.0,499967.0,499961.0,499955.0,499950.0,499940.0,499937.0,499928.0,499913.0,499904.0,499892.0,499873.0,499850.0,499828.0,499809.0,499777.0,499736.0,499698.0,499646.0,499589.0,499542.0,499479.0,499404.0,499302.0,499206.0,499074.0,498933.0,498769.0,498601.0,498356.0,498087.0,497765.0,497397.0,496962.0,496481.0,495928.0,495233.0,494466.0,493542.0,492492.0,491267.0,489881.0,488214.0,486296.0,484103.0,481633.0,480659.0,479714.0,478836.0,478023.0,477257.0,476518.0,475820.0,475182.0,474635.0,474169.0,473769.0,473341.0,472964.0,472632.0,472334.0,472093.0,471827.0,471614.0,471445.0,471260.0,471109.0,470988.0,470857.0,470747.0,470652.0,470575.0,470487.0,470415.0,470355.0,470296.0,470250.0
499995.0,499994.0,499992.0,499991.0,499989.0,499988.0,499984.0,499979.0,499972.0,499967.0,499959.0,499951.0,499943.0,499931.0,499920.0,499908.0,499887.0,499869.0,499846.0,499825.0,499799.0,499768.0,499735.0,499691.0,499630.0,499571.0,499503.0,499406.0,499308.0,499212.0,499067.0,498891.0,498704.0,498498.0,498264.0,498003.0,497685.0,497290.0,496844.0,496263.0,495598.0,494845.0,494039.0,493010.0,491869.0,490550.0,489019.0,487219.0,485169.0,482826.0,480059.0,477071.0,473537.0,469423.0,465003.0,459868.0,454236.0,447813.0,445532.0,443198.0,441015.0,438938.0,437022.0,435237.0,433626.0,432214.0,430880.0,429777.0,428805.0,427905.0,427144.0,426471.0,425867.0,425288.0,424801.0,424358.0,423969.0,423648.0,423348.0,423072.0,422831.0,422638.0,422446.0,422282.0,422128.0,422019.0,421901.0,421796.0,421714.0
499995.0,499994.0,499991.0,499988.0,499984.0,499979.0,499974.0,499966.0,499960.0,499948.0,499936.0,499917.0,499898.0,499877.0,499865.0,499841.0,499802.0,499765.0,499727.0,499690.0,499627.0,499555.0,499481.0,499392.0,499275.0,499137.0,498985.0,498825.0,498636.0,498378.0,498111.0,497807.0,497441.0,497041.0,496541.0,496014.0,495364.0,494623.0,493754.0,492782.0,491660.0,490272.0,488769.0,487066.0,485072.0,482830.0,480145.0,477100.0,473717.0,469869.0,465396.0,460463.0,454764.0,448590.0,441722.0,434136.0,425765.0,416652.0,413329.0,410163.0,407186.0,404352.0,401787.0,399544.0,397454.0,395625.0,393930.0,392568.0,391371.0,390330.0,389378.0,388538.0,387853.0,387240.0,386677.0,386244.0,385855.0,385501.0,385222.0,384967.0,384730.0,384533.0,384352.0,384188.0,384065.0,383933.0,383826.0,383727.0,383626.0
499995.0,499993.0,499993.0,499993.0,499992.0,499990.0,499986.0,499984.0,499982.0,499979.0,499976.0,499970.0,499964.0,499955.0,499947.0,499934.0,499916.0,499894.0,499879.0,499851.0,499828.0,499799.0,499762.0,499717.0,499664.0,499602.0,499528.0,499448.0,499361.0,499264.0,499157.0,499017.0,498857.0,498667.0,498422.0,498183.0,497902.0,497551.0,497137.0,496677.0,496119.0,495476.0,494724.0,493911.0,492906.0,491769.0,490413.0,488851.0,486978.0,484922.0,482473.0,479641.0,476610.0,473070.0,469019.0,464436.0,459462.0,453705.0,451565.0,449492.0,447545.0,445662.0,443859.0,442311.0,440905.0,439625.0,438435.0,437376.0,436452.0,435603.0,434900.0,434296.0,433735.0,433219.0,432769.0,432409.0,432055.0,431723.0,431459.0,431224.0,431018.0,430844.0,430672.0,430521.0,430375.0,430267.0,430172.0,430093.0,430028.0
499995.0,499993.0,499992.0,499988.0,499986.0,499982.0,499976.0,499973.0,499964.0,499958.0,499955.0,499949.0,499940.0,499931.0,499915.0,499896.0,499879.0,499860.0,499845.0,499833.0,499795.0,499764.0,499728.0,499691.0,499645.0,499592.0,499513.0,499424.0,499336.0,499244.0,499116.0,498975.0,498780.0,498557.0,498307.0,498036.0,497720.0,497342.0,496937.0,496440.0,495852.0,495177.0,494441.0,493561.0,492571.0,491330.0,489961.0,488371.0,486594.0,484551.0,482096.0,479340.0,476232.0,472775.0,468768.0,464128.0,459009.0,453303.0,451178.0,449104.0,447123.0,445236.0,443407.0,441796.0,440368.0,439072.0,437843.0,436853.0,435966.0,435173.0,434496.0,433887.0,433330.0,432897.0,432445.0,432051.0,431696.0,431382.0,431117.0,430871.0,430639.0,430466.0,430295.0,430159.0,430045.0,429923.0,429818.0,429709.0,429626.0
499995.0,499994.0,499993.0,499993.0,499990.0,499989.0,499988.0,499985.0,499984.0,499982.0,499977.0,499976.0,499970.0,499962.0,499953.0,499942.0,499933.0,499922.0,499905.0,499885.0,499864.0,499840.0,499813.0,499778.0,499732.0,499683.0,499627.0,499567.0,499501.0,499419.0,499324.0,499218.0,499090.0,498951.0,498767.0,498588.0,498336.0,498051.0,497740.0,497348.0,496895.0,496367.0,495813.0,495141.0,494345.0,493430.0,492415.0,491143.0,489733.0,488058.0,486224.0,484084.0,481720.0,478883.0,475692.0,472096.0,467813.0,463115.0,461391.0,459635.0,458022.0,456420.0,454906.0,453536.0,452278.0,451195.0,450180.0,449319.0,448544.0,447877.0,447263.0,446666.0,446142.0,445701.0,445313.0,444943.0,444638.0,444355.0,444100.0,443861.0,443666.0,443494.0,443340.0,443193.0,443101.0,443005.0,442916.0,442824.0,442759.0
499995.0,499994.0,499994.0,499992.0,499989.0,499988.0,499986.0,499984.0,499982.0,499976.0,499972.0,499967.0,499963.0,499958.0,499951.0,499939.0,499932.0,499917.0,499906.0,499893.0,499881.0,499858.0,499838.0,499816.0,499785.0,499752.0,499717.0,499665.0,499620.0,499567.0,499516.0,499446.0,499353.0,499239.0,499118.0,498980.0,498820.0,498633.0,498414.0,498135.0,497826.0,497483.0,497104.0,496597.0,496053.0,495452.0,494744.0,493893.0,492986.0,491885.0,490569.0,489098.0,487390.0,485392.0,483137.0,480510.0,477475.0,473983.0,472689.0,471515.0,470324.0,469172.0,468076.0,467061.0,466208.0,465357.0,464640.0,463978.0,463367.0,462817.0,462332.0,461896.0,461542.0,461176.0,460857.0,460584.0,460354.0,460141.0,459943.0,459744.0,459586.0,459451.0,459311.0,459193.0,459080.0,458997.0,458904.0,458832.0,458775.0
499995.0,499995.0,499995.0,499994.0,499994.0,499992.0,499992.0,499989.0,499988.0,499987.0,499987.0,499987.0,499985.0,499984.0,499984.0,499983.0,499982.0,499980.0,499978.0,499974.0,499970.0,499970.0,499968.0,499963.0,499960.0,499955.0,499944.0,499932.0,499922.0,499907.0,499895.0,499875.0,499853.0,499827.0,499798.0,499765.0,499726.0,499691.0,499642.0,499575.0,499495.0,499417.0,499328.0,499207.0,499076.0,498909.0,498732.0,498508.0,498202.0,497881.0,497534.0,497123.0,496632.0,496056.0,495382.0,494618.0,493742.0,492696.0,492299.0,491877.0,491532.0,491151.0,490827.0,490497.0,490203.0,489955.0,489717.0,489522.0,489337.0,489143.0,488978.0,488826.0,488698.0,488573.0,488473.0,488383.0,488293.0,488226.0,488152.0,488101.0,488044.0,488004.0,487967.0,487937.0,487898.0,487872.0,487844.0,487817.0,487804.0
499995.0,499992.0,499990.0,499989.0,499985.0,499978.0,499972.0,499962.0,499953.0,499943.0,499935.0,499922.0,499906.0,499883.0,499858.0,499832.0,499795.0,499765.0,499723.0,499664.0,499575.0,499479.0,499364.0,499268.0,499159.0,499022.0,498841.0,498631.0,498410.0,498153.0,497817.0,497452.0,497025.0,496521.0,495952.0,495308.0,494551.0,493630.0,492585.0,491426.0,490136.0,488587.0,486812.0,484748.0,482369.0,479659.0,476618.0,473106.0,469154.0,464675.0,459564.0,453880.0,447722.0,440801.0,433117.0,424719.0,415570.0,405776.0,402165.0,398711.0,395563.0,392671.0,389999.0,387587.0,385390.0,383465.0,381799.0,380346.0,379056.0,377972.0,377043.0,376213.0,375479.0,374836.0,374274.0,373743.0,373314.0,372953.0,372654.0,372389.0,372113.0,371905.0,371727.0,371590.0,371466.0,371334.0,371225.0,371121.0,371046.0
499995.0,499994.0,499991.0,499988.0,499983.0,499981.0,499977.0,499975.0,499974.0,499965.0,499958.0,499953.0,499950.0,499942.0,499934.0,499922.0,499908.0,499895.0,499885.0,499866.0,499847.0,499835.0,499811.0,499785.0,499745.0,499698.0,499660.0,499608.0,499541.0,499455.0,499368.0,499262.0,499138.0,499003.0,498834.0,498628.0,498405.0,498161.0,497847.0,497528.0,497106.0,496632.0,496059.0,495384.0,494608.0,493705.0,492686.0,491505.0,490138.0,488541.0,486645.0,484577.0,482140.0,479495.0,476337.0,472752.0,468694.0,464045.0,462334.0,460644.0,459044.0,457527.0,456136.0,454818.0,453584.0,452503.0,451574.0,450699.0,449923.0,449285.0,448696.0,448169.0,447669.0,447285.0,446866.0,446553.0,446280.0,445969.0,445705.0,445491.0,445310.0,445132.0,444979.0,444836.0,444702.0,444574.0,444483.0,444396.0,444316.0
499995.0,499994.0,499992.0,499990.0,499989.0,499985.0,499983.0,499976.0,499974.0,499966.0,499958.0,499951.0,499942.0,499933.0,499922.0,499914.0,499901.0,499886.0,499866.0,499844.0,499813.0,499780.0,499736.0,499687.0,499628.0,499575.0,499518.0,499444.0,499351.0,499258.0,499154.0,499021.0,498869.0,498678.0,498481.0,498241.0,497989.0,497669.0,497300.0,496849.0,496352.0,495704.0,495016.0,494261.0,493369.0,492288.0,491087.0,489612.0,487987.0,486102.0,483969.0,481581.0,478865.0,475680.0,472067.0,468026.0,463420.0,458187.0,456309.0,454428.0,452611.0,450799.0,449183.0,447752.0,446398.0,445178.0,444123.0,443196.0,442354.0,441633.0,441002.0,440378.0,439867.0,439396.0,438977.0,438615.0,438276.0,438001.0,437730.0,437497.0,437291.0,437126.0,436994.0,436853.0,436719.0,436604.0,436497.0,436427.0,436357.0
499995.0,499990.0,499989.0,499986.0,499983.0,499970.0,499961.0,499954.0,499946.0,499937.0,499925.0,499908.0,499893.0,499876.0,499856.0,499834.0,499801.0,499763.0,499720.0,499670.0,499613.0,499538.0,499454.0,499354.0,499231.0,499102.0,498966.0,498786.0,498563.0,498348.0,498062.0,497747.0,497384.0,496913.0,496432.0,495813.0,495154.0,494442.0,493567.0,492590.0,491451.0,490082.0,488499.0,486670.0,484614.0,482244.0,479444.0,476324.0,472767.0,468712.0,464248.0,459023.0,453403.0,446959.0,439873.0,432019.0,423482.0,414224.0,410910.0,407812.0,404801.0,401941.0,399362.0,396986.0,394907.0,393160.0,391531.0,390066.0,388850.0,387753.0,386867.0,386038.0,385304.0,384630.0,384053.0,383596.0,383194.0,382887.0,382558.0,382265.0,382040.0,381807.0,381619.0,381446.0,381293.0,381166.0,381060.0,380968.0,380885.0
499995.0,499993.0,499993.0,499991.0,499987.0,499981.0,499978.0,499976.0,499969.0,499960.0,499953.0,499944.0,499930.0,499917.0,499904.0,499885.0,499866.0,499834.0,499803.0,499765.0,499721.0,499674.0,499622.0,499559.0,499494.0,499406.0,499303.0,499191.0,499064.0,498892.0,498717.0,498487.0,498232.0,497938.0,497602.0,497187.0,496733.0,496201.0,495537.0,494822.0,494007.0,493003.0,491911.0,490666.0,489135.0,487413.0,485499.0,483286.0,480658.0,477787.0,474407.0,470518.0,466192.0,461190.0,455635.0,449499.0,442645.0,435199.0,432412.0,429724.0,427230.0,424735.0,422512.0,420480.0,418744.0,417105.0,415680.0,414431.0,413314.0,412361.0,411481.0,410661.0,410025.0,409412.0,408919.0,408453.0,408063.0,407681.0,407415.0,407152.0,406910.0,406697.0,406528.0,406381.0,406241.0,406119.0,406014.0,405913.0,405833.0
499995.0,499995.0,499993.0,499991.0,499991.0,499988.0,499985.0,499983.0,499979.0,499973.0,499967.0,499963.0,499954.0,499948.0,499941.0,499924.0,499910.0,499895.0,499882.0,499870.0,499849.0,499835.0,499807.0,499774.0,499737.0,499696.0,499646.0,499583.0,499521.0,499452.0,499378.0,499291.0,499174.0,499027.0,498878.0,498722.0,498510.0,498275.0,497985.0,497649.0,497245.0,496801.0,496278.0,495720.0,495035.0,494317.0,493480.0,492456.0,491322.0,489896.0,488325.0,486536.0,484399.0,482050.0,479266.0,476221.0,472705.0,468674.0,467151.0,465656.0,464231.0,462892.0,461614.0,460455.0,459423.0,458418.0,457555.0,456777.0,456134.0,455523.0,454970.0,454477.0,454071.0,453655.0,453332.0,453009.0,452777.0,452542.0,452350.0,452155.0,451991.0,451817.0,451642.0,451520.0,451410.0,451312.0,451227.0,451146.0,451074.0
499995.0,499994.0,499994.0,499992.0,499992.0,499992.0,499991.0,499990.0,499989.0,499989.0,499988.0,499988.0,499987.0,499986.0,499986.0,499985.0,499984.0,499982.0,499976.0,499976.0,499975.0,499973.0,499970.0,499967.0,499963.0,499960.0,499953.0,499949.0,499943.0,499936.0,499929.0,499924.0,499914.0,499901.0,499894.0,499877.0,499859.0,499848.0,499828.0,499792.0,499769.0,499740.0,499711.0,499658.0,499587.0,499520.0,499453.0,499379.0,499275.0,499148.0,499012.0,498860.0,498679.0,498473.0,498226.0,497933.0,497593.0,497192.0,497040.0,496874.0,496714.0,496577.0,496438.0,496333.0,496234.0,496130.0,496046.0,495982.0,495920.0,495840.0,495780.0,495725.0,495679.0,495629.0,495578.0,495534.0,495499.0,495464.0,495435.0,495411.0,495387.0,495369.0,495355.0,495336.0,495314.0,495301.0,495285.0,495272.0,495260.0
499995.0,499994.0,499994.0,499994.0,499991.0,499989.0,499987.0,499986.0,499982.0,499980.0,499972.0,499969.0,499962.0,499955.0,499943.0,499938.0,499921.0,499909.0,499891.0,499873.0,499851.0,499833.0,499804.0,499766.0,499727.0,499683.0,499617.0,499551.0,499465.0,499365.0,499248.0,499118.0,498957.0,498771.0,498553.0,498325.0,498016.0,497697.0,497328.0,496866.0,496357.0,495721.0,495020.0,494149.0,493182.0,492114.0,490874.0,489435.0,487783.0,485896.0,483720.0,481201.0,478363.0,475187.0,471554.0,467375.0,462565.0,457294.0,455308.0,453473.0,451558.0,449889.0,448252.0,446752.0,445386.0,444200.0,443102.0,442155.0,441291.0,440519.0,439832.0,439217.0,438680.0,438201.0,437778.0,437385.0,437059.0,436763.0,436490.0,436260.0,436035.0,435831.0,435668.0,435516.0,435395.0,435296.0,435199.0,435105.0,435022.0
499995.0,499994.0,499992.0,499989.0,499987.0,499979.0,499971.0,499965.0,499956.0,499948.0,499936.0,499927.0,499907.0,499894.0,499865.0,499848.0,499816.0,499774.0,499737.0,499695.0,499639.0,499591.0,499514.0,499422.0,499331.0,499205.0,499050.0,498886.0,498674.0,498443.0,498156.0,497828.0,497455.0,497086.0,496575.0,496011.0,495352.0,494595.0,493730.0,492693.0,491495.0,490091.0,488531.0,486722.0,484542.0,482116.0,479344.0,476051.0,472243.0,467969.0,463169.0,457727.0,451874.0,445351.0,437925.0,429711.0,420748.0,411035.0,407539.0,404290.0,401116.0,398194.0,395597.0,393216.0,391144.0,389250.0,387497.0,386021.0,384774.0,383690.0,382695.0,381840.0,381110.0,380484.0,379908.0,379426.0,378973.0,378598.0,378272.0,377940.0,377701.0,377461.0,377237.0,377068.0,376918.0,376795.0,376679.0,376583.0,376486.0
499995.0,499994.0,499994.0,499992.0,499989.0,499987.0,499985.0,499983.0,499979.0,499977.0,499974.0,499972.0,499970.0,499965.0,499965.0,499962.0,499958.0,499949.0,499938.0,499931.0,499919.0,499907.0,499896.0,499879.0,499863.0,499843.0,499814.0,499782.0,499751.0,499712.0,499667.0,499617.0,499556.0,499480.0,499390.0,499292.0,499172.0,499030.0,498872.0,498689.0,498469.0,498181.0,497899.0,497559.0,497152.0,496676.0,496113.0,495449.0,494688.0,493822.0,492825.0,491694.0,490374.0,488913.0,487152.0,485015.0,482624.0,479864.0,478847.0,477803.0,476827.0,475950.0,475031.0,474245.0,473521.0,472866.0,472268.0,471744.0,471297.0,470856.0,470486.0,470144.0,469860.0,469566.0,469330.0,469124.0,468928.0,468758.0,468600.0,468469.0,468337.0,468219.0,468115.0,468023.0,467954.0,467886.0,467824.0,467769.0,467719.0
499995.0,499994.0,499994.0,499993.0,499992.0,499992.0,499992.0,499989.0,499988.0,499985.0,499984.0,499982.0,499980.0,499973.0,499971.0,499964.0,499954.0,499947.0,499936.0,499926.0,499918.0,499904.0,499885.0,499864.0,499850.0,499835.0,499807.0,499771.0,499722.0,499674.0,499620.0,499544.0,499458.0,499374.0,499265.0,499139.0,499014.0,498858.0,498676.0,498471.0,498217.0,497954.0,497635.0,497249.0,496808.0,496261.0,495644.0,494931.0,494126.0,493174.0,492052.0,490746.0,489187.0,487482.0,485422.0,483169.0,480502.0,477472.0,476351.0,475192.0,474062.0,473043.0,472054.0,471096.0,470305.0,469497.0,468815.0,468215.0,467695.0,467166.0,466711.0,466310.0,465958.0,465645.0,465378.0,465100.0,464872.0,464648.0,464481.0,464300.0,464161.0,464045.0,463901.0,463793.0,463713.0,463626.0,463538.0,463472.0,463417.0
499995.0,499995.0,499993.0,499992.0,499989.0,499986.0,499983.0,499978.0,499976.0,499976.0,499969.0,499957.0,499949.0,499943.0,499932.0,499923.0,499916.0,499905.0,499889.0,499866.0,499843.0,499815.0,499783.0,499753.0,499700.0,499645.0,499574.0,499501.0,499418.0,499321.0,499221.0,499103.0,498939.0,498726.0,498507.0,498254.0,497980.0,497654.0,497315.0,496840.0,496314.0,495702.0,495031.0,494207.0,493271.0,492179.0,490934.0,489460.0,487865.0,485973.0,483721.0,481229.0,478384.0,475062.0,471239.0,466997.0,462244.0,456671.0,454655.0,452641.0,450747.0,448918.0,447247.0,445760.0,444427.0,443153.0,442072.0,441071.0,440199.0,439387.0,438650.0,438041.0,437512.0,437058.0,436650.0,436275.0,435920.0,435640.0,435380.0,435145.0,434927.0,434754.0,434610.0,434460.0,434327.0,434226.0,434108.0,434016.0,433940.0
499995.0,499995.0,499994.0,499994.0,499992.0,499989.0,499987.0,499986.0,499985.0,499985.0,499983.0,499981.0,499979.0,499976.0,499973.0,499972.0,499970.0,499967.0,499963.0,499954.0,499947.0,499940.0,499934.0,499923.0,499911.0,499895.0,499875.0,499857.0,499829.0,499798.0,499771.0,499725.0,499674.0,499608.0,499539.0,499451.0,499370.0,499273.0,499168.0,499052.0,498879.0,498690.0,498448.0,498198.0,497866.0,497496.0,497084.0,496629.0,496094.0,495448.0,494714.0,493856.0,492869.0,491688.0,490318.0,488728.0,486955.0,484883.0,484194.0,483458.0,482718.0,482012.0,481365.0,480792.0,480212.0,479701.0,479232.0,478809.0,478413.0,478023.0,477717.0,477444.0,477205.0,476984.0,476808.0,476626.0,476453.0,476331.0,476193.0,476053.0,475948.0,475862.0,475772.0,475682.0,475595.0,475527.0,475470.0,475424.0,475379.0
499995.0,499992.0,499991.0,499990.0,499988.0,499987.0,499986.0,499984.0,499982.0,499980.0,499977.0,499976.0,499973.0,499969.0,499965.0,499959.0,499944.0,499932.0,499919.0,499904.0,499889.0,499872.0,499853.0,499830.0,499803.0,499778.0,499738.0,499695.0,499650.0,499598.0,499533.0,499444.0,499333.0,499235.0,499112.0,498973.0,498796.0,498621.0,498388.0,498119.0,497819.0,497443.0,496968.0,496481.0,495933.0,495295.0,494541.0,493695.0,492726.0,491635.0,490257.0,488681.0,486893.0,484857.0,482447.0,479798.0,476798.0,473234.0,471880.0,470626.0,469370.0,468149.0,467040.0,465955.0,465020.0,464171.0,463398.0,462748.0,462106.0,461559.0,461070.0,460631.0,460265.0,459964.0,459625.0,459343.0,459089.0,458881.0,458693.0,458523.0,458375.0,458222.0,458095.0,457956.0,457848.0,457749.0,457653.0,457586.0,457532.0
499995.0,499992.0,499989.0,499986.0,499980.0,499976.0,499967.0,499957.0,499949.0,499941.0,499931.0,499914.0,499901.0,499883.0,499864.0,499843.0,499809.0,499781.0,499748.0,499719.0,499686.0,499640.0,499583.0,499514.0,499431.0,499349.0,499247.0,499140.0,499000.0,498818.0,498625.0,498391.0,498137.0,497858.0,497521.0,497109.0,496644.0,496142.0,495545.0,494797.0,493919.0,492936.0,491826.0,490535.0,489041.0,487304.0,485307.0,482990.0,480429.0,477456.0,474107.0,470369.0,465980.0,461094.0,455596.0,449371.0,442772.0,435401.0,432662.0,430039.0,427527.0,425126.0,422991.0,421007.0,419317.0,417724.0,416292.0,415097.0,414001.0,413039.0,412192.0,411462.0,410812.0,410240.0,409784.0,409342.0,408968.0,408588.0,408302.0,408036.0,407796.0,407593.0,407412.0,407255.0,407125.0,407005.0,406903.0,406810.0,406724.0
499995.0,499993.0,499991.0,499989.0,499987.0,499982.0,499978.0,499975.0,499968.0,499964.0,499961.0,499957.0,499951.0,499941.0,499929.0,499914.0,499899.0,499880.0,499850.0,499824.0,499789.0,499751.0,499714.0,499672.0,499612.0,499564.0,499496.0,499403.0,499315.0,499203.0,499034.0,498854.0,498672.0,498459.0,498214.0,497915.0,497564.0,497150.0,496656.0,496105.0,495480.0,494747.0,493921.0,492881.0,491663.0,490288.0,488701.0,486913.0,484791.0,482452.0,479717.0,476555.0,472925.0,468850.0,464286.0,459029.0,453107.0,446560.0,444141.0,441840.0,439604.0,437422.0,435412.0,433597.0,432048.0,430642.0,429418.0,428323.0,427312.0,426404.0,425580.0,424893.0,424306.0,423770.0,423271.0,422859.0,422444.0,422100.0,421807.0,421547.0,421290.0,421097.0,420912.0,420736.0,420579.0,420453.0,420350.0,420239.0,420142.0
499995.0,499993.0,499992.0,499990.0,499988.0,499988.0,499982.0,499979.0,499975.0,499973.0,499969.0,499965.0,499957.0,499948.0,499936.0,499920.0,499912.0,499888.0,499876.0,499856.0,499828.0,499799.0,499764.0,499732.0,499686.0,499637.0,499582.0,499512.0,499418.0,499310.0,499202.0,499057.0,498894.0,498700.0,498481.0,498224.0,497915.0,497544.0,497121.0,496667.0,496083.0,495451.0,494752.0,493883.0,492879.0,491722.0,490356.0,488778.0,486955.0,484923.0,482575.0,479856.0,476756.0,473229.0,469138.0,464545.0,459483.0,453730.0,451574.0,449390.0,447278.0,445368.0,443581.0,442075.0,440671.0,439497.0,438327.0,437288.0,436393.0,435616.0,434886.0,434258.0,433707.0,433222.0,432815.0,432438.0,432053.0,431714.0,431401.0,431153.0,430919.0,430693.0,430511.0,430335.0,430180.0,430050.0,429934.0,429834.0,429741.0
499995.0,499995.0,499993.0,499993.0,499993.0,499991.0,499989.0,499986.0,499984.0,499980.0,499978.0,499975.0,499972.0,499965.0,499958.0,499951.0,499943.0,499935.0,499921.0,499905.0,499886.0,499866.0,499844.0,499811.0,499779.0,499736.0,499692.0,499638.0,499564.0,499496.0,499408.0,499317.0,499215.0,499082.0,498945.0,498784.0,498586.0,498348.0,498079.0,497742.0,497393.0,496954.0,496491.0,495887.0,495233.0,494470.0,493614.0,492597.0,491429.0,490039.0,488429.0,486641.0,484518.0,482068.0,479263.0,476185.0,472679.0,468622.0,467187.0,465685.0,464311.0,462948.0,461752.0,460568.0,459507.0,458516.0,457639.0,456921.0,456200.0,455546.0,455009.0,454549.0,454156.0,453803.0,453453.0,453178.0,452930.0,452681.0,452477.0,452288.0,452129.0,451996.0,451834.0,451707.0,451597.0,451495.0,451401.0,451314.0,451237.0
