0.0,0.0,0.0,0.0,1.0,1.0,1.0,1.0,1.0,1.0,1.0,1.0,1.0,1.0,2.0,2.0,2.0,3.0,7.0,9.0,11.0,13.0,13.0,13.0,15.0,15.0,16.0,21.0,25.0,27.0,32.0,34.0,36.0,39.0,41.0,42.0,44.0,47.0,53.0,58.0,61.0,65.0,69.0,74.0,80.0,87.0,94.0,101.0,108.0,122.0,130.0,140.0,156.0,167.0,178.0,193.0,208.0,233.0,248.0,274.0,296.0,326.0,356.0,388.0,431.0,471.0,528.0,580.0,636.0,703.0,761.0,840.0,918.0,1010.0,1107.0,1223.0,1345.0,1470.0,1598.0,1736.0,1855.0,1964.0,2073.0,2193.0,2304.0,2420.0,2524.0,2625.0,2717.0,2802.0,2888.0,2966.0,3037.0,3134.0,3229.0,3302.0,3388.0,3452.0,3521.0,3571.0,3636.0,3691.0,3753.0
0.0,0.0,0.0,0.0,0.0,0.0,0.0,0.0,1.0,2.0,3.0,5.0,5.0,5.0,6.0,10.0,10.0,12.0,16.0,21.0,24.0,26.0,29.0,30.0,35.0,39.0,44.0,46.0,53.0,59.0,71.0,76.0,89.0,102.0,115.0,127.0,139.0,151.0,165.0,190.0,208.0,221.0,250.0,271.0,292.0,326.0,360.0,391.0,427.0,456.0,504.0,548.0,595.0,652.0,704.0,763.0,829.0,900.0,982.0,1067.0,1150.0,1249.0,1368.0,1483.0,1615.0,1761.0,1926.0,2101.0,2290.0,2502.0,2733.0,3007.0,3276.0,3567.0,3911.0,4278.0,4642.0,5047.0,5469.0,5889.0,6322.0,6778.0,7179.0,7565.0,7931.0,8313.0,8686.0,9032.0,9368.0,9689.0,9968.0,10278.0,10560.0,10827.0,11103.0,11343.0,11585.0,11809.0,12028.0,12239.0,12454.0,12642.0,12831.0
0.0,0.0,0.0,0.0,0.0,0.0,0.0,0.0,0.0,0.0,0.0,0.0,0.0,0.0,0.0,1.0,1.0,1.0,2.0,3.0,6.0,8.0,9.0,9.0,10.0,10.0,10.0,10.0,10.0,10.0,11.0,11.0,11.0,12.0,12.0,12.0,14.0,14.0,14.0,14.0,14.0,16.0,16.0,16.0,16.0,18.0,20.0,22.0,24.0,26.0,27.0,29.0,34.0,35.0,36.0,38.0,40.0,47.0,49.0,49.0,49.0,54.0,62.0,64.0,73.0,78.0,80.0,88.0,95.0,102.0,106.0,112.0,120.0,129.0,142.0,147.0,156.0,168.0,184.0,200.0,210.0,220.0,230.0,238.0,252.0,260.0,265.0,274.0,283.0,289.0,299.0,310.0,312.0,321.0,331.0,340.0,348.0,351.0,361.0,369.0,373.0,379.0,381.0
0.0,0.0,0.0,0.0,0.0,0.0,0.0,1.0,1.0,1.0,1.0,1.0,1.0,1.0,1.0,2.0,3.0,3.0,3.0,4.0,7.0,7.0,10.0,12.0,12.0,14.0,16.0,17.0,17.0,18.0,23.0,28.0,30.0,33.0,34.0,35.0,38.0,47.0,51.0,55.0,65.0,70.0,79.0,91.0,100.0,108.0,122.0,136.0,146.0,159.0,173.0,186.0,203.0,225.0,244.0,270.0,296.0,320.0,343.0,364.0,399.0,430.0,472.0,516.0,564.0,609.0,670.0,729.0,782.0,854.0,925.0,1018.0,1109.0,1212.0,1313.0,1442.0,1569.0,1696.0,1832.0,1958.0,2108.0,2241.0,2377.0,2514.0,2647.0,2789.0,2896.0,3006.0,3123.0,3224.0,3320.0,3418.0,3520.0,3608.0,3699.0,3784.0,3881.0,3954.0,4024.0,4082.0,4143.0,4203.0,4261.0
0.0,0.0,0.0,0.0,0.0,0.0,1.0,1.0,1.0,2.0,3.0,3.0,5.0,6.0,8.0,9.0,9.0,11.0,13.0,14.0,14.0,15.0,17.0,18.0,19.0,19.0,21.0,22.0,22.0,23.0,26.0,29.0,31.0,34.0,37.0,38.0,47.0,51.0,57.0,62.0,72.0,80.0,89.0,97.0,101.0,111.0,127.0,141.0,154.0,166.0,182.0,202.0,217.0,234.0,253.0,278.0,306.0,341.0,385.0,425.0,477.0,526.0,581.0,651.0,706.0,772.0,851.0,934.0,1039.0,1142.0,1247.0,1366.0,1485.0,1639.0,1797.0,1956.0,2139.0,2321.0,2508.0,2704.0,2905.0,3078.0,3262.0,3459.0,3628.0,3825.0,3983.0,4142.0,4311.0,4449.0,4593.0,4737.0,4892.0,5017.0,5135.0,5255.0,5359.0,5460.0,5558.0,5642.0,5722.0,5800.0,5872.0
0.0,0.0,0.0,0.0,0.0,0.0,0.0,1.0,1.0,1.0,2.0,3.0,3.0,4.0,4.0,4.0,4.0,4.0,5.0,7.0,8.0,9.0,12.0,13.0,15.0,16.0,16.0,17.0,17.0,17.0,18.0,18.0,18.0,19.0,20.0,21.0,22.0,22.0,24.0,24.0,25.0,25.0,25.0,26.0,27.0,27.0,29.0,30.0,32.0,36.0,37.0,40.0,40.0,40.0,42.0,44.0,45.0,49.0,50.0,51.0,55.0,57.0,60.0,62.0,67.0,73.0,79.0,84.0,85.0,89.0,94.0,102.0,107.0,110.0,118.0,124.0,133.0,148.0,164.0,178.0,190.0,199.0,210.0,224.0,232.0,248.0,261.0,273.0,282.0,289.0,297.0,313.0,319.0,328.0,337.0,343.0,351.0,366.0,374.0,382.0,384.0,386.0,394.0
0.0,0.0,0.0,0.0,1.0,1.0,1.0,1.0,2.0,2.0,3.0,3.0,3.0,4.0,5.0,5.0,6.0,7.0,7.0,7.0,7.0,8.0,9.0,9.0,9.0,9.0,12.0,13.0,16.0,20.0,25.0,30.0,33.0,36.0,37.0,41.0,45.0,51.0,56.0,65.0,73.0,77.0,85.0,91.0,98.0,111.0,120.0,129.0,143.0,154.0,166.0,181.0,197.0,218.0,235.0,253.0,274.0,291.0,308.0,336.0,360.0,387.0,412.0,449.0,476.0,517.0,564.0,618.0,675.0,734.0,800.0,869.0,934.0,1024.0,1115.0,1202.0,1300.0,1398.0,1490.0,1612.0,1713.0,1831.0,1931.0,2033.0,2141.0,2259.0,2371.0,2480.0,2587.0,2672.0,2745.0,2842.0,2918.0,3001.0,3080.0,3140.0,3204.0,3272.0,3319.0,3384.0,3444.0,3490.0,3525.0
0.0,0.0,0.0,0.0,0.0,0.0,0.0,0.0,0.0,1.0,1.0,3.0,5.0,5.0,5.0,5.0,5.0,5.0,5.0,6.0,7.0,7.0,7.0,9.0,12.0,14.0,16.0,19.0,21.0,27.0,32.0,35.0,39.0,39.0,44.0,52.0,53.0,59.0,64.0,67.0,73.0,77.0,89.0,93.0,101.0,108.0,114.0,129.0,145.0,161.0,179.0,199.0,219.0,235.0,252.0,275.0,312.0,336.0,370.0,410.0,463.0,508.0,549.0,604.0,664.0,734.0,796.0,894.0,1004.0,1106.0,1211.0,1330.0,1465.0,1609.0,1755.0,1923.0,2104.0,2285.0,2461.0,2664.0,2868.0,3038.0,3223.0,3410.0,3579.0,3758.0,3937.0,4096.0,4251.0,4406.0,4559.0,4697.0,4834.0,4953.0,5086.0,5203.0,5332.0,5441.0,5535.0,5623.0,5705.0,5795.0,5875.0
0.0,0.0,0.0,0.0,0.0,0.0,0.0,0.0,1.0,1.0,1.0,1.0,3.0,3.0,3.0,5.0,6.0,6.0,8.0,10.0,13.0,15.0,16.0,18.0,24.0,30.0,34.0,41.0,45.0,52.0,57.0,64.0,70.0,79.0,82.0,91.0,95.0,109.0,118.0,126.0,134.0,142.0,157.0,182.0,191.0,204.0,228.0,245.0,270.0,300.0,325.0,356.0,396.0,434.0,473.0,516.0,564.0,624.0,679.0,739.0,810.0,884.0,980.0,1104.0,1202.0,1305.0,1439.0,1573.0,1707.0,1890.0,2069.0,2254.0,2457.0,2671.0,2923.0,3176.0,3439.0,3742.0,4021.0,4332.0,4651.0,4924.0,5247.0,5543.0,5853.0,6159.0,6448.0,6726.0,7012.0,7282.0,7517.0,7750.0,7965.0,8197.0,8395.0,8604.0,8791.0,8963.0,9137.0,9279.0,9435.0,9559.0,9694.0
0.0,0.0,0.0,0.0,0.0,0.0,0.0,0.0,1.0,1.0,2.0,2.0,5.0,6.0,6.0,7.0,7.0,7.0,8.0,11.0,14.0,17.0,19.0,24.0,26.0,28.0,30.0,34.0,37.0,43.0,48.0,51.0,56.0,62.0,69.0,76.0,83.0,92.0,99.0,106.0,120.0,130.0,140.0,157.0,175.0,194.0,217.0,240.0,270.0,303.0,336.0,362.0,404.0,450.0,499.0,544.0,598.0,662.0,731.0,814.0,888.0,949.0,1043.0,1124.0,1226.0,1330.0,1459.0,1592.0,1743.0,1913.0,2112.0,2343.0,2571.0,2810.0,3108.0,3413.0,3745.0,4064.0,4414.0,4736.0,5092.0,5420.0,5732.0,6049.0,6426.0,6763.0,7077.0,7376.0,7657.0,7936.0,8198.0,8456.0,8698.0,8919.0,9119.0,9329.0,9528.0,9738.0,9903.0,10075.0,10242.0,10402.0,10541.0
0.0,0.0,0.0,0.0,0.0,0.0,0.0,1.0,2.0,2.0,2.0,2.0,6.0,6.0,7.0,7.0,8.0,9.0,9.0,13.0,14.0,15.0,15.0,17.0,17.0,18.0,21.0,24.0,26.0,28.0,28.0,29.0,31.0,32.0,34.0,35.0,40.0,44.0,46.0,48.0,54.0,61.0,64.0,65.0,70.0,81.0,85.0,91.0,100.0,105.0,113.0,121.0,132.0,155.0,166.0,180.0,188.0,202.0,222.0,243.0,260.0,287.0,313.0,339.0,370.0,401.0,429.0,464.0,506.0,553.0,600.0,658.0,700.0,758.0,816.0,883.0,963.0,1038.0,1132.0,1200.0,1277.0,1338.0,1400.0,1471.0,1540.0,1607.0,1678.0,1745.0,1824.0,1880.0,1935.0,1983.0,2051.0,2105.0,2143.0,2173.0,2222.0,2268.0,2318.0,2353.0,2389.0,2418.0,2451.0
0.0,0.0,0.0,0.0,0.0,0.0,0.0,0.0,0.0,0.0,1.0,2.0,2.0,3.0,4.0,4.0,4.0,6.0,7.0,8.0,8.0,10.0,11.0,11.0,13.0,15.0,15.0,15.0,17.0,20.0,21.0,23.0,24.0,27.0,27.0,30.0,36.0,38.0,42.0,45.0,52.0,62.0,74.0,75.0,75.0,85.0,98.0,113.0,124.0,138.0,156.0,169.0,187.0,205.0,225.0,246.0,272.0,297.0,325.0,362.0,394.0,429.0,473.0,521.0,575.0,628.0,683.0,761.0,827.0,899.0,994.0,1097.0,1194.0,1309.0,1414.0,1547.0,1674.0,1830.0,1979.0,2143.0,2287.0,2435.0,2602.0,2756.0,2902.0,3042.0,3184.0,3293.0,3426.0,3551.0,3650.0,3764.0,3882.0,3989.0,4076.0,4157.0,4238.0,4329.0,4410.0,4489.0,4558.0,4627.0,4704.0
0.0,0.0,0.0,0.0,0.0,0.0,0.0,1.0,1.0,1.0,2.0,2.0,3.0,4.0,4.0,5.0,7.0,8.0,8.0,9.0,9.0,10.0,12.0,14.0,15.0,15.0,18.0,20.0,21.0,21.0,21.0,24.0,26.0,29.0,29.0,32.0,34.0,36.0,37.0,37.0,40.0,42.0,44.0,47.0,47.0,52.0,56.0,61.0,65.0,74.0,81.0,88.0,96.0,111.0,123.0,130.0,138.0,156.0,174.0,188.0,200.0,219.0,234.0,251.0,279.0,311.0,338.0,374.0,411.0,443.0,490.0,533.0,575.0,642.0,704.0,766.0,844.0,913.0,996.0,1068.0,1162.0,1237.0,1308.0,1378.0,1458.0,1524.0,1594.0,1657.0,1715.0,1769.0,1833.0,1883.0,1944.0,1994.0,2030.0,2083.0,2134.0,2166.0,2207.0,2249.0,2283.0,2316.0,2346.0
0.0,0.0,0.0,0.0,0.0,0.0,0.0,0.0,0.0,2.0,2.0,2.0,3.0,4.0,4.0,4.0,5.0,5.0,6.0,6.0,6.0,6.0,6.0,8.0,11.0,11.0,12.0,13.0,13.0,13.0,15.0,19.0,19.0,19.0,19.0,19.0,20.0,23.0,24.0,24.0,27.0,29.0,30.0,32.0,36.0,38.0,40.0,45.0,54.0,60.0,66.0,71.0,77.0,86.0,96.0,105.0,118.0,125.0,147.0,151.0,169.0,185.0,209.0,231.0,248.0,277.0,313.0,334.0,362.0,391.0,442.0,500.0,549.0,609.0,660.0,713.0,778.0,839.0,911.0,984.0,1062.0,1130.0,1196.0,1257.0,1320.0,1390.0,1450.0,1511.0,1559.0,1619.0,1670.0,1711.0,1767.0,1813.0,1870.0,1903.0,1939.0,1987.0,2026.0,2058.0,2083.0,2118.0,2140.0
0.0,0.0,0.0,0.0,0.0,0.0,0.0,0.0,0.0,0.0,2.0,2.0,3.0,3.0,5.0,5.0,6.0,6.0,7.0,7.0,8.0,9.0,11.0,13.0,14.0,16.0,18.0,19.0,21.0,26.0,27.0,33.0,37.0,39.0,43.0,44.0,52.0,56.0,62.0,66.0,69.0,77.0,83.0,88.0,99.0,104.0,110.0,114.0,119.0,125.0,132.0,140.0,153.0,164.0,174.0,188.0,203.0,222.0,249.0,269.0,291.0,315.0,344.0,373.0,410.0,451.0,493.0,532.0,582.0,636.0,691.0,755.0,822.0,875.0,959.0,1058.0,1146.0,1242.0,1343.0,1472.0,1588.0,1687.0,1816.0,1923.0,2035.0,2134.0,2248.0,2351.0,2445.0,2535.0,2632.0,2725.0,2799.0,2884.0,2958.0,3023.0,3076.0,3132.0,3181.0,3228.0,3264.0,3317.0,3357.0
0.0,0.0,0.0,0.0,0.0,0.0,0.0,0.0,0.0,0.0,0.0,1.0,2.0,3.0,8.0,8.0,13.0,16.0,18.0,22.0,26.0,30.0,34.0,44.0,51.0,55.0,65.0,74.0,87.0,105.0,119.0,132.0,154.0,172.0,200.0,222.0,241.0,266.0,292.0,326.0,356.0,391.0,439.0,493.0,550.0,609.0,666.0,731.0,808.0,891.0,977.0,1074.0,1202.0,1312.0,1455.0,1624.0,1793.0,1954.0,2165.0,2396.0,2646.0,2909.0,3183.0,3494.0,3792.0,4153.0,4538.0,4949.0,5369.0,5862.0,6424.0,6977.0,7596.0,8237.0,8958.0,9753.0,10585.0,11487.0,12392.0,13270.0,14194.0,15102.0,15927.0,16749.0,17539.0,18371.0,19145.0,19893.0,20634.0,21318.0,21981.0,22627.0,23247.0,23793.0,24367.0,24910.0,25417.0,25906.0,26362.0,26754.0,27183.0,27539.0,27868.0
0.0,0.0,0.0,0.0,0.0,1.0,1.0,1.0,1.0,2.0,2.0,2.0,2.0,3.0,4.0,5.0,6.0,6.0,6.0,7.0,11.0,13.0,18.0,24.0,26.0,27.0,31.0,34.0,40.0,47.0,55.0,65.0,79.0,92.0,99.0,115.0,127.0,149.0,169.0,193.0,210.0,232.0,248.0,287.0,317.0,357.0,397.0,434.0,474.0,525.0,584.0,643.0,709.0,772.0,852.0,934.0,1021.0,1120.0,1233.0,1365.0,1497.0,1618.0,1796.0,2012.0,2231.0,2422.0,2623.0,2845.0,3098.0,3384.0,3689.0,4021.0,4403.0,4800.0,5226.0,5691.0,6165.0,6651.0,7160.0,7721.0,8271.0,8791.0,9319.0,9787.0,10273.0,10782.0,11261.0,11723.0,12188.0,12632.0,13039.0,13456.0,13805.0,14188.0,14508.0,14815.0,15119.0,15400.0,15693.0,15945.0,16189.0,16433.0,16638.0
0.0,0.0,0.0,0.0,0.0,0.0,0.0,0.0,0.0,1.0,1.0,1.0,1.0,1.0,1.0,1.0,3.0,5.0,7.0,9.0,11.0,11.0,15.0,18.0,22.0,22.0,23.0,27.0,31.0,34.0,45.0,51.0,56.0,65.0,74.0,79.0,88.0,97.0,107.0,114.0,133.0,146.0,163.0,173.0,191.0,213.0,233.0,265.0,293.0,311.0,344.0,375.0,407.0,438.0,482.0,532.0,600.0,671.0,735.0,814.0,884.0,966.0,1047.0,1141.0,1253.0,1380.0,1527.0,1670.0,1828.0,2006.0,2173.0,2369.0,2572.0,2805.0,3063.0,3327.0,3652.0,3963.0,4295.0,4611.0,4923.0,5261.0,5568.0,5876.0,6185.0,6512.0,6795.0,7074.0,7342.0,7599.0,7867.0,8127.0,8375.0,8631.0,8866.0,9046.0,9256.0,9427.0,9600.0,9752.0,9896.0,10059.0,10198.0
0.0,0.0,0.0,0.0,0.0,0.0,0.0,0.0,0.0,1.0,1.0,1.0,1.0,1.0,4.0,4.0,4.0,7.0,10.0,14.0,17.0,18.0,21.0,22.0,24.0,27.0,29.0,32.0,36.0,42.0,47.0,52.0,55.0,63.0,73.0,77.0,87.0,95.0,103.0,114.0,131.0,144.0,155.0,166.0,183.0,195.0,208.0,229.0,263.0,289.0,322.0,353.0,397.0,442.0,487.0,526.0,577.0,634.0,684.0,739.0,803.0,873.0,960.0,1057.0,1158.0,1257.0,1353.0,1490.0,1638.0,1780.0,1960.0,2149.0,2333.0,2538.0,2782.0,3025.0,3294.0,3618.0,3907.0,4217.0,4532.0,4837.0,5117.0,5401.0,5688.0,5977.0,6244.0,6508.0,6751.0,7002.0,7216.0,7457.0,7688.0,7900.0,8117.0,8291.0,8470.0,8644.0,8798.0,8928.0,9066.0,9181.0,9301.0
0.0,0.0,0.0,0.0,0.0,0.0,0.0,1.0,1.0,1.0,2.0,3.0,5.0,5.0,9.0,10.0,11.0,12.0,13.0,14.0,17.0,19.0,19.0,21.0,21.0,23.0,26.0,33.0,34.0,39.0,40.0,46.0,48.0,55.0,57.0,59.0,66.0,74.0,82.0,87.0,95.0,101.0,113.0,127.0,137.0,145.0,160.0,174.0,187.0,198.0,221.0,247.0,277.0,306.0,336.0,367.0,401.0,439.0,466.0,513.0,562.0,615.0,665.0,729.0,798.0,866.0,940.0,1022.0,1111.0,1226.0,1361.0,1479.0,1606.0,1753.0,1910.0,2081.0,2258.0,2439.0,2631.0,2851.0,3041.0,3234.0,3448.0,3657.0,3843.0,4056.0,4257.0,4422.0,4588.0,4759.0,4930.0,5092.0,5262.0,5410.0,5551.0,5684.0,5801.0,5905.0,6032.0,6130.0,6242.0,6329.0,6415.0
0.0,0.0,0.0,0.0,0.0,1.0,1.0,2.0,2.0,2.0,2.0,2.0,2.0,4.0,5.0,6.0,6.0,7.0,7.0,7.0,8.0,9.0,9.0,9.0,9.0,11.0,11.0,11.0,13.0,16.0,17.0,19.0,19.0,21.0,25.0,29.0,30.0,31.0,31.0,34.0,39.0,49.0,53.0,55.0,69.0,73.0,79.0,87.0,98.0,110.0,125.0,139.0,151.0,170.0,189.0,212.0,236.0,251.0,270.0,303.0,326.0,350.0,380.0,420.0,460.0,496.0,544.0,599.0,670.0,723.0,797.0,877.0,958.0,1050.0,1138.0,1235.0,1347.0,1473.0,1582.0,1708.0,1813.0,1948.0,2065.0,2181.0,2305.0,2417.0,2525.0,2629.0,2720.0,2830.0,2922.0,3011.0,3108.0,3196.0,3274.0,3357.0,3435.0,3512.0,3583.0,3637.0,3692.0,3746.0,3807.0
0.0,0.0,0.0,0.0,0.0,0.0,0.0,0.0,1.0,2.0,2.0,2.0,3.0,3.0,5.0,6.0,7.0,9.0,14.0,18.0,19.0,21.0,23.0,25.0,26.0,31.0,34.0,39.0,44.0,51.0,59.0,65.0,71.0,78.0,84.0,88.0,94.0,102.0,110.0,123.0,128.0,136.0,148.0,160.0,168.0,180.0,192.0,207.0,225.0,238.0,251.0,276.0,294.0,319.0,345.0,385.0,417.0,452.0,491.0,537.0,597.0,666.0,721.0,783.0,850.0,917.0,979.0,1073.0,1152.0,1261.0,1355.0,1476.0,1608.0,1772.0,1921.0,2091.0,2282.0,2479.0,2686.0,2884.0,3131.0,3341.0,3549.0,3775.0,3958.0,4156.0,4334.0,4512.0,4680.0,4848.0,5007.0,5162.0,5309.0,5436.0,5566.0,5723.0,5851.0,5971.0,6086.0,6180.0,6278.0,6364.0,6450.0
0.0,0.0,0.0,0.0,0.0,0.0,1.0,1.0,1.0,1.0,1.0,2.0,3.0,3.0,3.0,3.0,3.0,3.0,4.0,7.0,9.0,10.0,12.0,12.0,13.0,15.0,16.0,16.0,16.0,17.0,18.0,18.0,21.0,24.0,24.0,28.0,30.0,31.0,34.0,39.0,42.0,50.0,61.0,63.0,68.0,75.0,79.0,86.0,100.0,107.0,123.0,135.0,146.0,160.0,185.0,204.0,220.0,238.0,258.0,286.0,319.0,356.0,382.0,411.0,445.0,483.0,522.0,568.0,625.0,681.0,746.0,823.0,884.0,950.0,1040.0,1132.0,1245.0,1341.0,1433.0,1556.0,1660.0,1780.0,1907.0,2011.0,2120.0,2233.0,2327.0,2435.0,2548.0,2629.0,2709.0,2780.0,2857.0,2928.0,2987.0,3053.0,3125.0,3184.0,3241.0,3295.0,3353.0,3393.0,3443.0
0.0,0.0,0.0,0.0,0.0,0.0,0.0,0.0,1.0,1.0,1.0,2.0,3.0,4.0,5.0,6.0,6.0,7.0,9.0,11.0,14.0,16.0,17.0,19.0,21.0,25.0,26.0,31.0,32.0,34.0,36.0,37.0,39.0,42.0,51.0,55.0,58.0,62.0,65.0,70.0,74.0,81.0,98.0,110.0,117.0,133.0,144.0,156.0,172.0,187.0,200.0,221.0,246.0,259.0,288.0,323.0,359.0,402.0,437.0,484.0,537.0,584.0,634.0,698.0,768.0,851.0,930.0,1013.0,1125.0,1233.0,1354.0,1490.0,1644.0,1820.0,1981.0,2183.0,2396.0,2605.0,2800.0,3012.0,3233.0,3446.0,3649.0,3832.0,3998.0,4178.0,4368.0,4551.0,4735.0,4904.0,5092.0,5258.0,5410.0,5542.0,5683.0,5806.0,5919.0,6040.0,6160.0,6261.0,6369.0,6473.0,6563.0
0.0,0.0,0.0,0.0,0.0,0.0,1.0,1.0,1.0,2.0,2.0,2.0,4.0,4.0,6.0,6.0,6.0,7.0,10.0,12.0,12.0,14.0,16.0,19.0,23.0,27.0,29.0,32.0,41.0,45.0,48.0,51.0,54.0,59.0,62.0,68.0,72.0,81.0,85.0,93.0,98.0,108.0,117.0,126.0,136.0,149.0,166.0,184.0,207.0,222.0,241.0,273.0,303.0,327.0,354.0,399.0,444.0,481.0,524.0,551.0,611.0,676.0,747.0,824.0,914.0,994.0,1088.0,1185.0,1302.0,1434.0,1563.0,1727.0,1906.0,2077.0,2296.0,2500.0,2763.0,3034.0,3275.0,3536.0,3780.0,4038.0,4295.0,4564.0,4810.0,5031.0,5239.0,5455.0,5658.0,5833.0,6016.0,6205.0,6380.0,6554.0,6701.0,6863.0,7007.0,7120.0,7235.0,7341.0,7451.0,7551.0,7671.0
0.0,0.0,1.0,1.0,1.0,1.0,1.0,1.0,1.0,1.0,1.0,1.0,1.0,2.0,2.0,2.0,2.0,2.0,2.0,2.0,2.0,2.0,3.0,4.0,4.0,4.0,5.0,5.0,5.0,5.0,7.0,8.0,13.0,14.0,14.0,15.0,17.0,20.0,21.0,24.0,26.0,29.0,34.0,39.0,41.0,45.0,49.0,54.0,61.0,66.0,76.0,84.0,90.0,101.0,114.0,122.0,132.0,144.0,158.0,171.0,188.0,204.0,220.0,234.0,247.0,270.0,297.0,316.0,345.0,374.0,420.0,476.0,522.0,565.0,605.0,661.0,727.0,788.0,856.0,931.0,1003.0,1077.0,1157.0,1236.0,1301.0,1369.0,1437.0,1491.0,1555.0,1608.0,1676.0,1742.0,1794.0,1849.0,1892.0,1939.0,1980.0,2021.0,2058.0,2092.0,2130.0,2176.0,2208.0
0.0,0.0,0.0,0.0,0.0,0.0,0.0,0.0,0.0,0.0,0.0,2.0,3.0,3.0,3.0,3.0,4.0,4.0,5.0,6.0,7.0,11.0,15.0,17.0,19.0,21.0,21.0,22.0,24.0,26.0,26.0,28.0,30.0,32.0,34.0,35.0,37.0,40.0,42.0,47.0,50.0,51.0,52.0,56.0,58.0,61.0,62.0,66.0,71.0,78.0,83.0,90.0,94.0,101.0,112.0,121.0,130.0,140.0,148.0,164.0,170.0,187.0,201.0,219.0,235.0,261.0,287.0,298.0,319.0,339.0,364.0,398.0,424.0,457.0,486.0,544.0,594.0,635.0,693.0,735.0,780.0,823.0,884.0,930.0,965.0,1003.0,1051.0,1096.0,1136.0,1200.0,1236.0,1274.0,1317.0,1349.0,1379.0,1418.0,1431.0,1460.0,1481.0,1509.0,1531.0,1551.0,1573.0
0.0,0.0,0.0,0.0,0.0,0.0,0.0,0.0,1.0,1.0,1.0,1.0,1.0,1.0,3.0,5.0,6.0,6.0,7.0,9.0,11.0,11.0,16.0,17.0,20.0,21.0,22.0,27.0,28.0,29.0,34.0,43.0,49.0,54.0,58.0,67.0,75.0,82.0,93.0,98.0,113.0,118.0,127.0,140.0,154.0,176.0,190.0,203.0,227.0,252.0,285.0,310.0,345.0,373.0,401.0,457.0,502.0,549.0,595.0,661.0,723.0,796.0,881.0,951.0,1047.0,1156.0,1265.0,1382.0,1514.0,1644.0,1809.0,1984.0,2161.0,2364.0,2585.0,2837.0,3097.0,3382.0,3667.0,3967.0,4245.0,4537.0,4795.0,5077.0,5368.0,5646.0,5937.0,6208.0,6437.0,6655.0,6887.0,7098.0,7300.0,7486.0,7682.0,7836.0,8002.0,8147.0,8288.0,8409.0,8558.0,8692.0,8802.0
0.0,0.0,0.0,0.0,1.0,1.0,1.0,1.0,2.0,4.0,4.0,5.0,6.0,7.0,7.0,7.0,7.0,8.0,8.0,9.0,9.0,9.0,11.0,12.0,15.0,16.0,19.0,21.0,23.0,25.0,29.0,35.0,38.0,45.0,50.0,59.0,68.0,78.0,86.0,89.0,98.0,104.0,115.0,125.0,134.0,143.0,151.0,160.0,173.0,186.0,202.0,217.0,236.0,251.0,273.0,299.0,323.0,355.0,383.0,421.0,463.0,496.0,544.0,592.0,644.0,700.0,750.0,829.0,895.0,980.0,1057.0,1172.0,1272.0,1383.0,1510.0,1635.0,1775.0,1938.0,2125.0,2279.0,2445.0,2620.0,2786.0,2957.0,3111.0,3252.0,3392.0,3559.0,3688.0,3822.0,3966.0,4102.0,4205.0,4318.0,4432.0,4538.0,4644.0,4734.0,4815.0,4902.0,4973.0,5058.0,5123.0
0.0,0.0,0.0,0.0,0.0,0.0,0.0,1.0,1.0,1.0,2.0,3.0,4.0,5.0,5.0,7.0,8.0,9.0,11.0,11.0,13.0,16.0,18.0,21.0,24.0,26.0,32.0,36.0,39.0,44.0,51.0,55.0,65.0,72.0,85.0,93.0,99.0,110.0,120.0,136.0,151.0,167.0,184.0,201.0,221.0,242.0,267.0,305.0,352.0,400.0,437.0,484.0,531.0,590.0,661.0,727.0,812.0,915.0,1015.0,1131.0,1239.0,1373.0,1502.0,1648.0,1801.0,1981.0,2186.0,2406.0,2621.0,2851.0,3125.0,3401.0,3716.0,4059.0,4414.0,4814.0,5232.0,5699.0,6162.0,6575.0,7032.0,7456.0,7924.0,8355.0,8810.0,9227.0,9629.0,10040.0,10448.0,10809.0,11121.0,11491.0,11825.0,12189.0,12473.0,12740.0,13004.0,13234.0,13471.0,13688.0,13878.0,14053.0,14240.0
0.0,0.0,0.0,0.0,0.0,0.0,0.0,1.0,2.0,3.0,4.0,4.0,4.0,4.0,4.0,5.0,6.0,9.0,10.0,12.0,12.0,16.0,20.0,23.0,24.0,29.0,33.0,35.0,40.0,48.0,49.0,54.0,62.0,64.0,76.0,85.0,100.0,107.0,115.0,127.0,142.0,150.0,164.0,182.0,215.0,238.0,265.0,297.0,331.0,366.0,398.0,446.0,490.0,548.0,609.0,662.0,734.0,802.0,882.0,960.0,1040.0,1145.0,1245.0,1360.0,1474.0,1606.0,1751.0,1911.0,2059.0,2237.0,2446.0,2695.0,2920.0,3190.0,3496.0,3848.0,4155.0,4482.0,4791.0,5132.0,5482.0,5859.0,6227.0,6546.0,6864.0,7170.0,7463.0,7796.0,8092.0,8336.0,8631.0,8909.0,9144.0,9356.0,9592.0,9850.0,10077.0,10286.0,10481.0,10646.0,10796.0,10957.0,11099.0
0.0,0.0,0.0,0.0,0.0,0.0,1.0,2.0,2.0,2.0,3.0,3.0,3.0,7.0,10.0,12.0,13.0,17.0,19.0,22.0,24.0,25.0,26.0,28.0,30.0,31.0,33.0,36.0,38.0,41.0,44.0,49.0,54.0,56.0,58.0,62.0,66.0,76.0,78.0,86.0,93.0,100.0,111.0,122.0,137.0,147.0,153.0,163.0,177.0,187.0,199.0,206.0,227.0,240.0,250.0,262.0,284.0,300.0,318.0,340.0,363.0,391.0,418.0,449.0,484.0,525.0,596.0,654.0,710.0,763.0,839.0,902.0,982.0,1071.0,1163.0,1272.0,1384.0,1516.0,1671.0,1814.0,1942.0,2072.0,2185.0,2325.0,2458.0,2584.0,2697.0,2829.0,2943.0,3053.0,3164.0,3250.0,3363.0,3429.0,3510.0,3585.0,3676.0,3745.0,3813.0,3879.0,3950.0,4007.0,4065.0
0.0,0.0,0.0,0.0,0.0,0.0,0.0,0.0,0.0,0.0,0.0,1.0,1.0,2.0,2.0,2.0,2.0,3.0,6.0,6.0,8.0,9.0,9.0,9.0,10.0,13.0,15.0,19.0,27.0,31.0,34.0,37.0,43.0,44.0,47.0,49.0,52.0,57.0,65.0,75.0,79.0,83.0,91.0,98.0,104.0,112.0,121.0,136.0,157.0,172.0,185.0,205.0,222.0,243.0,261.0,286.0,306.0,335.0,365.0,401.0,435.0,485.0,523.0,590.0,648.0,705.0,763.0,824.0,916.0,1011.0,1103.0,1179.0,1288.0,1414.0,1541.0,1674.0,1830.0,2016.0,2158.0,2319.0,2490.0,2680.0,2843.0,2997.0,3147.0,3310.0,3456.0,3598.0,3737.0,3872.0,4006.0,4124.0,4241.0,4364.0,4477.0,4569.0,4678.0,4771.0,4859.0,4944.0,5032.0,5105.0,5187.0
0.0,0.0,0.0,0.0,0.0,0.0,0.0,0.0,0.0,0.0,2.0,2.0,2.0,2.0,4.0,5.0,6.0,6.0,7.0,10.0,12.0,13.0,15.0,17.0,20.0,21.0,23.0,24.0,30.0,30.0,35.0,42.0,47.0,52.0,56.0,62.0,71.0,84.0,96.0,102.0,109.0,120.0,130.0,140.0,152.0,173.0,188.0,203.0,232.0,246.0,272.0,291.0,319.0,341.0,370.0,407.0,442.0,480.0,518.0,554.0,596.0,654.0,712.0,778.0,840.0,900.0,977.0,1058.0,1144.0,1247.0,1349.0,1464.0,1611.0,1739.0,1910.0,2063.0,2232.0,2428.0,2626.0,2852.0,3062.0,3277.0,3499.0,3705.0,3889.0,4089.0,4293.0,4477.0,4676.0,4833.0,5007.0,5169.0,5329.0,5469.0,5595.0,5742.0,5848.0,5978.0,6078.0,6182.0,6280.0,6369.0,6455.0
0.0,0.0,0.0,0.0,0.0,0.0,1.0,1.0,1.0,1.0,3.0,3.0,4.0,4.0,6.0,12.0,12.0,17.0,18.0,20.0,23.0,25.0,26.0,31.0,32.0,37.0,39.0,42.0,48.0,52.0,56.0,66.0,74.0,79.0,91.0,107.0,120.0,137.0,157.0,168.0,184.0,221.0,253.0,286.0,322.0,364.0,413.0,457.0,512.0,556.0,602.0,674.0,754.0,824.0,903.0,985.0,1090.0,1190.0,1289.0,1395.0,1522.0,1642.0,1788.0,1971.0,2152.0,2373.0,2568.0,2805.0,3040.0,3331.0,3615.0,3953.0,4316.0,4719.0,5128.0,5594.0,6054.0,6553.0,7078.0,7579.0,8091.0,8578.0,9108.0,9625.0,10097.0,10621.0,11099.0,11599.0,12077.0,12496.0,12909.0,13292.0,13647.0,14021.0,14315.0,14633.0,14938.0,15212.0,15478.0,15755.0,16020.0,16258.0,16450.0
0.0,0.0,0.0,0.0,0.0,0.0,0.0,0.0,1.0,1.0,1.0,1.0,2.0,3.0,5.0,6.0,7.0,7.0,7.0,7.0,7.0,10.0,11.0,12.0,12.0,15.0,18.0,20.0,24.0,26.0,27.0,31.0,34.0,37.0,41.0,45.0,49.0,51.0,54.0,60.0,61.0,69.0,78.0,87.0,94.0,105.0,113.0,121.0,124.0,131.0,136.0,151.0,158.0,172.0,178.0,196.0,207.0,229.0,244.0,266.0,280.0,301.0,322.0,348.0,374.0,407.0,440.0,489.0,524.0,561.0,610.0,653.0,710.0,753.0,817.0,877.0,952.0,1023.0,1106.0,1181.0,1254.0,1328.0,1400.0,1462.0,1545.0,1621.0,1672.0,1730.0,1798.0,1873.0,1939.0,1991.0,2048.0,2097.0,2135.0,2176.0,2225.0,2277.0,2327.0,2373.0,2409.0,2443.0,2481.0
0.0,0.0,0.0,0.0,0.0,0.0,0.0,0.0,0.0,1.0,2.0,2.0,3.0,3.0,3.0,3.0,3.0,4.0,4.0,4.0,7.0,8.0,11.0,16.0,16.0,20.0,20.0,22.0,24.0,24.0,29.0,32.0,38.0,40.0,47.0,53.0,61.0,66.0,73.0,75.0,81.0,83.0,95.0,107.0,116.0,127.0,135.0,147.0,162.0,181.0,196.0,210.0,225.0,241.0,269.0,291.0,319.0,353.0,388.0,424.0,460.0,510.0,566.0,618.0,672.0,728.0,803.0,879.0,960.0,1056.0,1154.0,1257.0,1379.0,1520.0,1645.0,1785.0,1934.0,2134.0,2316.0,2494.0,2676.0,2845.0,3009.0,3188.0,3361.0,3526.0,3691.0,3846.0,4027.0,4179.0,4313.0,4444.0,4561.0,4712.0,4841.0,4934.0,5054.0,5163.0,5263.0,5355.0,5431.0,5517.0,5599.0
0.0,0.0,0.0,0.0,0.0,0.0,1.0,1.0,1.0,1.0,1.0,1.0,1.0,2.0,2.0,4.0,5.0,7.0,9.0,10.0,13.0,17.0,17.0,21.0,26.0,32.0,34.0,34.0,37.0,38.0,43.0,45.0,48.0,53.0,59.0,66.0,76.0,84.0,89.0,98.0,108.0,115.0,131.0,141.0,154.0,168.0,182.0,200.0,218.0,240.0,266.0,285.0,319.0,335.0,362.0,401.0,425.0,473.0,511.0,548.0,591.0,639.0,694.0,763.0,815.0,892.0,974.0,1057.0,1154.0,1251.0,1360.0,1477.0,1607.0,1741.0,1888.0,2040.0,2208.0,2393.0,2565.0,2751.0,2951.0,3137.0,3307.0,3493.0,3652.0,3823.0,4006.0,4144.0,4281.0,4438.0,4583.0,4726.0,4867.0,4983.0,5103.0,5234.0,5332.0,5440.0,5541.0,5613.0,5711.0,5791.0,5868.0
0.0,0.0,0.0,0.0,0.0,0.0,0.0,0.0,0.0,1.0,1.0,1.0,1.0,1.0,2.0,3.0,5.0,5.0,6.0,6.0,9.0,12.0,12.0,13.0,15.0,17.0,18.0,21.0,22.0,23.0,25.0,27.0,32.0,35.0,35.0,37.0,43.0,54.0,59.0,66.0,71.0,76.0,82.0,91.0,101.0,111.0,116.0,122.0,132.0,145.0,158.0,175.0,194.0,217.0,232.0,248.0,273.0,298.0,321.0,349.0,380.0,420.0,460.0,500.0,557.0,605.0,662.0,728.0,808.0,886.0,961.0,1060.0,1169.0,1267.0,1403.0,1515.0,1661.0,1819.0,1970.0,2129.0,2297.0,2458.0,2633.0,2800.0,2952.0,3098.0,3240.0,3372.0,3517.0,3615.0,3719.0,3837.0,3950.0,4053.0,4160.0,4259.0,4346.0,4416.0,4507.0,4587.0,4655.0,4735.0,4813.0
0.0,0.0,0.0,0.0,0.0,0.0,1.0,1.0,1.0,1.0,1.0,2.0,2.0,3.0,3.0,3.0,3.0,3.0,3.0,3.0,3.0,3.0,3.0,4.0,4.0,4.0,4.0,5.0,5.0,5.0,5.0,5.0,6.0,6.0,6.0,6.0,6.0,6.0,6.0,6.0,6.0,6.0,6.0,6.0,6.0,6.0,6.0,6.0,6.0,6.0,6.0,6.0,6.0,6.0,6.0,6.0,6.0,6.0,6.0,6.0,6.0,6.0,6.0,6.0,6.0,6.0,6.0,6.0,6.0,6.0,6.0,6.0,6.0,6.0,6.0,6.0,6.0,6.0,6.0,6.0,6.0,6.0,6.0,6.0,6.0,6.0,6.0,6.0,6.0,6.0,6.0,6.0,6.0,6.0,6.0,6.0,6.0,6.0,6.0,6.0,6.0,6.0,6.0
0.0,0.0,0.0,0.0,0.0,1.0,2.0,2.0,2.0,2.0,3.0,3.0,4.0,4.0,4.0,4.0,4.0,5.0,5.0,5.0,5.0,5.0,5.0,6.0,6.0,7.0,7.0,8.0,9.0,11.0,11.0,11.0,12.0,13.0,15.0,15.0,16.0,18.0,22.0,23.0,23.0,26.0,28.0,29.0,32.0,35.0,35.0,37.0,37.0,40.0,43.0,44.0,51.0,55.0,60.0,66.0,71.0,77.0,80.0,86.0,95.0,103.0,108.0,118.0,124.0,130.0,134.0,145.0,157.0,168.0,181.0,198.0,220.0,239.0,266.0,298.0,317.0,339.0,358.0,376.0,406.0,437.0,466.0,483.0,509.0,538.0,557.0,587.0,606.0,639.0,655.0,675.0,688.0,707.0,723.0,737.0,746.0,768.0,775.0,783.0,807.0,820.0,844.0
0.0,0.0,0.0,0.0,0.0,0.0,0.0,0.0,1.0,2.0,2.0,2.0,2.0,2.0,3.0,4.0,7.0,7.0,7.0,8.0,9.0,11.0,12.0,14.0,16.0,16.0,19.0,21.0,23.0,25.0,28.0,29.0,33.0,34.0,38.0,39.0,42.0,48.0,57.0,62.0,69.0,78.0,83.0,90.0,95.0,105.0,113.0,126.0,143.0,153.0,168.0,184.0,197.0,222.0,237.0,267.0,293.0,324.0,354.0,378.0,411.0,465.0,519.0,557.0,614.0,660.0,730.0,796.0,863.0,927.0,1000.0,1094.0,1190.0,1315.0,1421.0,1589.0,1744.0,1908.0,2060.0,2201.0,2364.0,2541.0,2690.0,2838.0,2980.0,3125.0,3242.0,3389.0,3525.0,3644.0,3761.0,3868.0,3961.0,4065.0,4166.0,4246.0,4342.0,4421.0,4506.0,4575.0,4645.0,4713.0,4774.0
0.0,0.0,0.0,0.0,0.0,0.0,0.0,0.0,0.0,0.0,0.0,0.0,0.0,1.0,2.0,5.0,5.0,6.0,9.0,15.0,17.0,17.0,20.0,24.0,30.0,36.0,41.0,50.0,54.0,62.0,68.0,78.0,84.0,90.0,97.0,110.0,127.0,137.0,153.0,168.0,187.0,212.0,237.0,254.0,281.0,314.0,349.0,384.0,430.0,472.0,528.0,566.0,611.0,663.0,739.0,830.0,916.0,1001.0,1100.0,1222.0,1351.0,1482.0,1625.0,1774.0,1966.0,2151.0,2368.0,2583.0,2845.0,3125.0,3431.0,3773.0,4128.0,4532.0,4943.0,5413.0,5916.0,6428.0,6953.0,7459.0,8011.0,8538.0,9102.0,9645.0,10191.0,10727.0,11227.0,11683.0,12109.0,12603.0,13015.0,13435.0,13844.0,14205.0,14534.0,14868.0,15172.0,15460.0,15714.0,15970.0,16215.0,16450.0,16663.0
0.0,0.0,0.0,0.0,0.0,0.0,0.0,1.0,2.0,3.0,3.0,4.0,5.0,6.0,6.0,6.0,7.0,7.0,10.0,11.0,11.0,13.0,16.0,18.0,19.0,23.0,26.0,29.0,32.0,36.0,39.0,42.0,46.0,50.0,53.0,57.0,64.0,68.0,76.0,83.0,90.0,99.0,109.0,120.0,132.0,148.0,158.0,170.0,188.0,199.0,211.0,234.0,264.0,288.0,319.0,344.0,386.0,435.0,467.0,510.0,556.0,608.0,662.0,727.0,783.0,858.0,933.0,1018.0,1120.0,1210.0,1337.0,1465.0,1604.0,1757.0,1917.0,2081.0,2272.0,2466.0,2667.0,2872.0,3088.0,3294.0,3515.0,3697.0,3907.0,4098.0,4301.0,4457.0,4629.0,4775.0,4941.0,5063.0,5198.0,5337.0,5472.0,5614.0,5725.0,5849.0,5947.0,6048.0,6127.0,6218.0,6317.0
0.0,0.0,0.0,0.0,0.0,0.0,0.0,0.0,0.0,1.0,1.0,3.0,4.0,4.0,4.0,5.0,8.0,9.0,9.0,9.0,10.0,12.0,13.0,14.0,16.0,18.0,20.0,23.0,25.0,27.0,33.0,36.0,41.0,48.0,53.0,59.0,69.0,73.0,83.0,97.0,104.0,110.0,123.0,141.0,156.0,165.0,191.0,207.0,229.0,245.0,269.0,293.0,323.0,345.0,373.0,415.0,450.0,496.0,549.0,604.0,670.0,741.0,819.0,900.0,983.0,1088.0,1193.0,1304.0,1449.0,1583.0,1736.0,1898.0,2090.0,2293.0,2495.0,2738.0,2969.0,3224.0,3463.0,3732.0,3995.0,4274.0,4548.0,4798.0,5039.0,5292.0,5524.0,5738.0,5957.0,6174.0,6370.0,6565.0,6758.0,6931.0,7113.0,7274.0,7417.0,7555.0,7689.0,7801.0,7939.0,8060.0,8189.0
0.0,0.0,0.0,0.0,0.0,0.0,0.0,1.0,1.0,2.0,3.0,3.0,4.0,4.0,5.0,6.0,8.0,8.0,8.0,8.0,8.0,8.0,9.0,10.0,10.0,12.0,14.0,15.0,16.0,17.0,19.0,22.0,23.0,29.0,31.0,35.0,41.0,46.0,50.0,56.0,67.0,78.0,83.0,90.0,97.0,108.0,119.0,134.0,150.0,169.0,183.0,213.0,233.0,261.0,289.0,317.0,350.0,384.0,422.0,487.0,532.0,588.0,645.0,705.0,775.0,851.0,933.0,1016.0,1117.0,1204.0,1284.0,1403.0,1528.0,1652.0,1790.0,1972.0,2146.0,2340.0,2540.0,2734.0,2953.0,3154.0,3364.0,3549.0,3739.0,3934.0,4136.0,4307.0,4463.0,4619.0,4767.0,4917.0,5072.0,5193.0,5338.0,5471.0,5570.0,5669.0,5756.0,5864.0,5947.0,6029.0,6109.0
0.0,0.0,0.0,0.0,0.0,0.0,0.0,0.0,1.0,1.0,1.0,1.0,3.0,3.0,3.0,3.0,8.0,9.0,13.0,15.0,18.0,19.0,22.0,26.0,29.0,32.0,34.0,39.0,40.0,51.0,59.0,64.0,74.0,79.0,89.0,97.0,114.0,119.0,131.0,145.0,163.0,183.0,200.0,226.0,247.0,278.0,306.0,337.0,374.0,407.0,452.0,495.0,552.0,607.0,667.0,727.0,795.0,863.0,933.0,1035.0,1134.0,1239.0,1359.0,1495.0,1614.0,1746.0,1891.0,2045.0,2210.0,2378.0,2590.0,2820.0,3082.0,3352.0,3633.0,3951.0,4286.0,4669.0,5000.0,5395.0,5788.0,6154.0,6531.0,6890.0,7257.0,7588.0,7916.0,8260.0,8574.0,8878.0,9152.0,9417.0,9672.0,9901.0,10133.0,10360.0,10558.0,10755.0,10940.0,11112.0,11294.0,11462.0,11617.0
0.0,0.0,0.0,1.0,1.0,1.0,1.0,3.0,3.0,4.0,5.0,6.0,6.0,8.0,9.0,10.0,11.0,13.0,14.0,16.0,18.0,23.0,27.0,29.0,33.0,37.0,40.0,49.0,56.0,68.0,83.0,92.0,100.0,112.0,136.0,153.0,180.0,199.0,229.0,254.0,286.0,330.0,366.0,408.0,460.0,526.0,592.0,667.0,724.0,785.0,884.0,981.0,1075.0,1191.0,1307.0,1453.0,1590.0,1755.0,1896.0,2075.0,2267.0,2448.0,2685.0,2913.0,3157.0,3483.0,3810.0,4143.0,4517.0,4907.0,5339.0,5761.0,6271.0,6861.0,7415.0,8055.0,8721.0,9451.0,10154.0,10859.0,11631.0,12379.0,13141.0,13830.0,14525.0,15202.0,15882.0,16487.0,17050.0,17662.0,18198.0,18711.0,19193.0,19636.0,20099.0,20520.0,20948.0,21302.0,21659.0,22009.0,22317.0,22631.0,22912.0
0.0,0.0,0.0,0.0,0.0,0.0,0.0,0.0,0.0,1.0,1.0,4.0,5.0,5.0,6.0,8.0,10.0,11.0,11.0,13.0,14.0,15.0,18.0,21.0,24.0,27.0,30.0,35.0,38.0,42.0,46.0,52.0,56.0,61.0,67.0,73.0,77.0,86.0,91.0,101.0,104.0,107.0,127.0,134.0,141.0,149.0,157.0,172.0,186.0,203.0,226.0,245.0,273.0,297.0,331.0,360.0,389.0,424.0,468.0,511.0,546.0,599.0,652.0,716.0,777.0,852.0,938.0,1025.0,1117.0,1207.0,1327.0,1445.0,1586.0,1745.0,1891.0,2067.0,2247.0,2457.0,2676.0,2889.0,3119.0,3301.0,3526.0,3724.0,3938.0,4126.0,4317.0,4508.0,4691.0,4847.0,4995.0,5146.0,5285.0,5420.0,5549.0,5691.0,5813.0,5923.0,6040.0,6144.0,6236.0,6329.0,6398.0
0.0,0.0,0.0,0.0,0.0,1.0,1.0,1.0,1.0,2.0,3.0,3.0,3.0,3.0,3.0,5.0,8.0,9.0,12.0,15.0,15.0,16.0,17.0,18.0,22.0,26.0,31.0,35.0,37.0,43.0,47.0,57.0,61.0,69.0,72.0,74.0,81.0,93.0,104.0,114.0,124.0,136.0,152.0,164.0,183.0,193.0,211.0,230.0,253.0,282.0,302.0,335.0,362.0,390.0,437.0,483.0,523.0,565.0,619.0,673.0,728.0,784.0,843.0,922.0,994.0,1076.0,1166.0,1272.0,1399.0,1520.0,1652.0,1799.0,1947.0,2101.0,2279.0,2460.0,2653.0,2863.0,3085.0,3308.0,3536.0,3764.0,3997.0,4206.0,4433.0,4652.0,4865.0,5072.0,5258.0,5462.0,5624.0,5818.0,5990.0,6162.0,6307.0,6448.0,6599.0,6697.0,6798.0,6914.0,7030.0,7135.0,7232.0
0.0,0.0,0.0,0.0,0.0,1.0,1.0,1.0,1.0,2.0,2.0,3.0,5.0,5.0,7.0,7.0,8.0,8.0,9.0,11.0,11.0,12.0,13.0,16.0,19.0,22.0,23.0,28.0,30.0,35.0,40.0,45.0,47.0,55.0,63.0,67.0,78.0,88.0,104.0,118.0,129.0,142.0,154.0,174.0,187.0,214.0,232.0,256.0,289.0,321.0,355.0,398.0,447.0,486.0,548.0,600.0,640.0,717.0,789.0,866.0,944.0,1043.0,1158.0,1268.0,1397.0,1550.0,1711.0,1882.0,2087.0,2296.0,2519.0,2757.0,3010.0,3284.0,3574.0,3891.0,4240.0,4636.0,5020.0,5409.0,5756.0,6140.0,6528.0,6883.0,7239.0,7587.0,7943.0,8254.0,8579.0,8889.0,9179.0,9453.0,9709.0,9950.0,10205.0,10451.0,10675.0,10891.0,11101.0,11296.0,11468.0,11629.0,11810.0
0.0,0.0,0.0,0.0,0.0,0.0,0.0,0.0,0.0,1.0,1.0,2.0,3.0,3.0,5.0,7.0,8.0,10.0,13.0,13.0,15.0,16.0,17.0,18.0,19.0,26.0,28.0,30.0,37.0,44.0,47.0,51.0,56.0,67.0,75.0,79.0,90.0,103.0,117.0,124.0,140.0,148.0,162.0,181.0,207.0,229.0,250.0,280.0,315.0,341.0,372.0,417.0,458.0,496.0,550.0,599.0,651.0,700.0,775.0,873.0,976.0,1075.0,1193.0,1310.0,1430.0,1548.0,1708.0,1883.0,2057.0,2242.0,2470.0,2708.0,2942.0,3176.0,3488.0,3794.0,4113.0,4456.0,4850.0,5210.0,5585.0,5972.0,6323.0,6692.0,7032.0,7328.0,7671.0,8020.0,8325.0,8637.0,8906.0,9187.0,9452.0,9676.0,9903.0,10151.0,10346.0,10567.0,10759.0,10916.0,11083.0,11252.0,11415.0
0.0,0.0,0.0,0.0,0.0,0.0,1.0,1.0,1.0,1.0,1.0,2.0,2.0,2.0,2.0,3.0,3.0,5.0,6.0,7.0,7.0,9.0,9.0,10.0,10.0,12.0,12.0,13.0,17.0,17.0,20.0,23.0,26.0,26.0,28.0,32.0,35.0,38.0,39.0,40.0,43.0,45.0,49.0,53.0,54.0,59.0,62.0,63.0,71.0,75.0,82.0,85.0,90.0,97.0,102.0,108.0,119.0,127.0,136.0,145.0,156.0,167.0,180.0,192.0,208.0,230.0,248.0,271.0,296.0,319.0,340.0,368.0,403.0,438.0,483.0,513.0,566.0,610.0,653.0,697.0,752.0,803.0,858.0,896.0,943.0,982.0,1021.0,1066.0,1108.0,1154.0,1189.0,1219.0,1247.0,1291.0,1320.0,1352.0,1384.0,1405.0,1429.0,1453.0,1471.0,1497.0,1517.0
0.0,0.0,0.0,0.0,0.0,0.0,0.0,0.0,0.0,1.0,2.0,3.0,3.0,3.0,4.0,4.0,5.0,7.0,8.0,9.0,9.0,9.0,12.0,14.0,17.0,18.0,20.0,22.0,25.0,27.0,29.0,34.0,38.0,44.0,45.0,49.0,52.0,57.0,62.0,68.0,76.0,82.0,91.0,99.0,110.0,118.0,133.0,150.0,171.0,187.0,213.0,229.0,253.0,275.0,305.0,327.0,357.0,395.0,421.0,464.0,510.0,559.0,619.0,686.0,760.0,841.0,937.0,1022.0,1135.0,1244.0,1359.0,1505.0,1659.0,1826.0,1999.0,2194.0,2428.0,2654.0,2872.0,3103.0,3358.0,3607.0,3828.0,4060.0,4273.0,4508.0,4721.0,4929.0,5105.0,5301.0,5486.0,5648.0,5814.0,5968.0,6133.0,6267.0,6409.0,6528.0,6642.0,6757.0,6878.0,6973.0,7070.0
0.0,0.0,0.0,0.0,0.0,0.0,0.0,0.0,0.0,0.0,0.0,0.0,0.0,4.0,7.0,8.0,11.0,11.0,13.0,14.0,14.0,14.0,18.0,19.0,20.0,22.0,23.0,27.0,32.0,34.0,36.0,42.0,46.0,50.0,54.0,55.0,56.0,61.0,69.0,76.0,81.0,92.0,98.0,114.0,121.0,131.0,141.0,151.0,164.0,171.0,186.0,200.0,214.0,235.0,256.0,267.0,294.0,318.0,340.0,371.0,392.0,418.0,463.0,502.0,533.0,576.0,626.0,671.0,723.0,783.0,851.0,932.0,997.0,1083.0,1197.0,1298.0,1412.0,1517.0,1632.0,1760.0,1887.0,2008.0,2124.0,2245.0,2367.0,2470.0,2577.0,2687.0,2788.0,2876.0,2959.0,3060.0,3141.0,3232.0,3309.0,3382.0,3452.0,3518.0,3588.0,3636.0,3692.0,3741.0,3793.0
0.0,0.0,0.0,0.0,0.0,0.0,0.0,0.0,0.0,0.0,1.0,2.0,2.0,3.0,4.0,5.0,6.0,6.0,8.0,9.0,10.0,11.0,11.0,14.0,16.0,17.0,19.0,19.0,25.0,30.0,31.0,34.0,39.0,42.0,45.0,50.0,54.0,60.0,65.0,80.0,87.0,102.0,113.0,123.0,131.0,145.0,158.0,183.0,200.0,222.0,252.0,270.0,300.0,332.0,372.0,408.0,445.0,477.0,531.0,581.0,643.0,729.0,824.0,900.0,1022.0,1120.0,1239.0,1357.0,1490.0,1632.0,1797.0,1964.0,2153.0,2363.0,2611.0,2857.0,3112.0,3415.0,3702.0,3998.0,4306.0,4616.0,4926.0,5222.0,5493.0,5753.0,6031.0,6307.0,6536.0,6777.0,7020.0,7259.0,7478.0,7688.0,7874.0,8046.0,8218.0,8373.0,8537.0,8682.0,8831.0,8943.0,9060.0
0.0,0.0,0.0,0.0,0.0,0.0,1.0,1.0,1.0,3.0,4.0,4.0,5.0,6.0,7.0,8.0,10.0,12.0,15.0,17.0,19.0,20.0,27.0,29.0,35.0,36.0,38.0,44.0,50.0,55.0,58.0,64.0,69.0,79.0,86.0,94.0,106.0,118.0,132.0,141.0,151.0,169.0,179.0,194.0,215.0,232.0,253.0,267.0,281.0,309.0,339.0,368.0,404.0,435.0,467.0,515.0,566.0,609.0,664.0,725.0,789.0,878.0,961.0,1044.0,1144.0,1269.0,1377.0,1513.0,1642.0,1792.0,1946.0,2136.0,2322.0,2544.0,2792.0,3080.0,3371.0,3646.0,3905.0,4198.0,4457.0,4736.0,5005.0,5289.0,5563.0,5814.0,6108.0,6347.0,6619.0,6869.0,7083.0,7307.0,7507.0,7701.0,7904.0,8096.0,8254.0,8413.0,8585.0,8717.0,8873.0,8992.0,9135.0
0.0,0.0,0.0,0.0,0.0,0.0,0.0,0.0,0.0,2.0,3.0,3.0,5.0,7.0,8.0,9.0,10.0,11.0,14.0,17.0,19.0,22.0,24.0,26.0,28.0,30.0,31.0,37.0,47.0,54.0,58.0,65.0,74.0,78.0,86.0,94.0,101.0,109.0,124.0,134.0,147.0,156.0,174.0,199.0,215.0,227.0,244.0,268.0,284.0,314.0,344.0,368.0,396.0,425.0,457.0,483.0,527.0,580.0,618.0,666.0,742.0,821.0,883.0,957.0,1052.0,1148.0,1248.0,1357.0,1471.0,1609.0,1744.0,1912.0,2080.0,2273.0,2487.0,2698.0,2944.0,3210.0,3451.0,3705.0,3964.0,4198.0,4443.0,4684.0,4921.0,5154.0,5391.0,5590.0,5797.0,5985.0,6169.0,6368.0,6559.0,6734.0,6898.0,7068.0,7227.0,7367.0,7519.0,7631.0,7747.0,7851.0,7975.0
0.0,0.0,0.0,0.0,0.0,0.0,1.0,1.0,1.0,1.0,1.0,1.0,1.0,1.0,3.0,7.0,8.0,9.0,10.0,12.0,12.0,16.0,18.0,21.0,24.0,26.0,31.0,34.0,37.0,42.0,46.0,48.0,54.0,63.0,70.0,82.0,89.0,96.0,108.0,117.0,127.0,139.0,155.0,172.0,189.0,205.0,220.0,237.0,256.0,282.0,306.0,327.0,352.0,383.0,421.0,456.0,486.0,524.0,553.0,594.0,635.0,680.0,740.0,789.0,838.0,906.0,975.0,1055.0,1138.0,1233.0,1349.0,1448.0,1543.0,1648.0,1778.0,1930.0,2084.0,2238.0,2430.0,2571.0,2742.0,2909.0,3081.0,3233.0,3383.0,3521.0,3677.0,3821.0,3957.0,4092.0,4208.0,4327.0,4443.0,4562.0,4652.0,4757.0,4853.0,4955.0,5056.0,5134.0,5220.0,5297.0,5357.0
0.0,0.0,0.0,0.0,0.0,0.0,0.0,1.0,1.0,1.0,3.0,3.0,3.0,3.0,5.0,7.0,7.0,9.0,10.0,10.0,11.0,13.0,15.0,20.0,20.0,22.0,25.0,26.0,28.0,34.0,38.0,44.0,48.0,56.0,62.0,69.0,83.0,91.0,100.0,113.0,118.0,128.0,137.0,148.0,159.0,175.0,191.0,208.0,234.0,266.0,291.0,312.0,341.0,372.0,406.0,449.0,484.0,530.0,575.0,630.0,691.0,762.0,825.0,890.0,968.0,1058.0,1146.0,1249.0,1350.0,1475.0,1604.0,1742.0,1905.0,2064.0,2250.0,2428.0,2637.0,2848.0,3088.0,3316.0,3534.0,3747.0,3970.0,4209.0,4406.0,4617.0,4818.0,5025.0,5220.0,5395.0,5586.0,5748.0,5916.0,6062.0,6210.0,6335.0,6475.0,6607.0,6704.0,6826.0,6918.0,7022.0,7126.0
0.0,0.0,0.0,0.0,0.0,0.0,0.0,0.0,2.0,3.0,3.0,3.0,3.0,3.0,5.0,6.0,8.0,9.0,12.0,17.0,21.0,25.0,28.0,30.0,34.0,45.0,47.0,55.0,62.0,70.0,77.0,88.0,103.0,112.0,123.0,143.0,153.0,160.0,180.0,202.0,232.0,265.0,308.0,353.0,378.0,423.0,468.0,518.0,552.0,600.0,659.0,720.0,786.0,874.0,949.0,1026.0,1125.0,1230.0,1338.0,1468.0,1595.0,1733.0,1907.0,2083.0,2268.0,2473.0,2717.0,2959.0,3203.0,3460.0,3763.0,4080.0,4424.0,4815.0,5215.0,5657.0,6160.0,6658.0,7167.0,7656.0,8165.0,8680.0,9180.0,9662.0,10140.0,10672.0,11140.0,11631.0,12065.0,12442.0,12857.0,13219.0,13578.0,13910.0,14209.0,14555.0,14847.0,15167.0,15437.0,15693.0,15928.0,16157.0,16365.0
0.0,0.0,0.0,0.0,0.0,0.0,0.0,0.0,0.0,0.0,0.0,0.0,0.0,0.0,0.0,3.0,3.0,4.0,4.0,4.0,4.0,4.0,4.0,4.0,4.0,5.0,5.0,7.0,7.0,7.0,8.0,8.0,8.0,9.0,9.0,9.0,11.0,12.0,14.0,15.0,16.0,16.0,18.0,18.0,19.0,20.0,22.0,22.0,25.0,27.0,28.0,31.0,32.0,32.0,35.0,36.0,36.0,41.0,45.0,45.0,48.0,52.0,55.0,58.0,62.0,64.0,68.0,75.0,80.0,83.0,87.0,90.0,94.0,99.0,111.0,117.0,123.0,131.0,141.0,152.0,163.0,175.0,184.0,193.0,202.0,210.0,218.0,227.0,233.0,244.0,257.0,270.0,276.0,281.0,288.0,293.0,295.0,303.0,311.0,314.0,320.0,325.0,331.0
0.0,0.0,0.0,0.0,0.0,2.0,2.0,2.0,3.0,3.0,3.0,3.0,5.0,6.0,6.0,7.0,7.0,8.0,8.0,8.0,9.0,10.0,10.0,10.0,13.0,13.0,13.0,14.0,15.0,17.0,18.0,18.0,19.0,24.0,24.0,25.0,27.0,30.0,30.0,31.0,32.0,33.0,35.0,39.0,43.0,45.0,49.0,55.0,56.0,58.0,66.0,71.0,78.0,83.0,93.0,102.0,114.0,124.0,130.0,143.0,158.0,169.0,177.0,191.0,211.0,225.0,238.0,254.0,270.0,299.0,317.0,343.0,372.0,398.0,436.0,466.0,512.0,566.0,600.0,638.0,676.0,719.0,766.0,805.0,836.0,880.0,923.0,949.0,979.0,1011.0,1046.0,1070.0,1095.0,1120.0,1142.0,1168.0,1191.0,1204.0,1224.0,1246.0,1264.0,1268.0,1285.0
0.0,0.0,0.0,0.0,0.0,1.0,2.0,2.0,2.0,2.0,2.0,2.0,3.0,4.0,5.0,5.0,6.0,7.0,8.0,10.0,11.0,12.0,12.0,14.0,16.0,17.0,17.0,18.0,20.0,23.0,24.0,25.0,28.0,34.0,39.0,40.0,44.0,50.0,56.0,61.0,67.0,77.0,81.0,85.0,90.0,94.0,112.0,118.0,128.0,140.0,157.0,169.0,181.0,206.0,226.0,251.0,269.0,303.0,334.0,367.0,404.0,446.0,484.0,533.0,584.0,640.0,690.0,749.0,827.0,900.0,1013.0,1122.0,1261.0,1388.0,1509.0,1643.0,1792.0,1946.0,2145.0,2306.0,2492.0,2673.0,2843.0,3002.0,3173.0,3344.0,3499.0,3650.0,3810.0,3967.0,4113.0,4250.0,4375.0,4504.0,4638.0,4748.0,4859.0,4956.0,5054.0,5126.0,5213.0,5287.0,5364.0
0.0,0.0,0.0,0.0,0.0,0.0,0.0,0.0,1.0,3.0,3.0,4.0,4.0,5.0,7.0,7.0,8.0,10.0,13.0,14.0,15.0,18.0,19.0,21.0,22.0,23.0,25.0,28.0,30.0,31.0,32.0,33.0,35.0,37.0,41.0,44.0,51.0,56.0,59.0,65.0,73.0,77.0,80.0,84.0,92.0,102.0,109.0,118.0,127.0,133.0,143.0,151.0,167.0,190.0,219.0,235.0,256.0,278.0,299.0,332.0,369.0,416.0,451.0,496.0,537.0,588.0,655.0,728.0,779.0,866.0,943.0,1046.0,1168.0,1293.0,1399.0,1538.0,1671.0,1793.0,1930.0,2088.0,2254.0,2412.0,2566.0,2706.0,2854.0,2994.0,3124.0,3274.0,3401.0,3545.0,3673.0,3789.0,3881.0,3983.0,4082.0,4177.0,4262.0,4346.0,4399.0,4456.0,4516.0,4590.0,4657.0
0.0,0.0,0.0,0.0,0.0,0.0,0.0,1.0,1.0,1.0,1.0,2.0,2.0,3.0,4.0,5.0,7.0,7.0,7.0,9.0,9.0,10.0,11.0,11.0,11.0,12.0,13.0,14.0,15.0,17.0,19.0,22.0,25.0,26.0,28.0,31.0,32.0,35.0,39.0,45.0,47.0,52.0,58.0,63.0,68.0,72.0,79.0,85.0,91.0,107.0,118.0,134.0,144.0,152.0,175.0,182.0,200.0,225.0,257.0,285.0,319.0,366.0,412.0,458.0,505.0,564.0,617.0,666.0,743.0,814.0,890.0,991.0,1097.0,1203.0,1319.0,1429.0,1548.0,1701.0,1833.0,1986.0,2128.0,2290.0,2434.0,2575.0,2737.0,2871.0,3000.0,3133.0,3257.0,3371.0,3488.0,3594.0,3695.0,3784.0,3876.0,3960.0,4053.0,4136.0,4217.0,4294.0,4367.0,4427.0,4497.0
0.0,0.0,0.0,0.0,0.0,0.0,0.0,0.0,1.0,1.0,2.0,3.0,5.0,5.0,6.0,7.0,8.0,9.0,10.0,12.0,13.0,13.0,15.0,16.0,18.0,21.0,25.0,26.0,28.0,30.0,30.0,34.0,38.0,46.0,50.0,52.0,53.0,62.0,71.0,74.0,81.0,85.0,95.0,103.0,109.0,121.0,127.0,143.0,157.0,177.0,195.0,210.0,236.0,260.0,291.0,319.0,351.0,385.0,422.0,468.0,510.0,572.0,615.0,679.0,735.0,798.0,882.0,946.0,1045.0,1135.0,1265.0,1381.0,1494.0,1612.0,1761.0,1927.0,2103.0,2276.0,2467.0,2629.0,2824.0,3003.0,3186.0,3345.0,3503.0,3671.0,3822.0,3976.0,4128.0,4316.0,4488.0,4651.0,4791.0,4920.0,5037.0,5136.0,5239.0,5334.0,5434.0,5522.0,5608.0,5695.0,5782.0
0.0,0.0,0.0,0.0,0.0,0.0,0.0,0.0,0.0,0.0,0.0,1.0,2.0,3.0,3.0,3.0,4.0,4.0,4.0,4.0,4.0,4.0,5.0,5.0,6.0,7.0,8.0,9.0,9.0,10.0,10.0,11.0,11.0,12.0,12.0,13.0,13.0,14.0,16.0,20.0,21.0,23.0,23.0,24.0,26.0,28.0,32.0,38.0,39.0,45.0,48.0,54.0,60.0,64.0,69.0,78.0,85.0,91.0,100.0,110.0,114.0,127.0,143.0,160.0,176.0,185.0,199.0,226.0,246.0,272.0,293.0,322.0,355.0,382.0,426.0,477.0,510.0,556.0,600.0,650.0,681.0,721.0,765.0,806.0,849.0,896.0,935.0,981.0,1021.0,1050.0,1089.0,1121.0,1161.0,1198.0,1229.0,1268.0,1299.0,1334.0,1362.0,1382.0,1411.0,1437.0,1453.0
0.0,0.0,0.0,0.0,0.0,0.0,1.0,1.0,1.0,1.0,1.0,1.0,1.0,1.0,1.0,2.0,4.0,4.0,4.0,6.0,8.0,8.0,8.0,10.0,10.0,10.0,10.0,11.0,12.0,14.0,17.0,20.0,20.0,21.0,24.0,30.0,30.0,30.0,34.0,37.0,40.0,45.0,46.0,52.0,58.0,59.0,68.0,75.0,81.0,90.0,93.0,98.0,103.0,110.0,116.0,121.0,136.0,146.0,158.0,165.0,180.0,195.0,211.0,230.0,244.0,257.0,286.0,302.0,328.0,353.0,379.0,418.0,442.0,485.0,535.0,574.0,619.0,670.0,720.0,769.0,802.0,850.0,905.0,957.0,991.0,1035.0,1080.0,1126.0,1173.0,1217.0,1254.0,1289.0,1314.0,1350.0,1374.0,1396.0,1425.0,1448.0,1470.0,1497.0,1525.0,1535.0,1553.0
0.0,0.0,0.0,0.0,0.0,0.0,1.0,1.0,1.0,2.0,3.0,3.0,3.0,4.0,5.0,5.0,6.0,6.0,7.0,9.0,10.0,11.0,12.0,14.0,15.0,16.0,16.0,16.0,17.0,19.0,20.0,22.0,23.0,24.0,26.0,28.0,28.0,29.0,30.0,32.0,33.0,36.0,37.0,42.0,44.0,47.0,50.0,53.0,57.0,62.0,65.0,70.0,73.0,81.0,91.0,100.0,104.0,108.0,122.0,133.0,145.0,157.0,173.0,189.0,192.0,206.0,225.0,241.0,263.0,281.0,302.0,331.0,351.0,376.0,406.0,423.0,453.0,487.0,513.0,540.0,569.0,590.0,618.0,639.0,662.0,685.0,710.0,738.0,764.0,796.0,813.0,832.0,858.0,880.0,901.0,914.0,933.0,943.0,958.0,974.0,986.0,1000.0,1015.0
0.0,0.0,0.0,0.0,1.0,1.0,1.0,1.0,1.0,1.0,1.0,2.0,3.0,4.0,4.0,5.0,6.0,6.0,7.0,8.0,8.0,9.0,11.0,12.0,14.0,18.0,19.0,22.0,27.0,29.0,31.0,33.0,40.0,46.0,53.0,60.0,63.0,69.0,75.0,82.0,87.0,97.0,110.0,117.0,127.0,137.0,154.0,169.0,184.0,193.0,209.0,229.0,261.0,280.0,308.0,338.0,374.0,415.0,453.0,504.0,554.0,600.0,665.0,722.0,787.0,851.0,935.0,1027.0,1138.0,1246.0,1371.0,1501.0,1620.0,1761.0,1933.0,2127.0,2309.0,2516.0,2722.0,2912.0,3099.0,3299.0,3498.0,3688.0,3878.0,4054.0,4223.0,4395.0,4570.0,4736.0,4893.0,5035.0,5199.0,5336.0,5475.0,5610.0,5722.0,5830.0,5962.0,6058.0,6161.0,6253.0,6339.0
0.0,0.0,0.0,0.0,0.0,1.0,1.0,1.0,1.0,1.0,2.0,3.0,4.0,4.0,4.0,4.0,4.0,5.0,6.0,6.0,7.0,8.0,8.0,10.0,10.0,11.0,12.0,12.0,12.0,14.0,16.0,18.0,20.0,23.0,26.0,27.0,30.0,32.0,34.0,38.0,42.0,48.0,51.0,56.0,59.0,66.0,68.0,74.0,81.0,90.0,98.0,107.0,118.0,127.0,142.0,149.0,162.0,179.0,190.0,210.0,224.0,250.0,266.0,293.0,327.0,377.0,421.0,463.0,513.0,570.0,626.0,693.0,770.0,846.0,926.0,1010.0,1086.0,1187.0,1272.0,1387.0,1490.0,1596.0,1699.0,1810.0,1908.0,2006.0,2095.0,2185.0,2275.0,2353.0,2442.0,2532.0,2602.0,2660.0,2718.0,2784.0,2843.0,2896.0,2956.0,3000.0,3049.0,3090.0,3139.0
0.0,0.0,0.0,0.0,0.0,0.0,0.0,0.0,1.0,2.0,3.0,3.0,4.0,4.0,4.0,4.0,5.0,5.0,6.0,6.0,6.0,8.0,10.0,12.0,12.0,12.0,15.0,15.0,17.0,19.0,20.0,22.0,25.0,27.0,29.0,33.0,36.0,36.0,37.0,37.0,37.0,37.0,40.0,40.0,44.0,44.0,52.0,58.0,66.0,67.0,68.0,69.0,73.0,79.0,87.0,93.0,102.0,106.0,111.0,115.0,121.0,126.0,135.0,151.0,160.0,169.0,179.0,190.0,207.0,232.0,242.0,262.0,284.0,302.0,328.0,364.0,387.0,411.0,436.0,463.0,491.0,517.0,549.0,577.0,603.0,623.0,655.0,686.0,713.0,732.0,751.0,777.0,792.0,818.0,840.0,855.0,873.0,885.0,894.0,906.0,919.0,929.0,941.0
0.0,0.0,0.0,0.0,0.0,0.0,0.0,2.0,2.0,2.0,4.0,4.0,5.0,5.0,5.0,5.0,5.0,5.0,6.0,6.0,7.0,7.0,8.0,9.0,11.0,12.0,17.0,18.0,19.0,20.0,22.0,25.0,30.0,31.0,36.0,39.0,41.0,42.0,43.0,45.0,51.0,59.0,63.0,69.0,75.0,81.0,91.0,95.0,103.0,115.0,125.0,136.0,148.0,161.0,173.0,191.0,206.0,222.0,237.0,262.0,284.0,315.0,350.0,390.0,416.0,465.0,509.0,565.0,622.0,683.0,732.0,784.0,858.0,956.0,1059.0,1149.0,1254.0,1349.0,1452.0,1551.0,1661.0,1762.0,1867.0,1964.0,2069.0,2182.0,2297.0,2395.0,2509.0,2618.0,2730.0,2834.0,2909.0,2994.0,3076.0,3145.0,3217.0,3278.0,3338.0,3389.0,3438.0,3480.0,3531.0
0.0,0.0,0.0,0.0,0.0,0.0,0.0,0.0,0.0,1.0,1.0,1.0,2.0,4.0,4.0,8.0,8.0,10.0,10.0,12.0,12.0,12.0,12.0,15.0,15.0,18.0,18.0,18.0,19.0,20.0,21.0,23.0,26.0,28.0,29.0,32.0,34.0,37.0,38.0,40.0,42.0,45.0,46.0,50.0,52.0,57.0,65.0,69.0,71.0,76.0,84.0,91.0,101.0,108.0,120.0,133.0,137.0,155.0,173.0,184.0,198.0,206.0,213.0,227.0,243.0,264.0,287.0,305.0,333.0,363.0,398.0,426.0,468.0,507.0,552.0,598.0,634.0,682.0,736.0,780.0,850.0,915.0,962.0,1012.0,1065.0,1118.0,1162.0,1214.0,1252.0,1297.0,1336.0,1382.0,1415.0,1453.0,1482.0,1518.0,1550.0,1583.0,1619.0,1641.0,1668.0,1701.0,1718.0
0.0,0.0,0.0,0.0,1.0,1.0,1.0,1.0,1.0,1.0,2.0,3.0,3.0,3.0,5.0,6.0,6.0,6.0,8.0,8.0,9.0,10.0,10.0,12.0,13.0,15.0,17.0,18.0,19.0,21.0,22.0,24.0,27.0,28.0,31.0,38.0,41.0,43.0,47.0,53.0,62.0,70.0,77.0,90.0,100.0,109.0,119.0,134.0,142.0,159.0,176.0,197.0,217.0,232.0,257.0,280.0,301.0,332.0,358.0,385.0,413.0,451.0,489.0,532.0,577.0,628.0,684.0,751.0,815.0,863.0,917.0,1007.0,1087.0,1187.0,1298.0,1423.0,1545.0,1692.0,1838.0,1984.0,2129.0,2259.0,2394.0,2537.0,2683.0,2811.0,2938.0,3059.0,3172.0,3299.0,3399.0,3507.0,3603.0,3694.0,3789.0,3888.0,3977.0,4057.0,4122.0,4203.0,4287.0,4353.0,4415.0
0.0,0.0,0.0,0.0,0.0,2.0,2.0,3.0,3.0,3.0,3.0,3.0,3.0,5.0,6.0,7.0,7.0,7.0,10.0,11.0,13.0,16.0,18.0,19.0,22.0,26.0,28.0,32.0,40.0,50.0,55.0,67.0,74.0,86.0,93.0,105.0,116.0,132.0,145.0,157.0,168.0,181.0,203.0,231.0,252.0,286.0,302.0,325.0,352.0,385.0,425.0,462.0,511.0,560.0,604.0,656.0,716.0,796.0,862.0,940.0,1028.0,1132.0,1227.0,1350.0,1504.0,1631.0,1792.0,1981.0,2161.0,2354.0,2579.0,2833.0,3066.0,3347.0,3658.0,3970.0,4308.0,4625.0,5027.0,5414.0,5759.0,6132.0,6483.0,6863.0,7210.0,7559.0,7875.0,8183.0,8497.0,8756.0,9038.0,9276.0,9547.0,9790.0,10014.0,10241.0,10463.0,10658.0,10880.0,11062.0,11233.0,11400.0,11563.0
0.0,0.0,0.0,0.0,0.0,0.0,1.0,1.0,1.0,1.0,1.0,1.0,1.0,1.0,3.0,4.0,4.0,4.0,4.0,4.0,7.0,9.0,10.0,13.0,14.0,16.0,21.0,23.0,28.0,36.0,44.0,49.0,54.0,60.0,69.0,75.0,84.0,92.0,103.0,114.0,124.0,133.0,145.0,157.0,170.0,184.0,204.0,217.0,231.0,242.0,259.0,283.0,314.0,340.0,382.0,410.0,450.0,498.0,537.0,577.0,626.0,687.0,741.0,809.0,897.0,985.0,1081.0,1179.0,1277.0,1398.0,1525.0,1666.0,1795.0,1959.0,2151.0,2354.0,2557.0,2784.0,2990.0,3231.0,3458.0,3691.0,3918.0,4138.0,4350.0,4539.0,4758.0,4960.0,5131.0,5300.0,5466.0,5632.0,5790.0,5950.0,6074.0,6226.0,6349.0,6457.0,6564.0,6669.0,6754.0,6863.0,6954.0
0.0,0.0,0.0,0.0,0.0,0.0,0.0,1.0,2.0,2.0,3.0,3.0,4.0,4.0,6.0,11.0,14.0,15.0,16.0,20.0,24.0,26.0,29.0,35.0,40.0,44.0,48.0,55.0,62.0,67.0,79.0,92.0,102.0,112.0,122.0,139.0,146.0,160.0,176.0,185.0,210.0,239.0,262.0,293.0,314.0,352.0,392.0,433.0,479.0,527.0,577.0,634.0,691.0,754.0,818.0,892.0,985.0,1071.0,1174.0,1284.0,1395.0,1518.0,1657.0,1802.0,1984.0,2154.0,2368.0,2593.0,2836.0,3105.0,3400.0,3728.0,4072.0,4428.0,4810.0,5237.0,5719.0,6209.0,6713.0,7191.0,7692.0,8181.0,8710.0,9217.0,9717.0,10179.0,10612.0,11053.0,11455.0,11882.0,12265.0,12617.0,12970.0,13307.0,13611.0,13912.0,14216.0,14486.0,14775.0,15033.0,15254.0,15470.0,15672.0
0.0,0.0,0.0,0.0,0.0,0.0,0.0,0.0,1.0,1.0,1.0,4.0,5.0,5.0,5.0,5.0,6.0,7.0,7.0,7.0,7.0,11.0,14.0,14.0,15.0,16.0,19.0,21.0,24.0,28.0,41.0,45.0,55.0,59.0,70.0,77.0,88.0,97.0,106.0,114.0,127.0,137.0,148.0,163.0,184.0,196.0,223.0,240.0,265.0,293.0,319.0,366.0,421.0,467.0,515.0,565.0,613.0,671.0,746.0,825.0,887.0,992.0,1096.0,1210.0,1322.0,1453.0,1596.0,1763.0,1911.0,2078.0,2258.0,2458.0,2704.0,2948.0,3219.0,3526.0,3837.0,4171.0,4485.0,4813.0,5139.0,5509.0,5803.0,6145.0,6470.0,6812.0,7120.0,7426.0,7702.0,7993.0,8272.0,8491.0,8712.0,8949.0,9191.0,9403.0,9615.0,9803.0,10002.0,10164.0,10334.0,10484.0,10624.0
0.0,0.0,0.0,0.0,0.0,0.0,0.0,0.0,1.0,2.0,2.0,2.0,2.0,2.0,3.0,3.0,6.0,8.0,9.0,10.0,10.0,11.0,14.0,18.0,20.0,21.0,21.0,26.0,29.0,32.0,40.0,42.0,48.0,51.0,58.0,69.0,72.0,83.0,90.0,98.0,105.0,121.0,130.0,141.0,154.0,167.0,182.0,199.0,210.0,218.0,238.0,262.0,280.0,309.0,330.0,350.0,385.0,413.0,446.0,481.0,528.0,594.0,645.0,696.0,752.0,830.0,906.0,979.0,1071.0,1164.0,1278.0,1400.0,1522.0,1673.0,1813.0,1977.0,2158.0,2324.0,2522.0,2730.0,2921.0,3111.0,3302.0,3529.0,3709.0,3894.0,4067.0,4239.0,4413.0,4570.0,4718.0,4881.0,5024.0,5148.0,5274.0,5410.0,5534.0,5642.0,5752.0,5841.0,5930.0,6023.0,6111.0
0.0,0.0,0.0,0.0,0.0,1.0,1.0,1.0,1.0,2.0,2.0,2.0,2.0,3.0,4.0,4.0,4.0,4.0,4.0,5.0,6.0,6.0,6.0,7.0,7.0,7.0,8.0,9.0,10.0,10.0,11.0,11.0,11.0,11.0,12.0,12.0,15.0,18.0,18.0,18.0,19.0,20.0,20.0,22.0,25.0,27.0,30.0,32.0,34.0,34.0,37.0,37.0,38.0,38.0,38.0,39.0,42.0,43.0,47.0,51.0,54.0,59.0,62.0,63.0,68.0,72.0,77.0,79.0,82.0,85.0,91.0,94.0,97.0,105.0,110.0,115.0,126.0,136.0,140.0,146.0,151.0,159.0,164.0,170.0,174.0,183.0,189.0,195.0,198.0,205.0,212.0,216.0,222.0,228.0,232.0,237.0,238.0,242.0,246.0,252.0,254.0,256.0,259.0
0.0,0.0,0.0,0.0,0.0,0.0,0.0,0.0,1.0,2.0,3.0,4.0,6.0,7.0,8.0,10.0,13.0,17.0,21.0,24.0,30.0,30.0,34.0,45.0,49.0,56.0,59.0,70.0,76.0,91.0,104.0,114.0,133.0,149.0,175.0,199.0,226.0,251.0,278.0,306.0,340.0,383.0,420.0,459.0,524.0,575.0,642.0,711.0,783.0,854.0,941.0,1039.0,1135.0,1270.0,1391.0,1519.0,1690.0,1881.0,2087.0,2274.0,2468.0,2703.0,2969.0,3247.0,3558.0,3907.0,4271.0,4677.0,5151.0,5621.0,6137.0,6679.0,7312.0,8024.0,8729.0,9467.0,10289.0,11119.0,11986.0,12814.0,13689.0,14556.0,15427.0,16280.0,17082.0,17844.0,18608.0,19322.0,20018.0,20694.0,21320.0,21906.0,22505.0,23048.0,23541.0,24042.0,24509.0,24948.0,25365.0,25738.0,26085.0,26455.0,26804.0
0.0,0.0,0.0,0.0,1.0,1.0,2.0,2.0,2.0,3.0,4.0,6.0,6.0,6.0,8.0,8.0,9.0,9.0,10.0,12.0,17.0,18.0,18.0,19.0,19.0,20.0,23.0,26.0,33.0,40.0,44.0,47.0,55.0,60.0,67.0,74.0,78.0,86.0,92.0,101.0,115.0,124.0,138.0,150.0,165.0,180.0,190.0,209.0,224.0,240.0,264.0,288.0,314.0,336.0,370.0,399.0,438.0,475.0,523.0,570.0,614.0,677.0,741.0,798.0,884.0,961.0,1064.0,1158.0,1259.0,1353.0,1464.0,1584.0,1693.0,1826.0,1979.0,2138.0,2337.0,2527.0,2713.0,2922.0,3148.0,3334.0,3543.0,3744.0,3928.0,4113.0,4302.0,4489.0,4661.0,4820.0,4993.0,5126.0,5282.0,5417.0,5529.0,5671.0,5784.0,5898.0,5989.0,6084.0,6192.0,6280.0,6369.0
0.0,0.0,0.0,0.0,0.0,0.0,0.0,0.0,0.0,1.0,1.0,2.0,2.0,2.0,3.0,3.0,4.0,5.0,5.0,6.0,7.0,9.0,10.0,12.0,15.0,20.0,21.0,21.0,21.0,22.0,27.0,32.0,32.0,34.0,39.0,44.0,49.0,52.0,58.0,63.0,68.0,74.0,84.0,92.0,101.0,110.0,116.0,128.0,138.0,153.0,166.0,178.0,188.0,201.0,221.0,239.0,258.0,281.0,299.0,330.0,361.0,382.0,412.0,445.0,485.0,528.0,585.0,646.0,715.0,810.0,877.0,955.0,1030.0,1110.0,1222.0,1328.0,1450.0,1551.0,1648.0,1755.0,1862.0,1982.0,2103.0,2229.0,2342.0,2452.0,2570.0,2668.0,2765.0,2849.0,2943.0,3035.0,3124.0,3182.0,3251.0,3324.0,3398.0,3449.0,3509.0,3572.0,3639.0,3682.0,3743.0
0.0,0.0,0.0,0.0,1.0,2.0,2.0,3.0,3.0,4.0,4.0,6.0,6.0,7.0,7.0,9.0,11.0,15.0,15.0,15.0,17.0,18.0,19.0,22.0,28.0,33.0,38.0,45.0,55.0,65.0,77.0,84.0,92.0,103.0,117.0,128.0,140.0,150.0,158.0,168.0,179.0,196.0,212.0,228.0,246.0,264.0,281.0,300.0,317.0,352.0,384.0,397.0,423.0,469.0,517.0,558.0,603.0,648.0,701.0,769.0,824.0,890.0,959.0,1038.0,1126.0,1231.0,1330.0,1440.0,1566.0,1708.0,1865.0,1995.0,2176.0,2359.0,2565.0,2748.0,3003.0,3230.0,3465.0,3719.0,3929.0,4176.0,4417.0,4656.0,4898.0,5155.0,5390.0,5619.0,5821.0,6013.0,6190.0,6382.0,6553.0,6726.0,6900.0,7058.0,7216.0,7347.0,7477.0,7609.0,7736.0,7853.0,7962.0
0.0,0.0,0.0,0.0,0.0,1.0,1.0,1.0,1.0,1.0,2.0,2.0,3.0,5.0,5.0,5.0,5.0,5.0,8.0,10.0,10.0,11.0,12.0,15.0,18.0,22.0,24.0,27.0,31.0,39.0,41.0,47.0,52.0,57.0,60.0,71.0,75.0,82.0,91.0,104.0,111.0,122.0,130.0,149.0,164.0,186.0,201.0,215.0,233.0,251.0,273.0,305.0,329.0,354.0,390.0,429.0,472.0,522.0,570.0,615.0,688.0,745.0,808.0,871.0,944.0,1024.0,1114.0,1221.0,1337.0,1440.0,1575.0,1729.0,1887.0,2066.0,2251.0,2480.0,2722.0,2937.0,3163.0,3414.0,3666.0,3913.0,4182.0,4400.0,4644.0,4862.0,5060.0,5283.0,5512.0,5709.0,5917.0,6110.0,6269.0,6431.0,6603.0,6761.0,6903.0,7076.0,7205.0,7322.0,7453.0,7550.0,7654.0
0.0,0.0,0.0,0.0,0.0,0.0,0.0,0.0,1.0,1.0,1.0,2.0,4.0,4.0,6.0,9.0,9.0,11.0,12.0,13.0,14.0,15.0,19.0,20.0,21.0,22.0,24.0,24.0,27.0,28.0,32.0,32.0,32.0,39.0,42.0,46.0,55.0,56.0,59.0,64.0,66.0,72.0,78.0,82.0,86.0,93.0,105.0,115.0,123.0,132.0,145.0,158.0,165.0,178.0,194.0,205.0,228.0,247.0,262.0,282.0,312.0,345.0,378.0,432.0,469.0,501.0,548.0,617.0,677.0,752.0,818.0,899.0,972.0,1063.0,1156.0,1268.0,1374.0,1524.0,1624.0,1733.0,1869.0,1983.0,2100.0,2232.0,2343.0,2438.0,2564.0,2681.0,2768.0,2874.0,2967.0,3045.0,3124.0,3212.0,3300.0,3361.0,3437.0,3487.0,3542.0,3603.0,3649.0,3696.0,3745.0
0.0,0.0,0.0,0.0,0.0,1.0,1.0,2.0,2.0,3.0,3.0,3.0,3.0,3.0,3.0,3.0,3.0,3.0,3.0,3.0,3.0,3.0,4.0,4.0,4.0,4.0,5.0,5.0,5.0,5.0,5.0,6.0,6.0,6.0,6.0,6.0,6.0,6.0,6.0,6.0,6.0,6.0,6.0,6.0,6.0,6.0,6.0,6.0,6.0,6.0,6.0,6.0,6.0,6.0,6.0,6.0,6.0,6.0,6.0,6.0,6.0,6.0,6.0,6.0,6.0,6.0,6.0,6.0,6.0,6.0,6.0,6.0,6.0,6.0,6.0,6.0,7.0,7.0,7.0,7.0,7.0,7.0,7.0,7.0,7.0,7.0,7.0,7.0,7.0,7.0,7.0,7.0,7.0,7.0,7.0,7.0,7.0,7.0,7.0,7.0,7.0,7.0,7.0
0.0,0.0,0.0,0.0,0.0,0.0,0.0,1.0,2.0,2.0,2.0,2.0,3.0,4.0,4.0,6.0,8.0,8.0,10.0,12.0,12.0,13.0,16.0,17.0,21.0,23.0,28.0,31.0,36.0,43.0,47.0,52.0,58.0,61.0,67.0,73.0,79.0,91.0,102.0,113.0,128.0,148.0,164.0,181.0,207.0,228.0,254.0,271.0,300.0,331.0,355.0,382.0,429.0,467.0,504.0,550.0,615.0,660.0,728.0,819.0,902.0,982.0,1081.0,1170.0,1278.0,1407.0,1534.0,1695.0,1829.0,1984.0,2157.0,2339.0,2539.0,2768.0,3027.0,3289.0,3585.0,3875.0,4188.0,4514.0,4839.0,5153.0,5478.0,5785.0,6091.0,6387.0,6647.0,6939.0,7227.0,7494.0,7727.0,7959.0,8189.0,8396.0,8588.0,8773.0,8940.0,9114.0,9275.0,9441.0,9589.0,9703.0,9825.0
0.0,0.0,0.0,0.0,0.0,0.0,2.0,2.0,3.0,3.0,3.0,3.0,4.0,4.0,4.0,5.0,5.0,5.0,5.0,5.0,6.0,8.0,8.0,10.0,12.0,13.0,15.0,17.0,21.0,21.0,22.0,24.0,32.0,38.0,44.0,51.0,57.0,62.0,67.0,78.0,89.0,92.0,101.0,111.0,122.0,148.0,161.0,179.0,200.0,222.0,245.0,270.0,308.0,342.0,372.0,402.0,434.0,467.0,501.0,549.0,605.0,664.0,702.0,753.0,804.0,886.0,962.0,1036.0,1136.0,1222.0,1325.0,1438.0,1562.0,1703.0,1850.0,1986.0,2169.0,2346.0,2533.0,2707.0,2897.0,3080.0,3251.0,3414.0,3571.0,3765.0,3915.0,4089.0,4241.0,4378.0,4518.0,4640.0,4760.0,4896.0,5017.0,5141.0,5262.0,5371.0,5456.0,5554.0,5643.0,5727.0,5792.0
0.0,0.0,0.0,0.0,0.0,0.0,1.0,1.0,1.0,2.0,2.0,3.0,5.0,5.0,7.0,8.0,10.0,10.0,11.0,13.0,14.0,18.0,22.0,23.0,25.0,25.0,27.0,31.0,36.0,42.0,50.0,56.0,63.0,70.0,78.0,90.0,93.0,109.0,123.0,137.0,147.0,167.0,185.0,205.0,224.0,241.0,267.0,292.0,320.0,355.0,391.0,433.0,471.0,516.0,561.0,621.0,682.0,758.0,835.0,913.0,992.0,1086.0,1187.0,1294.0,1417.0,1544.0,1673.0,1815.0,1972.0,2151.0,2383.0,2582.0,2810.0,3087.0,3385.0,3676.0,3997.0,4330.0,4667.0,5001.0,5345.0,5686.0,6030.0,6367.0,6675.0,7007.0,7282.0,7583.0,7883.0,8177.0,8459.0,8711.0,8937.0,9177.0,9391.0,9575.0,9764.0,9951.0,10126.0,10266.0,10441.0,10596.0,10725.0
0.0,0.0,0.0,0.0,0.0,0.0,0.0,0.0,0.0,1.0,1.0,1.0,1.0,1.0,1.0,2.0,2.0,3.0,3.0,3.0,4.0,5.0,5.0,6.0,7.0,8.0,10.0,13.0,17.0,21.0,23.0,28.0,36.0,41.0,44.0,55.0,66.0,78.0,89.0,101.0,116.0,125.0,140.0,151.0,161.0,174.0,201.0,223.0,245.0,271.0,293.0,327.0,352.0,388.0,431.0,470.0,506.0,558.0,610.0,666.0,728.0,802.0,872.0,945.0,1051.0,1142.0,1267.0,1386.0,1525.0,1660.0,1806.0,1989.0,2201.0,2425.0,2673.0,2916.0,3175.0,3451.0,3739.0,4008.0,4294.0,4561.0,4864.0,5131.0,5422.0,5684.0,5985.0,6270.0,6512.0,6754.0,7007.0,7238.0,7481.0,7700.0,7888.0,8087.0,8266.0,8419.0,8559.0,8726.0,8877.0,9006.0,9158.0
0.0,0.0,0.0,0.0,0.0,0.0,0.0,1.0,2.0,3.0,3.0,3.0,3.0,3.0,3.0,5.0,6.0,7.0,8.0,11.0,14.0,16.0,17.0,18.0,21.0,21.0,22.0,27.0,34.0,43.0,51.0,61.0,63.0,73.0,84.0,99.0,115.0,132.0,144.0,164.0,180.0,199.0,220.0,240.0,272.0,296.0,325.0,354.0,400.0,436.0,482.0,525.0,574.0,622.0,690.0,745.0,829.0,921.0,1010.0,1111.0,1230.0,1358.0,1497.0,1606.0,1743.0,1903.0,2073.0,2265.0,2490.0,2722.0,2964.0,3209.0,3504.0,3813.0,4158.0,4538.0,4925.0,5330.0,5749.0,6186.0,6611.0,7047.0,7442.0,7873.0,8261.0,8657.0,9032.0,9395.0,9757.0,10094.0,10392.0,10689.0,10986.0,11284.0,11554.0,11837.0,12089.0,12336.0,12533.0,12741.0,12949.0,13133.0,13300.0
0.0,0.0,0.0,0.0,0.0,0.0,2.0,2.0,3.0,3.0,3.0,3.0,3.0,3.0,5.0,5.0,7.0,7.0,8.0,9.0,9.0,9.0,10.0,10.0,13.0,14.0,15.0,17.0,17.0,18.0,19.0,22.0,22.0,22.0,23.0,27.0,33.0,36.0,36.0,40.0,43.0,48.0,51.0,56.0,65.0,72.0,76.0,83.0,92.0,110.0,119.0,124.0,129.0,143.0,165.0,183.0,199.0,218.0,238.0,264.0,297.0,328.0,369.0,399.0,451.0,509.0,555.0,611.0,667.0,736.0,811.0,889.0,969.0,1065.0,1168.0,1284.0,1405.0,1533.0,1640.0,1752.0,1915.0,2069.0,2189.0,2311.0,2436.0,2568.0,2689.0,2811.0,2926.0,3031.0,3124.0,3224.0,3321.0,3419.0,3495.0,3579.0,3666.0,3744.0,3811.0,3878.0,3938.0,3992.0,4058.0
0.0,0.0,0.0,0.0,0.0,0.0,1.0,2.0,2.0,2.0,3.0,3.0,3.0,3.0,3.0,4.0,4.0,7.0,10.0,15.0,15.0,17.0,19.0,21.0,23.0,23.0,26.0,29.0,31.0,33.0,39.0,45.0,49.0,53.0,62.0,68.0,78.0,88.0,99.0,113.0,128.0,146.0,167.0,186.0,204.0,224.0,241.0,259.0,287.0,319.0,360.0,399.0,448.0,498.0,544.0,594.0,654.0,729.0,801.0,902.0,996.0,1116.0,1205.0,1319.0,1450.0,1602.0,1782.0,1943.0,2132.0,2315.0,2499.0,2746.0,2972.0,3269.0,3549.0,3863.0,4194.0,4537.0,4888.0,5240.0,5606.0,5962.0,6326.0,6662.0,6996.0,7338.0,7693.0,8014.0,8283.0,8574.0,8869.0,9140.0,9385.0,9588.0,9838.0,10061.0,10267.0,10460.0,10640.0,10801.0,10945.0,11090.0,11256.0
0.0,0.0,0.0,0.0,0.0,0.0,0.0,0.0,1.0,1.0,1.0,2.0,2.0,4.0,5.0,6.0,8.0,11.0,11.0,12.0,13.0,15.0,16.0,19.0,22.0,22.0,30.0,31.0,35.0,38.0,43.0,48.0,56.0,64.0,70.0,85.0,94.0,108.0,121.0,128.0,146.0,168.0,181.0,194.0,214.0,236.0,254.0,284.0,310.0,337.0,371.0,407.0,445.0,485.0,523.0,580.0,629.0,674.0,731.0,791.0,854.0,919.0,1015.0,1116.0,1222.0,1338.0,1462.0,1594.0,1726.0,1880.0,2089.0,2275.0,2473.0,2685.0,2929.0,3194.0,3481.0,3753.0,4051.0,4380.0,4675.0,4981.0,5287.0,5575.0,5869.0,6173.0,6450.0,6728.0,6995.0,7227.0,7463.0,7685.0,7915.0,8103.0,8281.0,8447.0,8636.0,8817.0,8965.0,9117.0,9267.0,9369.0,9484.0
0.0,0.0,0.0,0.0,0.0,0.0,0.0,0.0,2.0,3.0,5.0,5.0,5.0,5.0,5.0,6.0,7.0,9.0,9.0,9.0,9.0,10.0,11.0,11.0,11.0,11.0,13.0,15.0,16.0,16.0,17.0,17.0,17.0,17.0,18.0,19.0,21.0,21.0,23.0,23.0,25.0,26.0,26.0,26.0,28.0,28.0,28.0,30.0,31.0,32.0,32.0,35.0,36.0,36.0,39.0,42.0,44.0,45.0,46.0,49.0,52.0,53.0,56.0,60.0,62.0,63.0,69.0,74.0,80.0,85.0,96.0,104.0,110.0,122.0,134.0,147.0,155.0,177.0,191.0,205.0,218.0,230.0,240.0,258.0,269.0,276.0,290.0,296.0,308.0,322.0,332.0,343.0,354.0,362.0,367.0,375.0,383.0,397.0,405.0,410.0,416.0,424.0,433.0
0.0,0.0,0.0,0.0,0.0,0.0,0.0,0.0,0.0,0.0,1.0,3.0,3.0,5.0,5.0,6.0,6.0,8.0,10.0,13.0,13.0,13.0,14.0,14.0,16.0,16.0,16.0,18.0,20.0,21.0,21.0,23.0,25.0,25.0,25.0,26.0,28.0,30.0,32.0,36.0,37.0,40.0,44.0,49.0,55.0,59.0,64.0,70.0,76.0,86.0,93.0,106.0,110.0,125.0,135.0,145.0,156.0,171.0,187.0,206.0,236.0,263.0,298.0,323.0,349.0,383.0,421.0,473.0,531.0,597.0,661.0,719.0,798.0,870.0,970.0,1057.0,1152.0,1259.0,1364.0,1483.0,1603.0,1702.0,1791.0,1898.0,2005.0,2105.0,2195.0,2291.0,2364.0,2440.0,2514.0,2589.0,2661.0,2725.0,2792.0,2856.0,2933.0,2983.0,3040.0,3081.0,3134.0,3170.0,3212.0
0.0,0.0,0.0,0.0,0.0,0.0,0.0,1.0,1.0,1.0,1.0,1.0,1.0,3.0,4.0,5.0,8.0,9.0,10.0,11.0,11.0,12.0,15.0,17.0,17.0,19.0,22.0,26.0,28.0,37.0,40.0,42.0,46.0,51.0,55.0,61.0,63.0,65.0,71.0,84.0,97.0,99.0,104.0,112.0,123.0,132.0,143.0,163.0,182.0,204.0,215.0,236.0,267.0,301.0,343.0,384.0,422.0,465.0,514.0,549.0,596.0,640.0,705.0,774.0,859.0,964.0,1064.0,1157.0,1266.0,1375.0,1507.0,1650.0,1796.0,1982.0,2166.0,2347.0,2535.0,2756.0,2981.0,3214.0,3467.0,3679.0,3927.0,4149.0,4393.0,4600.0,4815.0,5042.0,5257.0,5465.0,5648.0,5812.0,5987.0,6140.0,6283.0,6466.0,6577.0,6711.0,6840.0,6943.0,7052.0,7157.0,7257.0
