0.0,0.0,0.0,1.0,0.0,3.0,2.0,2.0,3.0,4.0,6.0,7.0,10.0,13.0,14.0,16.0,19.0,26.0,33.0,38.0,46.0,56.0,60.0,66.0,81.0,92.0,105.0,128.0,150.0,179.0,210.0,259.0,305.0,365.0,423.0,497.0,573.0,687.0,833.0,966.0,1114.0,1289.0,1484.0,1736.0,2019.0,2361.0,2755.0,3190.0,3729.0,4349.0,5019.0,5823.0,6692.0,7760.0,8853.0,10214.0,11727.0,13425.0,15320.0,17060.0,18368.0,19315.0,19911.0,20205.0,20347.0,20339.0,20211.0,19993.0,19652.0,19319.0,18854.0,18357.0,17867.0,17389.0,16798.0,16149.0,15578.0,14956.0,14337.0,13726.0,13094.0,12575.0,12081.0,11531.0,10989.0,10515.0,10049.0
0.0,0.0,0.0,2.0,2.0,5.0,6.0,8.0,11.0,10.0,12.0,19.0,27.0,30.0,30.0,38.0,46.0,55.0,60.0,67.0,80.0,94.0,111.0,143.0,167.0,197.0,221.0,253.0,286.0,319.0,357.0,424.0,488.0,553.0,658.0,765.0,900.0,1059.0,1245.0,1450.0,1679.0,1934.0,2249.0,2562.0,2947.0,3445.0,4004.0,4646.0,5395.0,6226.0,7194.0,8361.0,9619.0,11051.0,12672.0,14676.0,16910.0,19460.0,21996.0,24365.0,26379.0,27559.0,28349.0,28727.0,28880.0,28744.0,28459.0,28177.0,27641.0,26973.0,26228.0,25482.0,24686.0,23861.0,23023.0,22231.0,21360.0,20492.0,19738.0,18890.0,18050.0,17318.0,16622.0,15851.0,15095.0,14417.0,13760.0
0.0,0.0,0.0,2.0,2.0,3.0,5.0,5.0,5.0,5.0,6.0,7.0,6.0,6.0,8.0,7.0,8.0,10.0,10.0,11.0,13.0,14.0,17.0,21.0,23.0,24.0,33.0,34.0,32.0,39.0,44.0,57.0,59.0,69.0,76.0,88.0,101.0,111.0,121.0,139.0,171.0,196.0,222.0,268.0,289.0,324.0,394.0,438.0,523.0,611.0,706.0,815.0,925.0,1063.0,1229.0,1420.0,1658.0,1942.0,2252.0,2496.0,2681.0,2852.0,2951.0,3023.0,3071.0,3052.0,3033.0,3005.0,2992.0,2899.0,2831.0,2766.0,2672.0,2607.0,2525.0,2420.0,2354.0,2271.0,2176.0,2094.0,2012.0,1933.0,1851.0,1778.0,1714.0,1651.0,1575.0
0.0,0.0,0.0,0.0,3.0,5.0,6.0,7.0,8.0,8.0,8.0,9.0,11.0,13.0,20.0,23.0,30.0,40.0,47.0,57.0,74.0,88.0,104.0,119.0,129.0,150.0,170.0,193.0,223.0,260.0,299.0,357.0,407.0,478.0,542.0,622.0,730.0,862.0,999.0,1143.0,1324.0,1546.0,1862.0,2134.0,2426.0,2827.0,3300.0,3820.0,4505.0,5180.0,6023.0,7000.0,8159.0,9392.0,10940.0,12633.0,14552.0,16775.0,19101.0,21227.0,22779.0,23998.0,24721.0,25025.0,25137.0,25076.0,24874.0,24562.0,24140.0,23617.0,23067.0,22377.0,21676.0,20934.0,20163.0,19479.0,18757.0,17993.0,17303.0,16600.0,15882.0,15155.0,14494.0,13848.0,13175.0,12532.0,11981.0
0.0,0.0,0.0,0.0,3.0,7.0,7.0,8.0,8.0,11.0,9.0,11.0,10.0,13.0,12.0,14.0,19.0,20.0,18.0,19.0,20.0,25.0,27.0,25.0,34.0,42.0,50.0,57.0,74.0,87.0,110.0,124.0,139.0,148.0,180.0,216.0,249.0,285.0,341.0,396.0,472.0,532.0,587.0,696.0,806.0,968.0,1131.0,1304.0,1500.0,1753.0,2023.0,2365.0,2738.0,3151.0,3610.0,4227.0,4897.0,5595.0,6403.0,7114.0,7694.0,8148.0,8397.0,8625.0,8663.0,8730.0,8762.0,8653.0,8575.0,8459.0,8265.0,8048.0,7800.0,7562.0,7354.0,7113.0,6909.0,6654.0,6355.0,6083.0,5849.0,5605.0,5363.0,5144.0,4891.0,4672.0,4455.0
0.0,0.0,0.0,1.0,3.0,3.0,5.0,6.0,9.0,10.0,11.0,12.0,13.0,16.0,19.0,18.0,22.0,24.0,32.0,43.0,49.0,58.0,71.0,82.0,96.0,118.0,142.0,160.0,194.0,224.0,250.0,286.0,343.0,417.0,478.0,551.0,626.0,732.0,856.0,1014.0,1157.0,1368.0,1600.0,1856.0,2189.0,2545.0,2949.0,3403.0,3935.0,4595.0,5325.0,6161.0,7132.0,8335.0,9781.0,11360.0,12994.0,14967.0,17044.0,18987.0,20439.0,21555.0,22213.0,22568.0,22680.0,22692.0,22546.0,22179.0,21781.0,21312.0,20888.0,20357.0,19780.0,19239.0,18548.0,17808.0,17139.0,16465.0,15754.0,15139.0,14500.0,13894.0,13275.0,12677.0,12121.0,11564.0,11031.0
0.0,0.0,1.0,2.0,4.0,5.0,5.0,7.0,6.0,10.0,11.0,16.0,17.0,22.0,27.0,30.0,35.0,42.0,51.0,66.0,83.0,100.0,103.0,122.0,144.0,171.0,193.0,216.0,256.0,311.0,349.0,418.0,503.0,594.0,707.0,811.0,967.0,1151.0,1356.0,1575.0,1847.0,2183.0,2488.0,2825.0,3269.0,3762.0,4425.0,5148.0,5971.0,6960.0,8069.0,9243.0,10809.0,12449.0,14425.0,16591.0,19027.0,21724.0,24599.0,27288.0,29222.0,30515.0,31378.0,31925.0,32168.0,31997.0,31724.0,31259.0,30643.0,29959.0,29196.0,28342.0,27438.0,26345.0,25388.0,24345.0,23415.0,22443.0,21514.0,20541.0,19641.0,18799.0,17929.0,17126.0,16338.0,15604.0,14837.0
0.0,0.0,1.0,0.0,1.0,2.0,2.0,7.0,7.0,6.0,8.0,6.0,10.0,14.0,14.0,19.0,22.0,24.0,24.0,26.0,33.0,36.0,41.0,48.0,60.0,69.0,83.0,95.0,113.0,137.0,163.0,189.0,212.0,253.0,300.0,358.0,428.0,518.0,595.0,685.0,796.0,939.0,1094.0,1272.0,1491.0,1700.0,2001.0,2292.0,2602.0,3055.0,3557.0,4130.0,4753.0,5549.0,6499.0,7500.0,8723.0,10104.0,11596.0,12939.0,13961.0,14651.0,15241.0,15494.0,15597.0,15639.0,15542.0,15464.0,15323.0,14990.0,14660.0,14325.0,14008.0,13587.0,13119.0,12667.0,12212.0,11782.0,11379.0,10959.0,10476.0,10074.0,9644.0,9235.0,8869.0,8475.0,8086.0
0.0,0.0,0.0,1.0,3.0,3.0,6.0,6.0,8.0,13.0,14.0,16.0,16.0,25.0,27.0,38.0,52.0,62.0,85.0,99.0,117.0,154.0,166.0,203.0,234.0,271.0,333.0,380.0,455.0,532.0,615.0,707.0,873.0,1015.0,1198.0,1378.0,1565.0,1795.0,2052.0,2369.0,2802.0,3250.0,3768.0,4382.0,5034.0,5798.0,6746.0,7786.0,9018.0,10378.0,11928.0,13744.0,15752.0,18064.0,20782.0,23648.0,26939.0,30589.0,34386.0,37721.0,40154.0,41869.0,42774.0,43176.0,43146.0,42847.0,42294.0,41515.0,40621.0,39595.0,38387.0,37236.0,35923.0,34549.0,33106.0,31779.0,30470.0,29122.0,27766.0,26546.0,25295.0,24078.0,22948.0,21895.0,20863.0,19850.0,18902.0
0.0,0.0,0.0,1.0,5.0,5.0,5.0,7.0,10.0,10.0,13.0,16.0,19.0,24.0,32.0,39.0,41.0,51.0,51.0,60.0,71.0,76.0,76.0,98.0,110.0,126.0,153.0,196.0,237.0,277.0,310.0,368.0,417.0,486.0,584.0,664.0,791.0,906.0,1045.0,1190.0,1373.0,1582.0,1812.0,2088.0,2444.0,2828.0,3240.0,3813.0,4466.0,5180.0,5965.0,6873.0,7966.0,9338.0,10777.0,12522.0,14401.0,16583.0,18903.0,20998.0,22582.0,23664.0,24460.0,24803.0,24996.0,25081.0,24878.0,24529.0,24061.0,23596.0,23016.0,22443.0,21726.0,20963.0,20268.0,19611.0,18882.0,18125.0,17453.0,16779.0,16052.0,15293.0,14583.0,13918.0,13268.0,12709.0,12115.0
0.0,0.0,1.0,1.0,2.0,5.0,4.0,4.0,7.0,10.0,15.0,19.0,19.0,21.0,28.0,30.0,34.0,44.0,56.0,63.0,68.0,81.0,94.0,121.0,133.0,149.0,188.0,239.0,262.0,314.0,353.0,420.0,495.0,568.0,676.0,791.0,914.0,1056.0,1203.0,1422.0,1637.0,1896.0,2216.0,2577.0,2997.0,3495.0,4090.0,4778.0,5552.0,6377.0,7338.0,8426.0,9726.0,11302.0,12957.0,14856.0,16991.0,19368.0,21994.0,24314.0,26091.0,27332.0,28198.0,28617.0,28714.0,28667.0,28458.0,28110.0,27687.0,27003.0,26283.0,25523.0,24693.0,23839.0,22980.0,22192.0,21304.0,20476.0,19639.0,18734.0,17894.0,17047.0,16270.0,15525.0,14815.0,14179.0,13510.0
0.0,0.0,0.0,1.0,4.0,3.0,3.0,4.0,6.0,7.0,8.0,11.0,12.0,13.0,20.0,23.0,25.0,27.0,31.0,37.0,37.0,40.0,45.0,52.0,61.0,78.0,89.0,110.0,126.0,154.0,173.0,192.0,213.0,233.0,277.0,316.0,365.0,436.0,487.0,571.0,638.0,764.0,878.0,997.0,1178.0,1383.0,1617.0,1903.0,2212.0,2583.0,3011.0,3546.0,4130.0,4750.0,5494.0,6410.0,7361.0,8483.0,9575.0,10589.0,11466.0,12093.0,12583.0,12792.0,12866.0,12857.0,12780.0,12695.0,12468.0,12204.0,11982.0,11703.0,11402.0,11079.0,10747.0,10327.0,9923.0,9525.0,9149.0,8752.0,8407.0,8071.0,7759.0,7403.0,7068.0,6780.0,6472.0
0.0,0.0,1.0,1.0,1.0,5.0,5.0,6.0,8.0,8.0,7.0,7.0,9.0,10.0,11.0,13.0,15.0,16.0,16.0,16.0,17.0,19.0,17.0,17.0,20.0,22.0,28.0,26.0,34.0,46.0,51.0,56.0,62.0,75.0,86.0,98.0,116.0,131.0,148.0,168.0,187.0,219.0,250.0,289.0,335.0,380.0,455.0,501.0,567.0,661.0,772.0,897.0,1048.0,1224.0,1388.0,1624.0,1872.0,2136.0,2439.0,2753.0,2980.0,3160.0,3328.0,3402.0,3424.0,3459.0,3472.0,3467.0,3448.0,3396.0,3303.0,3254.0,3166.0,3078.0,2989.0,2878.0,2810.0,2738.0,2652.0,2580.0,2514.0,2407.0,2318.0,2203.0,2088.0,1998.0,1904.0
0.0,0.0,0.0,0.0,0.0,1.0,5.0,10.0,12.0,11.0,13.0,15.0,28.0,31.0,33.0,38.0,52.0,64.0,74.0,86.0,97.0,114.0,129.0,144.0,172.0,197.0,235.0,279.0,327.0,374.0,429.0,490.0,568.0,658.0,769.0,909.0,1064.0,1271.0,1439.0,1622.0,1899.0,2207.0,2565.0,2977.0,3431.0,4033.0,4683.0,5442.0,6271.0,7267.0,8480.0,9745.0,11274.0,13078.0,15123.0,17312.0,19919.0,22704.0,25597.0,28142.0,30186.0,31383.0,32215.0,32750.0,32754.0,32622.0,32160.0,31695.0,31034.0,30380.0,29556.0,28693.0,27705.0,26756.0,25754.0,24734.0,23664.0,22717.0,21790.0,20810.0,19802.0,18959.0,18110.0,17224.0,16431.0,15664.0,14913.0
0.0,0.0,0.0,1.0,2.0,3.0,3.0,6.0,6.0,8.0,10.0,10.0,9.0,13.0,15.0,20.0,25.0,23.0,26.0,32.0,41.0,53.0,60.0,66.0,74.0,91.0,101.0,118.0,137.0,158.0,178.0,205.0,250.0,294.0,339.0,393.0,450.0,540.0,628.0,718.0,817.0,932.0,1067.0,1230.0,1431.0,1669.0,1940.0,2280.0,2577.0,2978.0,3490.0,4083.0,4734.0,5487.0,6360.0,7449.0,8556.0,9949.0,11446.0,12797.0,13845.0,14533.0,15087.0,15481.0,15667.0,15656.0,15635.0,15419.0,15254.0,15010.0,14609.0,14264.0,13841.0,13451.0,12994.0,12525.0,12081.0,11630.0,11180.0,10758.0,10321.0,9902.0,9476.0,9085.0,8692.0,8336.0,7963.0
0.0,0.0,0.0,1.0,4.0,4.0,5.0,8.0,8.0,12.0,20.0,27.0,30.0,38.0,51.0,58.0,70.0,89.0,98.0,119.0,143.0,165.0,197.0,231.0,274.0,324.0,365.0,430.0,506.0,609.0,686.0,809.0,933.0,1102.0,1283.0,1469.0,1712.0,2035.0,2340.0,2722.0,3186.0,3654.0,4267.0,4982.0,5797.0,6735.0,7714.0,8927.0,10203.0,11716.0,13472.0,15537.0,17913.0,20418.0,23341.0,26629.0,30143.0,34209.0,38275.0,41975.0,44425.0,46193.0,46919.0,47269.0,47074.0,46607.0,45925.0,45127.0,44012.0,42855.0,41532.0,40158.0,38777.0,37293.0,35797.0,34330.0,32821.0,31375.0,30058.0,28694.0,27380.0,26070.0,24756.0,23569.0,22429.0,21348.0,20346.0
0.0,0.0,0.0,1.0,3.0,2.0,5.0,5.0,5.0,8.0,11.0,12.0,14.0,21.0,27.0,26.0,33.0,36.0,43.0,49.0,59.0,71.0,82.0,104.0,120.0,139.0,153.0,185.0,219.0,265.0,296.0,351.0,397.0,471.0,538.0,639.0,741.0,884.0,1051.0,1233.0,1419.0,1664.0,1959.0,2286.0,2624.0,3086.0,3659.0,4194.0,4903.0,5701.0,6670.0,7733.0,8965.0,10443.0,12108.0,13991.0,16066.0,18462.0,20942.0,23232.0,24962.0,26304.0,27005.0,27430.0,27669.0,27575.0,27319.0,26917.0,26436.0,25889.0,25240.0,24560.0,23823.0,23015.0,22133.0,21357.0,20496.0,19703.0,18879.0,18045.0,17234.0,16489.0,15776.0,15049.0,14354.0,13723.0,13099.0
0.0,0.0,0.0,0.0,2.0,4.0,5.0,5.0,6.0,7.0,10.0,12.0,15.0,16.0,17.0,15.0,20.0,25.0,29.0,39.0,50.0,57.0,65.0,71.0,77.0,93.0,104.0,119.0,142.0,172.0,202.0,238.0,294.0,327.0,386.0,447.0,518.0,611.0,722.0,827.0,942.0,1118.0,1300.0,1510.0,1717.0,2029.0,2360.0,2725.0,3149.0,3703.0,4318.0,4979.0,5736.0,6632.0,7691.0,8903.0,10351.0,12025.0,13845.0,15409.0,16683.0,17636.0,18123.0,18457.0,18657.0,18644.0,18567.0,18333.0,18068.0,17706.0,17304.0,16859.0,16382.0,15824.0,15228.0,14694.0,14145.0,13658.0,13097.0,12575.0,12088.0,11557.0,11085.0,10575.0,10083.0,9602.0,9154.0
0.0,0.0,1.0,2.0,2.0,3.0,7.0,8.0,13.0,14.0,18.0,22.0,26.0,28.0,34.0,41.0,48.0,59.0,71.0,89.0,108.0,140.0,159.0,184.0,217.0,249.0,278.0,326.0,384.0,451.0,520.0,613.0,703.0,781.0,930.0,1067.0,1221.0,1413.0,1619.0,1872.0,2227.0,2576.0,3052.0,3531.0,4128.0,4785.0,5513.0,6367.0,7300.0,8399.0,9651.0,11118.0,12842.0,14846.0,17084.0,19698.0,22574.0,25821.0,29013.0,31970.0,34275.0,35670.0,36516.0,36972.0,36991.0,36876.0,36476.0,35986.0,35168.0,34361.0,33372.0,32319.0,31238.0,30171.0,29074.0,27974.0,26908.0,25817.0,24651.0,23560.0,22415.0,21361.0,20431.0,19450.0,18577.0,17609.0,16749.0
0.0,0.0,0.0,0.0,1.0,3.0,4.0,7.0,9.0,11.0,12.0,12.0,14.0,17.0,22.0,32.0,34.0,37.0,49.0,54.0,57.0,67.0,82.0,105.0,121.0,130.0,156.0,184.0,215.0,244.0,289.0,343.0,401.0,462.0,564.0,645.0,751.0,883.0,1056.0,1246.0,1468.0,1702.0,2006.0,2371.0,2806.0,3259.0,3858.0,4488.0,5227.0,6093.0,7125.0,8268.0,9548.0,11016.0,12776.0,14909.0,17117.0,19772.0,22497.0,24818.0,26672.0,27984.0,28740.0,29293.0,29403.0,29332.0,29223.0,28864.0,28336.0,27659.0,26906.0,26097.0,25283.0,24366.0,23546.0,22638.0,21819.0,20881.0,19970.0,19151.0,18354.0,17550.0,16813.0,16052.0,15377.0,14676.0,14006.0
0.0,0.0,0.0,1.0,4.0,3.0,4.0,3.0,4.0,5.0,4.0,5.0,4.0,3.0,3.0,2.0,2.0,5.0,5.0,5.0,5.0,6.0,8.0,11.0,15.0,17.0,23.0,31.0,39.0,44.0,54.0,64.0,72.0,83.0,98.0,110.0,132.0,144.0,164.0,185.0,218.0,252.0,310.0,371.0,439.0,519.0,597.0,696.0,782.0,923.0,1091.0,1265.0,1494.0,1733.0,2066.0,2398.0,2805.0,3289.0,3740.0,4149.0,4518.0,4782.0,4972.0,5111.0,5181.0,5206.0,5138.0,5152.0,5069.0,4978.0,4897.0,4746.0,4583.0,4459.0,4354.0,4226.0,4065.0,3890.0,3750.0,3609.0,3479.0,3326.0,3196.0,3061.0,2904.0,2789.0,2665.0
0.0,0.0,0.0,0.0,2.0,4.0,5.0,6.0,6.0,9.0,11.0,15.0,16.0,20.0,24.0,25.0,24.0,28.0,33.0,37.0,45.0,47.0,54.0,61.0,69.0,80.0,88.0,95.0,111.0,127.0,148.0,159.0,182.0,217.0,250.0,280.0,307.0,341.0,387.0,470.0,550.0,652.0,733.0,870.0,1024.0,1192.0,1406.0,1630.0,1893.0,2203.0,2514.0,2965.0,3433.0,3976.0,4653.0,5390.0,6265.0,7225.0,8220.0,9221.0,9963.0,10491.0,10851.0,11112.0,11245.0,11148.0,11140.0,11015.0,10786.0,10613.0,10395.0,10121.0,9856.0,9561.0,9285.0,9007.0,8669.0,8284.0,7941.0,7623.0,7241.0,6946.0,6674.0,6397.0,6132.0,5869.0,5603.0
0.0,0.0,0.0,0.0,1.0,3.0,3.0,7.0,9.0,12.0,13.0,15.0,15.0,17.0,17.0,24.0,26.0,37.0,43.0,46.0,66.0,72.0,82.0,98.0,113.0,130.0,156.0,179.0,207.0,232.0,283.0,311.0,373.0,414.0,493.0,598.0,688.0,793.0,920.0,1055.0,1217.0,1428.0,1635.0,1928.0,2231.0,2581.0,3005.0,3531.0,4108.0,4806.0,5673.0,6530.0,7565.0,8708.0,10141.0,11728.0,13522.0,15594.0,17676.0,19565.0,21196.0,22300.0,22930.0,23269.0,23436.0,23351.0,23121.0,22743.0,22453.0,21991.0,21476.0,20882.0,20193.0,19536.0,18906.0,18181.0,17460.0,16722.0,16044.0,15347.0,14699.0,14060.0,13396.0,12817.0,12279.0,11725.0,11181.0
0.0,0.0,0.0,0.0,1.0,1.0,4.0,5.0,5.0,4.0,3.0,6.0,9.0,9.0,11.0,13.0,11.0,19.0,20.0,25.0,28.0,37.0,43.0,50.0,62.0,67.0,77.0,93.0,114.0,141.0,165.0,193.0,210.0,240.0,271.0,316.0,371.0,410.0,500.0,596.0,713.0,841.0,971.0,1152.0,1374.0,1569.0,1838.0,2159.0,2469.0,2910.0,3345.0,3864.0,4503.0,5250.0,6073.0,6987.0,8073.0,9244.0,10660.0,11931.0,12915.0,13599.0,14039.0,14356.0,14536.0,14558.0,14459.0,14319.0,14191.0,13919.0,13592.0,13222.0,12794.0,12378.0,11955.0,11535.0,11076.0,10556.0,10203.0,9779.0,9413.0,8999.0,8577.0,8137.0,7739.0,7447.0,7083.0
0.0,0.0,1.0,1.0,2.0,4.0,3.0,5.0,7.0,5.0,10.0,13.0,13.0,17.0,18.0,19.0,27.0,38.0,51.0,55.0,66.0,70.0,76.0,94.0,111.0,141.0,164.0,208.0,241.0,282.0,334.0,385.0,448.0,528.0,634.0,751.0,877.0,1016.0,1186.0,1397.0,1655.0,1917.0,2282.0,2642.0,3075.0,3612.0,4161.0,4827.0,5579.0,6364.0,7382.0,8598.0,9869.0,11273.0,12960.0,14903.0,17159.0,19676.0,22273.0,24687.0,26435.0,27552.0,28314.0,28816.0,28865.0,28780.0,28659.0,28186.0,27715.0,27229.0,26550.0,25897.0,25111.0,24212.0,23307.0,22463.0,21559.0,20653.0,19870.0,19045.0,18238.0,17438.0,16686.0,15930.0,15103.0,14397.0,13758.0
0.0,1.0,0.0,1.0,2.0,2.0,3.0,4.0,4.0,5.0,6.0,8.0,7.0,5.0,5.0,5.0,6.0,7.0,8.0,10.0,10.0,8.0,7.0,8.0,9.0,10.0,9.0,8.0,8.0,11.0,15.0,19.0,18.0,24.0,26.0,37.0,42.0,47.0,46.0,57.0,65.0,69.0,77.0,90.0,99.0,111.0,133.0,146.0,158.0,184.0,217.0,269.0,303.0,348.0,385.0,450.0,525.0,598.0,681.0,745.0,808.0,838.0,875.0,887.0,908.0,908.0,909.0,894.0,890.0,890.0,874.0,855.0,836.0,828.0,810.0,801.0,779.0,750.0,724.0,706.0,690.0,658.0,630.0,605.0,584.0,562.0,538.0
0.0,0.0,0.0,0.0,2.0,3.0,4.0,8.0,13.0,15.0,18.0,20.0,21.0,26.0,33.0,37.0,44.0,55.0,66.0,80.0,91.0,109.0,127.0,147.0,176.0,211.0,252.0,303.0,364.0,421.0,521.0,583.0,672.0,772.0,882.0,1038.0,1249.0,1423.0,1674.0,1960.0,2263.0,2591.0,3041.0,3520.0,4135.0,4821.0,5585.0,6506.0,7541.0,8626.0,10002.0,11429.0,13169.0,15105.0,17480.0,20087.0,22923.0,26173.0,29481.0,32503.0,34694.0,36175.0,37030.0,37367.0,37368.0,37106.0,36615.0,36041.0,35428.0,34536.0,33641.0,32557.0,31410.0,30335.0,29228.0,28105.0,26884.0,25791.0,24686.0,23604.0,22539.0,21441.0,20330.0,19377.0,18463.0,17559.0,16759.0
0.0,0.0,0.0,0.0,2.0,4.0,5.0,10.0,12.0,14.0,15.0,18.0,21.0,23.0,24.0,29.0,33.0,40.0,48.0,58.0,70.0,84.0,93.0,110.0,120.0,131.0,158.0,194.0,225.0,262.0,300.0,343.0,399.0,438.0,511.0,601.0,704.0,793.0,897.0,1064.0,1252.0,1423.0,1628.0,1923.0,2229.0,2602.0,3035.0,3516.0,4119.0,4741.0,5519.0,6444.0,7448.0,8612.0,9869.0,11256.0,12929.0,14756.0,16776.0,18660.0,20191.0,21300.0,21968.0,22374.0,22446.0,22444.0,22312.0,22107.0,21712.0,21379.0,20960.0,20353.0,19787.0,19111.0,18490.0,17880.0,17243.0,16536.0,15893.0,15253.0,14562.0,13894.0,13246.0,12688.0,12162.0,11616.0,11140.0
0.0,0.0,1.0,2.0,3.0,4.0,5.0,5.0,5.0,5.0,9.0,6.0,7.0,10.0,13.0,14.0,16.0,15.0,21.0,25.0,33.0,43.0,49.0,59.0,65.0,72.0,84.0,110.0,126.0,135.0,160.0,183.0,209.0,255.0,292.0,325.0,380.0,439.0,505.0,598.0,693.0,805.0,932.0,1070.0,1225.0,1399.0,1649.0,1959.0,2245.0,2618.0,3065.0,3589.0,4167.0,4828.0,5604.0,6527.0,7483.0,8639.0,9962.0,11034.0,11886.0,12567.0,12916.0,13159.0,13339.0,13312.0,13287.0,13101.0,12917.0,12697.0,12477.0,12162.0,11886.0,11489.0,11100.0,10720.0,10277.0,9900.0,9510.0,9111.0,8725.0,8340.0,7941.0,7554.0,7200.0,6838.0,6539.0
0.0,0.0,0.0,2.0,2.0,3.0,4.0,4.0,6.0,8.0,12.0,14.0,15.0,17.0,22.0,29.0,34.0,36.0,44.0,52.0,68.0,82.0,90.0,110.0,126.0,142.0,166.0,196.0,224.0,268.0,312.0,350.0,413.0,498.0,595.0,673.0,794.0,936.0,1057.0,1228.0,1438.0,1686.0,1959.0,2259.0,2617.0,2987.0,3418.0,4025.0,4641.0,5275.0,6129.0,7001.0,8055.0,9424.0,10813.0,12398.0,14242.0,16344.0,18640.0,20793.0,22348.0,23316.0,24026.0,24444.0,24577.0,24511.0,24344.0,23988.0,23495.0,22990.0,22382.0,21829.0,21192.0,20485.0,19781.0,19126.0,18402.0,17643.0,16869.0,16165.0,15502.0,14768.0,14124.0,13509.0,12906.0,12326.0,11706.0
0.0,0.0,0.0,1.0,4.0,4.0,8.0,9.0,10.0,14.0,15.0,17.0,22.0,28.0,36.0,41.0,47.0,53.0,63.0,84.0,102.0,119.0,134.0,151.0,187.0,226.0,263.0,332.0,399.0,474.0,575.0,683.0,772.0,930.0,1070.0,1242.0,1416.0,1637.0,1912.0,2238.0,2592.0,3012.0,3515.0,4043.0,4730.0,5498.0,6422.0,7473.0,8656.0,9935.0,11459.0,13185.0,15184.0,17401.0,19912.0,22695.0,25910.0,29556.0,33425.0,36748.0,39213.0,40828.0,41717.0,42103.0,42205.0,41952.0,41417.0,40709.0,39905.0,38871.0,37814.0,36603.0,35267.0,33894.0,32618.0,31305.0,30018.0,28747.0,27521.0,26268.0,25050.0,23942.0,22830.0,21774.0,20734.0,19731.0,18809.0
0.0,0.0,1.0,1.0,4.0,5.0,9.0,10.0,11.0,16.0,19.0,21.0,22.0,24.0,26.0,26.0,34.0,49.0,54.0,59.0,65.0,76.0,92.0,102.0,133.0,160.0,183.0,214.0,260.0,304.0,339.0,390.0,452.0,513.0,577.0,674.0,792.0,906.0,1059.0,1226.0,1440.0,1698.0,1954.0,2284.0,2623.0,3079.0,3585.0,4207.0,4946.0,5736.0,6667.0,7738.0,8957.0,10354.0,11856.0,13631.0,15763.0,17991.0,20448.0,22651.0,24387.0,25641.0,26482.0,26848.0,26907.0,26883.0,26689.0,26360.0,25939.0,25346.0,24773.0,24033.0,23228.0,22497.0,21672.0,20866.0,20082.0,19221.0,18440.0,17696.0,16880.0,16093.0,15367.0,14675.0,13996.0,13307.0,12687.0
0.0,1.0,1.0,1.0,2.0,3.0,4.0,4.0,7.0,9.0,17.0,19.0,27.0,32.0,37.0,49.0,59.0,77.0,89.0,101.0,116.0,146.0,166.0,189.0,239.0,279.0,314.0,356.0,413.0,478.0,538.0,611.0,697.0,781.0,935.0,1081.0,1252.0,1484.0,1705.0,1935.0,2195.0,2538.0,2975.0,3396.0,3940.0,4628.0,5387.0,6273.0,7115.0,8245.0,9505.0,11006.0,12853.0,14660.0,16871.0,19274.0,21846.0,24937.0,28219.0,31136.0,33234.0,34835.0,35841.0,36240.0,36357.0,36111.0,35784.0,35291.0,34608.0,33848.0,33016.0,31954.0,30940.0,29781.0,28698.0,27542.0,26400.0,25335.0,24332.0,23248.0,22233.0,21270.0,20279.0,19327.0,18371.0,17476.0,16610.0
0.0,0.0,0.0,2.0,4.0,5.0,5.0,8.0,12.0,13.0,16.0,21.0,27.0,35.0,40.0,44.0,50.0,52.0,65.0,76.0,88.0,104.0,119.0,134.0,171.0,209.0,244.0,291.0,348.0,431.0,500.0,586.0,656.0,751.0,864.0,991.0,1185.0,1386.0,1609.0,1889.0,2218.0,2599.0,2949.0,3395.0,3976.0,4625.0,5346.0,6178.0,7183.0,8232.0,9557.0,11068.0,12841.0,14798.0,17032.0,19571.0,22291.0,25285.0,28548.0,31360.0,33570.0,35191.0,36106.0,36514.0,36474.0,36318.0,35949.0,35298.0,34538.0,33733.0,32819.0,31901.0,30840.0,29847.0,28751.0,27528.0,26415.0,25331.0,24215.0,23147.0,22109.0,21125.0,20152.0,19243.0,18384.0,17454.0,16643.0
0.0,0.0,0.0,0.0,3.0,3.0,5.0,8.0,8.0,9.0,11.0,12.0,12.0,16.0,22.0,28.0,31.0,42.0,49.0,62.0,71.0,85.0,95.0,105.0,130.0,149.0,169.0,184.0,210.0,240.0,278.0,321.0,374.0,438.0,506.0,582.0,685.0,802.0,915.0,1070.0,1207.0,1416.0,1673.0,1981.0,2276.0,2588.0,3059.0,3531.0,4098.0,4807.0,5541.0,6397.0,7428.0,8604.0,10015.0,11617.0,13382.0,15271.0,17352.0,19256.0,20773.0,21929.0,22531.0,22936.0,23088.0,23064.0,22965.0,22708.0,22378.0,21947.0,21435.0,20872.0,20252.0,19616.0,18979.0,18235.0,17533.0,16825.0,16132.0,15374.0,14709.0,14066.0,13470.0,12836.0,12201.0,11648.0,11130.0
0.0,0.0,0.0,2.0,4.0,3.0,6.0,7.0,7.0,7.0,8.0,9.0,11.0,16.0,20.0,24.0,26.0,28.0,34.0,43.0,49.0,60.0,70.0,89.0,96.0,105.0,116.0,144.0,162.0,186.0,217.0,256.0,276.0,333.0,393.0,454.0,530.0,630.0,703.0,836.0,977.0,1110.0,1312.0,1508.0,1740.0,2014.0,2386.0,2779.0,3267.0,3807.0,4404.0,5133.0,6065.0,7071.0,8154.0,9422.0,10873.0,12580.0,14360.0,15937.0,17176.0,18109.0,18673.0,19048.0,19132.0,19119.0,18948.0,18762.0,18521.0,18183.0,17805.0,17340.0,16865.0,16396.0,15857.0,15284.0,14729.0,14177.0,13574.0,13037.0,12523.0,11986.0,11472.0,10974.0,10531.0,10077.0,9606.0
0.0,0.0,0.0,1.0,3.0,4.0,5.0,6.0,7.0,7.0,7.0,10.0,12.0,14.0,17.0,18.0,20.0,27.0,33.0,44.0,44.0,53.0,66.0,67.0,78.0,82.0,92.0,107.0,124.0,152.0,174.0,194.0,229.0,267.0,314.0,360.0,407.0,466.0,554.0,625.0,734.0,830.0,946.0,1087.0,1256.0,1465.0,1691.0,1958.0,2292.0,2651.0,3086.0,3549.0,4089.0,4696.0,5475.0,6372.0,7366.0,8546.0,9827.0,10934.0,11776.0,12425.0,12869.0,13117.0,13231.0,13255.0,13130.0,13016.0,12786.0,12577.0,12232.0,11932.0,11560.0,11236.0,10876.0,10517.0,10094.0,9710.0,9363.0,9009.0,8626.0,8264.0,7922.0,7580.0,7284.0,6955.0,6655.0
0.0,0.0,0.0,2.0,4.0,4.0,3.0,4.0,6.0,5.0,6.0,6.0,9.0,14.0,15.0,18.0,23.0,29.0,34.0,36.0,48.0,55.0,60.0,77.0,92.0,114.0,130.0,146.0,176.0,213.0,242.0,271.0,319.0,350.0,426.0,522.0,613.0,684.0,787.0,897.0,1034.0,1215.0,1414.0,1637.0,1921.0,2199.0,2516.0,2961.0,3465.0,4011.0,4706.0,5488.0,6453.0,7494.0,8707.0,10127.0,11634.0,13446.0,15285.0,17091.0,18417.0,19375.0,19977.0,20357.0,20597.0,20573.0,20396.0,20107.0,19845.0,19560.0,19087.0,18637.0,17971.0,17488.0,16954.0,16383.0,15738.0,15064.0,14463.0,13811.0,13249.0,12753.0,12201.0,11649.0,11112.0,10556.0,10057.0
0.0,0.0,0.0,3.0,4.0,6.0,7.0,7.0,8.0,10.0,11.0,15.0,17.0,19.0,24.0,25.0,26.0,28.0,26.0,29.0,28.0,41.0,53.0,60.0,73.0,86.0,96.0,106.0,116.0,133.0,159.0,194.0,233.0,276.0,322.0,381.0,442.0,525.0,641.0,749.0,864.0,999.0,1182.0,1326.0,1569.0,1832.0,2137.0,2492.0,2837.0,3301.0,3859.0,4485.0,5267.0,6026.0,7074.0,8100.0,9297.0,10737.0,12402.0,13808.0,14903.0,15770.0,16221.0,16540.0,16664.0,16732.0,16592.0,16375.0,16202.0,15948.0,15519.0,15130.0,14643.0,14164.0,13669.0,13179.0,12724.0,12284.0,11783.0,11244.0,10804.0,10366.0,9913.0,9496.0,9047.0,8686.0,8290.0
0.0,0.0,0.0,2.0,3.0,2.0,3.0,4.0,5.0,7.0,7.0,13.0,20.0,26.0,28.0,33.0,41.0,54.0,63.0,73.0,90.0,105.0,117.0,144.0,160.0,184.0,221.0,271.0,306.0,369.0,427.0,493.0,564.0,690.0,799.0,981.0,1135.0,1329.0,1567.0,1841.0,2142.0,2485.0,2877.0,3392.0,3945.0,4664.0,5423.0,6277.0,7300.0,8482.0,9890.0,11491.0,13238.0,15220.0,17477.0,20050.0,23062.0,26194.0,29674.0,32580.0,34894.0,36263.0,37176.0,37701.0,37791.0,37483.0,37034.0,36428.0,35568.0,34623.0,33636.0,32551.0,31464.0,30390.0,29185.0,27989.0,26835.0,25726.0,24624.0,23609.0,22472.0,21471.0,20483.0,19505.0,18597.0,17649.0,16787.0
0.0,0.0,0.0,1.0,3.0,4.0,4.0,5.0,5.0,6.0,8.0,9.0,12.0,16.0,22.0,28.0,35.0,36.0,41.0,50.0,52.0,64.0,81.0,100.0,115.0,125.0,147.0,180.0,214.0,254.0,289.0,342.0,390.0,449.0,514.0,584.0,668.0,777.0,898.0,1022.0,1198.0,1358.0,1587.0,1858.0,2104.0,2431.0,2845.0,3276.0,3787.0,4375.0,5063.0,5798.0,6763.0,7702.0,8825.0,10209.0,11915.0,13720.0,15611.0,17383.0,18718.0,19649.0,20133.0,20472.0,20691.0,20641.0,20535.0,20270.0,19951.0,19579.0,19135.0,18561.0,18082.0,17477.0,16934.0,16314.0,15672.0,15101.0,14495.0,13891.0,13365.0,12781.0,12210.0,11681.0,11183.0,10651.0,10164.0
0.0,0.0,0.0,1.0,2.0,5.0,8.0,8.0,8.0,9.0,10.0,12.0,15.0,15.0,17.0,18.0,21.0,24.0,28.0,28.0,37.0,45.0,60.0,69.0,83.0,91.0,99.0,109.0,122.0,131.0,153.0,194.0,232.0,256.0,296.0,337.0,403.0,459.0,529.0,620.0,731.0,861.0,1005.0,1184.0,1342.0,1559.0,1790.0,2083.0,2459.0,2843.0,3300.0,3861.0,4407.0,5115.0,5960.0,6950.0,8063.0,9427.0,10782.0,12155.0,13097.0,13773.0,14259.0,14450.0,14550.0,14523.0,14465.0,14277.0,14060.0,13853.0,13549.0,13252.0,12968.0,12581.0,12178.0,11752.0,11280.0,10858.0,10416.0,9989.0,9570.0,9188.0,8772.0,8383.0,7971.0,7625.0,7271.0
0.0,0.0,0.0,0.0,1.0,6.0,8.0,7.0,8.0,10.0,10.0,11.0,14.0,15.0,14.0,20.0,27.0,27.0,29.0,33.0,37.0,48.0,54.0,69.0,79.0,94.0,112.0,128.0,146.0,170.0,194.0,226.0,272.0,324.0,385.0,461.0,549.0,621.0,732.0,871.0,1046.0,1192.0,1387.0,1608.0,1881.0,2152.0,2536.0,2926.0,3380.0,3932.0,4573.0,5301.0,6135.0,7171.0,8257.0,9625.0,11125.0,12899.0,14591.0,16192.0,17357.0,18283.0,18809.0,19203.0,19260.0,19280.0,19131.0,18947.0,18649.0,18204.0,17781.0,17285.0,16862.0,16332.0,15852.0,15277.0,14730.0,14118.0,13509.0,12895.0,12324.0,11779.0,11295.0,10786.0,10351.0,9884.0,9468.0
0.0,0.0,0.0,0.0,4.0,5.0,6.0,6.0,9.0,12.0,13.0,18.0,22.0,24.0,26.0,29.0,31.0,34.0,32.0,45.0,57.0,68.0,77.0,95.0,116.0,143.0,165.0,201.0,245.0,281.0,327.0,378.0,447.0,516.0,614.0,700.0,795.0,953.0,1123.0,1333.0,1561.0,1825.0,2164.0,2513.0,2958.0,3408.0,3962.0,4632.0,5303.0,6113.0,7121.0,8188.0,9528.0,10972.0,12665.0,14509.0,16700.0,19059.0,21676.0,24058.0,25677.0,26942.0,27790.0,28220.0,28318.0,28221.0,27967.0,27522.0,26967.0,26414.0,25685.0,24900.0,24122.0,23414.0,22630.0,21814.0,20958.0,20027.0,19162.0,18328.0,17513.0,16726.0,15961.0,15292.0,14573.0,13873.0,13280.0
0.0,0.0,0.0,0.0,0.0,2.0,4.0,9.0,10.0,13.0,17.0,21.0,22.0,28.0,31.0,34.0,42.0,48.0,55.0,69.0,78.0,88.0,106.0,117.0,138.0,172.0,199.0,228.0,266.0,318.0,387.0,454.0,537.0,619.0,708.0,831.0,987.0,1126.0,1313.0,1517.0,1736.0,2042.0,2377.0,2749.0,3231.0,3758.0,4318.0,5024.0,5878.0,6783.0,7849.0,9032.0,10382.0,11980.0,13849.0,15878.0,18272.0,20976.0,23780.0,26399.0,28329.0,29811.0,30562.0,31030.0,31129.0,31143.0,30923.0,30376.0,29872.0,29270.0,28439.0,27684.0,26764.0,25900.0,25030.0,24143.0,23177.0,22162.0,21294.0,20377.0,19394.0,18505.0,17702.0,16861.0,16061.0,15297.0,14581.0
0.0,0.0,0.0,2.0,2.0,2.0,2.0,2.0,5.0,5.0,5.0,6.0,7.0,8.0,13.0,17.0,22.0,26.0,30.0,40.0,49.0,61.0,69.0,76.0,93.0,113.0,135.0,157.0,176.0,190.0,220.0,265.0,321.0,378.0,437.0,498.0,588.0,700.0,835.0,950.0,1095.0,1266.0,1483.0,1722.0,2030.0,2394.0,2794.0,3263.0,3812.0,4505.0,5288.0,6183.0,7141.0,8257.0,9540.0,11030.0,12753.0,14679.0,16800.0,18736.0,20180.0,21195.0,21788.0,22142.0,22292.0,22406.0,22325.0,22163.0,21776.0,21305.0,20754.0,20133.0,19461.0,18868.0,18214.0,17563.0,16922.0,16289.0,15647.0,14997.0,14402.0,13738.0,13144.0,12492.0,11925.0,11420.0,10906.0
0.0,0.0,1.0,2.0,3.0,4.0,4.0,6.0,5.0,5.0,6.0,9.0,12.0,18.0,20.0,27.0,29.0,40.0,45.0,63.0,74.0,96.0,113.0,134.0,157.0,184.0,224.0,254.0,295.0,335.0,392.0,457.0,521.0,610.0,717.0,829.0,987.0,1137.0,1330.0,1527.0,1796.0,2073.0,2421.0,2802.0,3289.0,3809.0,4367.0,5045.0,5854.0,6761.0,7794.0,9030.0,10459.0,12043.0,13960.0,16065.0,18453.0,21162.0,23986.0,26493.0,28290.0,29723.0,30468.0,30963.0,31039.0,30918.0,30621.0,30153.0,29563.0,28813.0,27929.0,27086.0,26229.0,25302.0,24356.0,23376.0,22520.0,21525.0,20622.0,19772.0,18908.0,17999.0,17158.0,16364.0,15621.0,14907.0,14195.0
0.0,0.0,1.0,1.0,2.0,5.0,5.0,9.0,14.0,17.0,20.0,26.0,31.0,34.0,39.0,45.0,67.0,70.0,79.0,87.0,104.0,131.0,156.0,189.0,209.0,257.0,298.0,346.0,406.0,455.0,506.0,608.0,723.0,824.0,956.0,1101.0,1264.0,1455.0,1646.0,1917.0,2248.0,2576.0,3028.0,3456.0,4015.0,4670.0,5477.0,6355.0,7312.0,8443.0,9748.0,11199.0,12780.0,14681.0,16841.0,19324.0,22082.0,25259.0,28581.0,31580.0,33797.0,35399.0,36165.0,36602.0,36566.0,36277.0,35908.0,35276.0,34629.0,33693.0,32770.0,31791.0,30704.0,29594.0,28336.0,27193.0,26044.0,24951.0,23912.0,22908.0,21883.0,20864.0,19950.0,19016.0,18069.0,17187.0,16353.0
0.0,0.0,0.0,0.0,1.0,1.0,3.0,4.0,6.0,9.0,11.0,8.0,10.0,16.0,24.0,28.0,30.0,37.0,43.0,52.0,59.0,69.0,85.0,95.0,108.0,124.0,153.0,181.0,198.0,222.0,274.0,312.0,365.0,421.0,485.0,548.0,623.0,756.0,902.0,1043.0,1196.0,1352.0,1579.0,1864.0,2178.0,2487.0,2855.0,3286.0,3848.0,4533.0,5282.0,6100.0,6973.0,8023.0,9198.0,10623.0,12340.0,14271.0,16120.0,17949.0,19273.0,20312.0,21010.0,21384.0,21441.0,21458.0,21308.0,21106.0,20769.0,20361.0,19894.0,19393.0,18796.0,18229.0,17658.0,17083.0,16436.0,15736.0,15074.0,14375.0,13793.0,13194.0,12592.0,12061.0,11489.0,10989.0,10507.0
0.0,0.0,1.0,2.0,4.0,6.0,7.0,8.0,12.0,12.0,14.0,18.0,22.0,29.0,42.0,48.0,49.0,60.0,65.0,87.0,105.0,125.0,156.0,187.0,221.0,261.0,299.0,352.0,433.0,515.0,603.0,678.0,792.0,929.0,1070.0,1260.0,1474.0,1709.0,1975.0,2266.0,2635.0,3025.0,3468.0,4045.0,4651.0,5388.0,6170.0,7086.0,8218.0,9483.0,11040.0,12708.0,14572.0,16750.0,19104.0,21912.0,25133.0,28428.0,32018.0,35238.0,37601.0,39094.0,40121.0,40619.0,40628.0,40373.0,39845.0,39164.0,38298.0,37259.0,36118.0,34947.0,33789.0,32489.0,31317.0,30092.0,28868.0,27640.0,26396.0,25233.0,24032.0,22977.0,21891.0,20858.0,19819.0,18854.0,17909.0
0.0,0.0,0.0,0.0,1.0,4.0,5.0,6.0,10.0,12.0,12.0,13.0,19.0,23.0,27.0,32.0,40.0,48.0,60.0,65.0,75.0,91.0,111.0,131.0,149.0,175.0,206.0,238.0,272.0,331.0,416.0,478.0,551.0,653.0,757.0,846.0,986.0,1157.0,1365.0,1574.0,1834.0,2108.0,2484.0,2870.0,3338.0,3833.0,4460.0,5216.0,5989.0,6952.0,8035.0,9354.0,10812.0,12413.0,14277.0,16539.0,19011.0,21857.0,24582.0,27200.0,29331.0,30719.0,31557.0,31931.0,32072.0,31828.0,31439.0,30874.0,30343.0,29601.0,28840.0,27909.0,26992.0,26088.0,25159.0,24292.0,23295.0,22327.0,21359.0,20485.0,19615.0,18693.0,17875.0,17052.0,16253.0,15484.0,14791.0
0.0,0.0,0.0,1.0,4.0,4.0,6.0,6.0,8.0,7.0,9.0,10.0,11.0,15.0,21.0,26.0,31.0,40.0,48.0,54.0,68.0,83.0,111.0,135.0,160.0,188.0,225.0,267.0,309.0,365.0,425.0,483.0,556.0,660.0,762.0,870.0,957.0,1113.0,1286.0,1493.0,1709.0,1983.0,2324.0,2683.0,3167.0,3642.0,4220.0,4859.0,5541.0,6447.0,7393.0,8603.0,9949.0,11426.0,13230.0,15123.0,17359.0,19882.0,22680.0,25093.0,26953.0,28136.0,28957.0,29334.0,29415.0,29393.0,29250.0,28956.0,28363.0,27667.0,26990.0,26165.0,25337.0,24478.0,23580.0,22693.0,21762.0,20945.0,20069.0,19205.0,18305.0,17511.0,16745.0,15956.0,15170.0,14420.0,13733.0
0.0,0.0,0.0,0.0,0.0,5.0,9.0,11.0,11.0,10.0,9.0,15.0,19.0,24.0,28.0,31.0,33.0,36.0,45.0,59.0,66.0,79.0,91.0,107.0,134.0,154.0,188.0,203.0,231.0,271.0,299.0,338.0,402.0,468.0,537.0,616.0,691.0,793.0,928.0,1087.0,1229.0,1413.0,1640.0,1892.0,2200.0,2592.0,3027.0,3473.0,3955.0,4598.0,5346.0,6306.0,7320.0,8504.0,9726.0,11300.0,12972.0,14949.0,16991.0,18910.0,20346.0,21368.0,22014.0,22385.0,22415.0,22398.0,22226.0,21913.0,21514.0,21058.0,20591.0,20069.0,19505.0,18869.0,18203.0,17531.0,16888.0,16239.0,15564.0,14917.0,14256.0,13630.0,13017.0,12402.0,11816.0,11271.0,10775.0
0.0,0.0,0.0,2.0,3.0,4.0,4.0,8.0,11.0,11.0,14.0,17.0,22.0,30.0,37.0,49.0,63.0,76.0,83.0,94.0,108.0,131.0,146.0,172.0,223.0,263.0,308.0,369.0,415.0,470.0,541.0,622.0,743.0,853.0,965.0,1115.0,1277.0,1451.0,1698.0,1964.0,2314.0,2733.0,3134.0,3615.0,4171.0,4857.0,5635.0,6522.0,7519.0,8692.0,10118.0,11642.0,13405.0,15342.0,17585.0,20265.0,23177.0,26552.0,29946.0,32935.0,35317.0,36860.0,37800.0,38223.0,38253.0,37981.0,37425.0,36777.0,36006.0,35032.0,34095.0,33109.0,31956.0,30916.0,29821.0,28571.0,27388.0,26262.0,25024.0,23960.0,22773.0,21728.0,20658.0,19663.0,18794.0,17870.0,16939.0
0.0,0.0,2.0,3.0,4.0,7.0,8.0,8.0,10.0,12.0,17.0,19.0,25.0,35.0,39.0,42.0,47.0,53.0,59.0,68.0,75.0,81.0,104.0,118.0,143.0,168.0,213.0,243.0,292.0,349.0,405.0,479.0,571.0,671.0,776.0,907.0,1079.0,1246.0,1449.0,1630.0,1906.0,2214.0,2553.0,2943.0,3410.0,3976.0,4566.0,5328.0,6189.0,7149.0,8317.0,9575.0,11036.0,12756.0,14633.0,16871.0,19406.0,22099.0,25092.0,27672.0,29656.0,30998.0,31804.0,32358.0,32576.0,32413.0,32127.0,31672.0,31033.0,30348.0,29521.0,28636.0,27645.0,26695.0,25738.0,24736.0,23768.0,22775.0,21830.0,20816.0,19909.0,18969.0,18114.0,17258.0,16417.0,15672.0,14889.0
0.0,0.0,0.0,1.0,3.0,4.0,4.0,4.0,6.0,8.0,11.0,14.0,17.0,16.0,16.0,20.0,24.0,26.0,31.0,33.0,41.0,44.0,50.0,57.0,61.0,73.0,80.0,83.0,102.0,114.0,141.0,172.0,191.0,215.0,255.0,302.0,370.0,436.0,493.0,579.0,653.0,771.0,900.0,1054.0,1211.0,1395.0,1676.0,1985.0,2342.0,2699.0,3113.0,3616.0,4165.0,4859.0,5636.0,6522.0,7477.0,8670.0,9896.0,11042.0,11914.0,12610.0,13029.0,13276.0,13412.0,13458.0,13382.0,13188.0,13002.0,12779.0,12508.0,12202.0,11843.0,11539.0,11186.0,10822.0,10407.0,10004.0,9601.0,9247.0,8832.0,8481.0,8165.0,7872.0,7529.0,7205.0,6897.0
0.0,0.0,0.0,1.0,2.0,6.0,6.0,7.0,7.0,11.0,10.0,10.0,11.0,14.0,14.0,15.0,18.0,22.0,24.0,29.0,30.0,35.0,39.0,46.0,54.0,63.0,74.0,79.0,91.0,106.0,126.0,147.0,172.0,202.0,250.0,282.0,309.0,364.0,417.0,502.0,590.0,701.0,838.0,962.0,1135.0,1328.0,1533.0,1774.0,2032.0,2320.0,2666.0,3109.0,3627.0,4223.0,4886.0,5687.0,6529.0,7609.0,8606.0,9634.0,10492.0,10992.0,11352.0,11604.0,11753.0,11783.0,11771.0,11618.0,11467.0,11270.0,11006.0,10729.0,10486.0,10155.0,9815.0,9519.0,9188.0,8908.0,8621.0,8282.0,7923.0,7607.0,7258.0,6974.0,6673.0,6373.0,6084.0
0.0,0.0,0.0,0.0,1.0,5.0,5.0,7.0,7.0,9.0,7.0,7.0,9.0,13.0,16.0,16.0,21.0,21.0,21.0,25.0,27.0,30.0,31.0,37.0,41.0,48.0,50.0,53.0,61.0,63.0,66.0,78.0,90.0,119.0,141.0,165.0,206.0,223.0,253.0,298.0,372.0,433.0,490.0,565.0,639.0,745.0,879.0,1022.0,1185.0,1388.0,1620.0,1892.0,2182.0,2508.0,2894.0,3407.0,3972.0,4588.0,5251.0,5911.0,6473.0,6843.0,7090.0,7282.0,7367.0,7355.0,7307.0,7237.0,7156.0,7074.0,6926.0,6732.0,6558.0,6361.0,6128.0,5903.0,5671.0,5484.0,5286.0,5061.0,4855.0,4666.0,4471.0,4258.0,4059.0,3878.0,3707.0
0.0,0.0,0.0,2.0,2.0,4.0,5.0,6.0,7.0,10.0,11.0,12.0,15.0,17.0,16.0,20.0,27.0,36.0,41.0,54.0,72.0,83.0,95.0,108.0,113.0,129.0,143.0,172.0,212.0,261.0,325.0,388.0,455.0,546.0,630.0,723.0,834.0,955.0,1127.0,1334.0,1558.0,1828.0,2176.0,2485.0,2865.0,3346.0,3859.0,4539.0,5283.0,6119.0,7191.0,8312.0,9655.0,11226.0,12935.0,14847.0,16973.0,19507.0,22099.0,24450.0,26326.0,27603.0,28276.0,28774.0,28796.0,28675.0,28371.0,27962.0,27436.0,26874.0,26227.0,25496.0,24654.0,23888.0,23053.0,22170.0,21275.0,20431.0,19596.0,18755.0,17967.0,17168.0,16396.0,15658.0,14944.0,14176.0,13525.0
0.0,0.0,0.0,2.0,2.0,4.0,4.0,6.0,7.0,6.0,12.0,16.0,18.0,21.0,25.0,34.0,36.0,44.0,44.0,45.0,55.0,66.0,87.0,108.0,123.0,140.0,161.0,183.0,213.0,258.0,297.0,341.0,398.0,465.0,537.0,621.0,727.0,836.0,1002.0,1180.0,1330.0,1563.0,1784.0,2093.0,2453.0,2828.0,3269.0,3757.0,4353.0,5049.0,5912.0,6859.0,8046.0,9300.0,10761.0,12283.0,14094.0,16277.0,18521.0,20591.0,22062.0,23195.0,23885.0,24234.0,24449.0,24316.0,24176.0,23836.0,23460.0,22928.0,22310.0,21637.0,20972.0,20290.0,19590.0,18919.0,18185.0,17448.0,16666.0,15954.0,15301.0,14716.0,14066.0,13446.0,12851.0,12246.0,11685.0
0.0,0.0,1.0,3.0,4.0,5.0,5.0,8.0,11.0,12.0,14.0,15.0,17.0,20.0,25.0,30.0,34.0,35.0,43.0,52.0,54.0,74.0,90.0,107.0,135.0,166.0,203.0,230.0,258.0,308.0,353.0,393.0,480.0,570.0,651.0,759.0,862.0,1005.0,1150.0,1348.0,1566.0,1815.0,2126.0,2426.0,2813.0,3297.0,3826.0,4415.0,5127.0,5921.0,6841.0,7994.0,9251.0,10691.0,12355.0,14255.0,16475.0,18986.0,21588.0,23993.0,25824.0,27005.0,27834.0,28234.0,28297.0,28188.0,28049.0,27543.0,27013.0,26340.0,25734.0,24996.0,24280.0,23517.0,22686.0,21866.0,20957.0,20108.0,19266.0,18483.0,17706.0,16921.0,16142.0,15373.0,14639.0,13974.0,13330.0
0.0,0.0,0.0,1.0,2.0,2.0,4.0,4.0,5.0,5.0,7.0,9.0,12.0,16.0,19.0,20.0,24.0,28.0,32.0,43.0,47.0,49.0,54.0,68.0,85.0,95.0,111.0,126.0,150.0,178.0,200.0,238.0,292.0,346.0,403.0,478.0,549.0,641.0,747.0,858.0,1025.0,1196.0,1394.0,1612.0,1871.0,2167.0,2520.0,2971.0,3448.0,4025.0,4625.0,5374.0,6206.0,7164.0,8285.0,9529.0,10998.0,12705.0,14539.0,16166.0,17470.0,18367.0,18908.0,19208.0,19303.0,19368.0,19308.0,19056.0,18851.0,18515.0,18180.0,17707.0,17189.0,16591.0,16014.0,15438.0,14823.0,14266.0,13669.0,13175.0,12599.0,12066.0,11493.0,10973.0,10462.0,9984.0,9548.0
0.0,0.0,1.0,3.0,4.0,4.0,5.0,6.0,4.0,4.0,5.0,9.0,12.0,12.0,15.0,18.0,22.0,24.0,31.0,32.0,34.0,40.0,45.0,50.0,60.0,65.0,75.0,85.0,97.0,111.0,131.0,151.0,179.0,194.0,221.0,252.0,285.0,335.0,409.0,493.0,583.0,665.0,803.0,931.0,1110.0,1266.0,1442.0,1666.0,1945.0,2279.0,2647.0,3035.0,3513.0,4092.0,4736.0,5539.0,6436.0,7386.0,8425.0,9407.0,10242.0,10806.0,11214.0,11446.0,11601.0,11635.0,11608.0,11547.0,11337.0,11197.0,10995.0,10824.0,10517.0,10228.0,9880.0,9528.0,9188.0,8838.0,8517.0,8184.0,7827.0,7515.0,7195.0,6864.0,6572.0,6285.0,5980.0
0.0,0.0,0.0,0.0,4.0,4.0,4.0,5.0,6.0,9.0,10.0,13.0,13.0,13.0,12.0,13.0,14.0,19.0,22.0,26.0,25.0,23.0,24.0,27.0,27.0,33.0,43.0,45.0,57.0,71.0,82.0,96.0,111.0,121.0,135.0,155.0,176.0,217.0,267.0,310.0,364.0,429.0,494.0,572.0,657.0,766.0,876.0,1026.0,1164.0,1353.0,1553.0,1784.0,2067.0,2401.0,2768.0,3221.0,3766.0,4314.0,4912.0,5482.0,5991.0,6347.0,6594.0,6728.0,6826.0,6834.0,6877.0,6806.0,6720.0,6605.0,6483.0,6352.0,6197.0,6028.0,5819.0,5631.0,5479.0,5296.0,5104.0,4918.0,4737.0,4543.0,4353.0,4172.0,4014.0,3818.0,3669.0
0.0,0.0,0.0,0.0,1.0,2.0,3.0,4.0,7.0,10.0,11.0,11.0,12.0,14.0,21.0,20.0,23.0,28.0,32.0,37.0,45.0,47.0,61.0,65.0,69.0,78.0,92.0,104.0,119.0,140.0,163.0,187.0,204.0,249.0,291.0,345.0,405.0,464.0,513.0,618.0,738.0,869.0,1027.0,1198.0,1413.0,1646.0,1890.0,2227.0,2604.0,3015.0,3531.0,4080.0,4723.0,5464.0,6271.0,7252.0,8369.0,9654.0,11107.0,12370.0,13348.0,14185.0,14587.0,14860.0,14990.0,14987.0,14889.0,14779.0,14614.0,14369.0,14068.0,13659.0,13279.0,12893.0,12523.0,12108.0,11646.0,11217.0,10830.0,10442.0,10000.0,9538.0,9132.0,8717.0,8308.0,7930.0,7608.0
0.0,0.0,0.0,1.0,2.0,2.0,3.0,7.0,12.0,12.0,14.0,15.0,17.0,19.0,24.0,31.0,35.0,40.0,44.0,45.0,51.0,69.0,72.0,89.0,97.0,122.0,144.0,168.0,195.0,220.0,248.0,308.0,359.0,417.0,488.0,564.0,639.0,741.0,853.0,1017.0,1200.0,1393.0,1621.0,1871.0,2174.0,2535.0,2940.0,3405.0,3954.0,4601.0,5387.0,6287.0,7295.0,8420.0,9740.0,11165.0,12868.0,14681.0,16701.0,18617.0,20081.0,21088.0,21675.0,21999.0,22150.0,22032.0,21844.0,21629.0,21236.0,20842.0,20361.0,19759.0,19143.0,18576.0,17928.0,17280.0,16645.0,16010.0,15406.0,14778.0,14190.0,13588.0,12969.0,12339.0,11751.0,11218.0,10705.0
0.0,0.0,0.0,0.0,1.0,2.0,4.0,4.0,9.0,15.0,16.0,16.0,18.0,19.0,26.0,35.0,41.0,47.0,60.0,73.0,84.0,102.0,125.0,137.0,155.0,176.0,204.0,234.0,288.0,332.0,376.0,442.0,523.0,603.0,679.0,771.0,895.0,1047.0,1220.0,1388.0,1585.0,1845.0,2160.0,2523.0,2901.0,3348.0,3906.0,4546.0,5273.0,6143.0,7119.0,8168.0,9365.0,10803.0,12457.0,14360.0,16359.0,18723.0,21162.0,23527.0,25286.0,26427.0,27255.0,27514.0,27712.0,27541.0,27371.0,26932.0,26472.0,25938.0,25289.0,24544.0,23795.0,23028.0,22215.0,21363.0,20505.0,19738.0,18946.0,18080.0,17279.0,16478.0,15710.0,14988.0,14319.0,13626.0,13010.0
0.0,0.0,0.0,0.0,2.0,2.0,4.0,5.0,5.0,5.0,7.0,8.0,9.0,8.0,9.0,9.0,11.0,11.0,12.0,12.0,15.0,16.0,21.0,22.0,25.0,27.0,29.0,32.0,34.0,44.0,51.0,59.0,67.0,81.0,91.0,106.0,130.0,144.0,176.0,214.0,257.0,309.0,349.0,418.0,487.0,575.0,660.0,757.0,898.0,1046.0,1249.0,1512.0,1718.0,2001.0,2376.0,2779.0,3218.0,3775.0,4352.0,4865.0,5252.0,5572.0,5788.0,5901.0,5888.0,5938.0,5977.0,5978.0,5888.0,5817.0,5714.0,5609.0,5473.0,5318.0,5142.0,5008.0,4871.0,4690.0,4532.0,4389.0,4225.0,4072.0,3899.0,3759.0,3595.0,3449.0,3326.0
0.0,0.0,0.0,1.0,2.0,4.0,4.0,4.0,4.0,3.0,4.0,5.0,7.0,7.0,8.0,7.0,9.0,13.0,16.0,17.0,19.0,19.0,21.0,23.0,33.0,34.0,48.0,52.0,56.0,61.0,79.0,97.0,123.0,145.0,164.0,187.0,227.0,271.0,305.0,367.0,420.0,518.0,616.0,700.0,796.0,934.0,1137.0,1301.0,1516.0,1751.0,2043.0,2342.0,2704.0,3140.0,3628.0,4254.0,4942.0,5688.0,6464.0,7197.0,7833.0,8213.0,8413.0,8601.0,8705.0,8696.0,8662.0,8584.0,8464.0,8326.0,8159.0,7970.0,7797.0,7568.0,7343.0,7059.0,6823.0,6583.0,6327.0,6062.0,5803.0,5568.0,5326.0,5083.0,4880.0,4637.0,4432.0
0.0,0.0,1.0,2.0,2.0,3.0,4.0,6.0,6.0,7.0,9.0,11.0,13.0,16.0,15.0,18.0,20.0,24.0,29.0,30.0,30.0,41.0,49.0,55.0,61.0,80.0,84.0,99.0,111.0,142.0,169.0,201.0,237.0,270.0,316.0,366.0,426.0,496.0,576.0,644.0,746.0,880.0,1039.0,1227.0,1395.0,1618.0,1908.0,2201.0,2552.0,3008.0,3549.0,4095.0,4714.0,5492.0,6394.0,7470.0,8625.0,9954.0,11302.0,12667.0,13668.0,14437.0,14910.0,15140.0,15326.0,15303.0,15264.0,15151.0,14855.0,14597.0,14231.0,13880.0,13489.0,13074.0,12668.0,12245.0,11775.0,11304.0,10889.0,10423.0,9977.0,9478.0,9084.0,8662.0,8337.0,7952.0,7573.0
0.0,0.0,0.0,2.0,3.0,4.0,4.0,4.0,6.0,6.0,7.0,6.0,5.0,4.0,5.0,6.0,9.0,10.0,12.0,13.0,18.0,22.0,22.0,24.0,23.0,31.0,34.0,45.0,64.0,73.0,89.0,108.0,127.0,147.0,176.0,220.0,256.0,304.0,343.0,409.0,472.0,567.0,659.0,781.0,911.0,1071.0,1223.0,1399.0,1618.0,1895.0,2195.0,2558.0,2977.0,3469.0,4051.0,4697.0,5461.0,6273.0,7169.0,7978.0,8623.0,9127.0,9443.0,9598.0,9727.0,9771.0,9708.0,9624.0,9461.0,9282.0,9102.0,8899.0,8680.0,8378.0,8099.0,7785.0,7482.0,7215.0,6897.0,6618.0,6329.0,6078.0,5821.0,5578.0,5340.0,5076.0,4896.0
0.0,0.0,0.0,1.0,3.0,3.0,4.0,4.0,4.0,8.0,8.0,9.0,8.0,12.0,20.0,22.0,25.0,32.0,39.0,52.0,64.0,76.0,93.0,108.0,130.0,147.0,164.0,198.0,233.0,262.0,313.0,346.0,403.0,489.0,590.0,693.0,811.0,952.0,1145.0,1327.0,1541.0,1800.0,2061.0,2404.0,2762.0,3184.0,3676.0,4201.0,4888.0,5707.0,6624.0,7725.0,8853.0,10320.0,11981.0,13866.0,15860.0,18269.0,20711.0,23011.0,24802.0,25956.0,26734.0,27206.0,27331.0,27216.0,27101.0,26703.0,26222.0,25744.0,25106.0,24364.0,23591.0,22768.0,21963.0,21115.0,20317.0,19481.0,18666.0,17869.0,17026.0,16244.0,15527.0,14807.0,14157.0,13455.0,12872.0
0.0,0.0,0.0,0.0,2.0,3.0,4.0,6.0,5.0,4.0,3.0,4.0,4.0,5.0,8.0,10.0,9.0,7.0,7.0,8.0,12.0,15.0,20.0,25.0,27.0,27.0,37.0,42.0,48.0,57.0,66.0,85.0,94.0,109.0,127.0,143.0,175.0,218.0,283.0,310.0,360.0,415.0,494.0,592.0,709.0,806.0,927.0,1073.0,1239.0,1394.0,1621.0,1873.0,2220.0,2552.0,2942.0,3494.0,4022.0,4648.0,5342.0,6013.0,6524.0,6920.0,7148.0,7321.0,7392.0,7405.0,7405.0,7335.0,7219.0,7044.0,6898.0,6763.0,6603.0,6399.0,6233.0,6041.0,5825.0,5601.0,5359.0,5165.0,4970.0,4799.0,4604.0,4423.0,4240.0,4053.0,3878.0
0.0,0.0,1.0,1.0,1.0,4.0,4.0,4.0,6.0,8.0,9.0,11.0,11.0,12.0,14.0,16.0,18.0,19.0,25.0,25.0,35.0,39.0,46.0,52.0,59.0,64.0,77.0,84.0,94.0,104.0,126.0,157.0,175.0,189.0,227.0,250.0,293.0,337.0,379.0,445.0,521.0,602.0,698.0,812.0,947.0,1113.0,1278.0,1499.0,1725.0,2025.0,2369.0,2754.0,3152.0,3688.0,4294.0,5000.0,5760.0,6650.0,7648.0,8605.0,9352.0,9928.0,10365.0,10585.0,10690.0,10715.0,10686.0,10571.0,10393.0,10182.0,9935.0,9693.0,9423.0,9121.0,8853.0,8558.0,8261.0,7933.0,7655.0,7383.0,7079.0,6804.0,6465.0,6184.0,5914.0,5676.0,5406.0
0.0,0.0,0.0,1.0,4.0,5.0,5.0,5.0,6.0,7.0,8.0,10.0,13.0,14.0,20.0,18.0,20.0,21.0,25.0,31.0,34.0,39.0,39.0,43.0,56.0,64.0,67.0,74.0,100.0,121.0,132.0,148.0,171.0,207.0,256.0,292.0,321.0,371.0,445.0,535.0,595.0,708.0,827.0,957.0,1119.0,1290.0,1523.0,1801.0,2078.0,2460.0,2819.0,3266.0,3826.0,4413.0,5175.0,5988.0,6949.0,8049.0,9187.0,10295.0,11166.0,11782.0,12166.0,12387.0,12498.0,12566.0,12555.0,12382.0,12260.0,11963.0,11685.0,11377.0,11056.0,10716.0,10315.0,9932.0,9521.0,9191.0,8842.0,8473.0,8127.0,7803.0,7510.0,7197.0,6890.0,6587.0,6300.0
0.0,0.0,0.0,2.0,1.0,2.0,3.0,6.0,6.0,9.0,13.0,17.0,17.0,22.0,28.0,31.0,38.0,45.0,50.0,69.0,77.0,86.0,99.0,109.0,130.0,152.0,172.0,192.0,227.0,256.0,282.0,340.0,400.0,464.0,552.0,633.0,759.0,900.0,1052.0,1237.0,1459.0,1714.0,1998.0,2311.0,2717.0,3161.0,3680.0,4325.0,5000.0,5845.0,6761.0,7833.0,9047.0,10424.0,12198.0,14024.0,16047.0,18392.0,20960.0,23276.0,25104.0,26270.0,27040.0,27423.0,27561.0,27475.0,27330.0,27082.0,26549.0,25979.0,25270.0,24490.0,23711.0,23012.0,22163.0,21314.0,20527.0,19751.0,18901.0,18174.0,17409.0,16567.0,15821.0,15146.0,14426.0,13750.0,13146.0
0.0,0.0,0.0,1.0,3.0,5.0,6.0,8.0,10.0,11.0,16.0,20.0,27.0,31.0,38.0,48.0,62.0,77.0,87.0,107.0,130.0,153.0,182.0,217.0,238.0,296.0,339.0,393.0,446.0,527.0,611.0,705.0,822.0,966.0,1134.0,1334.0,1545.0,1799.0,2112.0,2420.0,2770.0,3192.0,3696.0,4271.0,4946.0,5775.0,6742.0,7811.0,9010.0,10369.0,11966.0,13782.0,15901.0,18166.0,20724.0,23777.0,27147.0,30831.0,34642.0,37886.0,40424.0,42125.0,43124.0,43469.0,43450.0,43082.0,42579.0,41745.0,40803.0,39758.0,38571.0,37329.0,36043.0,34732.0,33370.0,32093.0,30820.0,29470.0,28162.0,26941.0,25736.0,24530.0,23329.0,22294.0,21173.0,20163.0,19191.0
0.0,0.0,0.0,1.0,1.0,4.0,3.0,4.0,5.0,7.0,9.0,9.0,14.0,15.0,18.0,22.0,25.0,32.0,42.0,49.0,58.0,69.0,69.0,89.0,112.0,128.0,157.0,191.0,228.0,275.0,304.0,360.0,414.0,461.0,526.0,590.0,706.0,852.0,996.0,1165.0,1347.0,1551.0,1826.0,2088.0,2399.0,2799.0,3267.0,3780.0,4402.0,5176.0,5956.0,6867.0,7979.0,9228.0,10667.0,12309.0,14326.0,16370.0,18523.0,20593.0,22087.0,23140.0,23792.0,24159.0,24374.0,24366.0,24206.0,23883.0,23491.0,22998.0,22500.0,21887.0,21292.0,20664.0,19992.0,19226.0,18485.0,17708.0,17090.0,16347.0,15613.0,14958.0,14310.0,13721.0,13138.0,12546.0,11958.0
0.0,0.0,0.0,0.0,1.0,5.0,7.0,9.0,10.0,13.0,16.0,22.0,21.0,28.0,34.0,36.0,41.0,50.0,51.0,58.0,69.0,86.0,94.0,109.0,121.0,142.0,160.0,188.0,217.0,254.0,286.0,333.0,397.0,475.0,566.0,641.0,750.0,898.0,1028.0,1193.0,1362.0,1594.0,1841.0,2144.0,2481.0,2843.0,3271.0,3831.0,4434.0,5173.0,5943.0,6825.0,7835.0,9065.0,10515.0,12114.0,13867.0,15955.0,18024.0,19918.0,21459.0,22461.0,23044.0,23418.0,23491.0,23394.0,23221.0,22926.0,22514.0,22003.0,21437.0,20882.0,20248.0,19520.0,18839.0,18159.0,17467.0,16803.0,16134.0,15440.0,14802.0,14157.0,13484.0,12877.0,12290.0,11761.0,11243.0
0.0,0.0,0.0,2.0,3.0,4.0,5.0,6.0,6.0,8.0,9.0,10.0,12.0,13.0,14.0,17.0,21.0,27.0,35.0,38.0,47.0,53.0,62.0,77.0,90.0,101.0,112.0,137.0,155.0,180.0,218.0,238.0,282.0,340.0,404.0,481.0,565.0,671.0,802.0,934.0,1093.0,1280.0,1471.0,1725.0,2011.0,2303.0,2698.0,3132.0,3584.0,4188.0,4853.0,5613.0,6543.0,7508.0,8764.0,10189.0,11690.0,13510.0,15374.0,17149.0,18621.0,19619.0,20188.0,20540.0,20606.0,20689.0,20554.0,20326.0,20045.0,19625.0,19145.0,18727.0,18240.0,17585.0,17034.0,16484.0,15864.0,15211.0,14585.0,13997.0,13434.0,12874.0,12333.0,11834.0,11341.0,10812.0,10300.0
0.0,0.0,0.0,0.0,0.0,3.0,6.0,7.0,7.0,8.0,8.0,8.0,11.0,15.0,18.0,18.0,24.0,27.0,33.0,41.0,43.0,55.0,60.0,60.0,77.0,93.0,105.0,111.0,125.0,155.0,174.0,199.0,234.0,263.0,296.0,338.0,380.0,440.0,514.0,593.0,691.0,814.0,949.0,1117.0,1266.0,1483.0,1739.0,2067.0,2374.0,2724.0,3176.0,3670.0,4280.0,5003.0,5887.0,6787.0,7927.0,9142.0,10607.0,11758.0,12788.0,13495.0,13929.0,14170.0,14332.0,14379.0,14314.0,14222.0,14029.0,13793.0,13553.0,13173.0,12793.0,12440.0,11969.0,11541.0,11141.0,10661.0,10212.0,9832.0,9417.0,9003.0,8637.0,8239.0,7867.0,7499.0,7172.0
0.0,0.0,0.0,0.0,1.0,1.0,3.0,4.0,4.0,4.0,4.0,6.0,7.0,8.0,5.0,7.0,7.0,8.0,9.0,8.0,8.0,10.0,13.0,14.0,13.0,13.0,12.0,16.0,16.0,22.0,26.0,35.0,43.0,53.0,53.0,58.0,74.0,89.0,106.0,129.0,145.0,177.0,222.0,246.0,294.0,334.0,394.0,476.0,568.0,648.0,780.0,913.0,1046.0,1208.0,1382.0,1666.0,1920.0,2277.0,2654.0,2926.0,3148.0,3278.0,3349.0,3468.0,3531.0,3567.0,3571.0,3541.0,3483.0,3401.0,3325.0,3280.0,3192.0,3095.0,3004.0,2938.0,2841.0,2745.0,2647.0,2538.0,2434.0,2332.0,2255.0,2147.0,2015.0,1941.0,1865.0
0.0,0.0,0.0,0.0,0.0,3.0,1.0,2.0,3.0,6.0,13.0,19.0,23.0,32.0,37.0,50.0,57.0,78.0,97.0,111.0,139.0,152.0,172.0,209.0,253.0,324.0,382.0,451.0,520.0,600.0,695.0,827.0,971.0,1119.0,1306.0,1509.0,1751.0,2056.0,2407.0,2797.0,3264.0,3819.0,4457.0,5223.0,5960.0,6905.0,8024.0,9342.0,10827.0,12483.0,14371.0,16624.0,19063.0,21786.0,24805.0,28083.0,31834.0,36025.0,40181.0,43945.0,46731.0,48422.0,49249.0,49492.0,49291.0,48828.0,48183.0,47192.0,45892.0,44456.0,43040.0,41605.0,40095.0,38502.0,37015.0,35465.0,34040.0,32546.0,31088.0,29520.0,28130.0,26776.0,25494.0,24283.0,23071.0,21976.0,20915.0
0.0,0.0,1.0,2.0,4.0,6.0,7.0,10.0,12.0,14.0,15.0,17.0,24.0,28.0,31.0,31.0,29.0,32.0,39.0,48.0,51.0,59.0,62.0,82.0,91.0,101.0,116.0,131.0,146.0,173.0,203.0,227.0,273.0,341.0,387.0,449.0,538.0,624.0,731.0,832.0,967.0,1140.0,1354.0,1572.0,1843.0,2154.0,2554.0,3008.0,3422.0,4016.0,4708.0,5484.0,6377.0,7390.0,8598.0,9936.0,11567.0,13245.0,15214.0,16890.0,18221.0,19209.0,19772.0,20059.0,20205.0,20204.0,20128.0,19907.0,19579.0,19106.0,18601.0,18142.0,17574.0,16998.0,16443.0,15812.0,15146.0,14532.0,13936.0,13350.0,12781.0,12238.0,11731.0,11208.0,10682.0,10227.0,9796.0
0.0,0.0,0.0,1.0,3.0,3.0,5.0,6.0,5.0,9.0,11.0,15.0,16.0,17.0,22.0,27.0,30.0,34.0,44.0,56.0,66.0,81.0,84.0,105.0,124.0,147.0,168.0,193.0,224.0,267.0,305.0,339.0,389.0,443.0,512.0,574.0,673.0,798.0,882.0,1028.0,1195.0,1409.0,1688.0,1957.0,2256.0,2665.0,3017.0,3483.0,3994.0,4620.0,5371.0,6250.0,7332.0,8511.0,9859.0,11346.0,12992.0,14934.0,17103.0,18950.0,20348.0,21344.0,22035.0,22432.0,22625.0,22569.0,22460.0,22187.0,21840.0,21361.0,20893.0,20409.0,19840.0,19208.0,18525.0,17838.0,17209.0,16528.0,15878.0,15260.0,14536.0,13883.0,13299.0,12703.0,12130.0,11608.0,11037.0
0.0,0.0,0.0,1.0,3.0,7.0,8.0,9.0,9.0,14.0,19.0,29.0,35.0,40.0,43.0,56.0,62.0,77.0,92.0,109.0,121.0,144.0,165.0,200.0,239.0,285.0,333.0,388.0,449.0,539.0,626.0,756.0,859.0,1011.0,1169.0,1376.0,1622.0,1885.0,2194.0,2495.0,2861.0,3318.0,3834.0,4437.0,5115.0,5888.0,6833.0,7858.0,9069.0,10494.0,12099.0,13913.0,16118.0,18526.0,21131.0,24015.0,27328.0,31184.0,35043.0,38289.0,40639.0,42315.0,43261.0,43643.0,43695.0,43529.0,42922.0,41993.0,41107.0,39974.0,38848.0,37538.0,36264.0,34892.0,33615.0,32241.0,30967.0,29625.0,28302.0,27113.0,25861.0,24662.0,23496.0,22457.0,21371.0,20336.0,19379.0
0.0,0.0,1.0,3.0,2.0,2.0,4.0,5.0,8.0,10.0,15.0,18.0,20.0,23.0,29.0,37.0,44.0,44.0,52.0,65.0,90.0,107.0,117.0,139.0,166.0,201.0,229.0,257.0,301.0,356.0,419.0,474.0,536.0,647.0,758.0,887.0,1048.0,1232.0,1474.0,1666.0,1922.0,2269.0,2634.0,3097.0,3617.0,4173.0,4799.0,5588.0,6477.0,7523.0,8766.0,10086.0,11752.0,13670.0,15722.0,18012.0,20639.0,23758.0,26850.0,29814.0,32033.0,33419.0,34326.0,34684.0,34804.0,34592.0,34130.0,33655.0,32986.0,32185.0,31317.0,30323.0,29334.0,28298.0,27237.0,26177.0,25098.0,24075.0,22962.0,21932.0,20937.0,19952.0,19046.0,18100.0,17255.0,16428.0,15687.0
0.0,0.0,0.0,1.0,3.0,3.0,3.0,6.0,6.0,8.0,11.0,12.0,14.0,13.0,15.0,21.0,24.0,27.0,35.0,41.0,53.0,71.0,79.0,85.0,91.0,99.0,114.0,133.0,150.0,179.0,203.0,248.0,288.0,324.0,378.0,446.0,507.0,592.0,661.0,750.0,860.0,1013.0,1185.0,1330.0,1523.0,1760.0,2040.0,2381.0,2797.0,3272.0,3841.0,4429.0,5159.0,5981.0,6931.0,7909.0,9128.0,10556.0,12192.0,13503.0,14630.0,15372.0,15897.0,16228.0,16397.0,16485.0,16443.0,16251.0,15983.0,15668.0,15283.0,14837.0,14392.0,14000.0,13581.0,13123.0,12616.0,12122.0,11609.0,11088.0,10597.0,10139.0,9706.0,9299.0,8931.0,8545.0,8134.0
0.0,0.0,1.0,3.0,2.0,4.0,5.0,3.0,3.0,5.0,5.0,7.0,8.0,8.0,8.0,7.0,7.0,6.0,6.0,7.0,10.0,9.0,11.0,13.0,15.0,16.0,18.0,18.0,22.0,24.0,23.0,27.0,31.0,32.0,36.0,44.0,42.0,50.0,57.0,68.0,73.0,85.0,98.0,112.0,131.0,155.0,165.0,199.0,217.0,266.0,312.0,362.0,435.0,499.0,586.0,664.0,764.0,897.0,1021.0,1114.0,1237.0,1327.0,1370.0,1406.0,1426.0,1427.0,1417.0,1400.0,1388.0,1367.0,1338.0,1290.0,1257.0,1226.0,1199.0,1172.0,1135.0,1089.0,1030.0,988.0,947.0,903.0,859.0,814.0,777.0,748.0,706.0
0.0,0.0,0.0,0.0,1.0,4.0,5.0,4.0,4.0,7.0,7.0,7.0,7.0,12.0,15.0,23.0,26.0,32.0,33.0,37.0,44.0,56.0,66.0,76.0,95.0,105.0,122.0,139.0,161.0,186.0,217.0,263.0,326.0,383.0,436.0,521.0,605.0,717.0,841.0,990.0,1147.0,1341.0,1566.0,1827.0,2116.0,2427.0,2819.0,3242.0,3731.0,4388.0,5174.0,5981.0,6917.0,7974.0,9245.0,10640.0,12201.0,14021.0,15979.0,17636.0,19000.0,19951.0,20540.0,20906.0,20963.0,20988.0,20762.0,20473.0,20179.0,19723.0,19253.0,18752.0,18092.0,17551.0,16979.0,16332.0,15682.0,15032.0,14395.0,13796.0,13233.0,12655.0,12147.0,11637.0,11090.0,10598.0,10096.0
0.0,0.0,0.0,1.0,4.0,4.0,5.0,8.0,13.0,12.0,18.0,18.0,23.0,30.0,36.0,46.0,62.0,70.0,82.0,95.0,115.0,127.0,161.0,192.0,238.0,267.0,327.0,378.0,453.0,533.0,641.0,726.0,836.0,939.0,1100.0,1303.0,1532.0,1763.0,2028.0,2329.0,2717.0,3177.0,3560.0,4098.0,4752.0,5479.0,6317.0,7329.0,8426.0,9718.0,11211.0,12997.0,14853.0,17103.0,19498.0,22259.0,25340.0,28745.0,32227.0,35525.0,37995.0,39576.0,40373.0,40767.0,40762.0,40588.0,40064.0,39314.0,38391.0,37451.0,36405.0,35322.0,34111.0,32877.0,31653.0,30446.0,29188.0,28002.0,26755.0,25649.0,24472.0,23336.0,22212.0,21125.0,20091.0,19149.0,18227.0
0.0,0.0,0.0,1.0,2.0,2.0,1.0,5.0,8.0,10.0,12.0,13.0,10.0,11.0,12.0,16.0,17.0,19.0,18.0,22.0,23.0,25.0,31.0,40.0,47.0,52.0,65.0,66.0,81.0,96.0,107.0,122.0,142.0,160.0,189.0,227.0,266.0,311.0,366.0,419.0,489.0,565.0,660.0,806.0,918.0,1087.0,1254.0,1465.0,1727.0,2008.0,2337.0,2696.0,3134.0,3660.0,4268.0,4942.0,5743.0,6600.0,7587.0,8453.0,9174.0,9732.0,9986.0,10233.0,10415.0,10439.0,10440.0,10364.0,10257.0,10155.0,9976.0,9707.0,9452.0,9209.0,8896.0,8561.0,8267.0,7972.0,7652.0,7405.0,7111.0,6807.0,6497.0,6235.0,5925.0,5668.0,5437.0
0.0,0.0,0.0,1.0,2.0,2.0,3.0,3.0,5.0,7.0,8.0,7.0,6.0,6.0,9.0,9.0,12.0,17.0,17.0,25.0,31.0,34.0,45.0,50.0,59.0,73.0,74.0,82.0,85.0,97.0,122.0,143.0,166.0,191.0,227.0,258.0,334.0,377.0,445.0,522.0,595.0,698.0,839.0,985.0,1183.0,1393.0,1600.0,1886.0,2183.0,2568.0,2962.0,3443.0,3964.0,4664.0,5423.0,6242.0,7245.0,8345.0,9627.0,10704.0,11581.0,12200.0,12587.0,12830.0,12898.0,12920.0,12862.0,12742.0,12582.0,12413.0,12143.0,11789.0,11419.0,11094.0,10740.0,10398.0,9997.0,9631.0,9249.0,8902.0,8516.0,8166.0,7814.0,7452.0,7104.0,6804.0,6503.0
0.0,0.0,0.0,1.0,3.0,4.0,5.0,6.0,7.0,8.0,10.0,11.0,13.0,16.0,18.0,24.0,26.0,33.0,39.0,47.0,57.0,55.0,67.0,82.0,104.0,123.0,143.0,174.0,205.0,226.0,264.0,311.0,361.0,437.0,491.0,580.0,675.0,800.0,915.0,1061.0,1221.0,1409.0,1641.0,1899.0,2201.0,2533.0,2983.0,3448.0,3982.0,4648.0,5407.0,6200.0,7223.0,8438.0,9762.0,11286.0,12974.0,14949.0,16978.0,18830.0,20205.0,21246.0,21955.0,22398.0,22595.0,22545.0,22395.0,22117.0,21828.0,21294.0,20798.0,20213.0,19614.0,18984.0,18320.0,17631.0,16876.0,16150.0,15498.0,14860.0,14271.0,13679.0,13050.0,12447.0,11886.0,11303.0,10808.0
0.0,0.0,0.0,1.0,2.0,4.0,3.0,5.0,3.0,3.0,4.0,7.0,8.0,9.0,10.0,11.0,10.0,10.0,11.0,12.0,14.0,17.0,21.0,23.0,29.0,31.0,38.0,46.0,51.0,56.0,70.0,80.0,101.0,116.0,136.0,154.0,180.0,215.0,237.0,272.0,323.0,376.0,441.0,499.0,565.0,647.0,754.0,894.0,1037.0,1205.0,1375.0,1593.0,1848.0,2103.0,2398.0,2845.0,3321.0,3886.0,4437.0,4984.0,5374.0,5723.0,5956.0,6071.0,6136.0,6158.0,6151.0,6099.0,6002.0,5912.0,5780.0,5633.0,5511.0,5351.0,5177.0,4984.0,4799.0,4607.0,4414.0,4229.0,4028.0,3852.0,3675.0,3506.0,3326.0,3192.0,3079.0
0.0,0.0,0.0,0.0,3.0,5.0,6.0,8.0,9.0,7.0,8.0,7.0,8.0,11.0,10.0,11.0,15.0,18.0,21.0,23.0,29.0,37.0,43.0,57.0,70.0,81.0,93.0,105.0,113.0,135.0,168.0,179.0,217.0,247.0,297.0,339.0,400.0,451.0,548.0,632.0,719.0,834.0,956.0,1104.0,1307.0,1501.0,1731.0,2051.0,2363.0,2818.0,3288.0,3799.0,4422.0,5167.0,5947.0,6924.0,7989.0,9280.0,10578.0,11763.0,12710.0,13354.0,13798.0,14123.0,14227.0,14252.0,14111.0,13934.0,13750.0,13498.0,13208.0,12824.0,12450.0,11976.0,11560.0,11118.0,10709.0,10380.0,9942.0,9474.0,9105.0,8719.0,8322.0,8015.0,7649.0,7352.0,7020.0
0.0,0.0,0.0,0.0,1.0,4.0,5.0,7.0,12.0,15.0,18.0,26.0,33.0,35.0,45.0,53.0,62.0,66.0,80.0,95.0,111.0,129.0,138.0,167.0,199.0,224.0,240.0,285.0,316.0,371.0,450.0,508.0,601.0,692.0,811.0,929.0,1111.0,1280.0,1474.0,1722.0,1980.0,2310.0,2698.0,3119.0,3688.0,4278.0,5004.0,5768.0,6684.0,7735.0,8967.0,10336.0,11893.0,13691.0,15694.0,18023.0,20608.0,23443.0,26402.0,29252.0,31474.0,33045.0,33969.0,34397.0,34497.0,34328.0,34003.0,33502.0,32878.0,32116.0,31359.0,30433.0,29472.0,28470.0,27401.0,26412.0,25334.0,24320.0,23227.0,22208.0,21150.0,20190.0,19319.0,18484.0,17622.0,16848.0,16060.0
0.0,0.0,1.0,4.0,3.0,3.0,5.0,6.0,7.0,14.0,14.0,20.0,25.0,30.0,31.0,34.0,35.0,38.0,47.0,61.0,72.0,84.0,96.0,110.0,114.0,142.0,176.0,214.0,245.0,265.0,304.0,337.0,386.0,453.0,573.0,693.0,815.0,925.0,1081.0,1263.0,1478.0,1706.0,2006.0,2300.0,2702.0,3171.0,3742.0,4423.0,5157.0,6004.0,6922.0,8108.0,9383.0,10875.0,12712.0,14612.0,16737.0,19254.0,21834.0,24165.0,25992.0,27214.0,27993.0,28528.0,28607.0,28655.0,28398.0,28082.0,27545.0,26828.0,26130.0,25369.0,24631.0,23793.0,22994.0,22080.0,21164.0,20276.0,19384.0,18564.0,17716.0,16922.0,16153.0,15449.0,14784.0,14059.0,13392.0
0.0,0.0,0.0,1.0,2.0,4.0,5.0,6.0,6.0,8.0,8.0,11.0,13.0,14.0,17.0,20.0,24.0,31.0,35.0,40.0,52.0,62.0,75.0,89.0,111.0,125.0,144.0,154.0,174.0,203.0,239.0,283.0,335.0,404.0,464.0,564.0,663.0,768.0,912.0,1077.0,1229.0,1460.0,1697.0,1994.0,2365.0,2710.0,3176.0,3736.0,4393.0,5063.0,5876.0,6902.0,7965.0,9202.0,10570.0,12215.0,13938.0,16111.0,18424.0,20499.0,21972.0,23105.0,23827.0,24148.0,24235.0,24059.0,23760.0,23450.0,22992.0,22506.0,21908.0,21399.0,20782.0,20128.0,19429.0,18676.0,17932.0,17235.0,16560.0,15879.0,15207.0,14557.0,13958.0,13328.0,12697.0,12122.0,11578.0
0.0,0.0,0.0,2.0,3.0,3.0,4.0,6.0,6.0,7.0,8.0,8.0,10.0,15.0,14.0,13.0,14.0,17.0,18.0,25.0,28.0,37.0,46.0,55.0,60.0,65.0,82.0,99.0,122.0,157.0,184.0,215.0,252.0,312.0,376.0,417.0,465.0,521.0,623.0,750.0,876.0,1025.0,1188.0,1385.0,1604.0,1843.0,2130.0,2473.0,2829.0,3268.0,3801.0,4432.0,5128.0,5998.0,6833.0,8020.0,9351.0,10770.0,12452.0,13902.0,15086.0,15809.0,16322.0,16636.0,16727.0,16785.0,16679.0,16518.0,16238.0,15903.0,15572.0,15117.0,14695.0,14242.0,13749.0,13280.0,12777.0,12271.0,11832.0,11351.0,10797.0,10318.0,9837.0,9367.0,8938.0,8520.0,8141.0
