0.0,0.0,0.0,0.0,0.0,0.0,0.0,0.0,0.0,0.0,0.0,0.0,0.0,0.0,0.0,0.0,0.0,0.0,0.0,0.0,0.0,0.0,0.0,0.0,0.0,0.0,0.0,0.0,0.0,0.0,0.0,0.0,0.0,0.0,0.0,0.0,0.0,0.0,0.0,1.0,1.0,1.0,2.0,3.0,4.0,4.0,4.0,4.0,4.0,5.0,7.0,9.0,11.0,14.0,19.0,23.0,25.0,26.0,30.0,33.0,40.0,49.0,56.0,62.0,67.0,74.0,78.0,87.0,97.0,95.0,102.0,100.0,110.0,117.0,115.0,117.0,127.0,127.0,130.0,130.0,127.0,133.0,133.0,138.0,142.0,146.0,140.0
0.0,0.0,0.0,0.0,0.0,0.0,0.0,0.0,0.0,0.0,0.0,0.0,0.0,0.0,0.0,0.0,0.0,0.0,0.0,0.0,0.0,0.0,0.0,0.0,0.0,0.0,0.0,0.0,0.0,0.0,1.0,3.0,1.0,1.0,1.0,1.0,4.0,3.0,3.0,3.0,2.0,3.0,5.0,5.0,6.0,8.0,8.0,7.0,7.0,12.0,13.0,17.0,27.0,26.0,25.0,34.0,46.0,58.0,68.0,78.0,88.0,99.0,122.0,138.0,156.0,192.0,208.0,221.0,251.0,260.0,271.0,287.0,297.0,294.0,311.0,305.0,321.0,331.0,350.0,357.0,357.0,370.0,374.0,377.0,365.0,351.0,340.0
0.0,0.0,0.0,0.0,0.0,0.0,0.0,0.0,0.0,0.0,0.0,0.0,1.0,1.0,1.0,1.0,0.0,0.0,0.0,0.0,0.0,0.0,0.0,0.0,0.0,0.0,0.0,0.0,0.0,0.0,0.0,0.0,0.0,0.0,0.0,0.0,0.0,0.0,0.0,0.0,0.0,0.0,4.0,4.0,4.0,2.0,2.0,2.0,2.0,4.0,7.0,6.0,8.0,9.0,12.0,18.0,20.0,20.0,22.0,26.0,27.0,31.0,37.0,41.0,48.0,55.0,62.0,68.0,71.0,73.0,76.0,77.0,80.0,82.0,89.0,92.0,101.0,99.0,103.0,107.0,105.0,100.0,99.0,98.0,101.0,102.0,103.0
0.0,0.0,0.0,0.0,0.0,0.0,0.0,0.0,0.0,0.0,0.0,0.0,0.0,0.0,0.0,0.0,0.0,0.0,0.0,0.0,0.0,0.0,0.0,0.0,0.0,0.0,0.0,0.0,0.0,0.0,0.0,1.0,2.0,2.0,2.0,2.0,3.0,3.0,0.0,0.0,1.0,2.0,3.0,4.0,4.0,6.0,9.0,12.0,13.0,23.0,25.0,28.0,34.0,40.0,48.0,56.0,63.0,75.0,88.0,99.0,118.0,136.0,161.0,182.0,202.0,219.0,237.0,242.0,262.0,284.0,301.0,319.0,342.0,362.0,384.0,381.0,394.0,413.0,416.0,426.0,427.0,426.0,424.0,412.0,411.0,393.0,392.0
0.0,0.0,0.0,0.0,0.0,0.0,0.0,0.0,0.0,0.0,0.0,0.0,0.0,0.0,0.0,0.0,0.0,0.0,0.0,0.0,0.0,0.0,0.0,0.0,0.0,0.0,0.0,0.0,0.0,0.0,0.0,0.0,0.0,0.0,0.0,0.0,1.0,1.0,1.0,1.0,1.0,3.0,7.0,7.0,7.0,7.0,8.0,10.0,12.0,16.0,20.0,20.0,27.0,30.0,36.0,43.0,56.0,62.0,63.0,64.0,72.0,78.0,93.0,98.0,123.0,141.0,158.0,169.0,185.0,215.0,229.0,239.0,247.0,253.0,274.0,268.0,277.0,284.0,277.0,282.0,276.0,276.0,281.0,274.0,278.0,287.0,293.0
0.0,0.0,0.0,0.0,0.0,0.0,0.0,0.0,0.0,0.0,0.0,0.0,0.0,0.0,0.0,0.0,0.0,0.0,0.0,0.0,0.0,0.0,0.0,0.0,0.0,0.0,0.0,0.0,0.0,0.0,0.0,0.0,0.0,0.0,0.0,0.0,0.0,0.0,0.0,1.0,2.0,2.0,2.0,3.0,1.0,2.0,5.0,6.0,6.0,9.0,9.0,10.0,9.0,10.0,15.0,14.0,16.0,17.0,20.0,23.0,24.0,30.0,39.0,55.0,70.0,78.0,82.0,86.0,95.0,103.0,117.0,124.0,131.0,133.0,146.0,146.0,148.0,162.0,173.0,176.0,178.0,178.0,180.0,177.0,179.0,173.0,170.0
0.0,0.0,0.0,0.0,0.0,0.0,0.0,0.0,0.0,0.0,0.0,0.0,1.0,1.0,0.0,0.0,0.0,0.0,0.0,0.0,0.0,0.0,0.0,1.0,1.0,1.0,0.0,0.0,1.0,1.0,1.0,2.0,2.0,1.0,2.0,2.0,2.0,2.0,3.0,4.0,3.0,5.0,5.0,6.0,7.0,6.0,9.0,10.0,15.0,18.0,18.0,20.0,24.0,29.0,32.0,42.0,40.0,46.0,58.0,69.0,76.0,100.0,123.0,138.0,166.0,177.0,192.0,214.0,221.0,221.0,227.0,233.0,256.0,256.0,285.0,285.0,293.0,300.0,303.0,308.0,317.0,315.0,329.0,318.0,318.0,313.0,320.0
0.0,0.0,0.0,0.0,0.0,0.0,0.0,0.0,0.0,0.0,0.0,0.0,0.0,0.0,0.0,0.0,0.0,0.0,0.0,1.0,1.0,1.0,1.0,1.0,1.0,1.0,1.0,1.0,1.0,1.0,1.0,1.0,1.0,1.0,1.0,2.0,2.0,2.0,2.0,2.0,2.0,3.0,4.0,3.0,4.0,4.0,6.0,5.0,6.0,8.0,16.0,18.0,15.0,17.0,16.0,19.0,20.0,25.0,30.0,34.0,42.0,48.0,59.0,68.0,73.0,75.0,87.0,101.0,103.0,111.0,107.0,110.0,118.0,129.0,132.0,135.0,139.0,146.0,152.0,165.0,163.0,159.0,168.0,179.0,182.0,184.0,184.0
0.0,0.0,0.0,0.0,0.0,0.0,0.0,0.0,0.0,0.0,0.0,0.0,0.0,0.0,0.0,0.0,0.0,0.0,0.0,0.0,0.0,0.0,0.0,0.0,0.0,0.0,0.0,0.0,0.0,0.0,0.0,0.0,0.0,0.0,0.0,1.0,0.0,0.0,2.0,1.0,2.0,3.0,2.0,4.0,6.0,9.0,16.0,17.0,18.0,18.0,23.0,29.0,25.0,33.0,32.0,36.0,48.0,59.0,72.0,70.0,88.0,102.0,121.0,139.0,154.0,170.0,191.0,221.0,232.0,244.0,260.0,277.0,297.0,313.0,327.0,334.0,332.0,346.0,355.0,361.0,372.0,369.0,371.0,370.0,360.0,349.0,343.0
0.0,0.0,0.0,0.0,0.0,0.0,0.0,0.0,0.0,0.0,0.0,0.0,0.0,0.0,0.0,0.0,0.0,0.0,0.0,0.0,0.0,0.0,0.0,0.0,0.0,0.0,0.0,0.0,0.0,0.0,0.0,0.0,0.0,0.0,0.0,0.0,0.0,0.0,0.0,2.0,1.0,0.0,1.0,1.0,4.0,2.0,3.0,3.0,7.0,5.0,7.0,9.0,10.0,11.0,14.0,20.0,25.0,32.0,43.0,47.0,61.0,68.0,78.0,91.0,100.0,108.0,122.0,130.0,139.0,152.0,168.0,176.0,190.0,207.0,206.0,211.0,221.0,227.0,225.0,222.0,230.0,219.0,211.0,204.0,198.0,205.0,201.0
0.0,0.0,0.0,0.0,0.0,0.0,0.0,0.0,0.0,0.0,0.0,0.0,0.0,0.0,0.0,0.0,0.0,0.0,0.0,0.0,0.0,0.0,0.0,0.0,0.0,0.0,1.0,1.0,0.0,0.0,0.0,0.0,0.0,1.0,2.0,3.0,3.0,4.0,6.0,6.0,6.0,7.0,8.0,9.0,11.0,9.0,10.0,10.0,11.0,11.0,12.0,14.0,18.0,22.0,22.0,28.0,35.0,38.0,51.0,55.0,69.0,76.0,85.0,93.0,107.0,114.0,122.0,128.0,144.0,152.0,160.0,169.0,176.0,197.0,210.0,215.0,224.0,226.0,236.0,239.0,228.0,217.0,226.0,223.0,220.0,216.0,212.0
0.0,0.0,0.0,0.0,0.0,0.0,0.0,0.0,0.0,0.0,0.0,0.0,0.0,0.0,0.0,0.0,0.0,0.0,0.0,0.0,0.0,0.0,0.0,0.0,0.0,0.0,0.0,0.0,0.0,0.0,0.0,0.0,0.0,1.0,1.0,1.0,1.0,1.0,1.0,1.0,3.0,4.0,4.0,4.0,5.0,6.0,7.0,11.0,12.0,15.0,15.0,17.0,16.0,21.0,20.0,25.0,29.0,33.0,43.0,47.0,56.0,66.0,73.0,84.0,86.0,100.0,106.0,122.0,144.0,155.0,173.0,184.0,193.0,213.0,221.0,238.0,250.0,252.0,266.0,273.0,274.0,276.0,285.0,287.0,275.0,267.0,258.0
0.0,0.0,0.0,0.0,0.0,0.0,0.0,0.0,0.0,0.0,0.0,0.0,0.0,0.0,0.0,0.0,0.0,0.0,0.0,0.0,0.0,0.0,0.0,0.0,0.0,0.0,0.0,0.0,0.0,0.0,0.0,0.0,0.0,0.0,0.0,0.0,1.0,1.0,1.0,2.0,2.0,1.0,0.0,1.0,2.0,2.0,4.0,7.0,7.0,6.0,9.0,9.0,13.0,17.0,21.0,26.0,29.0,31.0,39.0,41.0,48.0,53.0,58.0,64.0,81.0,87.0,99.0,115.0,130.0,140.0,147.0,157.0,159.0,161.0,157.0,159.0,162.0,169.0,172.0,183.0,184.0,186.0,183.0,194.0,202.0,200.0,206.0
0.0,0.0,0.0,0.0,0.0,0.0,0.0,0.0,0.0,0.0,0.0,0.0,0.0,0.0,0.0,0.0,0.0,0.0,0.0,0.0,0.0,0.0,0.0,1.0,1.0,1.0,0.0,0.0,0.0,0.0,1.0,1.0,1.0,0.0,0.0,2.0,3.0,3.0,2.0,2.0,2.0,2.0,2.0,3.0,3.0,3.0,6.0,11.0,13.0,11.0,10.0,14.0,18.0,20.0,22.0,28.0,35.0,41.0,48.0,71.0,76.0,86.0,98.0,120.0,142.0,151.0,170.0,189.0,208.0,222.0,238.0,252.0,262.0,269.0,270.0,273.0,291.0,305.0,304.0,303.0,304.0,312.0,312.0,315.0,305.0,302.0,303.0
0.0,0.0,0.0,0.0,0.0,0.0,0.0,0.0,0.0,0.0,0.0,0.0,0.0,0.0,0.0,0.0,0.0,0.0,0.0,0.0,0.0,0.0,0.0,0.0,0.0,0.0,0.0,0.0,0.0,0.0,0.0,0.0,0.0,0.0,0.0,0.0,0.0,0.0,0.0,0.0,0.0,0.0,0.0,4.0,4.0,4.0,6.0,8.0,12.0,13.0,14.0,16.0,15.0,18.0,19.0,25.0,35.0,41.0,37.0,38.0,44.0,51.0,64.0,71.0,93.0,108.0,118.0,134.0,150.0,163.0,163.0,168.0,184.0,188.0,201.0,197.0,202.0,210.0,213.0,215.0,209.0,208.0,211.0,207.0,205.0,198.0,200.0
0.0,0.0,0.0,0.0,0.0,0.0,0.0,0.0,0.0,0.0,0.0,0.0,0.0,0.0,0.0,0.0,0.0,0.0,0.0,0.0,0.0,0.0,0.0,0.0,0.0,0.0,0.0,1.0,1.0,1.0,0.0,0.0,1.0,1.0,3.0,3.0,4.0,3.0,4.0,6.0,6.0,8.0,10.0,15.0,20.0,21.0,28.0,34.0,39.0,38.0,37.0,47.0,52.0,64.0,68.0,84.0,97.0,104.0,129.0,151.0,173.0,198.0,224.0,238.0,257.0,287.0,299.0,341.0,365.0,396.0,421.0,434.0,442.0,432.0,459.0,447.0,460.0,472.0,487.0,499.0,501.0,500.0,506.0,499.0,507.0,512.0,510.0
0.0,0.0,0.0,0.0,0.0,0.0,0.0,0.0,0.0,0.0,0.0,0.0,0.0,0.0,0.0,0.0,0.0,0.0,0.0,0.0,0.0,0.0,0.0,0.0,0.0,0.0,0.0,0.0,0.0,1.0,1.0,0.0,1.0,1.0,2.0,2.0,2.0,3.0,4.0,4.0,4.0,3.0,3.0,8.0,8.0,8.0,9.0,9.0,10.0,13.0,14.0,18.0,18.0,26.0,29.0,37.0,44.0,44.0,51.0,56.0,68.0,81.0,90.0,110.0,112.0,126.0,146.0,161.0,185.0,196.0,197.0,213.0,218.0,228.0,244.0,268.0,276.0,281.0,285.0,278.0,290.0,286.0,274.0,278.0,273.0,266.0,268.0
0.0,0.0,0.0,0.0,0.0,0.0,0.0,0.0,0.0,0.0,0.0,0.0,0.0,0.0,0.0,0.0,0.0,0.0,0.0,0.0,0.0,0.0,0.0,0.0,0.0,0.0,0.0,0.0,0.0,0.0,0.0,0.0,2.0,2.0,2.0,1.0,1.0,2.0,3.0,4.0,7.0,8.0,10.0,10.0,11.0,12.0,16.0,18.0,21.0,20.0,24.0,26.0,32.0,41.0,53.0,61.0,76.0,81.0,93.0,111.0,128.0,142.0,164.0,179.0,191.0,214.0,253.0,267.0,275.0,283.0,297.0,339.0,351.0,377.0,383.0,399.0,408.0,419.0,429.0,430.0,418.0,415.0,417.0,424.0,420.0,401.0,396.0
0.0,0.0,0.0,0.0,0.0,0.0,0.0,0.0,0.0,0.0,0.0,0.0,0.0,0.0,0.0,0.0,0.0,0.0,0.0,0.0,0.0,0.0,0.0,0.0,0.0,0.0,0.0,0.0,0.0,0.0,0.0,0.0,2.0,2.0,2.0,3.0,3.0,4.0,4.0,4.0,7.0,9.0,9.0,10.0,10.0,12.0,17.0,17.0,16.0,24.0,30.0,35.0,37.0,38.0,52.0,62.0,77.0,80.0,98.0,109.0,127.0,144.0,162.0,177.0,188.0,207.0,232.0,256.0,279.0,292.0,321.0,340.0,351.0,364.0,361.0,362.0,358.0,362.0,370.0,379.0,396.0,388.0,384.0,373.0,371.0,371.0,374.0
0.0,0.0,0.0,0.0,0.0,0.0,0.0,0.0,0.0,0.0,0.0,0.0,0.0,0.0,0.0,0.0,0.0,0.0,0.0,0.0,0.0,0.0,0.0,0.0,0.0,0.0,0.0,0.0,1.0,0.0,0.0,1.0,1.0,0.0,0.0,0.0,1.0,3.0,5.0,4.0,4.0,6.0,6.0,6.0,5.0,7.0,8.0,12.0,17.0,18.0,23.0,30.0,39.0,41.0,54.0,54.0,69.0,81.0,101.0,112.0,137.0,155.0,166.0,189.0,209.0,232.0,243.0,268.0,296.0,308.0,323.0,335.0,360.0,362.0,370.0,387.0,386.0,399.0,396.0,399.0,407.0,415.0,424.0,422.0,415.0,411.0,405.0
0.0,0.0,0.0,0.0,0.0,0.0,0.0,0.0,0.0,0.0,0.0,0.0,0.0,0.0,0.0,0.0,0.0,0.0,0.0,0.0,0.0,0.0,0.0,0.0,0.0,0.0,0.0,0.0,1.0,1.0,2.0,2.0,3.0,3.0,2.0,2.0,2.0,3.0,6.0,6.0,7.0,6.0,6.0,8.0,10.0,11.0,16.0,15.0,16.0,21.0,26.0,24.0,26.0,32.0,38.0,46.0,49.0,61.0,67.0,79.0,86.0,98.0,117.0,140.0,155.0,175.0,189.0,190.0,204.0,230.0,242.0,246.0,255.0,270.0,287.0,302.0,310.0,319.0,340.0,347.0,340.0,348.0,337.0,334.0,329.0,327.0,320.0
0.0,0.0,0.0,0.0,0.0,0.0,0.0,0.0,0.0,0.0,0.0,0.0,0.0,0.0,0.0,0.0,0.0,0.0,0.0,0.0,0.0,0.0,0.0,0.0,0.0,0.0,0.0,0.0,1.0,1.0,1.0,1.0,1.0,1.0,1.0,1.0,1.0,2.0,2.0,2.0,2.0,2.0,3.0,5.0,5.0,6.0,6.0,7.0,8.0,9.0,10.0,12.0,12.0,16.0,18.0,28.0,33.0,37.0,43.0,51.0,64.0,75.0,85.0,93.0,109.0,112.0,121.0,135.0,147.0,155.0,160.0,176.0,182.0,197.0,207.0,221.0,231.0,236.0,241.0,241.0,247.0,246.0,261.0,253.0,251.0,250.0,241.0
0.0,0.0,0.0,0.0,0.0,0.0,0.0,0.0,0.0,0.0,0.0,0.0,0.0,0.0,0.0,0.0,0.0,0.0,0.0,0.0,0.0,0.0,0.0,0.0,0.0,0.0,0.0,0.0,0.0,0.0,0.0,0.0,0.0,0.0,0.0,0.0,0.0,0.0,1.0,1.0,0.0,1.0,2.0,4.0,5.0,6.0,7.0,7.0,7.0,9.0,9.0,9.0,11.0,14.0,12.0,18.0,24.0,29.0,33.0,38.0,39.0,48.0,57.0,64.0,73.0,79.0,87.0,94.0,106.0,117.0,125.0,131.0,136.0,140.0,150.0,156.0,162.0,165.0,174.0,183.0,191.0,186.0,183.0,187.0,198.0,191.0,178.0
0.0,0.0,0.0,0.0,0.0,0.0,0.0,0.0,0.0,0.0,0.0,0.0,0.0,0.0,0.0,0.0,0.0,0.0,0.0,0.0,0.0,0.0,0.0,0.0,0.0,0.0,0.0,0.0,0.0,0.0,1.0,1.0,1.0,1.0,0.0,0.0,0.0,0.0,2.0,4.0,5.0,6.0,7.0,8.0,9.0,9.0,13.0,15.0,19.0,19.0,22.0,24.0,28.0,27.0,31.0,34.0,43.0,55.0,65.0,78.0,102.0,118.0,133.0,155.0,176.0,214.0,228.0,244.0,281.0,305.0,324.0,311.0,322.0,339.0,360.0,359.0,368.0,367.0,373.0,372.0,383.0,391.0,380.0,388.0,389.0,383.0,370.0
0.0,0.0,0.0,0.0,0.0,0.0,0.0,0.0,0.0,0.0,0.0,0.0,0.0,0.0,0.0,0.0,0.0,0.0,0.0,0.0,0.0,0.0,0.0,0.0,0.0,0.0,0.0,1.0,0.0,0.0,0.0,0.0,1.0,0.0,0.0,0.0,0.0,0.0,1.0,2.0,2.0,2.0,2.0,4.0,5.0,4.0,6.0,9.0,10.0,13.0,13.0,14.0,11.0,15.0,17.0,19.0,19.0,22.0,28.0,32.0,45.0,50.0,57.0,58.0,71.0,83.0,97.0,114.0,132.0,145.0,154.0,176.0,179.0,183.0,185.0,185.0,187.0,189.0,192.0,202.0,200.0,194.0,194.0,185.0,195.0,184.0,181.0
0.0,0.0,0.0,0.0,0.0,0.0,0.0,0.0,0.0,0.0,0.0,0.0,0.0,0.0,0.0,0.0,0.0,0.0,0.0,0.0,0.0,0.0,0.0,0.0,0.0,0.0,0.0,0.0,0.0,0.0,0.0,0.0,0.0,1.0,0.0,0.0,1.0,1.0,1.0,1.0,2.0,2.0,2.0,2.0,2.0,2.0,3.0,3.0,5.0,7.0,7.0,7.0,11.0,11.0,10.0,12.0,10.0,11.0,12.0,13.0,18.0,27.0,31.0,36.0,39.0,50.0,54.0,62.0,66.0,69.0,76.0,75.0,74.0,87.0,90.0,98.0,99.0,100.0,104.0,107.0,113.0,113.0,111.0,117.0,119.0,116.0,110.0
0.0,0.0,0.0,0.0,0.0,0.0,0.0,0.0,0.0,0.0,0.0,0.0,0.0,0.0,0.0,0.0,0.0,0.0,1.0,1.0,1.0,1.0,1.0,1.0,1.0,1.0,1.0,1.0,1.0,1.0,1.0,2.0,2.0,3.0,5.0,4.0,4.0,4.0,3.0,3.0,7.0,6.0,5.0,8.0,13.0,19.0,20.0,18.0,26.0,31.0,38.0,44.0,48.0,59.0,69.0,82.0,98.0,125.0,131.0,163.0,177.0,208.0,252.0,280.0,290.0,316.0,353.0,383.0,410.0,427.0,459.0,472.0,487.0,519.0,519.0,532.0,548.0,562.0,561.0,546.0,553.0,538.0,537.0,536.0,522.0,532.0,509.0
0.0,0.0,0.0,0.0,0.0,0.0,0.0,0.0,0.0,0.0,0.0,0.0,0.0,0.0,0.0,1.0,1.0,2.0,2.0,2.0,2.0,2.0,2.0,2.0,2.0,1.0,1.0,2.0,2.0,2.0,2.0,3.0,2.0,2.0,2.0,3.0,3.0,4.0,3.0,2.0,3.0,3.0,4.0,6.0,7.0,7.0,7.0,7.0,8.0,9.0,12.0,13.0,18.0,23.0,26.0,25.0,33.0,45.0,50.0,58.0,74.0,87.0,104.0,128.0,146.0,167.0,170.0,187.0,207.0,222.0,227.0,232.0,246.0,256.0,263.0,271.0,275.0,277.0,284.0,290.0,287.0,281.0,283.0,282.0,264.0,265.0,265.0
0.0,0.0,0.0,0.0,0.0,0.0,0.0,0.0,0.0,0.0,0.0,0.0,0.0,0.0,0.0,0.0,0.0,0.0,0.0,0.0,0.0,0.0,0.0,0.0,0.0,0.0,0.0,0.0,0.0,1.0,1.0,1.0,0.0,1.0,1.0,1.0,1.0,1.0,1.0,1.0,2.0,3.0,3.0,3.0,3.0,5.0,6.0,8.0,6.0,7.0,7.0,9.0,7.0,9.0,11.0,12.0,13.0,14.0,25.0,32.0,34.0,52.0,67.0,78.0,79.0,90.0,100.0,104.0,112.0,129.0,133.0,145.0,142.0,145.0,145.0,158.0,167.0,169.0,162.0,176.0,185.0,189.0,194.0,203.0,201.0,192.0,192.0
0.0,0.0,0.0,0.0,0.0,0.0,0.0,0.0,0.0,0.0,0.0,0.0,0.0,0.0,0.0,0.0,0.0,0.0,0.0,0.0,0.0,0.0,0.0,0.0,0.0,0.0,0.0,0.0,0.0,0.0,0.0,0.0,0.0,0.0,1.0,1.0,1.0,1.0,1.0,1.0,1.0,2.0,2.0,2.0,1.0,2.0,3.0,5.0,5.0,5.0,4.0,6.0,7.0,12.0,12.0,16.0,22.0,32.0,37.0,51.0,55.0,64.0,83.0,95.0,102.0,116.0,124.0,125.0,138.0,155.0,169.0,174.0,189.0,190.0,207.0,221.0,217.0,226.0,221.0,222.0,230.0,232.0,237.0,236.0,236.0,234.0,239.0
0.0,0.0,0.0,0.0,0.0,0.0,0.0,0.0,0.0,0.0,0.0,0.0,0.0,0.0,0.0,0.0,0.0,0.0,0.0,0.0,0.0,0.0,0.0,0.0,0.0,0.0,1.0,1.0,1.0,1.0,2.0,2.0,0.0,1.0,1.0,2.0,1.0,2.0,3.0,5.0,7.0,8.0,11.0,13.0,18.0,20.0,24.0,36.0,47.0,50.0,53.0,64.0,77.0,96.0,95.0,105.0,120.0,143.0,167.0,185.0,211.0,234.0,274.0,307.0,338.0,388.0,409.0,457.0,490.0,532.0,553.0,569.0,580.0,604.0,610.0,624.0,638.0,654.0,663.0,653.0,654.0,645.0,650.0,645.0,638.0,631.0,630.0
0.0,0.0,0.0,0.0,0.0,0.0,0.0,0.0,0.0,0.0,0.0,0.0,0.0,0.0,0.0,0.0,0.0,0.0,0.0,0.0,0.0,0.0,0.0,0.0,0.0,0.0,0.0,0.0,0.0,0.0,0.0,0.0,0.0,0.0,0.0,0.0,0.0,0.0,0.0,0.0,0.0,0.0,1.0,2.0,5.0,4.0,6.0,8.0,9.0,12.0,11.0,12.0,14.0,17.0,18.0,19.0,19.0,23.0,25.0,34.0,43.0,52.0,62.0,66.0,78.0,94.0,105.0,116.0,125.0,143.0,147.0,156.0,168.0,161.0,170.0,182.0,192.0,197.0,192.0,210.0,215.0,221.0,234.0,235.0,240.0,243.0,249.0
0.0,0.0,0.0,0.0,0.0,0.0,0.0,0.0,0.0,0.0,0.0,0.0,0.0,0.0,0.0,0.0,0.0,0.0,0.0,0.0,0.0,0.0,0.0,0.0,0.0,0.0,0.0,0.0,0.0,0.0,0.0,0.0,0.0,0.0,0.0,0.0,0.0,0.0,0.0,0.0,1.0,0.0,3.0,3.0,6.0,7.0,7.0,7.0,9.0,13.0,17.0,23.0,27.0,31.0,42.0,50.0,64.0,75.0,87.0,107.0,135.0,167.0,186.0,216.0,246.0,264.0,281.0,297.0,308.0,321.0,343.0,355.0,392.0,389.0,387.0,413.0,450.0,448.0,450.0,460.0,465.0,460.0,455.0,460.0,443.0,443.0,445.0
0.0,0.0,0.0,0.0,0.0,0.0,0.0,0.0,0.0,0.0,0.0,0.0,0.0,0.0,0.0,0.0,0.0,0.0,0.0,0.0,0.0,0.0,0.0,0.0,0.0,0.0,0.0,0.0,0.0,0.0,0.0,0.0,0.0,0.0,1.0,1.0,0.0,0.0,1.0,1.0,1.0,1.0,2.0,2.0,2.0,2.0,3.0,4.0,5.0,5.0,4.0,7.0,11.0,16.0,19.0,20.0,22.0,25.0,24.0,25.0,40.0,51.0,56.0,63.0,73.0,92.0,100.0,110.0,118.0,128.0,134.0,141.0,148.0,159.0,167.0,172.0,187.0,180.0,189.0,189.0,192.0,196.0,205.0,199.0,205.0,207.0,212.0
0.0,0.0,0.0,0.0,0.0,0.0,0.0,0.0,0.0,0.0,0.0,0.0,0.0,0.0,0.0,0.0,0.0,0.0,0.0,0.0,0.0,0.0,0.0,0.0,0.0,0.0,0.0,0.0,0.0,0.0,0.0,0.0,0.0,0.0,1.0,1.0,1.0,1.0,1.0,1.0,1.0,1.0,1.0,0.0,0.0,2.0,2.0,3.0,4.0,11.0,17.0,19.0,21.0,24.0,31.0,35.0,32.0,43.0,50.0,64.0,72.0,81.0,91.0,111.0,119.0,139.0,147.0,173.0,182.0,196.0,213.0,229.0,247.0,258.0,267.0,276.0,283.0,284.0,272.0,273.0,280.0,287.0,291.0,279.0,283.0,289.0,283.0
0.0,0.0,0.0,0.0,0.0,0.0,0.0,0.0,0.0,0.0,0.0,0.0,0.0,0.0,0.0,0.0,0.0,0.0,0.0,0.0,0.0,0.0,0.0,0.0,0.0,0.0,0.0,1.0,0.0,0.0,0.0,0.0,0.0,0.0,1.0,1.0,1.0,2.0,2.0,3.0,6.0,4.0,5.0,9.0,11.0,13.0,16.0,19.0,24.0,28.0,33.0,35.0,36.0,45.0,60.0,64.0,67.0,89.0,101.0,109.0,128.0,155.0,185.0,203.0,231.0,263.0,294.0,305.0,329.0,356.0,367.0,394.0,401.0,428.0,432.0,429.0,434.0,425.0,442.0,448.0,444.0,454.0,455.0,437.0,432.0,435.0,429.0
0.0,0.0,0.0,0.0,0.0,0.0,0.0,0.0,0.0,0.0,0.0,0.0,0.0,0.0,1.0,1.0,1.0,1.0,1.0,1.0,1.0,1.0,0.0,0.0,0.0,0.0,0.0,0.0,0.0,0.0,1.0,2.0,2.0,2.0,2.0,2.0,2.0,3.0,3.0,3.0,5.0,6.0,6.0,4.0,3.0,4.0,8.0,9.0,8.0,9.0,8.0,12.0,14.0,21.0,28.0,35.0,36.0,46.0,51.0,57.0,67.0,81.0,87.0,97.0,110.0,118.0,134.0,146.0,164.0,175.0,195.0,218.0,222.0,232.0,234.0,233.0,249.0,257.0,257.0,262.0,263.0,260.0,261.0,261.0,261.0,252.0,247.0
0.0,0.0,0.0,0.0,0.0,0.0,0.0,0.0,0.0,0.0,0.0,0.0,0.0,0.0,0.0,0.0,0.0,0.0,0.0,0.0,0.0,0.0,0.0,0.0,0.0,0.0,0.0,0.0,0.0,0.0,0.0,0.0,0.0,1.0,2.0,4.0,4.0,4.0,4.0,4.0,4.0,4.0,4.0,4.0,4.0,6.0,8.0,7.0,8.0,9.0,12.0,14.0,20.0,29.0,31.0,32.0,40.0,44.0,52.0,55.0,62.0,68.0,80.0,91.0,112.0,129.0,143.0,154.0,168.0,184.0,199.0,198.0,207.0,219.0,225.0,227.0,245.0,241.0,249.0,251.0,255.0,256.0,255.0,265.0,263.0,256.0,256.0
0.0,0.0,0.0,0.0,0.0,0.0,0.0,0.0,0.0,0.0,0.0,0.0,0.0,0.0,0.0,0.0,0.0,0.0,0.0,0.0,0.0,0.0,0.0,0.0,0.0,0.0,0.0,0.0,0.0,0.0,0.0,0.0,0.0,0.0,0.0,0.0,0.0,0.0,1.0,2.0,2.0,2.0,2.0,4.0,5.0,6.0,4.0,5.0,6.0,6.0,9.0,12.0,15.0,19.0,22.0,26.0,34.0,41.0,46.0,57.0,70.0,89.0,95.0,108.0,113.0,121.0,123.0,136.0,151.0,156.0,170.0,194.0,198.0,212.0,219.0,233.0,237.0,247.0,247.0,254.0,267.0,268.0,277.0,271.0,270.0,269.0,263.0
0.0,0.0,0.0,0.0,0.0,0.0,0.0,0.0,0.0,0.0,0.0,0.0,0.0,0.0,0.0,0.0,0.0,0.0,0.0,0.0,0.0,0.0,0.0,0.0,0.0,1.0,1.0,0.0,0.0,0.0,1.0,1.0,0.0,1.0,1.0,3.0,2.0,1.0,1.0,1.0,1.0,2.0,3.0,4.0,4.0,5.0,6.0,8.0,7.0,7.0,7.0,8.0,14.0,21.0,23.0,24.0,37.0,49.0,64.0,76.0,82.0,80.0,94.0,110.0,127.0,138.0,155.0,162.0,193.0,202.0,216.0,236.0,246.0,246.0,260.0,258.0,275.0,279.0,279.0,276.0,291.0,284.0,294.0,288.0,279.0,279.0,276.0
0.0,0.0,0.0,0.0,0.0,0.0,0.0,0.0,0.0,0.0,0.0,0.0,0.0,1.0,1.0,0.0,0.0,0.0,0.0,0.0,0.0,0.0,0.0,0.0,1.0,1.0,1.0,1.0,2.0,2.0,3.0,3.0,6.0,6.0,5.0,4.0,5.0,4.0,5.0,6.0,6.0,7.0,9.0,11.0,12.0,11.0,10.0,11.0,9.0,15.0,20.0,23.0,25.0,26.0,28.0,32.0,39.0,44.0,57.0,74.0,93.0,105.0,129.0,145.0,165.0,180.0,191.0,213.0,257.0,283.0,289.0,317.0,320.0,339.0,328.0,340.0,354.0,353.0,347.0,337.0,346.0,359.0,362.0,353.0,348.0,347.0,336.0
0.0,0.0,0.0,0.0,0.0,0.0,0.0,0.0,0.0,0.0,0.0,0.0,0.0,0.0,0.0,0.0,0.0,0.0,0.0,0.0,0.0,0.0,0.0,0.0,0.0,0.0,0.0,0.0,1.0,1.0,1.0,2.0,2.0,1.0,1.0,1.0,1.0,0.0,0.0,0.0,0.0,0.0,2.0,1.0,1.0,2.0,3.0,6.0,5.0,8.0,9.0,14.0,13.0,18.0,21.0,28.0,31.0,32.0,38.0,41.0,50.0,66.0,68.0,79.0,88.0,92.0,112.0,125.0,133.0,148.0,165.0,172.0,179.0,171.0,175.0,177.0,182.0,194.0,193.0,199.0,201.0,196.0,200.0,206.0,201.0,206.0,202.0
0.0,0.0,0.0,0.0,0.0,0.0,0.0,0.0,0.0,0.0,0.0,0.0,0.0,0.0,0.0,0.0,0.0,0.0,0.0,0.0,0.0,0.0,0.0,0.0,0.0,0.0,0.0,0.0,0.0,0.0,0.0,0.0,0.0,0.0,0.0,0.0,0.0,0.0,1.0,0.0,0.0,0.0,2.0,4.0,4.0,4.0,3.0,4.0,5.0,4.0,5.0,4.0,4.0,3.0,6.0,8.0,12.0,12.0,12.0,22.0,22.0,29.0,31.0,37.0,48.0,51.0,57.0,62.0,71.0,82.0,82.0,84.0,96.0,96.0,108.0,114.0,116.0,114.0,119.0,122.0,126.0,127.0,128.0,128.0,127.0,128.0,132.0
0.0,0.0,0.0,0.0,0.0,0.0,0.0,0.0,0.0,0.0,0.0,0.0,0.0,0.0,0.0,0.0,0.0,0.0,0.0,0.0,0.0,0.0,0.0,0.0,0.0,0.0,0.0,0.0,0.0,0.0,1.0,2.0,0.0,0.0,0.0,0.0,1.0,1.0,1.0,2.0,2.0,6.0,9.0,12.0,10.0,15.0,16.0,15.0,16.0,18.0,26.0,29.0,33.0,36.0,43.0,46.0,61.0,72.0,83.0,90.0,104.0,128.0,144.0,163.0,183.0,200.0,221.0,239.0,266.0,292.0,304.0,310.0,330.0,348.0,362.0,390.0,374.0,379.0,366.0,363.0,372.0,370.0,371.0,364.0,360.0,368.0,364.0
0.0,0.0,0.0,0.0,0.0,0.0,0.0,0.0,0.0,0.0,0.0,0.0,0.0,0.0,0.0,0.0,0.0,0.0,0.0,0.0,0.0,0.0,0.0,0.0,0.0,0.0,0.0,0.0,0.0,0.0,1.0,0.0,2.0,2.0,2.0,2.0,2.0,2.0,3.0,2.0,2.0,2.0,3.0,5.0,6.0,7.0,8.0,9.0,9.0,12.0,14.0,20.0,25.0,30.0,35.0,35.0,44.0,58.0,69.0,85.0,88.0,96.0,106.0,116.0,143.0,159.0,170.0,186.0,206.0,218.0,234.0,234.0,253.0,257.0,263.0,280.0,286.0,298.0,307.0,311.0,318.0,319.0,313.0,312.0,314.0,308.0,299.0
0.0,0.0,0.0,0.0,0.0,0.0,0.0,1.0,1.0,1.0,1.0,1.0,1.0,1.0,0.0,0.0,0.0,0.0,0.0,0.0,0.0,0.0,0.0,0.0,0.0,0.0,0.0,0.0,0.0,0.0,0.0,0.0,0.0,0.0,0.0,0.0,0.0,1.0,1.0,1.0,1.0,4.0,3.0,4.0,4.0,5.0,4.0,4.0,5.0,8.0,9.0,9.0,12.0,14.0,14.0,18.0,19.0,23.0,24.0,26.0,28.0,34.0,40.0,48.0,57.0,65.0,71.0,73.0,89.0,100.0,96.0,107.0,117.0,125.0,123.0,135.0,141.0,135.0,140.0,147.0,155.0,149.0,154.0,159.0,155.0,156.0,159.0
0.0,0.0,0.0,0.0,0.0,0.0,0.0,0.0,0.0,0.0,0.0,0.0,0.0,0.0,0.0,0.0,0.0,0.0,0.0,0.0,0.0,0.0,0.0,0.0,0.0,0.0,0.0,0.0,1.0,1.0,1.0,1.0,1.0,2.0,2.0,2.0,2.0,2.0,2.0,2.0,2.0,3.0,3.0,5.0,5.0,6.0,7.0,9.0,11.0,17.0,19.0,20.0,23.0,24.0,28.0,34.0,38.0,43.0,44.0,53.0,61.0,73.0,82.0,94.0,118.0,131.0,156.0,161.0,174.0,187.0,197.0,218.0,226.0,236.0,241.0,258.0,258.0,267.0,276.0,288.0,285.0,293.0,295.0,288.0,289.0,295.0,285.0
0.0,0.0,0.0,0.0,0.0,0.0,0.0,0.0,0.0,0.0,0.0,0.0,0.0,0.0,0.0,0.0,0.0,0.0,0.0,0.0,0.0,0.0,0.0,0.0,0.0,0.0,0.0,1.0,1.0,1.0,1.0,1.0,1.0,2.0,2.0,4.0,6.0,4.0,4.0,5.0,5.0,6.0,8.0,12.0,16.0,20.0,26.0,30.0,35.0,40.0,47.0,57.0,63.0,66.0,82.0,92.0,113.0,129.0,159.0,176.0,208.0,233.0,264.0,288.0,317.0,335.0,354.0,389.0,425.0,446.0,465.0,492.0,518.0,536.0,565.0,568.0,570.0,572.0,566.0,582.0,590.0,581.0,571.0,574.0,568.0,556.0,550.0
0.0,0.0,0.0,0.0,0.0,0.0,0.0,0.0,0.0,0.0,0.0,0.0,0.0,0.0,0.0,0.0,0.0,0.0,0.0,0.0,0.0,0.0,0.0,0.0,0.0,0.0,0.0,0.0,0.0,0.0,0.0,0.0,0.0,0.0,1.0,1.0,0.0,0.0,0.0,2.0,3.0,4.0,3.0,3.0,3.0,3.0,3.0,4.0,4.0,5.0,6.0,7.0,12.0,11.0,19.0,23.0,28.0,35.0,34.0,48.0,56.0,59.0,71.0,80.0,87.0,99.0,105.0,116.0,115.0,117.0,121.0,129.0,150.0,164.0,169.0,175.0,173.0,174.0,181.0,192.0,185.0,195.0,196.0,199.0,194.0,199.0,202.0
0.0,0.0,0.0,0.0,0.0,0.0,0.0,0.0,0.0,0.0,0.0,0.0,0.0,0.0,0.0,0.0,0.0,0.0,0.0,0.0,0.0,0.0,1.0,1.0,1.0,1.0,1.0,1.0,1.0,1.0,1.0,2.0,1.0,1.0,1.0,1.0,2.0,2.0,3.0,4.0,4.0,6.0,6.0,8.0,11.0,13.0,16.0,17.0,19.0,21.0,23.0,23.0,25.0,35.0,37.0,48.0,53.0,67.0,75.0,82.0,99.0,126.0,141.0,154.0,156.0,190.0,211.0,229.0,254.0,271.0,295.0,313.0,342.0,357.0,360.0,346.0,350.0,347.0,363.0,372.0,373.0,378.0,371.0,373.0,366.0,366.0,362.0
0.0,0.0,0.0,0.0,0.0,0.0,0.0,0.0,0.0,0.0,0.0,0.0,0.0,0.0,0.0,0.0,0.0,0.0,0.0,0.0,0.0,0.0,0.0,0.0,0.0,0.0,0.0,0.0,0.0,0.0,1.0,1.0,1.0,1.0,1.0,1.0,0.0,0.0,0.0,0.0,0.0,0.0,0.0,0.0,0.0,2.0,2.0,3.0,3.0,4.0,6.0,8.0,11.0,12.0,16.0,22.0,18.0,19.0,23.0,31.0,37.0,44.0,53.0,60.0,73.0,77.0,84.0,93.0,99.0,106.0,123.0,133.0,143.0,147.0,160.0,160.0,166.0,165.0,168.0,166.0,173.0,172.0,172.0,173.0,178.0,181.0,183.0
0.0,0.0,0.0,0.0,0.0,0.0,0.0,0.0,0.0,0.0,0.0,0.0,0.0,0.0,0.0,0.0,0.0,0.0,0.0,0.0,0.0,0.0,0.0,0.0,0.0,0.0,0.0,0.0,0.0,0.0,0.0,0.0,0.0,0.0,1.0,1.0,1.0,0.0,1.0,1.0,1.0,1.0,1.0,5.0,5.0,6.0,7.0,8.0,8.0,11.0,14.0,17.0,17.0,22.0,29.0,32.0,36.0,44.0,55.0,72.0,73.0,86.0,103.0,115.0,138.0,146.0,156.0,172.0,190.0,197.0,197.0,204.0,214.0,215.0,219.0,234.0,239.0,234.0,233.0,245.0,257.0,263.0,263.0,263.0,259.0,267.0,262.0
0.0,0.0,0.0,0.0,0.0,0.0,0.0,0.0,0.0,0.0,0.0,0.0,0.0,0.0,0.0,0.0,0.0,0.0,0.0,0.0,0.0,0.0,1.0,1.0,1.0,1.0,1.0,1.0,1.0,1.0,1.0,1.0,1.0,1.0,1.0,1.0,5.0,4.0,4.0,6.0,6.0,10.0,11.0,15.0,14.0,15.0,15.0,16.0,19.0,19.0,30.0,37.0,41.0,46.0,58.0,59.0,75.0,81.0,87.0,99.0,109.0,138.0,163.0,173.0,202.0,231.0,244.0,268.0,287.0,307.0,321.0,339.0,347.0,367.0,362.0,387.0,381.0,396.0,410.0,426.0,426.0,433.0,435.0,423.0,411.0,394.0,384.0
0.0,0.0,0.0,0.0,0.0,0.0,0.0,0.0,0.0,0.0,0.0,0.0,0.0,0.0,0.0,0.0,0.0,0.0,0.0,0.0,0.0,0.0,0.0,0.0,0.0,0.0,0.0,0.0,0.0,0.0,0.0,0.0,0.0,0.0,0.0,0.0,0.0,0.0,0.0,1.0,1.0,3.0,4.0,5.0,7.0,9.0,10.0,13.0,21.0,23.0,27.0,31.0,37.0,43.0,51.0,59.0,59.0,70.0,79.0,85.0,105.0,127.0,153.0,172.0,205.0,225.0,255.0,284.0,304.0,320.0,324.0,353.0,349.0,372.0,390.0,392.0,429.0,425.0,428.0,435.0,440.0,439.0,429.0,411.0,410.0,405.0,394.0
0.0,0.0,0.0,0.0,0.0,0.0,0.0,0.0,0.0,0.0,0.0,0.0,0.0,0.0,0.0,0.0,0.0,0.0,0.0,0.0,0.0,0.0,0.0,0.0,0.0,0.0,0.0,0.0,0.0,0.0,0.0,0.0,0.0,1.0,1.0,1.0,2.0,1.0,2.0,1.0,3.0,3.0,2.0,4.0,7.0,10.0,13.0,14.0,20.0,22.0,24.0,25.0,23.0,31.0,38.0,40.0,40.0,50.0,71.0,75.0,91.0,104.0,118.0,129.0,143.0,161.0,181.0,209.0,242.0,250.0,267.0,286.0,299.0,306.0,326.0,340.0,352.0,352.0,345.0,354.0,345.0,348.0,344.0,336.0,337.0,345.0,341.0
0.0,0.0,0.0,0.0,0.0,0.0,0.0,0.0,0.0,0.0,0.0,0.0,0.0,0.0,0.0,0.0,0.0,0.0,0.0,0.0,0.0,0.0,0.0,0.0,0.0,0.0,0.0,0.0,0.0,1.0,1.0,1.0,1.0,1.0,1.0,1.0,0.0,0.0,0.0,1.0,1.0,1.0,1.0,1.0,2.0,2.0,1.0,3.0,3.0,5.0,8.0,10.0,13.0,14.0,16.0,19.0,28.0,34.0,34.0,41.0,51.0,61.0,81.0,86.0,99.0,113.0,126.0,129.0,145.0,151.0,169.0,178.0,178.0,196.0,211.0,200.0,200.0,192.0,197.0,196.0,189.0,191.0,196.0,202.0,206.0,213.0,217.0
0.0,0.0,0.0,0.0,0.0,0.0,0.0,0.0,0.0,0.0,0.0,0.0,0.0,0.0,0.0,0.0,0.0,0.0,0.0,0.0,0.0,0.0,0.0,0.0,0.0,0.0,0.0,0.0,0.0,0.0,0.0,0.0,0.0,0.0,0.0,1.0,1.0,1.0,1.0,1.0,1.0,1.0,2.0,3.0,5.0,4.0,6.0,6.0,8.0,10.0,11.0,10.0,12.0,17.0,13.0,15.0,20.0,24.0,28.0,39.0,47.0,51.0,60.0,67.0,70.0,90.0,100.0,121.0,130.0,138.0,147.0,160.0,174.0,181.0,191.0,203.0,211.0,216.0,217.0,206.0,200.0,193.0,190.0,192.0,193.0,192.0,201.0
0.0,0.0,0.0,0.0,0.0,0.0,0.0,0.0,0.0,0.0,0.0,0.0,0.0,0.0,0.0,0.0,0.0,0.0,0.0,0.0,0.0,0.0,0.0,0.0,0.0,0.0,0.0,0.0,0.0,0.0,0.0,0.0,1.0,1.0,1.0,1.0,1.0,2.0,4.0,2.0,2.0,1.0,2.0,2.0,3.0,4.0,2.0,2.0,4.0,8.0,10.0,12.0,13.0,10.0,15.0,18.0,21.0,26.0,33.0,38.0,46.0,59.0,72.0,82.0,94.0,104.0,109.0,112.0,124.0,137.0,146.0,150.0,169.0,170.0,177.0,188.0,190.0,201.0,210.0,213.0,208.0,214.0,216.0,224.0,218.0,213.0,204.0
0.0,0.0,0.0,0.0,0.0,0.0,0.0,0.0,0.0,0.0,0.0,0.0,0.0,0.0,0.0,0.0,0.0,0.0,0.0,0.0,0.0,0.0,0.0,0.0,0.0,0.0,0.0,0.0,0.0,0.0,0.0,0.0,0.0,0.0,0.0,1.0,1.0,1.0,2.0,2.0,2.0,2.0,2.0,4.0,4.0,5.0,7.0,11.0,14.0,15.0,15.0,18.0,22.0,25.0,30.0,32.0,41.0,51.0,63.0,69.0,74.0,89.0,107.0,122.0,134.0,139.0,155.0,167.0,168.0,178.0,200.0,209.0,230.0,252.0,267.0,267.0,275.0,263.0,278.0,268.0,270.0,274.0,268.0,256.0,255.0,254.0,256.0
0.0,0.0,0.0,0.0,0.0,0.0,0.0,0.0,0.0,0.0,0.0,0.0,0.0,0.0,0.0,0.0,0.0,0.0,0.0,0.0,0.0,0.0,0.0,0.0,0.0,0.0,0.0,1.0,1.0,1.0,1.0,1.0,2.0,2.0,2.0,3.0,3.0,4.0,4.0,3.0,3.0,3.0,3.0,3.0,2.0,2.0,4.0,7.0,9.0,10.0,13.0,18.0,20.0,26.0,28.0,33.0,39.0,40.0,51.0,64.0,76.0,78.0,99.0,104.0,124.0,135.0,145.0,153.0,169.0,188.0,213.0,214.0,228.0,237.0,239.0,225.0,229.0,239.0,251.0,244.0,245.0,255.0,261.0,249.0,247.0,256.0,262.0
0.0,0.0,0.0,0.0,0.0,0.0,0.0,0.0,0.0,0.0,0.0,0.0,0.0,0.0,0.0,0.0,0.0,0.0,0.0,0.0,0.0,0.0,0.0,0.0,0.0,0.0,0.0,0.0,1.0,1.0,1.0,1.0,1.0,1.0,1.0,1.0,1.0,1.0,1.0,2.0,2.0,2.0,3.0,3.0,5.0,6.0,4.0,6.0,6.0,9.0,12.0,15.0,20.0,25.0,32.0,38.0,47.0,62.0,80.0,88.0,102.0,117.0,135.0,163.0,175.0,183.0,215.0,215.0,233.0,251.0,280.0,305.0,313.0,324.0,306.0,309.0,325.0,327.0,331.0,329.0,339.0,336.0,338.0,334.0,346.0,354.0,346.0
0.0,0.0,0.0,0.0,0.0,0.0,0.0,0.0,0.0,0.0,0.0,0.0,0.0,0.0,0.0,0.0,0.0,0.0,0.0,0.0,0.0,0.0,0.0,0.0,0.0,0.0,0.0,0.0,0.0,0.0,0.0,0.0,0.0,0.0,0.0,0.0,1.0,1.0,2.0,2.0,2.0,2.0,1.0,2.0,2.0,3.0,5.0,5.0,4.0,5.0,5.0,4.0,3.0,6.0,12.0,9.0,16.0,21.0,23.0,27.0,31.0,42.0,41.0,54.0,66.0,76.0,82.0,94.0,105.0,107.0,112.0,128.0,146.0,146.0,152.0,157.0,168.0,173.0,175.0,179.0,187.0,178.0,178.0,170.0,178.0,167.0,178.0
0.0,0.0,0.0,0.0,0.0,0.0,0.0,0.0,0.0,0.0,0.0,0.0,0.0,0.0,0.0,0.0,0.0,0.0,0.0,0.0,0.0,1.0,1.0,1.0,0.0,0.0,0.0,0.0,0.0,0.0,0.0,0.0,0.0,0.0,0.0,2.0,1.0,1.0,1.0,1.0,2.0,1.0,1.0,3.0,3.0,3.0,6.0,6.0,6.0,8.0,9.0,13.0,12.0,14.0,22.0,23.0,29.0,37.0,51.0,62.0,62.0,73.0,83.0,96.0,115.0,133.0,150.0,155.0,170.0,181.0,189.0,195.0,211.0,219.0,222.0,228.0,232.0,231.0,237.0,248.0,258.0,275.0,276.0,278.0,280.0,279.0,269.0
0.0,0.0,0.0,0.0,0.0,0.0,0.0,0.0,0.0,0.0,0.0,0.0,0.0,0.0,0.0,0.0,0.0,0.0,0.0,0.0,0.0,1.0,1.0,1.0,1.0,1.0,1.0,3.0,3.0,3.0,2.0,2.0,2.0,2.0,2.0,2.0,2.0,2.0,2.0,4.0,3.0,3.0,4.0,4.0,4.0,4.0,8.0,11.0,14.0,15.0,15.0,13.0,13.0,16.0,19.0,22.0,23.0,27.0,27.0,28.0,35.0,38.0,43.0,48.0,54.0,61.0,70.0,73.0,85.0,86.0,90.0,102.0,105.0,115.0,110.0,110.0,127.0,143.0,136.0,137.0,134.0,140.0,145.0,143.0,139.0,135.0,139.0
0.0,0.0,0.0,0.0,0.0,0.0,0.0,0.0,0.0,0.0,0.0,0.0,0.0,0.0,0.0,0.0,1.0,1.0,1.0,1.0,1.0,0.0,0.0,0.0,0.0,1.0,1.0,2.0,2.0,2.0,1.0,1.0,1.0,1.0,1.0,3.0,4.0,4.0,6.0,6.0,7.0,6.0,6.0,5.0,7.0,8.0,8.0,12.0,12.0,15.0,19.0,19.0,21.0,27.0,37.0,46.0,55.0,61.0,70.0,83.0,95.0,110.0,129.0,145.0,162.0,182.0,202.0,217.0,228.0,257.0,272.0,276.0,286.0,301.0,302.0,316.0,315.0,321.0,318.0,330.0,322.0,319.0,328.0,321.0,309.0,312.0,298.0
0.0,0.0,0.0,0.0,0.0,0.0,0.0,0.0,0.0,0.0,0.0,0.0,0.0,0.0,0.0,0.0,0.0,0.0,0.0,0.0,0.0,0.0,0.0,0.0,0.0,0.0,0.0,0.0,0.0,1.0,1.0,1.0,1.0,1.0,1.0,1.0,1.0,1.0,1.0,1.0,2.0,2.0,3.0,3.0,3.0,2.0,1.0,1.0,2.0,6.0,5.0,8.0,10.0,12.0,11.0,11.0,10.0,19.0,22.0,20.0,25.0,35.0,37.0,44.0,43.0,48.0,58.0,68.0,76.0,79.0,84.0,89.0,92.0,98.0,106.0,109.0,115.0,125.0,118.0,120.0,133.0,135.0,139.0,133.0,131.0,134.0,132.0
0.0,0.0,0.0,0.0,0.0,0.0,0.0,0.0,0.0,0.0,0.0,0.0,0.0,0.0,0.0,0.0,0.0,0.0,0.0,0.0,0.0,0.0,1.0,1.0,1.0,0.0,0.0,0.0,0.0,0.0,0.0,0.0,1.0,1.0,0.0,0.0,0.0,1.0,1.0,2.0,2.0,2.0,2.0,4.0,6.0,7.0,9.0,10.0,11.0,15.0,16.0,19.0,29.0,29.0,41.0,52.0,56.0,60.0,71.0,73.0,96.0,110.0,142.0,161.0,182.0,190.0,210.0,215.0,233.0,263.0,288.0,316.0,340.0,354.0,370.0,378.0,383.0,395.0,402.0,394.0,396.0,393.0,401.0,394.0,399.0,396.0,390.0
0.0,0.0,0.0,0.0,0.0,0.0,0.0,0.0,0.0,0.0,0.0,0.0,0.0,0.0,0.0,0.0,0.0,0.0,0.0,0.0,0.0,0.0,0.0,0.0,0.0,0.0,0.0,0.0,0.0,0.0,0.0,0.0,0.0,0.0,0.0,0.0,0.0,0.0,0.0,1.0,0.0,0.0,0.0,0.0,0.0,2.0,2.0,2.0,2.0,2.0,1.0,0.0,1.0,1.0,2.0,1.0,2.0,1.0,1.0,5.0,4.0,7.0,7.0,5.0,9.0,14.0,14.0,17.0,18.0,21.0,22.0,21.0,23.0,22.0,23.0,23.0,21.0,24.0,25.0,27.0,29.0,28.0,25.0,28.0,29.0,27.0,22.0
0.0,0.0,0.0,0.0,0.0,0.0,0.0,0.0,0.0,0.0,0.0,0.0,0.0,0.0,0.0,0.0,0.0,0.0,0.0,0.0,0.0,0.0,0.0,0.0,0.0,0.0,0.0,0.0,0.0,0.0,0.0,0.0,0.0,0.0,0.0,0.0,0.0,0.0,1.0,1.0,1.0,1.0,1.0,1.0,2.0,2.0,2.0,1.0,2.0,2.0,4.0,5.0,5.0,6.0,6.0,8.0,14.0,12.0,20.0,20.0,21.0,26.0,28.0,32.0,37.0,43.0,41.0,46.0,50.0,65.0,59.0,62.0,62.0,66.0,76.0,80.0,80.0,83.0,85.0,89.0,89.0,93.0,91.0,92.0,94.0,100.0,101.0
0.0,0.0,0.0,0.0,0.0,0.0,0.0,0.0,0.0,0.0,0.0,0.0,0.0,0.0,0.0,0.0,0.0,0.0,0.0,0.0,0.0,0.0,0.0,0.0,0.0,0.0,0.0,0.0,0.0,0.0,1.0,1.0,1.0,1.0,2.0,2.0,3.0,3.0,3.0,3.0,4.0,4.0,4.0,4.0,4.0,4.0,5.0,5.0,6.0,7.0,10.0,9.0,10.0,12.0,16.0,20.0,21.0,28.0,39.0,43.0,52.0,56.0,59.0,71.0,87.0,99.0,118.0,123.0,137.0,139.0,153.0,161.0,186.0,190.0,197.0,198.0,197.0,201.0,201.0,206.0,200.0,205.0,203.0,205.0,204.0,197.0,195.0
0.0,0.0,0.0,0.0,0.0,0.0,0.0,0.0,0.0,0.0,0.0,0.0,0.0,0.0,0.0,0.0,0.0,0.0,0.0,0.0,0.0,0.0,0.0,0.0,0.0,0.0,0.0,0.0,0.0,0.0,0.0,0.0,0.0,0.0,0.0,0.0,0.0,0.0,0.0,0.0,0.0,0.0,0.0,0.0,0.0,0.0,0.0,0.0,1.0,1.0,1.0,2.0,2.0,1.0,2.0,2.0,2.0,4.0,5.0,8.0,10.0,10.0,9.0,12.0,17.0,18.0,24.0,27.0,27.0,29.0,28.0,27.0,32.0,34.0,39.0,38.0,36.0,35.0,37.0,40.0,40.0,39.0,38.0,35.0,31.0,29.0,27.0
0.0,0.0,0.0,0.0,0.0,0.0,0.0,0.0,0.0,0.0,0.0,0.0,0.0,0.0,0.0,0.0,0.0,0.0,0.0,0.0,0.0,0.0,0.0,0.0,0.0,0.0,0.0,0.0,0.0,0.0,0.0,0.0,0.0,1.0,1.0,1.0,1.0,1.0,2.0,2.0,2.0,2.0,2.0,2.0,3.0,6.0,8.0,10.0,11.0,13.0,15.0,19.0,20.0,29.0,30.0,35.0,40.0,40.0,45.0,49.0,66.0,67.0,86.0,97.0,105.0,117.0,124.0,140.0,161.0,175.0,179.0,185.0,196.0,199.0,201.0,202.0,208.0,212.0,216.0,211.0,219.0,220.0,218.0,218.0,216.0,212.0,206.0
0.0,0.0,0.0,0.0,0.0,0.0,0.0,0.0,0.0,0.0,0.0,0.0,0.0,0.0,0.0,0.0,0.0,0.0,0.0,0.0,0.0,0.0,0.0,0.0,0.0,0.0,0.0,0.0,0.0,0.0,0.0,0.0,0.0,0.0,0.0,0.0,0.0,0.0,1.0,1.0,1.0,1.0,1.0,1.0,1.0,2.0,2.0,1.0,2.0,2.0,2.0,2.0,3.0,4.0,6.0,4.0,8.0,11.0,11.0,14.0,16.0,19.0,20.0,25.0,26.0,36.0,34.0,37.0,45.0,45.0,49.0,50.0,57.0,54.0,54.0,55.0,59.0,59.0,60.0,60.0,57.0,59.0,61.0,63.0,68.0,71.0,73.0
0.0,0.0,0.0,0.0,0.0,0.0,0.0,0.0,0.0,0.0,0.0,0.0,0.0,0.0,0.0,0.0,0.0,0.0,0.0,0.0,0.0,0.0,1.0,1.0,1.0,1.0,1.0,1.0,1.0,1.0,1.0,1.0,1.0,1.0,1.0,1.0,1.0,1.0,1.0,1.0,1.0,1.0,1.0,2.0,5.0,7.0,11.0,9.0,10.0,12.0,14.0,12.0,13.0,15.0,16.0,20.0,18.0,24.0,28.0,32.0,42.0,43.0,49.0,62.0,75.0,82.0,87.0,90.0,94.0,103.0,117.0,122.0,134.0,127.0,139.0,151.0,162.0,167.0,164.0,165.0,175.0,176.0,169.0,168.0,172.0,164.0,164.0
0.0,0.0,0.0,0.0,0.0,0.0,0.0,0.0,0.0,0.0,0.0,0.0,0.0,0.0,0.0,0.0,0.0,0.0,0.0,0.0,0.0,0.0,0.0,0.0,0.0,0.0,0.0,0.0,0.0,0.0,0.0,0.0,0.0,0.0,1.0,0.0,0.0,0.0,1.0,1.0,1.0,1.0,2.0,2.0,1.0,1.0,1.0,1.0,1.0,2.0,3.0,3.0,7.0,7.0,7.0,8.0,8.0,12.0,13.0,23.0,22.0,26.0,32.0,39.0,39.0,40.0,42.0,46.0,48.0,51.0,58.0,58.0,70.0,69.0,86.0,82.0,88.0,88.0,96.0,101.0,104.0,110.0,117.0,118.0,115.0,115.0,117.0
0.0,0.0,0.0,0.0,0.0,0.0,0.0,0.0,0.0,0.0,0.0,0.0,0.0,0.0,0.0,0.0,0.0,0.0,0.0,0.0,0.0,1.0,1.0,1.0,1.0,1.0,1.0,1.0,1.0,1.0,1.0,0.0,1.0,1.0,1.0,1.0,2.0,1.0,4.0,4.0,7.0,7.0,7.0,10.0,10.0,12.0,15.0,14.0,16.0,22.0,23.0,27.0,30.0,36.0,44.0,51.0,52.0,56.0,72.0,79.0,104.0,119.0,142.0,153.0,186.0,213.0,219.0,247.0,269.0,285.0,290.0,305.0,323.0,317.0,332.0,347.0,363.0,353.0,367.0,372.0,375.0,372.0,351.0,352.0,352.0,354.0,341.0
0.0,0.0,0.0,0.0,0.0,0.0,0.0,0.0,0.0,0.0,0.0,0.0,0.0,0.0,0.0,0.0,0.0,0.0,0.0,0.0,0.0,0.0,0.0,0.0,1.0,1.0,1.0,1.0,1.0,1.0,1.0,2.0,3.0,3.0,3.0,3.0,4.0,5.0,6.0,4.0,10.0,9.0,10.0,10.0,13.0,14.0,12.0,12.0,13.0,16.0,19.0,23.0,34.0,35.0,40.0,45.0,50.0,56.0,63.0,74.0,100.0,113.0,136.0,157.0,185.0,211.0,237.0,267.0,277.0,296.0,318.0,338.0,355.0,356.0,376.0,400.0,393.0,376.0,383.0,381.0,394.0,400.0,412.0,407.0,417.0,416.0,417.0
0.0,0.0,0.0,0.0,0.0,0.0,0.0,0.0,0.0,0.0,0.0,0.0,0.0,0.0,0.0,0.0,0.0,0.0,0.0,0.0,0.0,0.0,0.0,0.0,0.0,0.0,0.0,0.0,1.0,1.0,1.0,0.0,0.0,0.0,0.0,0.0,0.0,1.0,1.0,0.0,0.0,1.0,1.0,2.0,4.0,7.0,10.0,12.0,11.0,10.0,13.0,17.0,21.0,27.0,29.0,29.0,33.0,39.0,48.0,49.0,57.0,74.0,81.0,103.0,113.0,122.0,132.0,147.0,156.0,157.0,168.0,188.0,191.0,199.0,199.0,212.0,218.0,232.0,232.0,245.0,263.0,251.0,251.0,258.0,263.0,261.0,254.0
0.0,0.0,0.0,0.0,0.0,0.0,0.0,0.0,0.0,0.0,0.0,0.0,0.0,0.0,0.0,0.0,0.0,0.0,0.0,0.0,1.0,2.0,2.0,2.0,2.0,2.0,2.0,2.0,2.0,2.0,2.0,2.0,2.0,2.0,2.0,2.0,3.0,4.0,3.0,3.0,4.0,3.0,4.0,4.0,4.0,5.0,5.0,7.0,6.0,6.0,5.0,9.0,10.0,10.0,14.0,15.0,19.0,28.0,30.0,38.0,50.0,49.0,52.0,64.0,74.0,80.0,86.0,105.0,114.0,116.0,123.0,140.0,153.0,168.0,171.0,175.0,183.0,180.0,185.0,182.0,182.0,179.0,186.0,176.0,164.0,158.0,161.0
0.0,0.0,0.0,0.0,0.0,0.0,0.0,0.0,0.0,0.0,0.0,0.0,0.0,0.0,0.0,0.0,0.0,0.0,0.0,0.0,0.0,0.0,0.0,0.0,0.0,0.0,0.0,0.0,0.0,0.0,0.0,0.0,1.0,2.0,3.0,2.0,3.0,3.0,2.0,2.0,2.0,3.0,3.0,3.0,4.0,6.0,9.0,10.0,12.0,11.0,13.0,14.0,18.0,21.0,24.0,28.0,39.0,38.0,48.0,60.0,70.0,85.0,96.0,107.0,123.0,136.0,148.0,163.0,181.0,193.0,206.0,212.0,219.0,249.0,269.0,280.0,283.0,279.0,274.0,275.0,273.0,281.0,273.0,272.0,268.0,269.0,270.0
0.0,0.0,0.0,0.0,0.0,0.0,0.0,0.0,0.0,0.0,0.0,0.0,0.0,0.0,0.0,0.0,0.0,0.0,0.0,0.0,0.0,0.0,0.0,0.0,0.0,0.0,0.0,0.0,0.0,0.0,0.0,0.0,0.0,0.0,0.0,0.0,0.0,0.0,0.0,0.0,0.0,0.0,0.0,0.0,0.0,0.0,0.0,0.0,0.0,0.0,0.0,1.0,4.0,3.0,2.0,5.0,7.0,8.0,10.0,11.0,15.0,23.0,22.0,28.0,41.0,47.0,50.0,51.0,52.0,58.0,58.0,52.0,61.0,62.0,66.0,70.0,70.0,74.0,78.0,72.0,80.0,81.0,81.0,83.0,88.0,94.0,90.0
0.0,0.0,0.0,0.0,0.0,0.0,0.0,0.0,0.0,0.0,0.0,0.0,0.0,0.0,0.0,0.0,0.0,0.0,0.0,0.0,0.0,0.0,0.0,0.0,0.0,0.0,0.0,0.0,0.0,0.0,0.0,1.0,1.0,1.0,0.0,0.0,1.0,2.0,3.0,3.0,3.0,6.0,7.0,7.0,9.0,13.0,18.0,21.0,26.0,31.0,43.0,43.0,52.0,55.0,57.0,67.0,88.0,114.0,132.0,150.0,176.0,200.0,226.0,261.0,290.0,300.0,338.0,376.0,421.0,434.0,430.0,440.0,466.0,501.0,531.0,535.0,528.0,528.0,522.0,518.0,514.0,500.0,502.0,513.0,507.0,500.0,496.0
0.0,0.0,0.0,0.0,0.0,0.0,0.0,0.0,0.0,0.0,0.0,0.0,0.0,0.0,0.0,0.0,0.0,0.0,0.0,0.0,0.0,0.0,0.0,0.0,0.0,0.0,0.0,0.0,0.0,0.0,1.0,1.0,1.0,1.0,1.0,1.0,1.0,1.0,0.0,1.0,2.0,3.0,3.0,4.0,4.0,7.0,10.0,14.0,15.0,21.0,25.0,26.0,31.0,38.0,47.0,62.0,74.0,92.0,102.0,119.0,135.0,154.0,194.0,210.0,231.0,254.0,277.0,294.0,324.0,344.0,352.0,371.0,379.0,408.0,406.0,409.0,427.0,421.0,425.0,426.0,424.0,431.0,419.0,415.0,415.0,412.0,412.0
0.0,0.0,0.0,0.0,0.0,0.0,0.0,0.0,0.0,0.0,0.0,0.0,0.0,0.0,0.0,0.0,0.0,0.0,0.0,0.0,0.0,0.0,1.0,0.0,0.0,0.0,0.0,0.0,0.0,0.0,0.0,0.0,0.0,1.0,2.0,2.0,3.0,3.0,3.0,5.0,7.0,6.0,7.0,6.0,9.0,12.0,16.0,20.0,21.0,22.0,28.0,32.0,37.0,40.0,47.0,59.0,64.0,74.0,82.0,95.0,107.0,131.0,141.0,170.0,184.0,207.0,223.0,250.0,261.0,284.0,300.0,316.0,330.0,331.0,328.0,339.0,339.0,348.0,356.0,369.0,362.0,373.0,367.0,366.0,369.0,375.0,362.0
0.0,0.0,0.0,0.0,0.0,0.0,0.0,0.0,0.0,0.0,0.0,0.0,0.0,0.0,0.0,0.0,0.0,0.0,0.0,0.0,0.0,0.0,0.0,0.0,0.0,0.0,0.0,0.0,0.0,2.0,2.0,2.0,2.0,2.0,2.0,2.0,2.0,2.0,2.0,3.0,3.0,3.0,4.0,8.0,8.0,8.0,4.0,6.0,10.0,12.0,15.0,21.0,25.0,31.0,32.0,39.0,43.0,50.0,56.0,54.0,65.0,77.0,101.0,118.0,127.0,146.0,165.0,188.0,186.0,210.0,219.0,234.0,243.0,253.0,260.0,268.0,282.0,293.0,297.0,291.0,298.0,309.0,317.0,310.0,313.0,307.0,297.0
0.0,0.0,0.0,0.0,0.0,0.0,0.0,0.0,0.0,0.0,0.0,0.0,0.0,0.0,1.0,1.0,1.0,1.0,1.0,1.0,1.0,1.0,1.0,1.0,1.0,1.0,2.0,3.0,2.0,2.0,2.0,1.0,3.0,4.0,4.0,4.0,6.0,9.0,8.0,9.0,11.0,15.0,12.0,12.0,11.0,14.0,15.0,16.0,22.0,27.0,32.0,43.0,48.0,55.0,68.0,81.0,100.0,114.0,129.0,149.0,188.0,205.0,247.0,281.0,291.0,314.0,359.0,384.0,405.0,417.0,457.0,476.0,496.0,521.0,533.0,545.0,550.0,554.0,540.0,540.0,531.0,548.0,532.0,522.0,517.0,511.0,512.0
0.0,0.0,0.0,0.0,0.0,0.0,0.0,0.0,0.0,0.0,0.0,0.0,0.0,0.0,0.0,0.0,0.0,0.0,0.0,0.0,0.0,0.0,0.0,0.0,0.0,0.0,0.0,0.0,0.0,0.0,0.0,1.0,1.0,1.0,0.0,0.0,0.0,0.0,0.0,1.0,1.0,1.0,4.0,4.0,5.0,6.0,7.0,7.0,9.0,11.0,12.0,12.0,14.0,18.0,21.0,20.0,28.0,36.0,42.0,51.0,64.0,71.0,81.0,90.0,100.0,121.0,134.0,146.0,161.0,189.0,203.0,222.0,230.0,245.0,243.0,242.0,245.0,255.0,265.0,267.0,276.0,276.0,271.0,278.0,273.0,271.0,274.0
0.0,0.0,0.0,0.0,0.0,0.0,0.0,0.0,0.0,0.0,0.0,0.0,0.0,0.0,0.0,0.0,0.0,0.0,0.0,0.0,0.0,0.0,0.0,0.0,0.0,0.0,0.0,0.0,0.0,0.0,0.0,0.0,0.0,0.0,1.0,1.0,1.0,1.0,1.0,1.0,1.0,2.0,2.0,4.0,6.0,6.0,8.0,8.0,10.0,9.0,11.0,10.0,10.0,13.0,16.0,18.0,17.0,15.0,20.0,26.0,26.0,36.0,41.0,51.0,62.0,69.0,82.0,92.0,103.0,105.0,115.0,114.0,134.0,136.0,132.0,148.0,155.0,157.0,152.0,160.0,160.0,155.0,160.0,158.0,157.0,163.0,158.0
0.0,0.0,0.0,0.0,0.0,0.0,0.0,0.0,0.0,0.0,0.0,0.0,0.0,0.0,0.0,0.0,0.0,0.0,0.0,0.0,0.0,0.0,0.0,0.0,0.0,0.0,0.0,0.0,0.0,0.0,0.0,0.0,0.0,0.0,0.0,0.0,0.0,0.0,0.0,0.0,0.0,0.0,0.0,1.0,0.0,0.0,0.0,0.0,1.0,4.0,4.0,5.0,7.0,7.0,7.0,10.0,10.0,9.0,11.0,9.0,13.0,20.0,28.0,31.0,34.0,31.0,37.0,46.0,51.0,54.0,51.0,50.0,55.0,60.0,66.0,71.0,61.0,61.0,64.0,60.0,60.0,64.0,67.0,64.0,56.0,55.0,57.0
0.0,0.0,0.0,0.0,0.0,0.0,0.0,0.0,0.0,0.0,0.0,0.0,0.0,0.0,0.0,0.0,0.0,0.0,0.0,0.0,0.0,0.0,0.0,0.0,0.0,0.0,0.0,0.0,0.0,0.0,1.0,1.0,1.0,2.0,3.0,2.0,1.0,0.0,0.0,2.0,1.0,2.0,2.0,3.0,1.0,5.0,9.0,11.0,12.0,13.0,15.0,14.0,16.0,23.0,28.0,36.0,35.0,38.0,53.0,59.0,69.0,79.0,93.0,96.0,118.0,137.0,152.0,171.0,189.0,205.0,216.0,223.0,235.0,247.0,262.0,266.0,276.0,275.0,276.0,272.0,271.0,274.0,264.0,266.0,258.0,263.0,257.0
0.0,0.0,0.0,0.0,0.0,0.0,0.0,0.0,0.0,0.0,0.0,0.0,0.0,0.0,0.0,0.0,0.0,1.0,1.0,1.0,1.0,1.0,1.0,0.0,0.0,0.0,0.0,0.0,1.0,1.0,1.0,1.0,2.0,2.0,2.0,2.0,4.0,4.0,5.0,4.0,6.0,7.0,9.0,9.0,9.0,11.0,14.0,15.0,19.0,18.0,20.0,23.0,30.0,31.0,37.0,38.0,45.0,51.0,67.0,96.0,118.0,140.0,158.0,191.0,227.0,248.0,254.0,276.0,314.0,333.0,349.0,370.0,373.0,406.0,425.0,438.0,452.0,455.0,455.0,461.0,463.0,462.0,459.0,452.0,429.0,415.0,407.0
0.0,0.0,0.0,0.0,0.0,0.0,0.0,0.0,0.0,0.0,0.0,0.0,0.0,0.0,0.0,0.0,0.0,0.0,0.0,0.0,1.0,1.0,1.0,1.0,1.0,1.0,1.0,1.0,1.0,1.0,1.0,1.0,1.0,1.0,1.0,1.0,1.0,1.0,1.0,1.0,1.0,3.0,3.0,2.0,1.0,3.0,3.0,5.0,7.0,7.0,10.0,12.0,13.0,16.0,16.0,16.0,18.0,24.0,30.0,27.0,28.0,33.0,37.0,42.0,49.0,63.0,77.0,78.0,77.0,89.0,99.0,105.0,107.0,113.0,120.0,113.0,117.0,121.0,118.0,123.0,129.0,130.0,128.0,132.0,140.0,137.0,137.0
0.0,0.0,0.0,0.0,0.0,0.0,0.0,0.0,0.0,0.0,0.0,0.0,0.0,0.0,0.0,0.0,0.0,0.0,0.0,0.0,0.0,0.0,0.0,0.0,0.0,0.0,0.0,0.0,0.0,0.0,0.0,0.0,0.0,0.0,0.0,0.0,0.0,0.0,0.0,0.0,0.0,0.0,0.0,0.0,0.0,0.0,1.0,0.0,2.0,2.0,3.0,3.0,5.0,6.0,7.0,9.0,9.0,6.0,8.0,10.0,10.0,13.0,20.0,21.0,29.0,28.0,34.0,39.0,44.0,46.0,58.0,59.0,57.0,61.0,68.0,66.0,74.0,81.0,80.0,80.0,82.0,84.0,82.0,85.0,88.0,90.0,90.0
0.0,0.0,0.0,0.0,0.0,0.0,0.0,0.0,0.0,0.0,0.0,0.0,0.0,0.0,0.0,0.0,0.0,0.0,0.0,0.0,0.0,0.0,0.0,0.0,0.0,0.0,0.0,0.0,0.0,0.0,0.0,0.0,0.0,0.0,1.0,1.0,1.0,1.0,2.0,3.0,3.0,2.0,1.0,3.0,6.0,8.0,10.0,10.0,10.0,11.0,13.0,13.0,14.0,17.0,17.0,26.0,24.0,34.0,37.0,42.0,46.0,51.0,59.0,69.0,68.0,81.0,90.0,110.0,123.0,131.0,128.0,137.0,150.0,157.0,168.0,164.0,165.0,164.0,158.0,162.0,164.0,166.0,169.0,175.0,172.0,179.0,174.0
0.0,0.0,0.0,0.0,0.0,0.0,0.0,0.0,0.0,0.0,0.0,0.0,0.0,0.0,0.0,0.0,0.0,0.0,0.0,0.0,0.0,0.0,0.0,0.0,0.0,0.0,0.0,0.0,0.0,0.0,0.0,0.0,1.0,1.0,1.0,1.0,1.0,1.0,1.0,1.0,1.0,1.0,1.0,2.0,6.0,3.0,2.0,2.0,3.0,3.0,9.0,10.0,12.0,14.0,18.0,26.0,36.0,40.0,46.0,55.0,74.0,83.0,87.0,96.0,108.0,131.0,141.0,150.0,162.0,176.0,175.0,186.0,212.0,222.0,219.0,240.0,245.0,242.0,236.0,237.0,243.0,245.0,249.0,247.0,237.0,237.0,230.0
0.0,0.0,0.0,0.0,0.0,0.0,0.0,0.0,0.0,0.0,0.0,0.0,0.0,1.0,1.0,1.0,1.0,1.0,1.0,1.0,1.0,1.0,1.0,0.0,0.0,0.0,0.0,0.0,0.0,0.0,0.0,2.0,2.0,2.0,0.0,0.0,0.0,0.0,0.0,0.0,2.0,2.0,2.0,3.0,3.0,4.0,7.0,8.0,6.0,7.0,6.0,6.0,6.0,4.0,9.0,15.0,15.0,19.0,24.0,26.0,28.0,32.0,38.0,43.0,52.0,56.0,66.0,78.0,91.0,102.0,119.0,126.0,128.0,137.0,139.0,151.0,154.0,157.0,154.0,155.0,156.0,156.0,158.0,169.0,170.0,175.0,167.0
0.0,0.0,0.0,0.0,0.0,0.0,0.0,0.0,0.0,0.0,0.0,0.0,0.0,0.0,0.0,0.0,1.0,1.0,1.0,1.0,1.0,0.0,0.0,0.0,1.0,1.0,1.0,1.0,1.0,1.0,2.0,2.0,2.0,3.0,3.0,4.0,4.0,6.0,6.0,5.0,7.0,7.0,7.0,8.0,9.0,12.0,10.0,11.0,14.0,21.0,31.0,37.0,40.0,42.0,50.0,61.0,74.0,83.0,97.0,117.0,138.0,158.0,172.0,188.0,200.0,213.0,257.0,284.0,310.0,320.0,342.0,353.0,365.0,388.0,399.0,404.0,399.0,407.0,418.0,409.0,410.0,404.0,402.0,415.0,420.0,431.0,431.0
0.0,0.0,0.0,0.0,0.0,0.0,0.0,0.0,0.0,0.0,0.0,0.0,0.0,0.0,1.0,1.0,1.0,1.0,0.0,0.0,0.0,0.0,0.0,0.0,0.0,0.0,0.0,0.0,0.0,0.0,0.0,0.0,0.0,0.0,0.0,1.0,1.0,1.0,1.0,1.0,2.0,2.0,1.0,3.0,4.0,4.0,8.0,9.0,10.0,14.0,15.0,14.0,18.0,19.0,28.0,34.0,42.0,48.0,54.0,63.0,86.0,98.0,117.0,124.0,136.0,165.0,174.0,191.0,202.0,219.0,232.0,240.0,242.0,256.0,270.0,283.0,304.0,301.0,303.0,302.0,316.0,313.0,314.0,331.0,328.0,318.0,315.0
0.0,0.0,0.0,0.0,0.0,0.0,0.0,0.0,0.0,0.0,0.0,0.0,0.0,0.0,0.0,0.0,0.0,0.0,0.0,0.0,0.0,0.0,0.0,0.0,0.0,0.0,0.0,1.0,1.0,1.0,1.0,2.0,2.0,2.0,2.0,2.0,3.0,5.0,4.0,5.0,4.0,4.0,7.0,7.0,8.0,9.0,11.0,11.0,11.0,10.0,13.0,17.0,22.0,28.0,29.0,30.0,40.0,54.0,64.0,73.0,81.0,95.0,122.0,132.0,141.0,158.0,181.0,194.0,200.0,225.0,236.0,247.0,277.0,290.0,304.0,304.0,305.0,326.0,326.0,329.0,328.0,332.0,327.0,323.0,327.0,326.0,324.0
0.0,0.0,0.0,0.0,0.0,0.0,0.0,0.0,0.0,0.0,0.0,0.0,0.0,0.0,0.0,0.0,0.0,0.0,0.0,0.0,0.0,0.0,0.0,0.0,0.0,0.0,0.0,0.0,0.0,0.0,0.0,0.0,0.0,0.0,0.0,0.0,0.0,1.0,1.0,1.0,1.0,1.0,2.0,4.0,3.0,3.0,3.0,2.0,2.0,3.0,5.0,5.0,4.0,6.0,9.0,9.0,9.0,10.0,11.0,13.0,16.0,19.0,28.0,33.0,37.0,40.0,40.0,51.0,49.0,60.0,62.0,64.0,71.0,75.0,83.0,84.0,88.0,83.0,85.0,88.0,92.0,101.0,96.0,97.0,96.0,95.0,100.0
