5.0,6.0,7.0,7.0,8.0,6.0,7.0,7.0,8.0,12.0,12.0,14.0,16.0,15.0,17.0,21.0,21.0,24.0,25.0,27.0,31.0,36.0,42.0,45.0,58.0,66.0,70.0,73.0,92.0,109.0,126.0,150.0,162.0,178.0,198.0,228.0,261.0,284.0,334.0,376.0,412.0,469.0,528.0,601.0,704.0,826.0,1003.0,1169.0,1338.0,1522.0,1678.0,1864.0,2093.0,2397.0,2698.0,3038.0,3468.0,3913.0,4387.0,4874.0,5481.0,6289.0,7156.0,8024.0,9021.0,8555.0,7995.0,7095.0,6202.0,5444.0,4857.0,4396.0,3953.0,3638.0,3343.0,2961.0,2676.0,2388.0,2162.0,1924.0,1703.0,1499.0,1327.0,1191.0,1110.0,992.0,890.0,790.0,686.0,603.0,534.0,460.0,415.0,380.0,339.0,299.0
5.0,8.0,9.0,8.0,12.0,18.0,23.0,29.0,34.0,40.0,47.0,53.0,61.0,63.0,71.0,81.0,91.0,114.0,125.0,140.0,154.0,164.0,184.0,208.0,220.0,247.0,288.0,314.0,368.0,421.0,476.0,556.0,637.0,725.0,814.0,895.0,985.0,1110.0,1248.0,1362.0,1550.0,1739.0,1976.0,2206.0,2487.0,2826.0,3210.0,3621.0,4084.0,4617.0,5258.0,5953.0,6674.0,7388.0,8317.0,9327.0,10507.0,11744.0,13119.0,14718.0,16489.0,18414.0,20311.0,22391.0,24577.0,22984.0,20790.0,18409.0,16085.0,14044.0,12399.0,10962.0,9889.0,8785.0,7690.0,6840.0,6119.0,5475.0,4797.0,4224.0,3691.0,3273.0,2815.0,2430.0,2169.0,1925.0,1704.0,1484.0,1278.0,1094.0,949.0,831.0,730.0,646.0,567.0,503.0
5.0,5.0,5.0,4.0,4.0,4.0,3.0,3.0,3.0,5.0,5.0,4.0,5.0,8.0,6.0,10.0,11.0,10.0,13.0,11.0,11.0,16.0,19.0,22.0,24.0,31.0,36.0,45.0,62.0,70.0,75.0,95.0,99.0,109.0,114.0,130.0,160.0,180.0,195.0,221.0,257.0,280.0,319.0,374.0,432.0,489.0,557.0,644.0,728.0,819.0,902.0,1024.0,1168.0,1353.0,1552.0,1768.0,1991.0,2206.0,2500.0,2841.0,3182.0,3622.0,4101.0,4577.0,5146.0,4839.0,4423.0,3979.0,3534.0,3183.0,2875.0,2559.0,2310.0,2056.0,1863.0,1666.0,1481.0,1322.0,1159.0,1026.0,926.0,803.0,727.0,645.0,590.0,529.0,455.0,424.0,375.0,347.0,304.0,289.0,265.0,227.0,206.0,178.0
5.0,6.0,6.0,7.0,7.0,7.0,8.0,9.0,12.0,15.0,17.0,21.0,27.0,34.0,37.0,46.0,48.0,57.0,61.0,74.0,98.0,99.0,110.0,133.0,171.0,199.0,224.0,262.0,317.0,359.0,397.0,437.0,506.0,562.0,644.0,720.0,820.0,937.0,1052.0,1199.0,1356.0,1471.0,1639.0,1837.0,2081.0,2335.0,2670.0,2997.0,3423.0,3867.0,4331.0,4850.0,5508.0,6164.0,6909.0,7719.0,8673.0,9636.0,10653.0,11920.0,13283.0,14814.0,16493.0,18300.0,20161.0,19017.0,17398.0,15408.0,13351.0,11583.0,10291.0,9156.0,8200.0,7354.0,6489.0,5771.0,5142.0,4573.0,4029.0,3537.0,3105.0,2779.0,2432.0,2134.0,1866.0,1647.0,1434.0,1313.0,1175.0,1031.0,896.0,808.0,711.0,623.0,545.0,460.0
5.0,6.0,9.0,10.0,9.0,7.0,7.0,7.0,8.0,6.0,6.0,6.0,11.0,13.0,12.0,16.0,19.0,19.0,23.0,37.0,44.0,48.0,48.0,57.0,63.0,65.0,71.0,77.0,79.0,97.0,107.0,118.0,130.0,157.0,168.0,186.0,201.0,233.0,282.0,322.0,369.0,416.0,465.0,523.0,576.0,655.0,740.0,848.0,975.0,1100.0,1275.0,1445.0,1695.0,1950.0,2167.0,2501.0,2892.0,3284.0,3686.0,4086.0,4642.0,5262.0,5908.0,6707.0,7542.0,7145.0,6591.0,5973.0,5318.0,4689.0,4189.0,3851.0,3521.0,3195.0,2891.0,2611.0,2308.0,2046.0,1823.0,1577.0,1386.0,1245.0,1155.0,1039.0,924.0,824.0,747.0,669.0,579.0,518.0,477.0,422.0,362.0,323.0,294.0,263.0
5.0,5.0,6.0,6.0,6.0,7.0,8.0,9.0,9.0,10.0,8.0,12.0,15.0,21.0,24.0,28.0,36.0,33.0,39.0,48.0,57.0,66.0,69.0,74.0,72.0,91.0,98.0,112.0,124.0,131.0,147.0,153.0,171.0,193.0,228.0,267.0,303.0,350.0,403.0,474.0,553.0,597.0,659.0,755.0,856.0,983.0,1128.0,1279.0,1488.0,1672.0,1921.0,2171.0,2424.0,2747.0,3098.0,3462.0,3871.0,4384.0,4948.0,5587.0,6311.0,7102.0,7971.0,8893.0,9947.0,9431.0,8659.0,7765.0,6891.0,6175.0,5495.0,4903.0,4373.0,3905.0,3516.0,3200.0,2831.0,2558.0,2288.0,2019.0,1833.0,1638.0,1451.0,1340.0,1195.0,1076.0,947.0,856.0,765.0,692.0,595.0,511.0,466.0,427.0,384.0,338.0
5.0,6.0,6.0,9.0,13.0,15.0,16.0,21.0,23.0,24.0,27.0,34.0,39.0,46.0,47.0,51.0,70.0,81.0,95.0,113.0,118.0,132.0,130.0,155.0,172.0,208.0,228.0,286.0,331.0,382.0,438.0,490.0,558.0,661.0,737.0,836.0,973.0,1130.0,1280.0,1472.0,1674.0,1880.0,2172.0,2471.0,2796.0,3090.0,3502.0,3938.0,4383.0,4948.0,5692.0,6439.0,7211.0,8068.0,9147.0,10219.0,11392.0,12841.0,14272.0,15792.0,17601.0,19525.0,21413.0,23451.0,25590.0,23877.0,21821.0,19292.0,16831.0,14522.0,12672.0,11137.0,9874.0,8673.0,7670.0,6755.0,5965.0,5265.0,4701.0,4140.0,3673.0,3219.0,2783.0,2450.0,2154.0,1878.0,1628.0,1399.0,1251.0,1095.0,943.0,807.0,721.0,661.0,606.0,537.0
5.0,6.0,5.0,7.0,8.0,7.0,10.0,8.0,11.0,12.0,12.0,9.0,12.0,13.0,19.0,20.0,27.0,33.0,39.0,42.0,47.0,43.0,45.0,51.0,59.0,63.0,83.0,103.0,114.0,127.0,146.0,165.0,184.0,207.0,228.0,268.0,304.0,359.0,389.0,455.0,517.0,597.0,661.0,768.0,868.0,987.0,1143.0,1339.0,1493.0,1667.0,1882.0,2124.0,2398.0,2674.0,3046.0,3407.0,3845.0,4427.0,5084.0,5760.0,6527.0,7301.0,8233.0,9153.0,10269.0,9681.0,8823.0,7863.0,7046.0,6190.0,5526.0,4974.0,4530.0,4069.0,3694.0,3338.0,2940.0,2625.0,2373.0,2097.0,1839.0,1593.0,1430.0,1268.0,1161.0,1040.0,942.0,807.0,732.0,663.0,572.0,513.0,465.0,413.0,374.0,337.0
5.0,6.0,7.0,8.0,8.0,11.0,8.0,12.0,14.0,15.0,14.0,16.0,21.0,28.0,30.0,28.0,35.0,46.0,51.0,61.0,63.0,72.0,82.0,78.0,87.0,90.0,102.0,113.0,129.0,147.0,159.0,178.0,194.0,220.0,242.0,282.0,315.0,370.0,421.0,487.0,550.0,618.0,719.0,796.0,883.0,987.0,1136.0,1285.0,1411.0,1640.0,1851.0,2075.0,2340.0,2583.0,2947.0,3272.0,3715.0,4203.0,4741.0,5395.0,6098.0,6863.0,7793.0,8739.0,9854.0,9177.0,8372.0,7574.0,6666.0,5939.0,5364.0,4873.0,4345.0,3898.0,3542.0,3130.0,2800.0,2498.0,2249.0,2007.0,1794.0,1634.0,1483.0,1344.0,1220.0,1076.0,942.0,853.0,757.0,678.0,601.0,521.0,463.0,419.0,370.0,340.0
5.0,7.0,8.0,12.0,9.0,10.0,14.0,13.0,15.0,23.0,29.0,31.0,36.0,41.0,49.0,49.0,67.0,71.0,83.0,94.0,94.0,106.0,117.0,135.0,159.0,187.0,219.0,251.0,288.0,307.0,350.0,396.0,441.0,475.0,534.0,592.0,648.0,757.0,837.0,966.0,1068.0,1213.0,1341.0,1503.0,1668.0,1896.0,2141.0,2499.0,2846.0,3245.0,3660.0,4119.0,4682.0,5276.0,5947.0,6745.0,7522.0,8523.0,9540.0,10689.0,11844.0,13161.0,14597.0,16222.0,18093.0,17108.0,15611.0,13889.0,12255.0,10799.0,9574.0,8550.0,7623.0,6731.0,5944.0,5306.0,4748.0,4223.0,3806.0,3390.0,3001.0,2619.0,2372.0,2109.0,1857.0,1624.0,1411.0,1217.0,1056.0,927.0,823.0,729.0,669.0,624.0,532.0,457.0
5.0,7.0,8.0,11.0,11.0,12.0,13.0,14.0,16.0,17.0,17.0,20.0,23.0,25.0,31.0,33.0,36.0,45.0,48.0,50.0,51.0,58.0,73.0,81.0,94.0,101.0,118.0,138.0,154.0,172.0,213.0,231.0,268.0,284.0,307.0,352.0,393.0,439.0,496.0,585.0,666.0,741.0,829.0,933.0,1049.0,1206.0,1363.0,1569.0,1761.0,1995.0,2193.0,2495.0,2844.0,3218.0,3713.0,4205.0,4759.0,5244.0,5875.0,6549.0,7318.0,8219.0,9192.0,10158.0,11435.0,10815.0,10046.0,8994.0,7961.0,7012.0,6207.0,5578.0,5000.0,4547.0,4068.0,3643.0,3294.0,2900.0,2542.0,2319.0,2050.0,1822.0,1616.0,1480.0,1317.0,1158.0,1049.0,925.0,776.0,699.0,610.0,551.0,487.0,448.0,409.0,359.0
5.0,7.0,7.0,9.0,6.0,6.0,10.0,14.0,14.0,14.0,17.0,18.0,19.0,21.0,21.0,29.0,34.0,41.0,48.0,47.0,52.0,53.0,64.0,73.0,76.0,85.0,94.0,106.0,122.0,135.0,154.0,152.0,158.0,187.0,202.0,239.0,263.0,286.0,314.0,355.0,416.0,490.0,578.0,660.0,728.0,811.0,947.0,1072.0,1238.0,1359.0,1529.0,1709.0,1933.0,2186.0,2484.0,2889.0,3262.0,3688.0,4191.0,4693.0,5248.0,5889.0,6566.0,7463.0,8421.0,7944.0,7373.0,6579.0,5755.0,5150.0,4559.0,4098.0,3690.0,3351.0,3015.0,2730.0,2373.0,2104.0,1855.0,1641.0,1458.0,1317.0,1215.0,1096.0,977.0,859.0,774.0,685.0,623.0,565.0,514.0,444.0,413.0,380.0,327.0,274.0
5.0,6.0,7.0,8.0,8.0,5.0,7.0,6.0,5.0,7.0,9.0,11.0,10.0,10.0,11.0,11.0,9.0,8.0,11.0,12.0,15.0,19.0,25.0,30.0,35.0,46.0,52.0,66.0,75.0,87.0,105.0,125.0,136.0,149.0,182.0,196.0,219.0,245.0,283.0,311.0,340.0,376.0,429.0,460.0,529.0,584.0,675.0,759.0,852.0,982.0,1130.0,1290.0,1493.0,1651.0,1890.0,2145.0,2401.0,2714.0,3063.0,3501.0,3976.0,4449.0,5021.0,5635.0,6399.0,6077.0,5616.0,5050.0,4472.0,3993.0,3524.0,3235.0,2961.0,2640.0,2413.0,2155.0,1937.0,1733.0,1561.0,1383.0,1239.0,1129.0,1017.0,889.0,779.0,699.0,630.0,595.0,517.0,477.0,408.0,369.0,330.0,298.0,266.0,217.0
5.0,8.0,10.0,13.0,16.0,16.0,13.0,13.0,14.0,18.0,21.0,21.0,22.0,24.0,29.0,29.0,40.0,44.0,46.0,50.0,50.0,61.0,66.0,72.0,83.0,103.0,126.0,141.0,156.0,190.0,206.0,225.0,259.0,275.0,321.0,363.0,389.0,449.0,483.0,565.0,659.0,738.0,805.0,906.0,1030.0,1176.0,1310.0,1472.0,1684.0,1898.0,2117.0,2404.0,2716.0,3089.0,3509.0,3972.0,4447.0,4989.0,5664.0,6333.0,7193.0,8026.0,8916.0,10138.0,11392.0,10710.0,9858.0,8857.0,7762.0,6892.0,6185.0,5492.0,4994.0,4521.0,4048.0,3598.0,3205.0,2815.0,2530.0,2194.0,1944.0,1743.0,1530.0,1318.0,1200.0,1052.0,932.0,831.0,739.0,658.0,588.0,529.0,465.0,432.0,405.0,371.0
5.0,5.0,7.0,7.0,6.0,6.0,10.0,11.0,15.0,16.0,14.0,20.0,26.0,22.0,22.0,23.0,24.0,26.0,30.0,31.0,33.0,39.0,44.0,51.0,59.0,71.0,81.0,89.0,98.0,107.0,129.0,150.0,187.0,226.0,247.0,306.0,337.0,382.0,431.0,481.0,530.0,609.0,678.0,804.0,956.0,1113.0,1225.0,1417.0,1595.0,1808.0,2016.0,2252.0,2549.0,2851.0,3243.0,3691.0,4249.0,4820.0,5476.0,6173.0,6868.0,7807.0,8743.0,9836.0,10968.0,10378.0,9447.0,8510.0,7500.0,6581.0,5869.0,5267.0,4722.0,4234.0,3800.0,3421.0,3102.0,2782.0,2454.0,2160.0,1914.0,1699.0,1481.0,1316.0,1149.0,1006.0,908.0,779.0,706.0,651.0,572.0,529.0,463.0,402.0,355.0,302.0
5.0,7.0,11.0,11.0,12.0,19.0,26.0,31.0,36.0,48.0,55.0,64.0,70.0,80.0,82.0,85.0,95.0,119.0,145.0,160.0,188.0,217.0,259.0,305.0,350.0,399.0,445.0,499.0,589.0,669.0,772.0,878.0,1053.0,1209.0,1357.0,1506.0,1694.0,1865.0,2128.0,2387.0,2696.0,3079.0,3549.0,4043.0,4542.0,5117.0,5923.0,6648.0,7413.0,8260.0,9214.0,10323.0,11527.0,12940.0,14457.0,16202.0,17834.0,19642.0,21589.0,23667.0,25756.0,28021.0,30231.0,32788.0,35309.0,32677.0,29507.0,25678.0,22003.0,18918.0,16383.0,14128.0,12423.0,10953.0,9804.0,8602.0,7497.0,6517.0,5754.0,4994.0,4412.0,3769.0,3291.0,2912.0,2510.0,2149.0,1888.0,1652.0,1465.0,1283.0,1101.0,979.0,857.0,714.0,622.0,544.0
5.0,7.0,8.0,8.0,8.0,10.0,8.0,11.0,16.0,18.0,18.0,26.0,30.0,40.0,39.0,37.0,43.0,42.0,43.0,51.0,52.0,71.0,86.0,96.0,116.0,133.0,154.0,180.0,197.0,226.0,252.0,300.0,351.0,408.0,458.0,530.0,588.0,664.0,746.0,850.0,951.0,1092.0,1279.0,1460.0,1689.0,1896.0,2105.0,2400.0,2699.0,3086.0,3493.0,4019.0,4438.0,5002.0,5650.0,6304.0,7142.0,8066.0,8940.0,10110.0,11433.0,12886.0,14291.0,15979.0,17600.0,16508.0,15083.0,13431.0,11621.0,10265.0,9033.0,8040.0,7224.0,6468.0,5872.0,5233.0,4669.0,4158.0,3693.0,3287.0,2936.0,2530.0,2204.0,1980.0,1715.0,1554.0,1368.0,1251.0,1099.0,972.0,849.0,778.0,700.0,622.0,546.0,471.0
5.0,5.0,7.0,8.0,8.0,6.0,8.0,8.0,8.0,9.0,13.0,16.0,21.0,25.0,22.0,20.0,19.0,25.0,33.0,41.0,55.0,64.0,71.0,81.0,96.0,109.0,121.0,142.0,169.0,191.0,218.0,257.0,286.0,314.0,360.0,423.0,468.0,524.0,614.0,702.0,811.0,896.0,994.0,1107.0,1277.0,1440.0,1649.0,1851.0,2154.0,2460.0,2764.0,3092.0,3495.0,3930.0,4443.0,5045.0,5711.0,6471.0,7311.0,8126.0,9141.0,10215.0,11491.0,12843.0,14215.0,13405.0,12263.0,10891.0,9502.0,8358.0,7370.0,6626.0,5889.0,5348.0,4848.0,4300.0,3818.0,3396.0,3011.0,2631.0,2362.0,2107.0,1828.0,1630.0,1437.0,1257.0,1141.0,1021.0,856.0,762.0,683.0,612.0,519.0,452.0,404.0,350.0
5.0,8.0,9.0,10.0,16.0,17.0,14.0,15.0,15.0,14.0,14.0,17.0,15.0,17.0,23.0,30.0,35.0,39.0,40.0,43.0,53.0,65.0,69.0,82.0,97.0,101.0,117.0,128.0,143.0,164.0,181.0,203.0,224.0,254.0,275.0,299.0,337.0,384.0,438.0,491.0,530.0,612.0,701.0,824.0,934.0,1059.0,1201.0,1363.0,1523.0,1723.0,1989.0,2256.0,2475.0,2789.0,3156.0,3581.0,4183.0,4686.0,5254.0,5945.0,6640.0,7391.0,8351.0,9358.0,10534.0,9989.0,9248.0,8373.0,7284.0,6449.0,5780.0,5159.0,4648.0,4235.0,3801.0,3362.0,3008.0,2714.0,2441.0,2187.0,1934.0,1764.0,1546.0,1352.0,1197.0,1035.0,941.0,866.0,748.0,683.0,620.0,568.0,506.0,434.0,367.0,330.0
5.0,7.0,10.0,11.0,12.0,12.0,14.0,15.0,16.0,20.0,18.0,20.0,23.0,23.0,23.0,27.0,28.0,32.0,33.0,34.0,35.0,41.0,50.0,54.0,63.0,73.0,74.0,84.0,87.0,103.0,115.0,119.0,142.0,165.0,204.0,245.0,301.0,363.0,412.0,479.0,534.0,593.0,657.0,752.0,896.0,994.0,1158.0,1330.0,1490.0,1687.0,1909.0,2136.0,2394.0,2649.0,2994.0,3435.0,3963.0,4453.0,5006.0,5638.0,6372.0,7191.0,8072.0,9004.0,10078.0,9509.0,8726.0,7779.0,6841.0,6118.0,5375.0,4847.0,4368.0,3984.0,3600.0,3216.0,2917.0,2629.0,2326.0,2066.0,1849.0,1639.0,1461.0,1292.0,1181.0,1061.0,928.0,816.0,733.0,650.0,569.0,485.0,422.0,359.0,336.0,303.0
5.0,5.0,5.0,4.0,2.0,2.0,1.0,3.0,5.0,4.0,7.0,8.0,7.0,7.0,14.0,23.0,26.0,25.0,30.0,31.0,28.0,44.0,45.0,49.0,50.0,62.0,67.0,77.0,73.0,95.0,97.0,129.0,150.0,173.0,197.0,241.0,274.0,332.0,376.0,433.0,524.0,624.0,703.0,786.0,869.0,970.0,1046.0,1164.0,1323.0,1482.0,1709.0,1965.0,2209.0,2519.0,2891.0,3242.0,3651.0,4161.0,4710.0,5272.0,5966.0,6761.0,7534.0,8459.0,9491.0,8993.0,8241.0,7405.0,6545.0,5772.0,5089.0,4555.0,4102.0,3627.0,3287.0,2936.0,2605.0,2333.0,2081.0,1841.0,1629.0,1463.0,1288.0,1158.0,993.0,875.0,745.0,666.0,602.0,497.0,471.0,437.0,395.0,351.0,319.0,264.0
5.0,5.0,8.0,10.0,11.0,14.0,14.0,15.0,15.0,20.0,22.0,24.0,28.0,33.0,38.0,40.0,54.0,61.0,72.0,74.0,76.0,74.0,82.0,87.0,98.0,123.0,146.0,165.0,176.0,191.0,213.0,252.0,282.0,325.0,390.0,441.0,485.0,535.0,608.0,696.0,770.0,877.0,1019.0,1192.0,1363.0,1584.0,1809.0,2049.0,2297.0,2586.0,2859.0,3198.0,3643.0,4100.0,4605.0,5152.0,5777.0,6487.0,7333.0,8165.0,9198.0,10343.0,11511.0,12828.0,14310.0,13419.0,12408.0,11057.0,9779.0,8598.0,7615.0,6776.0,6046.0,5462.0,4848.0,4291.0,3811.0,3429.0,3060.0,2679.0,2383.0,2153.0,1914.0,1698.0,1546.0,1359.0,1185.0,1054.0,926.0,825.0,761.0,672.0,587.0,494.0,425.0,353.0
5.0,6.0,8.0,11.0,13.0,11.0,14.0,12.0,11.0,8.0,12.0,14.0,17.0,18.0,21.0,21.0,28.0,37.0,38.0,41.0,45.0,44.0,51.0,54.0,68.0,80.0,98.0,112.0,119.0,135.0,154.0,182.0,193.0,224.0,260.0,303.0,349.0,393.0,463.0,532.0,603.0,688.0,797.0,895.0,1045.0,1169.0,1311.0,1525.0,1751.0,1963.0,2191.0,2478.0,2771.0,3165.0,3601.0,4088.0,4663.0,5195.0,5824.0,6498.0,7294.0,8251.0,9208.0,10298.0,11414.0,10826.0,9942.0,8876.0,7868.0,6897.0,6169.0,5504.0,4947.0,4467.0,3991.0,3544.0,3202.0,2895.0,2565.0,2292.0,2021.0,1798.0,1613.0,1460.0,1266.0,1120.0,1000.0,897.0,799.0,708.0,605.0,542.0,463.0,418.0,372.0,313.0
5.0,5.0,5.0,6.0,7.0,7.0,5.0,8.0,11.0,12.0,14.0,14.0,13.0,20.0,24.0,28.0,33.0,27.0,40.0,43.0,48.0,53.0,69.0,84.0,107.0,134.0,151.0,174.0,192.0,224.0,236.0,274.0,333.0,367.0,390.0,439.0,517.0,567.0,646.0,731.0,836.0,962.0,1053.0,1179.0,1323.0,1481.0,1680.0,1865.0,2099.0,2384.0,2701.0,3023.0,3403.0,3790.0,4289.0,4850.0,5499.0,6256.0,7024.0,7826.0,8826.0,9866.0,11073.0,12344.0,13694.0,12935.0,11844.0,10463.0,9158.0,8100.0,7206.0,6482.0,5797.0,5272.0,4686.0,4205.0,3740.0,3320.0,2923.0,2548.0,2286.0,2043.0,1835.0,1640.0,1454.0,1294.0,1130.0,1017.0,901.0,806.0,726.0,660.0,552.0,499.0,422.0,378.0
5.0,5.0,5.0,6.0,7.0,6.0,9.0,10.0,12.0,12.0,11.0,10.0,10.0,11.0,11.0,14.0,18.0,16.0,18.0,23.0,29.0,34.0,36.0,36.0,41.0,51.0,61.0,70.0,72.0,87.0,92.0,102.0,107.0,121.0,126.0,141.0,166.0,188.0,207.0,216.0,246.0,278.0,318.0,344.0,393.0,467.0,530.0,595.0,699.0,803.0,935.0,1053.0,1209.0,1372.0,1552.0,1725.0,1921.0,2174.0,2446.0,2736.0,3069.0,3463.0,3949.0,4447.0,5001.0,4831.0,4514.0,4027.0,3551.0,3164.0,2851.0,2572.0,2330.0,2088.0,1890.0,1712.0,1500.0,1385.0,1244.0,1088.0,992.0,877.0,779.0,677.0,588.0,528.0,479.0,432.0,402.0,371.0,338.0,290.0,262.0,238.0,221.0,204.0
5.0,4.0,4.0,3.0,2.0,2.0,1.0,1.0,1.0,0.0,2.0,2.0,3.0,5.0,3.0,3.0,4.0,5.0,6.0,7.0,8.0,7.0,5.0,5.0,4.0,4.0,2.0,3.0,4.0,3.0,4.0,4.0,3.0,3.0,7.0,9.0,12.0,15.0,20.0,22.0,24.0,28.0,34.0,33.0,43.0,46.0,45.0,56.0,69.0,76.0,90.0,109.0,127.0,141.0,154.0,174.0,191.0,211.0,230.0,260.0,296.0,352.0,383.0,432.0,484.0,458.0,433.0,385.0,354.0,301.0,274.0,267.0,244.0,237.0,214.0,190.0,165.0,154.0,129.0,113.0,106.0,103.0,107.0,89.0,81.0,77.0,70.0,56.0,47.0,41.0,40.0,30.0,32.0,31.0,26.0,22.0
5.0,5.0,6.0,7.0,9.0,12.0,11.0,12.0,13.0,18.0,23.0,27.0,32.0,35.0,36.0,34.0,35.0,38.0,35.0,37.0,40.0,41.0,44.0,54.0,62.0,70.0,69.0,76.0,86.0,102.0,117.0,148.0,164.0,193.0,209.0,227.0,257.0,281.0,330.0,357.0,414.0,487.0,558.0,621.0,710.0,789.0,871.0,996.0,1121.0,1285.0,1471.0,1673.0,1836.0,2072.0,2359.0,2717.0,3064.0,3519.0,3970.0,4479.0,5034.0,5691.0,6408.0,7179.0,8061.0,7663.0,7019.0,6358.0,5705.0,5052.0,4522.0,4009.0,3617.0,3292.0,3010.0,2721.0,2435.0,2198.0,1958.0,1763.0,1518.0,1350.0,1211.0,1093.0,966.0,869.0,775.0,684.0,618.0,562.0,472.0,412.0,341.0,304.0,279.0,237.0
5.0,7.0,9.0,12.0,13.0,15.0,17.0,17.0,18.0,21.0,26.0,25.0,35.0,39.0,41.0,43.0,52.0,46.0,50.0,58.0,67.0,78.0,88.0,95.0,123.0,144.0,154.0,173.0,192.0,219.0,269.0,312.0,354.0,398.0,439.0,507.0,571.0,631.0,705.0,786.0,924.0,1070.0,1199.0,1384.0,1544.0,1740.0,1922.0,2182.0,2505.0,2858.0,3218.0,3685.0,4173.0,4781.0,5427.0,6115.0,6817.0,7616.0,8586.0,9615.0,10692.0,11917.0,13320.0,14931.0,16464.0,15544.0,14214.0,12672.0,11072.0,9761.0,8677.0,7684.0,6818.0,6090.0,5477.0,4931.0,4401.0,3867.0,3425.0,3011.0,2626.0,2310.0,2033.0,1778.0,1603.0,1416.0,1215.0,1068.0,925.0,852.0,759.0,637.0,571.0,483.0,420.0,369.0
5.0,5.0,6.0,6.0,7.0,8.0,9.0,6.0,6.0,4.0,5.0,8.0,12.0,10.0,12.0,11.0,11.0,11.0,14.0,18.0,22.0,27.0,29.0,34.0,37.0,47.0,52.0,59.0,61.0,71.0,85.0,94.0,105.0,117.0,139.0,160.0,191.0,211.0,233.0,273.0,280.0,303.0,351.0,388.0,430.0,474.0,527.0,609.0,660.0,745.0,829.0,920.0,1065.0,1220.0,1380.0,1549.0,1761.0,1987.0,2217.0,2518.0,2872.0,3254.0,3599.0,4109.0,4759.0,4555.0,4239.0,3752.0,3371.0,2995.0,2665.0,2382.0,2168.0,1987.0,1800.0,1618.0,1457.0,1298.0,1182.0,1028.0,928.0,845.0,774.0,706.0,613.0,537.0,474.0,423.0,373.0,340.0,312.0,273.0,239.0,212.0,195.0,157.0
5.0,6.0,7.0,8.0,9.0,12.0,13.0,12.0,10.0,11.0,11.0,15.0,19.0,24.0,31.0,35.0,38.0,41.0,49.0,59.0,68.0,71.0,79.0,80.0,82.0,88.0,104.0,126.0,151.0,174.0,212.0,242.0,273.0,337.0,387.0,458.0,506.0,574.0,663.0,774.0,871.0,973.0,1111.0,1263.0,1473.0,1651.0,1868.0,2072.0,2345.0,2664.0,3044.0,3442.0,3913.0,4489.0,5011.0,5521.0,6115.0,6788.0,7546.0,8417.0,9506.0,10686.0,11935.0,13301.0,14786.0,13836.0,12683.0,11284.0,10064.0,8890.0,7861.0,7060.0,6421.0,5796.0,5169.0,4603.0,4152.0,3699.0,3269.0,2881.0,2562.0,2278.0,2016.0,1782.0,1579.0,1382.0,1265.0,1119.0,995.0,865.0,779.0,694.0,636.0,557.0,532.0,469.0
5.0,6.0,7.0,9.0,7.0,6.0,5.0,6.0,9.0,11.0,12.0,13.0,18.0,16.0,12.0,17.0,25.0,34.0,44.0,48.0,60.0,70.0,80.0,81.0,88.0,92.0,104.0,120.0,146.0,167.0,183.0,214.0,252.0,294.0,334.0,392.0,436.0,502.0,598.0,698.0,813.0,937.0,1025.0,1149.0,1290.0,1454.0,1644.0,1858.0,2149.0,2451.0,2787.0,3170.0,3615.0,4101.0,4692.0,5268.0,5945.0,6611.0,7454.0,8339.0,9340.0,10425.0,11594.0,12970.0,14490.0,13619.0,12421.0,11122.0,9820.0,8625.0,7649.0,6872.0,6266.0,5712.0,5074.0,4527.0,4010.0,3493.0,3100.0,2748.0,2404.0,2163.0,1923.0,1696.0,1512.0,1337.0,1204.0,1085.0,974.0,842.0,761.0,662.0,613.0,533.0,485.0,441.0
5.0,7.0,8.0,13.0,10.0,13.0,13.0,14.0,12.0,14.0,17.0,26.0,30.0,31.0,37.0,46.0,45.0,50.0,53.0,65.0,77.0,88.0,96.0,106.0,121.0,147.0,167.0,185.0,222.0,262.0,279.0,304.0,333.0,374.0,410.0,489.0,552.0,644.0,731.0,815.0,951.0,1064.0,1207.0,1380.0,1612.0,1847.0,2077.0,2366.0,2697.0,3085.0,3485.0,3982.0,4416.0,4943.0,5650.0,6359.0,7199.0,8143.0,9022.0,10080.0,11261.0,12619.0,14068.0,15597.0,17317.0,16390.0,15029.0,13412.0,11657.0,10245.0,9057.0,7969.0,7158.0,6386.0,5755.0,5121.0,4500.0,4054.0,3591.0,3180.0,2775.0,2393.0,2133.0,1952.0,1719.0,1534.0,1340.0,1188.0,1047.0,956.0,829.0,725.0,644.0,554.0,489.0,434.0
5.0,4.0,5.0,7.0,10.0,12.0,17.0,22.0,22.0,26.0,20.0,24.0,26.0,33.0,35.0,39.0,43.0,45.0,48.0,49.0,55.0,66.0,75.0,82.0,94.0,100.0,112.0,132.0,150.0,188.0,219.0,250.0,283.0,308.0,371.0,417.0,489.0,562.0,618.0,699.0,802.0,945.0,1078.0,1191.0,1378.0,1583.0,1809.0,2043.0,2360.0,2673.0,3006.0,3310.0,3766.0,4260.0,4782.0,5334.0,6108.0,6902.0,7755.0,8827.0,9781.0,10952.0,12180.0,13687.0,15184.0,14282.0,13180.0,11804.0,10428.0,9157.0,8150.0,7263.0,6576.0,5824.0,5201.0,4653.0,4113.0,3606.0,3196.0,2883.0,2533.0,2246.0,1950.0,1724.0,1557.0,1379.0,1250.0,1081.0,964.0,846.0,738.0,633.0,574.0,549.0,487.0,458.0
5.0,6.0,6.0,7.0,8.0,9.0,14.0,14.0,17.0,22.0,28.0,28.0,30.0,31.0,33.0,28.0,33.0,38.0,45.0,46.0,47.0,62.0,69.0,78.0,84.0,88.0,101.0,117.0,131.0,131.0,148.0,177.0,201.0,219.0,263.0,289.0,311.0,352.0,378.0,437.0,494.0,535.0,609.0,702.0,791.0,887.0,993.0,1156.0,1271.0,1438.0,1695.0,1923.0,2209.0,2439.0,2791.0,3143.0,3511.0,3960.0,4457.0,5027.0,5694.0,6457.0,7354.0,8235.0,9274.0,8747.0,8010.0,7233.0,6392.0,5606.0,5041.0,4520.0,4087.0,3764.0,3388.0,3043.0,2710.0,2408.0,2148.0,1869.0,1669.0,1468.0,1313.0,1159.0,1030.0,910.0,800.0,699.0,615.0,559.0,509.0,453.0,401.0,358.0,320.0,282.0
5.0,5.0,6.0,9.0,8.0,9.0,10.0,11.0,16.0,22.0,26.0,34.0,41.0,45.0,54.0,69.0,75.0,90.0,102.0,108.0,124.0,145.0,170.0,187.0,202.0,232.0,277.0,328.0,379.0,428.0,453.0,522.0,586.0,647.0,719.0,807.0,910.0,1080.0,1253.0,1444.0,1599.0,1823.0,2077.0,2335.0,2644.0,2949.0,3361.0,3771.0,4292.0,4842.0,5452.0,6170.0,7023.0,7890.0,8839.0,9865.0,10959.0,12292.0,13695.0,15252.0,17007.0,18810.0,20699.0,22702.0,25001.0,23328.0,21186.0,18766.0,16296.0,14231.0,12451.0,11047.0,9921.0,8901.0,7895.0,6981.0,6168.0,5384.0,4812.0,4198.0,3604.0,3204.0,2797.0,2424.0,2174.0,1877.0,1668.0,1427.0,1246.0,1108.0,986.0,854.0,763.0,699.0,615.0,552.0
5.0,7.0,8.0,8.0,6.0,7.0,7.0,6.0,6.0,10.0,14.0,13.0,17.0,20.0,19.0,20.0,21.0,22.0,23.0,27.0,32.0,35.0,38.0,37.0,46.0,43.0,52.0,62.0,74.0,78.0,92.0,102.0,120.0,137.0,157.0,183.0,206.0,237.0,271.0,304.0,372.0,436.0,485.0,549.0,618.0,674.0,767.0,866.0,968.0,1080.0,1241.0,1361.0,1515.0,1732.0,1950.0,2239.0,2608.0,2924.0,3292.0,3733.0,4147.0,4649.0,5230.0,5921.0,6602.0,6252.0,5767.0,5191.0,4612.0,4103.0,3630.0,3265.0,2933.0,2637.0,2329.0,2136.0,1954.0,1748.0,1609.0,1439.0,1283.0,1131.0,1009.0,888.0,781.0,680.0,590.0,507.0,461.0,418.0,394.0,362.0,327.0,297.0,267.0,245.0
5.0,5.0,6.0,7.0,6.0,6.0,5.0,7.0,7.0,9.0,12.0,12.0,10.0,10.0,10.0,13.0,18.0,22.0,26.0,30.0,32.0,35.0,39.0,44.0,51.0,60.0,67.0,69.0,76.0,87.0,101.0,110.0,121.0,135.0,160.0,180.0,186.0,218.0,264.0,309.0,366.0,415.0,464.0,531.0,597.0,694.0,810.0,873.0,962.0,1085.0,1221.0,1354.0,1561.0,1760.0,1992.0,2216.0,2492.0,2824.0,3195.0,3545.0,4014.0,4526.0,5106.0,5753.0,6421.0,6112.0,5613.0,5101.0,4591.0,4104.0,3668.0,3318.0,3007.0,2740.0,2507.0,2244.0,2012.0,1810.0,1611.0,1438.0,1294.0,1137.0,985.0,852.0,724.0,638.0,585.0,522.0,475.0,443.0,399.0,376.0,353.0,320.0,283.0,248.0
5.0,5.0,5.0,6.0,7.0,9.0,10.0,12.0,12.0,15.0,22.0,27.0,32.0,34.0,34.0,41.0,38.0,35.0,43.0,50.0,52.0,56.0,59.0,64.0,80.0,96.0,106.0,115.0,145.0,162.0,178.0,194.0,232.0,264.0,264.0,291.0,337.0,376.0,421.0,477.0,515.0,578.0,642.0,717.0,815.0,919.0,1048.0,1155.0,1320.0,1514.0,1729.0,1953.0,2238.0,2587.0,2912.0,3229.0,3658.0,4156.0,4703.0,5256.0,5964.0,6706.0,7440.0,8422.0,9443.0,8989.0,8271.0,7418.0,6515.0,5744.0,5104.0,4596.0,4166.0,3755.0,3446.0,3098.0,2747.0,2453.0,2218.0,1981.0,1775.0,1566.0,1398.0,1214.0,1081.0,952.0,816.0,725.0,628.0,554.0,491.0,444.0,404.0,360.0,327.0,281.0
5.0,6.0,6.0,6.0,5.0,4.0,7.0,7.0,9.0,9.0,12.0,14.0,15.0,16.0,18.0,19.0,20.0,23.0,30.0,34.0,41.0,40.0,39.0,47.0,49.0,62.0,62.0,66.0,74.0,82.0,86.0,94.0,112.0,116.0,140.0,155.0,171.0,182.0,198.0,215.0,252.0,281.0,313.0,354.0,387.0,461.0,515.0,601.0,684.0,747.0,864.0,937.0,1087.0,1234.0,1466.0,1709.0,1909.0,2165.0,2474.0,2830.0,3202.0,3607.0,4102.0,4603.0,5235.0,5045.0,4616.0,4152.0,3740.0,3310.0,2948.0,2657.0,2380.0,2154.0,1899.0,1726.0,1557.0,1384.0,1224.0,1113.0,999.0,924.0,820.0,756.0,694.0,602.0,530.0,484.0,445.0,392.0,352.0,310.0,280.0,252.0,223.0,190.0
5.0,5.0,7.0,6.0,7.0,9.0,10.0,12.0,17.0,22.0,24.0,25.0,32.0,33.0,38.0,43.0,52.0,65.0,78.0,93.0,104.0,122.0,142.0,149.0,172.0,184.0,206.0,228.0,258.0,300.0,330.0,365.0,390.0,450.0,517.0,575.0,649.0,747.0,842.0,943.0,1039.0,1122.0,1298.0,1498.0,1694.0,1916.0,2195.0,2509.0,2828.0,3191.0,3592.0,4050.0,4586.0,5207.0,5804.0,6575.0,7410.0,8431.0,9445.0,10508.0,11652.0,13057.0,14523.0,15973.0,17654.0,16641.0,15113.0,13469.0,11799.0,10409.0,9216.0,8189.0,7359.0,6538.0,5880.0,5268.0,4674.0,4205.0,3696.0,3272.0,2867.0,2582.0,2305.0,2021.0,1790.0,1591.0,1452.0,1278.0,1151.0,989.0,900.0,767.0,690.0,588.0,525.0,459.0
5.0,6.0,8.0,7.0,7.0,9.0,10.0,8.0,8.0,11.0,8.0,11.0,11.0,12.0,15.0,13.0,12.0,13.0,14.0,14.0,14.0,13.0,12.0,16.0,21.0,21.0,30.0,37.0,45.0,50.0,59.0,57.0,62.0,64.0,80.0,96.0,117.0,128.0,147.0,163.0,183.0,198.0,230.0,269.0,305.0,328.0,361.0,414.0,466.0,539.0,620.0,675.0,753.0,859.0,950.0,1073.0,1223.0,1339.0,1533.0,1753.0,1974.0,2253.0,2536.0,2894.0,3259.0,3116.0,2898.0,2628.0,2345.0,2042.0,1796.0,1666.0,1530.0,1389.0,1244.0,1151.0,1070.0,944.0,826.0,755.0,660.0,585.0,512.0,443.0,404.0,348.0,310.0,279.0,246.0,223.0,205.0,181.0,167.0,161.0,136.0,128.0
5.0,5.0,5.0,6.0,7.0,6.0,4.0,6.0,8.0,8.0,7.0,8.0,10.0,17.0,20.0,23.0,25.0,32.0,37.0,42.0,45.0,48.0,51.0,60.0,64.0,76.0,80.0,76.0,86.0,105.0,125.0,165.0,202.0,217.0,249.0,276.0,290.0,323.0,362.0,405.0,441.0,494.0,564.0,646.0,733.0,838.0,963.0,1077.0,1217.0,1374.0,1613.0,1856.0,2139.0,2403.0,2655.0,3021.0,3401.0,3870.0,4347.0,4906.0,5445.0,6164.0,6898.0,7789.0,8706.0,8182.0,7573.0,6808.0,5924.0,5225.0,4649.0,4174.0,3854.0,3486.0,3178.0,2846.0,2543.0,2239.0,1971.0,1767.0,1610.0,1469.0,1337.0,1229.0,1117.0,964.0,829.0,738.0,616.0,536.0,470.0,424.0,384.0,337.0,292.0,258.0
5.0,6.0,10.0,10.0,9.0,5.0,4.0,5.0,7.0,6.0,7.0,7.0,5.0,5.0,5.0,6.0,6.0,6.0,7.0,10.0,17.0,20.0,25.0,26.0,30.0,29.0,33.0,38.0,51.0,66.0,80.0,87.0,93.0,99.0,115.0,135.0,145.0,164.0,196.0,228.0,255.0,294.0,334.0,345.0,399.0,452.0,534.0,597.0,712.0,805.0,926.0,1065.0,1144.0,1288.0,1450.0,1666.0,1921.0,2161.0,2432.0,2755.0,3145.0,3534.0,4057.0,4546.0,5112.0,4875.0,4453.0,3989.0,3594.0,3212.0,2890.0,2556.0,2376.0,2126.0,1928.0,1730.0,1537.0,1341.0,1190.0,1049.0,933.0,815.0,739.0,651.0,564.0,510.0,441.0,406.0,353.0,342.0,307.0,262.0,239.0,222.0,191.0,171.0
5.0,6.0,8.0,9.0,9.0,11.0,14.0,19.0,19.0,21.0,24.0,25.0,30.0,38.0,44.0,53.0,57.0,67.0,79.0,86.0,93.0,109.0,117.0,137.0,155.0,168.0,194.0,216.0,234.0,277.0,308.0,346.0,401.0,435.0,499.0,574.0,680.0,766.0,830.0,930.0,1068.0,1194.0,1364.0,1542.0,1746.0,1973.0,2246.0,2542.0,2916.0,3274.0,3655.0,4128.0,4833.0,5367.0,6092.0,6855.0,7725.0,8701.0,9715.0,10855.0,12169.0,13601.0,15158.0,16687.0,18413.0,17309.0,15900.0,14060.0,12305.0,10849.0,9545.0,8446.0,7550.0,6741.0,6036.0,5377.0,4753.0,4248.0,3735.0,3315.0,2937.0,2626.0,2315.0,2037.0,1826.0,1616.0,1439.0,1279.0,1152.0,1013.0,926.0,825.0,727.0,637.0,561.0,521.0
5.0,6.0,10.0,12.0,15.0,15.0,17.0,19.0,21.0,25.0,28.0,39.0,43.0,48.0,55.0,58.0,70.0,75.0,87.0,102.0,128.0,145.0,159.0,182.0,192.0,215.0,251.0,301.0,362.0,415.0,463.0,494.0,538.0,599.0,664.0,774.0,844.0,935.0,1068.0,1184.0,1373.0,1536.0,1755.0,2005.0,2293.0,2583.0,2915.0,3221.0,3598.0,4036.0,4652.0,5272.0,5874.0,6567.0,7343.0,8230.0,9195.0,10308.0,11622.0,12943.0,14334.0,15931.0,17471.0,19332.0,21415.0,20151.0,18336.0,16222.0,14225.0,12280.0,10759.0,9584.0,8534.0,7613.0,6786.0,5971.0,5341.0,4707.0,4152.0,3622.0,3162.0,2819.0,2465.0,2171.0,1936.0,1711.0,1478.0,1277.0,1120.0,1000.0,901.0,808.0,721.0,623.0,543.0,482.0
5.0,6.0,6.0,4.0,6.0,7.0,6.0,6.0,3.0,5.0,4.0,3.0,6.0,8.0,7.0,9.0,13.0,18.0,22.0,27.0,34.0,36.0,42.0,48.0,50.0,50.0,51.0,58.0,72.0,86.0,82.0,93.0,108.0,119.0,135.0,147.0,156.0,184.0,211.0,226.0,273.0,312.0,352.0,411.0,440.0,508.0,569.0,652.0,726.0,825.0,922.0,1037.0,1143.0,1306.0,1532.0,1745.0,1988.0,2236.0,2534.0,2873.0,3210.0,3687.0,4121.0,4651.0,5216.0,4919.0,4546.0,4079.0,3622.0,3228.0,2858.0,2558.0,2335.0,2075.0,1933.0,1757.0,1575.0,1423.0,1265.0,1125.0,1002.0,884.0,798.0,728.0,653.0,609.0,529.0,462.0,420.0,377.0,349.0,306.0,277.0,241.0,226.0,214.0
5.0,5.0,4.0,6.0,9.0,10.0,9.0,11.0,13.0,19.0,21.0,25.0,25.0,29.0,29.0,37.0,47.0,58.0,65.0,67.0,86.0,96.0,110.0,120.0,132.0,155.0,178.0,203.0,227.0,263.0,294.0,323.0,368.0,395.0,445.0,505.0,579.0,649.0,743.0,848.0,970.0,1070.0,1184.0,1359.0,1518.0,1751.0,1950.0,2203.0,2484.0,2822.0,3185.0,3587.0,4088.0,4600.0,5137.0,5788.0,6568.0,7258.0,8225.0,9217.0,10419.0,11493.0,12825.0,14295.0,15784.0,14812.0,13642.0,12261.0,10876.0,9496.0,8387.0,7605.0,6730.0,6078.0,5461.0,4858.0,4322.0,3894.0,3410.0,3017.0,2663.0,2283.0,2061.0,1843.0,1637.0,1447.0,1282.0,1183.0,1071.0,970.0,835.0,731.0,649.0,562.0,518.0,452.0
5.0,8.0,8.0,8.0,8.0,9.0,10.0,11.0,14.0,12.0,15.0,18.0,15.0,18.0,18.0,18.0,19.0,27.0,42.0,51.0,61.0,73.0,77.0,86.0,90.0,114.0,128.0,143.0,168.0,200.0,231.0,271.0,310.0,362.0,439.0,488.0,551.0,600.0,682.0,781.0,896.0,1007.0,1155.0,1317.0,1490.0,1703.0,1912.0,2144.0,2487.0,2821.0,3151.0,3573.0,4135.0,4682.0,5267.0,5890.0,6600.0,7352.0,8337.0,9320.0,10439.0,11698.0,13165.0,14722.0,16455.0,15493.0,14117.0,12544.0,10942.0,9521.0,8447.0,7571.0,6797.0,6088.0,5431.0,4847.0,4306.0,3866.0,3429.0,3022.0,2656.0,2345.0,2099.0,1837.0,1609.0,1387.0,1248.0,1105.0,968.0,868.0,795.0,705.0,643.0,575.0,488.0,403.0
5.0,6.0,6.0,9.0,9.0,12.0,12.0,15.0,15.0,15.0,16.0,22.0,27.0,29.0,28.0,29.0,32.0,33.0,44.0,48.0,57.0,63.0,58.0,56.0,53.0,62.0,77.0,86.0,92.0,93.0,109.0,129.0,150.0,170.0,192.0,214.0,237.0,274.0,315.0,353.0,388.0,453.0,509.0,588.0,703.0,761.0,864.0,985.0,1151.0,1313.0,1519.0,1734.0,1947.0,2181.0,2443.0,2712.0,3077.0,3514.0,3936.0,4436.0,4964.0,5540.0,6243.0,7086.0,7960.0,7550.0,6978.0,6204.0,5431.0,4809.0,4284.0,3815.0,3399.0,3032.0,2735.0,2478.0,2247.0,1998.0,1747.0,1566.0,1388.0,1233.0,1073.0,955.0,853.0,762.0,680.0,610.0,538.0,495.0,431.0,375.0,339.0,321.0,285.0,257.0
5.0,7.0,8.0,8.0,8.0,7.0,10.0,15.0,14.0,20.0,22.0,27.0,37.0,41.0,50.0,62.0,74.0,70.0,83.0,91.0,105.0,105.0,128.0,152.0,172.0,200.0,222.0,263.0,301.0,329.0,380.0,447.0,518.0,606.0,675.0,799.0,870.0,958.0,1078.0,1199.0,1351.0,1529.0,1768.0,2024.0,2256.0,2517.0,2828.0,3158.0,3553.0,3926.0,4383.0,4957.0,5543.0,6169.0,7053.0,7848.0,8850.0,9831.0,10843.0,12029.0,13472.0,14952.0,16643.0,18422.0,20222.0,18959.0,17310.0,15348.0,13502.0,11783.0,10438.0,9314.0,8244.0,7349.0,6552.0,5910.0,5221.0,4655.0,4083.0,3591.0,3120.0,2717.0,2411.0,2101.0,1833.0,1623.0,1429.0,1258.0,1110.0,986.0,888.0,756.0,658.0,590.0,517.0,446.0
5.0,7.0,9.0,10.0,11.0,10.0,10.0,10.0,10.0,11.0,15.0,17.0,22.0,28.0,28.0,30.0,30.0,38.0,44.0,46.0,53.0,56.0,69.0,80.0,88.0,89.0,89.0,99.0,117.0,138.0,161.0,203.0,237.0,285.0,313.0,343.0,406.0,479.0,534.0,603.0,682.0,771.0,846.0,917.0,1029.0,1195.0,1351.0,1621.0,1825.0,2069.0,2305.0,2572.0,2914.0,3271.0,3717.0,4169.0,4755.0,5368.0,6038.0,6825.0,7714.0,8677.0,9822.0,10975.0,12275.0,11521.0,10556.0,9448.0,8373.0,7471.0,6615.0,5905.0,5244.0,4688.0,4236.0,3812.0,3394.0,3079.0,2762.0,2473.0,2246.0,1981.0,1728.0,1530.0,1366.0,1213.0,1058.0,944.0,816.0,728.0,635.0,570.0,512.0,466.0,410.0,358.0
5.0,7.0,8.0,9.0,7.0,10.0,8.0,9.0,10.0,12.0,14.0,17.0,18.0,19.0,19.0,19.0,20.0,21.0,27.0,32.0,31.0,27.0,28.0,27.0,36.0,49.0,55.0,64.0,72.0,80.0,92.0,108.0,121.0,139.0,162.0,183.0,190.0,213.0,253.0,270.0,296.0,345.0,391.0,454.0,536.0,645.0,730.0,803.0,914.0,1030.0,1166.0,1297.0,1488.0,1644.0,1882.0,2140.0,2425.0,2748.0,3069.0,3452.0,3872.0,4399.0,4961.0,5540.0,6171.0,5814.0,5466.0,4896.0,4309.0,3902.0,3559.0,3224.0,2904.0,2564.0,2321.0,2086.0,1887.0,1718.0,1535.0,1388.0,1231.0,1107.0,972.0,854.0,782.0,710.0,621.0,552.0,498.0,437.0,410.0,381.0,338.0,303.0,279.0,254.0
5.0,7.0,7.0,8.0,8.0,4.0,6.0,6.0,8.0,6.0,3.0,3.0,4.0,5.0,9.0,13.0,19.0,22.0,27.0,31.0,31.0,40.0,50.0,54.0,60.0,72.0,83.0,95.0,110.0,130.0,149.0,164.0,195.0,229.0,248.0,293.0,341.0,412.0,502.0,570.0,649.0,707.0,800.0,883.0,986.0,1103.0,1235.0,1423.0,1582.0,1847.0,2070.0,2304.0,2599.0,2923.0,3243.0,3655.0,4169.0,4768.0,5367.0,6015.0,6758.0,7543.0,8477.0,9453.0,10586.0,10140.0,9390.0,8380.0,7369.0,6449.0,5703.0,5139.0,4582.0,4134.0,3695.0,3407.0,3078.0,2767.0,2477.0,2189.0,1912.0,1685.0,1507.0,1334.0,1166.0,1059.0,920.0,828.0,749.0,656.0,577.0,493.0,445.0,409.0,372.0,315.0
5.0,7.0,9.0,10.0,11.0,12.0,15.0,13.0,17.0,21.0,25.0,32.0,43.0,50.0,53.0,63.0,80.0,87.0,100.0,109.0,124.0,149.0,185.0,208.0,230.0,251.0,286.0,307.0,360.0,385.0,433.0,469.0,522.0,591.0,656.0,744.0,853.0,984.0,1130.0,1252.0,1444.0,1635.0,1874.0,2106.0,2408.0,2773.0,3115.0,3466.0,3879.0,4341.0,4933.0,5639.0,6426.0,7165.0,8067.0,9089.0,10155.0,11268.0,12611.0,13995.0,15571.0,17463.0,19419.0,21403.0,23587.0,22117.0,20057.0,17783.0,15525.0,13560.0,11939.0,10594.0,9401.0,8459.0,7532.0,6718.0,5998.0,5249.0,4659.0,4079.0,3565.0,3119.0,2724.0,2362.0,2114.0,1836.0,1627.0,1424.0,1236.0,1085.0,951.0,858.0,758.0,670.0,603.0,519.0
5.0,6.0,5.0,6.0,5.0,5.0,7.0,8.0,9.0,13.0,16.0,22.0,23.0,25.0,25.0,27.0,29.0,28.0,34.0,37.0,42.0,50.0,61.0,79.0,91.0,103.0,120.0,123.0,135.0,163.0,194.0,224.0,241.0,262.0,304.0,347.0,386.0,422.0,465.0,535.0,605.0,692.0,807.0,914.0,1042.0,1156.0,1309.0,1453.0,1676.0,1866.0,2133.0,2381.0,2656.0,3013.0,3413.0,3914.0,4431.0,4974.0,5499.0,6241.0,6930.0,7837.0,8805.0,9970.0,11159.0,10555.0,9710.0,8636.0,7614.0,6769.0,6083.0,5482.0,4914.0,4456.0,4012.0,3625.0,3209.0,2904.0,2597.0,2309.0,2039.0,1830.0,1629.0,1423.0,1243.0,1088.0,956.0,837.0,756.0,662.0,596.0,527.0,454.0,433.0,393.0,349.0
5.0,6.0,6.0,6.0,6.0,9.0,11.0,14.0,15.0,16.0,15.0,16.0,20.0,26.0,26.0,24.0,28.0,31.0,33.0,34.0,36.0,40.0,43.0,48.0,47.0,59.0,74.0,87.0,86.0,94.0,106.0,137.0,158.0,181.0,195.0,220.0,268.0,294.0,324.0,384.0,445.0,508.0,584.0,624.0,659.0,745.0,824.0,960.0,1130.0,1299.0,1464.0,1698.0,1887.0,2136.0,2446.0,2770.0,3142.0,3574.0,4014.0,4462.0,5003.0,5652.0,6367.0,7198.0,7989.0,7519.0,6873.0,6239.0,5510.0,4866.0,4336.0,3861.0,3505.0,3204.0,2883.0,2572.0,2304.0,2038.0,1800.0,1616.0,1434.0,1297.0,1151.0,1028.0,906.0,814.0,719.0,639.0,571.0,494.0,443.0,392.0,365.0,323.0,292.0,264.0
5.0,7.0,9.0,10.0,10.0,8.0,9.0,14.0,17.0,16.0,20.0,22.0,22.0,28.0,34.0,43.0,45.0,47.0,48.0,49.0,64.0,67.0,78.0,100.0,119.0,131.0,142.0,174.0,181.0,213.0,242.0,286.0,328.0,383.0,410.0,464.0,522.0,583.0,641.0,715.0,827.0,968.0,1111.0,1266.0,1411.0,1626.0,1811.0,2067.0,2316.0,2607.0,2937.0,3324.0,3707.0,4118.0,4599.0,5166.0,5889.0,6651.0,7512.0,8381.0,9421.0,10555.0,11691.0,12925.0,14507.0,13675.0,12571.0,11260.0,9906.0,8704.0,7606.0,6817.0,6133.0,5545.0,4899.0,4352.0,3904.0,3434.0,3098.0,2740.0,2407.0,2126.0,1839.0,1644.0,1456.0,1295.0,1140.0,977.0,880.0,827.0,721.0,638.0,577.0,519.0,453.0,384.0
5.0,6.0,6.0,11.0,11.0,8.0,11.0,13.0,19.0,23.0,26.0,34.0,42.0,50.0,66.0,70.0,85.0,89.0,97.0,101.0,110.0,125.0,139.0,159.0,186.0,221.0,248.0,272.0,311.0,360.0,416.0,470.0,530.0,584.0,639.0,754.0,847.0,991.0,1134.0,1290.0,1499.0,1678.0,1923.0,2190.0,2452.0,2743.0,3102.0,3480.0,3937.0,4482.0,5127.0,5770.0,6421.0,7291.0,8170.0,9115.0,10234.0,11336.0,12711.0,14073.0,15664.0,17335.0,19113.0,21189.0,23313.0,21873.0,19868.0,17684.0,15418.0,13509.0,11898.0,10471.0,9276.0,8335.0,7493.0,6655.0,5922.0,5248.0,4622.0,4072.0,3588.0,3160.0,2749.0,2432.0,2151.0,1892.0,1665.0,1430.0,1268.0,1115.0,983.0,853.0,742.0,637.0,555.0,482.0
5.0,6.0,8.0,7.0,9.0,9.0,7.0,11.0,12.0,13.0,13.0,16.0,17.0,18.0,23.0,24.0,25.0,31.0,27.0,22.0,20.0,21.0,28.0,38.0,43.0,49.0,58.0,66.0,72.0,79.0,94.0,110.0,127.0,145.0,163.0,193.0,221.0,256.0,315.0,334.0,399.0,434.0,487.0,562.0,635.0,700.0,738.0,805.0,918.0,1041.0,1171.0,1300.0,1468.0,1657.0,1901.0,2157.0,2395.0,2712.0,3033.0,3363.0,3864.0,4361.0,4916.0,5506.0,6244.0,5970.0,5533.0,4974.0,4379.0,3845.0,3483.0,3156.0,2863.0,2609.0,2344.0,2092.0,1861.0,1670.0,1480.0,1325.0,1199.0,1072.0,942.0,856.0,752.0,662.0,565.0,506.0,433.0,393.0,351.0,318.0,287.0,267.0,240.0,218.0
5.0,6.0,6.0,5.0,6.0,6.0,10.0,12.0,13.0,14.0,14.0,13.0,13.0,17.0,21.0,21.0,21.0,24.0,29.0,35.0,43.0,48.0,53.0,62.0,76.0,87.0,93.0,93.0,104.0,122.0,143.0,162.0,194.0,224.0,244.0,264.0,301.0,355.0,402.0,473.0,526.0,592.0,681.0,758.0,863.0,988.0,1117.0,1279.0,1419.0,1614.0,1790.0,2007.0,2279.0,2569.0,2910.0,3328.0,3803.0,4284.0,4869.0,5486.0,6172.0,6971.0,7901.0,8896.0,9933.0,9382.0,8714.0,7847.0,6872.0,6047.0,5446.0,4908.0,4401.0,3972.0,3616.0,3250.0,2914.0,2619.0,2313.0,2036.0,1812.0,1620.0,1458.0,1343.0,1221.0,1108.0,958.0,861.0,738.0,655.0,596.0,519.0,465.0,413.0,354.0,336.0
5.0,7.0,9.0,7.0,7.0,8.0,10.0,10.0,12.0,13.0,16.0,15.0,17.0,24.0,27.0,29.0,30.0,37.0,39.0,45.0,53.0,68.0,70.0,83.0,100.0,118.0,131.0,156.0,172.0,201.0,239.0,268.0,294.0,308.0,369.0,413.0,475.0,535.0,590.0,704.0,823.0,948.0,1049.0,1175.0,1345.0,1499.0,1756.0,2009.0,2265.0,2590.0,2965.0,3360.0,3850.0,4376.0,4890.0,5471.0,6096.0,6766.0,7600.0,8539.0,9587.0,10872.0,12153.0,13663.0,15210.0,14366.0,13177.0,11829.0,10358.0,9047.0,7913.0,7072.0,6355.0,5676.0,5030.0,4481.0,3945.0,3467.0,3050.0,2673.0,2407.0,2122.0,1913.0,1716.0,1527.0,1381.0,1230.0,1091.0,988.0,863.0,769.0,677.0,640.0,557.0,501.0,436.0
5.0,5.0,5.0,5.0,3.0,5.0,4.0,5.0,4.0,3.0,3.0,2.0,2.0,0.0,1.0,1.0,1.0,2.0,2.0,2.0,2.0,2.0,4.0,5.0,9.0,12.0,13.0,13.0,10.0,11.0,13.0,14.0,14.0,18.0,17.0,20.0,26.0,34.0,36.0,38.0,42.0,42.0,51.0,59.0,65.0,76.0,89.0,104.0,130.0,141.0,171.0,195.0,220.0,245.0,274.0,292.0,328.0,373.0,431.0,495.0,550.0,606.0,664.0,778.0,894.0,858.0,784.0,712.0,619.0,549.0,478.0,452.0,419.0,387.0,348.0,320.0,288.0,261.0,226.0,216.0,179.0,159.0,150.0,134.0,117.0,106.0,87.0,82.0,71.0,56.0,49.0,48.0,40.0,33.0,24.0,22.0
5.0,5.0,5.0,3.0,5.0,5.0,5.0,6.0,3.0,4.0,4.0,8.0,7.0,6.0,4.0,5.0,7.0,7.0,4.0,8.0,14.0,16.0,21.0,24.0,26.0,36.0,42.0,44.0,44.0,41.0,42.0,51.0,59.0,71.0,80.0,99.0,120.0,130.0,151.0,160.0,194.0,219.0,239.0,275.0,297.0,339.0,382.0,435.0,476.0,534.0,633.0,720.0,806.0,894.0,1048.0,1171.0,1352.0,1530.0,1703.0,1986.0,2227.0,2506.0,2861.0,3209.0,3702.0,3500.0,3239.0,2869.0,2579.0,2298.0,2018.0,1789.0,1633.0,1467.0,1308.0,1187.0,1055.0,977.0,864.0,782.0,702.0,643.0,556.0,490.0,431.0,389.0,352.0,312.0,276.0,254.0,224.0,196.0,185.0,175.0,163.0,161.0
5.0,5.0,6.0,6.0,4.0,7.0,8.0,7.0,7.0,7.0,9.0,13.0,12.0,16.0,23.0,29.0,33.0,33.0,41.0,51.0,58.0,68.0,81.0,87.0,102.0,117.0,135.0,172.0,199.0,234.0,274.0,292.0,339.0,382.0,431.0,489.0,555.0,615.0,695.0,780.0,864.0,977.0,1096.0,1235.0,1381.0,1595.0,1845.0,2086.0,2390.0,2701.0,3037.0,3469.0,3879.0,4367.0,4939.0,5600.0,6356.0,7219.0,8139.0,9052.0,10148.0,11251.0,12551.0,14027.0,15770.0,14729.0,13533.0,12148.0,10669.0,9315.0,8234.0,7448.0,6698.0,5978.0,5428.0,4847.0,4313.0,3810.0,3418.0,3036.0,2658.0,2336.0,2075.0,1831.0,1603.0,1399.0,1235.0,1072.0,926.0,857.0,747.0,648.0,581.0,531.0,472.0,428.0
5.0,5.0,6.0,7.0,11.0,10.0,12.0,15.0,16.0,20.0,21.0,28.0,35.0,35.0,38.0,40.0,48.0,55.0,57.0,60.0,57.0,69.0,71.0,81.0,90.0,104.0,111.0,121.0,132.0,162.0,182.0,212.0,241.0,286.0,312.0,356.0,399.0,436.0,502.0,594.0,691.0,793.0,907.0,1033.0,1202.0,1377.0,1587.0,1812.0,2061.0,2319.0,2579.0,2907.0,3283.0,3641.0,4058.0,4535.0,5126.0,5809.0,6571.0,7438.0,8335.0,9348.0,10407.0,11648.0,13089.0,12346.0,11409.0,10168.0,8908.0,7910.0,7065.0,6255.0,5663.0,5029.0,4475.0,3986.0,3608.0,3239.0,2858.0,2519.0,2195.0,1932.0,1708.0,1506.0,1309.0,1174.0,1032.0,887.0,801.0,697.0,619.0,527.0,479.0,447.0,406.0,367.0
5.0,6.0,6.0,7.0,8.0,12.0,14.0,13.0,10.0,17.0,20.0,27.0,30.0,33.0,40.0,44.0,48.0,54.0,59.0,70.0,80.0,88.0,101.0,127.0,153.0,187.0,204.0,230.0,266.0,289.0,326.0,369.0,439.0,487.0,550.0,634.0,731.0,824.0,957.0,1089.0,1245.0,1397.0,1579.0,1816.0,2062.0,2277.0,2618.0,2974.0,3344.0,3745.0,4272.0,4796.0,5426.0,6002.0,6775.0,7664.0,8627.0,9709.0,10892.0,12155.0,13541.0,15054.0,16634.0,18479.0,20414.0,19166.0,17484.0,15307.0,13382.0,11729.0,10289.0,9237.0,8251.0,7381.0,6579.0,5883.0,5151.0,4598.0,4024.0,3568.0,3198.0,2827.0,2505.0,2169.0,1882.0,1654.0,1448.0,1288.0,1122.0,986.0,863.0,763.0,696.0,635.0,563.0,517.0
5.0,5.0,9.0,12.0,13.0,16.0,16.0,19.0,22.0,21.0,27.0,31.0,32.0,35.0,36.0,37.0,37.0,43.0,52.0,67.0,77.0,90.0,90.0,96.0,120.0,141.0,164.0,187.0,216.0,243.0,279.0,309.0,351.0,388.0,424.0,499.0,600.0,700.0,793.0,896.0,1011.0,1131.0,1281.0,1492.0,1679.0,1918.0,2166.0,2438.0,2743.0,3061.0,3482.0,3913.0,4439.0,4988.0,5627.0,6346.0,7123.0,7983.0,8951.0,10077.0,11116.0,12411.0,13843.0,15326.0,17098.0,16089.0,14826.0,13235.0,11499.0,10114.0,8933.0,7873.0,7036.0,6290.0,5633.0,5049.0,4481.0,3907.0,3489.0,3112.0,2700.0,2388.0,2099.0,1902.0,1684.0,1507.0,1320.0,1161.0,1036.0,921.0,832.0,737.0,635.0,561.0,477.0,430.0
5.0,5.0,5.0,5.0,3.0,4.0,2.0,3.0,5.0,6.0,5.0,5.0,4.0,4.0,6.0,9.0,10.0,15.0,12.0,11.0,13.0,14.0,14.0,18.0,21.0,24.0,27.0,30.0,34.0,35.0,38.0,40.0,42.0,38.0,45.0,42.0,49.0,68.0,83.0,93.0,100.0,123.0,147.0,165.0,205.0,235.0,269.0,286.0,324.0,358.0,420.0,491.0,594.0,691.0,774.0,893.0,1042.0,1171.0,1302.0,1434.0,1647.0,1903.0,2199.0,2522.0,2875.0,2737.0,2486.0,2214.0,1982.0,1761.0,1531.0,1343.0,1208.0,1104.0,991.0,903.0,792.0,744.0,648.0,597.0,539.0,509.0,452.0,405.0,367.0,321.0,288.0,262.0,231.0,218.0,191.0,158.0,132.0,122.0,101.0,100.0
5.0,5.0,5.0,5.0,5.0,4.0,3.0,3.0,5.0,5.0,4.0,3.0,4.0,3.0,4.0,4.0,3.0,2.0,4.0,6.0,7.0,7.0,10.0,12.0,16.0,19.0,20.0,20.0,22.0,25.0,33.0,40.0,44.0,44.0,51.0,68.0,73.0,82.0,79.0,84.0,86.0,104.0,126.0,148.0,161.0,180.0,221.0,241.0,295.0,336.0,380.0,410.0,457.0,528.0,617.0,674.0,793.0,901.0,1060.0,1207.0,1411.0,1577.0,1790.0,2041.0,2297.0,2203.0,2024.0,1813.0,1619.0,1413.0,1254.0,1128.0,997.0,951.0,858.0,768.0,703.0,625.0,560.0,504.0,453.0,419.0,383.0,340.0,296.0,266.0,237.0,222.0,192.0,167.0,145.0,137.0,118.0,114.0,95.0,88.0
5.0,5.0,5.0,6.0,8.0,10.0,10.0,8.0,9.0,12.0,14.0,15.0,17.0,21.0,23.0,30.0,40.0,43.0,45.0,44.0,55.0,65.0,76.0,87.0,101.0,114.0,126.0,144.0,159.0,174.0,200.0,229.0,279.0,301.0,333.0,376.0,414.0,485.0,548.0,631.0,716.0,823.0,937.0,1037.0,1173.0,1367.0,1603.0,1783.0,2019.0,2237.0,2465.0,2759.0,3200.0,3605.0,4118.0,4698.0,5372.0,6062.0,6838.0,7803.0,8749.0,9750.0,10903.0,12085.0,13453.0,12694.0,11793.0,10478.0,9279.0,8151.0,7209.0,6493.0,5721.0,5167.0,4654.0,4201.0,3761.0,3381.0,3013.0,2745.0,2432.0,2159.0,1893.0,1707.0,1508.0,1302.0,1151.0,1016.0,887.0,806.0,711.0,642.0,590.0,529.0,463.0,425.0
5.0,5.0,7.0,5.0,4.0,3.0,3.0,3.0,3.0,4.0,5.0,8.0,9.0,10.0,13.0,16.0,16.0,18.0,29.0,31.0,28.0,30.0,34.0,47.0,63.0,71.0,83.0,96.0,116.0,136.0,139.0,155.0,159.0,172.0,208.0,238.0,282.0,334.0,369.0,413.0,485.0,555.0,592.0,663.0,773.0,881.0,998.0,1118.0,1235.0,1394.0,1546.0,1758.0,1992.0,2290.0,2629.0,3006.0,3465.0,3939.0,4439.0,5032.0,5713.0,6412.0,7200.0,7940.0,8822.0,8348.0,7630.0,6833.0,6148.0,5505.0,4966.0,4392.0,3945.0,3593.0,3256.0,2917.0,2585.0,2286.0,2025.0,1836.0,1651.0,1487.0,1325.0,1181.0,1036.0,892.0,807.0,722.0,634.0,559.0,486.0,464.0,418.0,380.0,348.0,324.0
5.0,6.0,6.0,7.0,7.0,7.0,6.0,10.0,15.0,15.0,15.0,16.0,23.0,23.0,23.0,22.0,28.0,34.0,31.0,38.0,51.0,52.0,56.0,67.0,73.0,85.0,93.0,106.0,125.0,140.0,156.0,183.0,207.0,247.0,287.0,318.0,353.0,378.0,428.0,476.0,528.0,566.0,653.0,748.0,859.0,992.0,1100.0,1260.0,1433.0,1621.0,1900.0,2159.0,2431.0,2709.0,3078.0,3499.0,3997.0,4465.0,5022.0,5700.0,6372.0,7239.0,8059.0,8993.0,10153.0,9624.0,8954.0,7936.0,7005.0,6067.0,5362.0,4788.0,4328.0,3891.0,3562.0,3202.0,2883.0,2646.0,2368.0,2112.0,1861.0,1646.0,1467.0,1297.0,1160.0,1038.0,914.0,818.0,741.0,667.0,587.0,510.0,458.0,399.0,366.0,313.0
5.0,6.0,6.0,6.0,4.0,4.0,3.0,2.0,6.0,7.0,7.0,7.0,8.0,7.0,5.0,7.0,11.0,10.0,11.0,12.0,17.0,16.0,20.0,20.0,23.0,23.0,29.0,29.0,38.0,43.0,48.0,51.0,61.0,70.0,83.0,90.0,111.0,118.0,133.0,163.0,186.0,220.0,251.0,291.0,321.0,373.0,420.0,496.0,547.0,625.0,708.0,798.0,906.0,1031.0,1134.0,1285.0,1468.0,1679.0,1872.0,2118.0,2387.0,2653.0,3029.0,3428.0,3874.0,3751.0,3473.0,3079.0,2710.0,2373.0,2103.0,1922.0,1739.0,1552.0,1403.0,1240.0,1142.0,1063.0,929.0,814.0,729.0,642.0,584.0,534.0,468.0,398.0,340.0,293.0,257.0,217.0,198.0,175.0,161.0,142.0,129.0,120.0
5.0,8.0,7.0,7.0,8.0,6.0,10.0,11.0,12.0,13.0,13.0,15.0,18.0,17.0,23.0,28.0,32.0,42.0,57.0,68.0,80.0,91.0,99.0,108.0,133.0,153.0,167.0,189.0,215.0,234.0,256.0,296.0,334.0,385.0,447.0,537.0,590.0,672.0,767.0,879.0,995.0,1127.0,1255.0,1417.0,1609.0,1861.0,2087.0,2359.0,2682.0,3013.0,3461.0,3866.0,4358.0,4895.0,5496.0,6255.0,7026.0,7801.0,8777.0,9853.0,11130.0,12355.0,13683.0,15202.0,16684.0,15709.0,14482.0,12950.0,11373.0,10028.0,8936.0,7955.0,7074.0,6383.0,5714.0,5091.0,4549.0,4045.0,3602.0,3203.0,2878.0,2522.0,2217.0,1976.0,1722.0,1531.0,1343.0,1158.0,1017.0,873.0,748.0,652.0,564.0,510.0,469.0,429.0
5.0,6.0,7.0,8.0,5.0,5.0,8.0,8.0,8.0,11.0,11.0,12.0,14.0,19.0,23.0,34.0,35.0,38.0,38.0,45.0,57.0,73.0,85.0,97.0,108.0,117.0,133.0,149.0,172.0,205.0,221.0,236.0,263.0,290.0,332.0,367.0,432.0,500.0,563.0,647.0,732.0,813.0,919.0,1045.0,1176.0,1367.0,1524.0,1718.0,1960.0,2239.0,2511.0,2809.0,3210.0,3642.0,4084.0,4547.0,5093.0,5738.0,6522.0,7390.0,8241.0,9210.0,10305.0,11607.0,13022.0,12330.0,11307.0,10100.0,8891.0,7859.0,7011.0,6260.0,5552.0,5016.0,4525.0,4035.0,3636.0,3227.0,2894.0,2561.0,2328.0,2036.0,1818.0,1622.0,1428.0,1243.0,1102.0,961.0,862.0,754.0,666.0,637.0,574.0,521.0,460.0,417.0
5.0,6.0,9.0,7.0,7.0,7.0,5.0,4.0,5.0,9.0,7.0,9.0,12.0,11.0,14.0,17.0,21.0,19.0,26.0,27.0,33.0,38.0,45.0,48.0,50.0,60.0,59.0,68.0,83.0,93.0,103.0,122.0,130.0,167.0,193.0,221.0,260.0,291.0,309.0,365.0,424.0,489.0,567.0,654.0,747.0,840.0,962.0,1089.0,1239.0,1406.0,1585.0,1754.0,1998.0,2329.0,2603.0,2963.0,3338.0,3815.0,4343.0,4922.0,5504.0,6228.0,6990.0,7896.0,8815.0,8333.0,7628.0,6847.0,6067.0,5416.0,4776.0,4290.0,3902.0,3501.0,3204.0,2931.0,2632.0,2334.0,2039.0,1817.0,1607.0,1409.0,1235.0,1070.0,939.0,834.0,785.0,706.0,630.0,565.0,492.0,436.0,387.0,362.0,333.0,302.0
5.0,6.0,9.0,11.0,12.0,10.0,11.0,10.0,10.0,13.0,16.0,15.0,16.0,18.0,18.0,24.0,29.0,31.0,35.0,51.0,58.0,63.0,75.0,83.0,93.0,108.0,118.0,123.0,129.0,143.0,160.0,169.0,186.0,195.0,204.0,226.0,239.0,292.0,315.0,362.0,406.0,451.0,473.0,514.0,596.0,692.0,770.0,893.0,1023.0,1150.0,1287.0,1487.0,1697.0,1899.0,2099.0,2341.0,2656.0,2983.0,3357.0,3841.0,4314.0,4876.0,5543.0,6203.0,6947.0,6593.0,6041.0,5405.0,4780.0,4244.0,3826.0,3459.0,3076.0,2846.0,2536.0,2276.0,2003.0,1803.0,1600.0,1458.0,1300.0,1173.0,1021.0,881.0,778.0,699.0,640.0,566.0,501.0,465.0,423.0,393.0,342.0,311.0,292.0,271.0
5.0,7.0,7.0,6.0,7.0,6.0,10.0,11.0,12.0,13.0,14.0,20.0,21.0,27.0,32.0,41.0,55.0,65.0,62.0,70.0,73.0,78.0,87.0,91.0,113.0,126.0,152.0,170.0,207.0,227.0,262.0,294.0,323.0,373.0,420.0,462.0,515.0,577.0,653.0,739.0,846.0,960.0,1107.0,1267.0,1419.0,1590.0,1822.0,2095.0,2337.0,2621.0,2931.0,3310.0,3746.0,4233.0,4800.0,5414.0,6033.0,6727.0,7627.0,8540.0,9584.0,10723.0,11970.0,13313.0,14752.0,13859.0,12822.0,11352.0,9928.0,8719.0,7768.0,6916.0,6155.0,5489.0,4902.0,4414.0,3946.0,3491.0,3066.0,2702.0,2365.0,2065.0,1829.0,1652.0,1463.0,1310.0,1145.0,1051.0,929.0,812.0,709.0,611.0,526.0,454.0,393.0,349.0
5.0,7.0,8.0,10.0,10.0,7.0,11.0,16.0,17.0,13.0,10.0,15.0,15.0,14.0,16.0,14.0,15.0,18.0,21.0,23.0,28.0,33.0,35.0,38.0,38.0,37.0,43.0,48.0,49.0,51.0,58.0,77.0,96.0,118.0,133.0,149.0,167.0,187.0,202.0,245.0,272.0,310.0,361.0,412.0,472.0,546.0,619.0,694.0,791.0,864.0,992.0,1150.0,1313.0,1459.0,1661.0,1858.0,2099.0,2389.0,2665.0,2971.0,3367.0,3839.0,4295.0,4878.0,5460.0,5198.0,4795.0,4279.0,3737.0,3291.0,2904.0,2627.0,2380.0,2137.0,1930.0,1698.0,1533.0,1335.0,1199.0,1065.0,948.0,838.0,761.0,682.0,625.0,557.0,482.0,427.0,378.0,344.0,321.0,299.0,270.0,239.0,213.0,189.0
5.0,6.0,7.0,5.0,7.0,7.0,7.0,8.0,10.0,9.0,10.0,11.0,10.0,14.0,19.0,18.0,22.0,23.0,25.0,33.0,42.0,51.0,55.0,60.0,66.0,65.0,78.0,89.0,118.0,139.0,158.0,168.0,184.0,197.0,215.0,249.0,282.0,323.0,393.0,435.0,490.0,565.0,619.0,697.0,806.0,890.0,1023.0,1174.0,1321.0,1467.0,1663.0,1881.0,2139.0,2455.0,2782.0,3103.0,3544.0,4061.0,4557.0,5131.0,5734.0,6395.0,7114.0,7985.0,9030.0,8615.0,7987.0,7181.0,6360.0,5581.0,5007.0,4462.0,3990.0,3605.0,3264.0,2959.0,2621.0,2347.0,2151.0,1894.0,1658.0,1490.0,1295.0,1138.0,1019.0,884.0,784.0,702.0,634.0,587.0,538.0,459.0,399.0,347.0,306.0,268.0
5.0,6.0,6.0,6.0,10.0,7.0,6.0,6.0,9.0,9.0,11.0,14.0,15.0,16.0,19.0,21.0,24.0,29.0,32.0,34.0,38.0,51.0,50.0,53.0,62.0,61.0,72.0,81.0,86.0,97.0,118.0,136.0,171.0,192.0,210.0,249.0,274.0,297.0,331.0,372.0,412.0,468.0,534.0,598.0,690.0,784.0,907.0,1028.0,1132.0,1274.0,1499.0,1756.0,2008.0,2279.0,2540.0,2854.0,3305.0,3767.0,4223.0,4791.0,5428.0,6199.0,7037.0,7934.0,8970.0,8459.0,7738.0,6906.0,6123.0,5340.0,4832.0,4318.0,3880.0,3472.0,3084.0,2779.0,2476.0,2232.0,1971.0,1744.0,1580.0,1430.0,1258.0,1105.0,994.0,879.0,793.0,694.0,609.0,558.0,525.0,471.0,434.0,396.0,342.0,301.0
5.0,5.0,5.0,6.0,5.0,6.0,4.0,6.0,7.0,6.0,6.0,4.0,5.0,4.0,4.0,3.0,4.0,5.0,6.0,7.0,10.0,8.0,7.0,5.0,11.0,15.0,15.0,17.0,25.0,31.0,33.0,38.0,46.0,54.0,65.0,77.0,80.0,87.0,93.0,115.0,143.0,165.0,205.0,238.0,285.0,331.0,368.0,434.0,501.0,559.0,626.0,696.0,779.0,876.0,980.0,1129.0,1288.0,1402.0,1570.0,1794.0,2041.0,2257.0,2576.0,2979.0,3386.0,3277.0,3008.0,2689.0,2408.0,2153.0,1933.0,1713.0,1528.0,1378.0,1238.0,1124.0,998.0,912.0,803.0,749.0,651.0,574.0,520.0,449.0,399.0,372.0,334.0,297.0,276.0,247.0,210.0,191.0,164.0,139.0,115.0,114.0
5.0,8.0,10.0,11.0,14.0,16.0,20.0,25.0,29.0,31.0,35.0,33.0,36.0,36.0,48.0,49.0,63.0,76.0,91.0,113.0,120.0,140.0,166.0,205.0,238.0,254.0,297.0,341.0,378.0,411.0,466.0,530.0,624.0,722.0,828.0,978.0,1097.0,1233.0,1362.0,1549.0,1749.0,1929.0,2164.0,2487.0,2844.0,3208.0,3683.0,4160.0,4659.0,5231.0,5845.0,6673.0,7532.0,8433.0,9482.0,10635.0,11877.0,13244.0,14827.0,16593.0,18419.0,20309.0,22324.0,24311.0,26384.0,24530.0,22360.0,19648.0,17157.0,15044.0,13157.0,11554.0,10134.0,9047.0,8064.0,7070.0,6277.0,5544.0,4875.0,4259.0,3698.0,3233.0,2846.0,2477.0,2140.0,1919.0,1686.0,1480.0,1329.0,1159.0,997.0,875.0,763.0,686.0,595.0,524.0
5.0,6.0,8.0,10.0,12.0,13.0,13.0,12.0,10.0,9.0,12.0,14.0,18.0,20.0,23.0,25.0,26.0,27.0,28.0,32.0,38.0,44.0,49.0,56.0,65.0,73.0,81.0,91.0,103.0,116.0,128.0,126.0,147.0,157.0,185.0,218.0,240.0,268.0,297.0,351.0,393.0,451.0,510.0,580.0,667.0,777.0,869.0,973.0,1075.0,1213.0,1369.0,1539.0,1720.0,1924.0,2174.0,2479.0,2837.0,3184.0,3652.0,4114.0,4606.0,5170.0,5910.0,6631.0,7500.0,7072.0,6508.0,5887.0,5169.0,4499.0,4014.0,3604.0,3245.0,2923.0,2573.0,2304.0,2084.0,1854.0,1663.0,1503.0,1355.0,1200.0,1085.0,964.0,870.0,774.0,684.0,614.0,553.0,505.0,456.0,381.0,327.0,297.0,259.0,223.0
5.0,6.0,8.0,7.0,8.0,8.0,8.0,5.0,5.0,4.0,4.0,4.0,5.0,5.0,3.0,6.0,10.0,15.0,16.0,16.0,19.0,20.0,22.0,21.0,24.0,29.0,34.0,41.0,46.0,52.0,61.0,57.0,63.0,73.0,83.0,91.0,102.0,116.0,125.0,140.0,166.0,185.0,223.0,257.0,292.0,322.0,358.0,408.0,462.0,549.0,607.0,706.0,826.0,925.0,1058.0,1205.0,1385.0,1580.0,1774.0,1993.0,2229.0,2550.0,2845.0,3262.0,3682.0,3526.0,3261.0,2911.0,2594.0,2348.0,2068.0,1881.0,1670.0,1501.0,1376.0,1240.0,1121.0,1018.0,938.0,863.0,809.0,703.0,611.0,529.0,484.0,452.0,385.0,333.0,287.0,266.0,252.0,223.0,216.0,192.0,173.0,150.0
5.0,6.0,8.0,9.0,11.0,13.0,17.0,21.0,26.0,33.0,32.0,39.0,43.0,49.0,57.0,71.0,72.0,86.0,104.0,117.0,138.0,157.0,177.0,187.0,221.0,259.0,292.0,341.0,387.0,439.0,495.0,564.0,653.0,733.0,821.0,932.0,1063.0,1206.0,1378.0,1597.0,1803.0,2084.0,2369.0,2622.0,2964.0,3309.0,3714.0,4222.0,4784.0,5433.0,6064.0,6826.0,7680.0,8649.0,9724.0,10858.0,12283.0,13659.0,15182.0,16921.0,18785.0,20647.0,22745.0,24974.0,27300.0,25337.0,22914.0,20194.0,17668.0,15363.0,13472.0,11926.0,10418.0,9300.0,8334.0,7251.0,6380.0,5606.0,4891.0,4289.0,3700.0,3245.0,2844.0,2489.0,2170.0,1889.0,1639.0,1436.0,1242.0,1110.0,1007.0,894.0,790.0,696.0,618.0,535.0
5.0,7.0,6.0,6.0,9.0,14.0,15.0,17.0,21.0,27.0,29.0,31.0,36.0,41.0,49.0,59.0,71.0,84.0,95.0,109.0,120.0,146.0,160.0,171.0,210.0,257.0,306.0,348.0,383.0,433.0,471.0,561.0,625.0,708.0,823.0,927.0,1085.0,1243.0,1399.0,1587.0,1815.0,2005.0,2299.0,2585.0,2942.0,3414.0,3807.0,4239.0,4770.0,5313.0,6023.0,6765.0,7611.0,8643.0,9743.0,10850.0,12128.0,13504.0,14939.0,16460.0,18389.0,20429.0,22448.0,24722.0,27127.0,25204.0,22821.0,20018.0,17277.0,15028.0,13164.0,11605.0,10362.0,9174.0,8129.0,7124.0,6335.0,5695.0,4986.0,4421.0,3802.0,3296.0,2888.0,2550.0,2225.0,1983.0,1768.0,1549.0,1336.0,1157.0,1004.0,864.0,748.0,648.0,550.0,476.0
5.0,5.0,7.0,8.0,6.0,9.0,12.0,11.0,12.0,18.0,20.0,26.0,29.0,38.0,46.0,56.0,60.0,65.0,69.0,92.0,105.0,120.0,130.0,145.0,165.0,179.0,203.0,204.0,228.0,263.0,287.0,352.0,412.0,478.0,523.0,572.0,637.0,739.0,855.0,992.0,1122.0,1284.0,1442.0,1613.0,1788.0,2057.0,2277.0,2543.0,2849.0,3194.0,3621.0,4006.0,4540.0,5042.0,5632.0,6416.0,7200.0,8079.0,9043.0,10169.0,11340.0,12732.0,14127.0,15802.0,17542.0,16567.0,15198.0,13488.0,11900.0,10394.0,9138.0,8046.0,7065.0,6329.0,5609.0,5029.0,4543.0,4057.0,3600.0,3273.0,2930.0,2551.0,2247.0,1973.0,1745.0,1516.0,1374.0,1193.0,1087.0,950.0,859.0,741.0,660.0,567.0,491.0,441.0
5.0,6.0,5.0,5.0,5.0,3.0,3.0,3.0,3.0,3.0,3.0,0.0,1.0,2.0,3.0,5.0,8.0,6.0,6.0,8.0,7.0,4.0,4.0,3.0,4.0,2.0,1.0,1.0,2.0,1.0,1.0,2.0,4.0,4.0,4.0,3.0,3.0,2.0,2.0,2.0,1.0,1.0,1.0,2.0,3.0,3.0,2.0,1.0,1.0,0.0,0.0,0.0,0.0,0.0,0.0,0.0,0.0,0.0,0.0,0.0,0.0,0.0,0.0,0.0,0.0,0.0,0.0,0.0,0.0,0.0,0.0,0.0,0.0,0.0,0.0,0.0,0.0,0.0,0.0,0.0,0.0,0.0,0.0,0.0,0.0,0.0,0.0,0.0,0.0,0.0,0.0,0.0,0.0,0.0,0.0,0.0
5.0,6.0,6.0,6.0,8.0,7.0,8.0,9.0,12.0,10.0,13.0,14.0,18.0,22.0,21.0,22.0,29.0,30.0,35.0,33.0,38.0,40.0,50.0,51.0,61.0,71.0,80.0,86.0,101.0,125.0,131.0,145.0,162.0,191.0,218.0,237.0,260.0,294.0,345.0,384.0,444.0,478.0,550.0,593.0,659.0,744.0,858.0,1021.0,1156.0,1304.0,1457.0,1680.0,1897.0,2130.0,2464.0,2799.0,3089.0,3502.0,3939.0,4422.0,4937.0,5570.0,6353.0,7195.0,8067.0,7618.0,7030.0,6292.0,5587.0,4985.0,4407.0,3932.0,3552.0,3189.0,2908.0,2684.0,2434.0,2169.0,1963.0,1728.0,1510.0,1345.0,1223.0,1089.0,940.0,855.0,719.0,657.0,594.0,521.0,459.0,385.0,350.0,306.0,270.0,237.0
5.0,6.0,8.0,10.0,9.0,17.0,24.0,26.0,30.0,35.0,41.0,54.0,69.0,74.0,80.0,77.0,92.0,105.0,122.0,140.0,172.0,193.0,219.0,267.0,307.0,334.0,396.0,439.0,476.0,564.0,646.0,751.0,849.0,943.0,1018.0,1149.0,1303.0,1486.0,1679.0,1916.0,2180.0,2449.0,2741.0,3076.0,3498.0,4012.0,4477.0,5036.0,5649.0,6337.0,7169.0,8054.0,8948.0,10143.0,11462.0,12648.0,14222.0,15783.0,17431.0,19362.0,21556.0,23765.0,25986.0,28440.0,30831.0,28584.0,25855.0,22690.0,19681.0,17042.0,14886.0,13076.0,11636.0,10350.0,9116.0,8021.0,6981.0,6126.0,5350.0,4689.0,4122.0,3527.0,3104.0,2780.0,2397.0,2107.0,1846.0,1592.0,1402.0,1203.0,1073.0,957.0,832.0,712.0,631.0,542.0
5.0,6.0,6.0,7.0,9.0,11.0,13.0,11.0,11.0,10.0,11.0,17.0,20.0,20.0,24.0,27.0,33.0,40.0,45.0,48.0,55.0,57.0,66.0,75.0,88.0,95.0,97.0,116.0,141.0,148.0,167.0,195.0,216.0,236.0,270.0,312.0,345.0,415.0,477.0,520.0,570.0,671.0,767.0,873.0,986.0,1132.0,1287.0,1462.0,1649.0,1833.0,2021.0,2306.0,2586.0,2931.0,3290.0,3707.0,4130.0,4679.0,5239.0,5912.0,6639.0,7476.0,8400.0,9429.0,10553.0,9977.0,9173.0,8143.0,7211.0,6433.0,5737.0,5148.0,4561.0,4152.0,3714.0,3350.0,2964.0,2652.0,2426.0,2152.0,1912.0,1729.0,1561.0,1367.0,1179.0,1060.0,963.0,832.0,765.0,675.0,599.0,519.0,458.0,401.0,377.0,329.0
5.0,6.0,6.0,6.0,6.0,6.0,5.0,8.0,7.0,7.0,7.0,8.0,13.0,15.0,14.0,15.0,13.0,14.0,16.0,15.0,21.0,22.0,24.0,23.0,28.0,32.0,34.0,38.0,44.0,48.0,57.0,63.0,68.0,82.0,90.0,103.0,116.0,140.0,162.0,200.0,224.0,269.0,291.0,320.0,380.0,435.0,486.0,555.0,664.0,724.0,821.0,918.0,1060.0,1200.0,1389.0,1594.0,1780.0,1993.0,2295.0,2557.0,2865.0,3220.0,3641.0,4109.0,4630.0,4393.0,4035.0,3652.0,3268.0,2906.0,2606.0,2367.0,2119.0,1931.0,1758.0,1599.0,1436.0,1293.0,1148.0,1016.0,910.0,828.0,760.0,693.0,595.0,523.0,472.0,423.0,405.0,361.0,334.0,285.0,251.0,218.0,184.0,164.0
5.0,5.0,7.0,7.0,8.0,9.0,11.0,14.0,12.0,10.0,11.0,16.0,21.0,20.0,20.0,18.0,20.0,26.0,28.0,28.0,36.0,34.0,43.0,52.0,55.0,64.0,76.0,92.0,95.0,101.0,118.0,146.0,175.0,199.0,213.0,224.0,248.0,277.0,320.0,362.0,410.0,457.0,538.0,622.0,691.0,783.0,890.0,968.0,1115.0,1258.0,1448.0,1613.0,1826.0,2069.0,2401.0,2775.0,3164.0,3578.0,4039.0,4510.0,5078.0,5705.0,6432.0,7278.0,8222.0,7713.0,7108.0,6400.0,5624.0,4954.0,4452.0,4010.0,3618.0,3284.0,2971.0,2699.0,2436.0,2169.0,1969.0,1758.0,1579.0,1424.0,1281.0,1125.0,1020.0,917.0,821.0,729.0,671.0,600.0,528.0,470.0,402.0,370.0,336.0,308.0
5.0,5.0,6.0,5.0,6.0,7.0,8.0,7.0,8.0,8.0,8.0,7.0,7.0,9.0,10.0,9.0,10.0,13.0,14.0,17.0,16.0,21.0,22.0,23.0,27.0,30.0,34.0,38.0,42.0,52.0,60.0,67.0,73.0,84.0,92.0,103.0,120.0,131.0,151.0,170.0,190.0,215.0,251.0,283.0,309.0,342.0,381.0,460.0,535.0,633.0,725.0,830.0,956.0,1092.0,1225.0,1403.0,1590.0,1792.0,2034.0,2349.0,2659.0,2990.0,3332.0,3783.0,4274.0,4019.0,3736.0,3344.0,3019.0,2644.0,2418.0,2160.0,1991.0,1787.0,1589.0,1430.0,1283.0,1119.0,989.0,901.0,791.0,700.0,627.0,548.0,498.0,454.0,428.0,380.0,347.0,302.0,266.0,246.0,219.0,197.0,184.0,182.0
5.0,8.0,9.0,10.0,9.0,8.0,7.0,7.0,8.0,9.0,11.0,12.0,13.0,14.0,15.0,14.0,14.0,16.0,16.0,23.0,26.0,28.0,29.0,35.0,39.0,56.0,68.0,85.0,91.0,99.0,112.0,125.0,139.0,158.0,180.0,190.0,228.0,248.0,281.0,322.0,359.0,422.0,493.0,546.0,590.0,674.0,751.0,889.0,998.0,1117.0,1284.0,1459.0,1636.0,1845.0,2046.0,2304.0,2600.0,2883.0,3259.0,3707.0,4179.0,4776.0,5377.0,6038.0,6804.0,6463.0,5928.0,5299.0,4667.0,4114.0,3698.0,3297.0,2969.0,2693.0,2437.0,2160.0,1937.0,1693.0,1515.0,1371.0,1222.0,1069.0,930.0,809.0,735.0,649.0,571.0,508.0,437.0,393.0,338.0,322.0,299.0,265.0,247.0,224.0
5.0,5.0,6.0,10.0,11.0,11.0,10.0,9.0,8.0,8.0,13.0,18.0,21.0,24.0,24.0,29.0,32.0,37.0,36.0,45.0,46.0,60.0,67.0,79.0,87.0,86.0,97.0,109.0,123.0,138.0,154.0,182.0,187.0,200.0,212.0,231.0,269.0,326.0,388.0,440.0,506.0,590.0,686.0,764.0,872.0,985.0,1164.0,1333.0,1493.0,1679.0,1889.0,2115.0,2414.0,2701.0,3069.0,3487.0,3912.0,4429.0,5050.0,5728.0,6411.0,7234.0,7966.0,9006.0,10060.0,9547.0,8746.0,7820.0,6921.0,6076.0,5402.0,4893.0,4419.0,4004.0,3567.0,3215.0,2866.0,2605.0,2311.0,2083.0,1837.0,1643.0,1444.0,1335.0,1168.0,1026.0,920.0,799.0,724.0,624.0,552.0,506.0,452.0,412.0,376.0,312.0
5.0,7.0,8.0,7.0,9.0,11.0,10.0,13.0,15.0,16.0,16.0,13.0,12.0,12.0,14.0,16.0,20.0,23.0,25.0,29.0,36.0,41.0,49.0,60.0,54.0,61.0,72.0,73.0,80.0,93.0,103.0,122.0,131.0,146.0,171.0,217.0,254.0,279.0,305.0,371.0,393.0,424.0,484.0,571.0,653.0,744.0,855.0,968.0,1069.0,1195.0,1394.0,1579.0,1799.0,2036.0,2303.0,2614.0,2947.0,3342.0,3745.0,4255.0,4840.0,5397.0,6014.0,6725.0,7571.0,7206.0,6664.0,5983.0,5295.0,4702.0,4228.0,3762.0,3389.0,3095.0,2746.0,2493.0,2267.0,2009.0,1780.0,1549.0,1404.0,1226.0,1087.0,978.0,857.0,767.0,679.0,591.0,532.0,466.0,424.0,380.0,344.0,305.0,284.0,238.0
5.0,7.0,8.0,9.0,9.0,7.0,10.0,11.0,13.0,16.0,22.0,24.0,31.0,33.0,36.0,41.0,39.0,47.0,45.0,60.0,76.0,86.0,100.0,109.0,133.0,154.0,164.0,192.0,214.0,241.0,275.0,298.0,335.0,375.0,418.0,479.0,569.0,641.0,710.0,811.0,936.0,1106.0,1260.0,1431.0,1642.0,1872.0,2073.0,2306.0,2609.0,2960.0,3329.0,3760.0,4223.0,4734.0,5382.0,6068.0,6762.0,7437.0,8322.0,9328.0,10581.0,11808.0,13119.0,14521.0,16089.0,15209.0,14031.0,12511.0,10986.0,9570.0,8419.0,7463.0,6683.0,6079.0,5424.0,4838.0,4294.0,3785.0,3381.0,2937.0,2629.0,2335.0,2043.0,1791.0,1565.0,1383.0,1216.0,1089.0,946.0,841.0,757.0,668.0,599.0,533.0,481.0,415.0
5.0,5.0,7.0,5.0,4.0,6.0,7.0,7.0,10.0,12.0,14.0,18.0,18.0,20.0,25.0,29.0,32.0,32.0,33.0,29.0,31.0,38.0,46.0,53.0,68.0,87.0,104.0,101.0,116.0,136.0,156.0,184.0,209.0,241.0,268.0,313.0,342.0,389.0,430.0,505.0,588.0,645.0,748.0,837.0,966.0,1081.0,1231.0,1413.0,1598.0,1809.0,1984.0,2238.0,2505.0,2820.0,3198.0,3580.0,4082.0,4643.0,5241.0,5989.0,6761.0,7570.0,8518.0,9541.0,10581.0,9928.0,9108.0,8131.0,7168.0,6262.0,5568.0,4945.0,4493.0,4013.0,3570.0,3193.0,2804.0,2473.0,2189.0,1958.0,1733.0,1551.0,1380.0,1261.0,1091.0,969.0,862.0,756.0,681.0,621.0,556.0,500.0,433.0,383.0,342.0,314.0
