0.0,0.0,0.0,0.0,0.0,0.0,1.0,2.0,2.0,2.0,2.0,2.0,4.0,6.0,8.0,8.0,8.0,10.0,12.0,11.0,14.0,14.0,14.0,14.0,17.0,19.0,20.0,20.0,23.0,24.0,24.0,26.0,27.0,32.0,34.0,36.0,37.0,38.0,40.0,42.0,42.0,44.0,47.0,47.0,52.0,62.0,69.0,76.0,84.0,93.0,103.0,105.0,114.0,139.0,159.0,174.0,202.0,211.0,235.0,256.0,263.0,271.0,276.0,276.0,278.0,274.0,267.0,266.0,260.0,254.0,246.0,252.0,240.0,233.0,231.0,224.0,212.0,202.0,196.0,194.0,184.0,176.0,174.0,168.0,165.0
0.0,0.0,0.0,0.0,0.0,0.0,0.0,1.0,3.0,3.0,3.0,4.0,5.0,6.0,5.0,5.0,6.0,7.0,7.0,7.0,9.0,11.0,13.0,16.0,19.0,24.0,27.0,24.0,22.0,22.0,24.0,30.0,31.0,35.0,34.0,41.0,46.0,51.0,56.0,62.0,69.0,72.0,76.0,86.0,91.0,92.0,96.0,111.0,121.0,123.0,126.0,140.0,158.0,164.0,189.0,201.0,202.0,223.0,234.0,242.0,255.0,252.0,255.0,255.0,252.0,262.0,257.0,254.0,248.0,249.0,238.0,231.0,228.0,216.0,207.0,205.0,196.0,194.0,177.0,169.0,162.0,157.0,153.0,144.0,142.0
0.0,0.0,0.0,1.0,2.0,2.0,3.0,5.0,5.0,5.0,5.0,5.0,6.0,6.0,6.0,6.0,7.0,7.0,8.0,8.0,6.0,4.0,4.0,4.0,3.0,4.0,4.0,5.0,6.0,9.0,10.0,13.0,12.0,11.0,13.0,16.0,19.0,24.0,27.0,30.0,33.0,37.0,44.0,52.0,59.0,61.0,63.0,60.0,65.0,70.0,76.0,72.0,78.0,85.0,89.0,96.0,104.0,112.0,120.0,127.0,134.0,133.0,134.0,136.0,132.0,129.0,126.0,127.0,120.0,119.0,119.0,118.0,118.0,116.0,112.0,109.0,100.0,99.0,97.0,94.0,93.0,87.0,82.0,77.0,73.0
0.0,0.0,0.0,0.0,0.0,0.0,0.0,1.0,2.0,3.0,4.0,6.0,8.0,9.0,11.0,11.0,13.0,13.0,14.0,15.0,13.0,13.0,14.0,14.0,16.0,18.0,22.0,23.0,25.0,30.0,31.0,31.0,35.0,34.0,30.0,30.0,32.0,39.0,40.0,43.0,49.0,55.0,60.0,69.0,75.0,84.0,91.0,105.0,111.0,124.0,141.0,152.0,160.0,178.0,188.0,203.0,227.0,251.0,264.0,271.0,291.0,304.0,308.0,313.0,323.0,312.0,308.0,308.0,307.0,297.0,292.0,290.0,288.0,279.0,271.0,256.0,247.0,239.0,230.0,226.0,215.0,210.0,202.0,199.0,191.0
0.0,0.0,0.0,0.0,0.0,2.0,2.0,3.0,4.0,7.0,6.0,7.0,8.0,8.0,7.0,8.0,10.0,10.0,12.0,13.0,14.0,14.0,16.0,17.0,20.0,24.0,25.0,28.0,32.0,30.0,34.0,36.0,42.0,43.0,51.0,58.0,61.0,68.0,78.0,80.0,84.0,82.0,90.0,103.0,110.0,121.0,127.0,141.0,153.0,157.0,170.0,185.0,194.0,209.0,232.0,255.0,264.0,275.0,292.0,311.0,335.0,350.0,361.0,355.0,354.0,355.0,359.0,360.0,359.0,354.0,353.0,333.0,329.0,323.0,307.0,299.0,288.0,279.0,273.0,263.0,258.0,246.0,234.0,229.0,212.0
0.0,0.0,0.0,0.0,1.0,2.0,2.0,3.0,3.0,4.0,5.0,5.0,5.0,4.0,6.0,8.0,10.0,12.0,13.0,11.0,11.0,11.0,9.0,8.0,8.0,9.0,9.0,9.0,10.0,10.0,10.0,13.0,13.0,13.0,14.0,13.0,12.0,13.0,11.0,13.0,13.0,13.0,14.0,14.0,16.0,18.0,20.0,20.0,18.0,18.0,19.0,18.0,20.0,23.0,23.0,25.0,26.0,29.0,32.0,31.0,31.0,29.0,29.0,28.0,29.0,29.0,28.0,26.0,25.0,24.0,23.0,22.0,22.0,21.0,21.0,23.0,20.0,20.0,21.0,18.0,18.0,18.0,18.0,18.0,17.0
0.0,0.0,0.0,0.0,0.0,1.0,2.0,3.0,3.0,3.0,4.0,4.0,4.0,4.0,3.0,4.0,3.0,5.0,7.0,7.0,7.0,6.0,6.0,7.0,8.0,9.0,9.0,10.0,14.0,16.0,15.0,18.0,20.0,22.0,25.0,24.0,24.0,29.0,33.0,33.0,36.0,39.0,42.0,47.0,53.0,55.0,58.0,55.0,57.0,59.0,62.0,68.0,74.0,78.0,79.0,91.0,95.0,104.0,107.0,109.0,115.0,117.0,117.0,118.0,114.0,115.0,107.0,109.0,107.0,110.0,108.0,103.0,101.0,102.0,97.0,92.0,85.0,83.0,78.0,74.0,73.0,68.0,66.0,65.0,65.0
0.0,0.0,1.0,1.0,1.0,2.0,2.0,3.0,3.0,3.0,3.0,1.0,1.0,1.0,1.0,1.0,1.0,3.0,4.0,4.0,4.0,7.0,10.0,13.0,16.0,17.0,23.0,22.0,24.0,33.0,39.0,44.0,49.0,48.0,51.0,51.0,55.0,65.0,64.0,74.0,91.0,96.0,102.0,105.0,114.0,132.0,139.0,145.0,158.0,156.0,177.0,191.0,200.0,210.0,222.0,239.0,252.0,268.0,285.0,294.0,309.0,321.0,329.0,333.0,339.0,346.0,344.0,349.0,338.0,340.0,334.0,324.0,312.0,309.0,291.0,282.0,274.0,267.0,263.0,246.0,232.0,219.0,210.0,201.0,193.0
0.0,0.0,0.0,0.0,0.0,0.0,0.0,0.0,2.0,2.0,2.0,2.0,2.0,4.0,4.0,5.0,5.0,5.0,5.0,5.0,8.0,9.0,11.0,14.0,16.0,15.0,18.0,21.0,23.0,24.0,32.0,36.0,36.0,41.0,48.0,55.0,68.0,67.0,74.0,84.0,94.0,113.0,119.0,133.0,149.0,160.0,185.0,202.0,239.0,257.0,277.0,298.0,319.0,370.0,396.0,428.0,470.0,482.0,535.0,562.0,580.0,600.0,601.0,613.0,624.0,627.0,627.0,620.0,603.0,589.0,583.0,568.0,544.0,521.0,506.0,487.0,463.0,447.0,441.0,432.0,417.0,408.0,381.0,358.0,355.0
0.0,0.0,0.0,1.0,3.0,4.0,5.0,6.0,7.0,8.0,10.0,12.0,9.0,9.0,10.0,10.0,12.0,16.0,18.0,20.0,22.0,27.0,25.0,27.0,29.0,34.0,33.0,37.0,44.0,53.0,54.0,53.0,61.0,70.0,78.0,89.0,99.0,103.0,110.0,118.0,126.0,141.0,146.0,157.0,170.0,189.0,210.0,219.0,247.0,277.0,309.0,335.0,361.0,395.0,420.0,454.0,489.0,522.0,545.0,580.0,601.0,613.0,626.0,630.0,652.0,651.0,644.0,645.0,639.0,629.0,614.0,593.0,577.0,562.0,548.0,542.0,522.0,507.0,488.0,474.0,449.0,431.0,413.0,395.0,384.0
0.0,0.0,0.0,0.0,0.0,1.0,1.0,2.0,1.0,3.0,4.0,6.0,9.0,9.0,14.0,18.0,18.0,20.0,24.0,25.0,29.0,34.0,37.0,42.0,46.0,47.0,53.0,65.0,66.0,70.0,80.0,81.0,90.0,103.0,121.0,123.0,133.0,139.0,149.0,154.0,159.0,164.0,169.0,173.0,193.0,203.0,222.0,243.0,259.0,292.0,314.0,345.0,372.0,413.0,428.0,457.0,481.0,511.0,533.0,566.0,591.0,612.0,635.0,636.0,628.0,623.0,624.0,621.0,617.0,606.0,589.0,577.0,570.0,559.0,548.0,537.0,522.0,489.0,468.0,442.0,434.0,418.0,397.0,378.0,363.0
0.0,0.0,0.0,0.0,1.0,2.0,2.0,3.0,4.0,5.0,5.0,5.0,6.0,7.0,7.0,9.0,9.0,9.0,9.0,9.0,11.0,10.0,9.0,9.0,10.0,11.0,13.0,13.0,16.0,18.0,21.0,20.0,27.0,33.0,36.0,37.0,41.0,43.0,45.0,49.0,54.0,59.0,64.0,72.0,75.0,87.0,92.0,102.0,106.0,118.0,122.0,128.0,147.0,154.0,169.0,175.0,197.0,223.0,237.0,256.0,264.0,265.0,268.0,280.0,284.0,288.0,281.0,290.0,292.0,285.0,282.0,278.0,268.0,257.0,260.0,256.0,250.0,241.0,238.0,233.0,221.0,210.0,198.0,196.0,188.0
0.0,0.0,0.0,0.0,0.0,1.0,1.0,2.0,3.0,4.0,4.0,4.0,3.0,2.0,2.0,2.0,4.0,3.0,3.0,2.0,4.0,5.0,9.0,11.0,11.0,13.0,15.0,17.0,18.0,17.0,18.0,20.0,21.0,25.0,25.0,25.0,27.0,28.0,30.0,34.0,38.0,37.0,38.0,37.0,36.0,44.0,44.0,48.0,53.0,64.0,74.0,76.0,88.0,97.0,109.0,114.0,124.0,124.0,128.0,132.0,143.0,144.0,148.0,151.0,151.0,159.0,155.0,155.0,155.0,153.0,148.0,147.0,143.0,138.0,139.0,135.0,136.0,131.0,122.0,118.0,112.0,109.0,107.0,101.0,92.0
0.0,0.0,0.0,0.0,0.0,1.0,1.0,2.0,4.0,4.0,4.0,4.0,6.0,7.0,7.0,8.0,9.0,10.0,9.0,11.0,11.0,7.0,8.0,8.0,8.0,6.0,4.0,6.0,9.0,9.0,10.0,10.0,10.0,11.0,10.0,9.0,11.0,13.0,16.0,19.0,21.0,23.0,31.0,33.0,36.0,40.0,47.0,45.0,53.0,54.0,65.0,70.0,82.0,85.0,96.0,101.0,115.0,119.0,128.0,138.0,148.0,155.0,159.0,163.0,156.0,152.0,150.0,146.0,142.0,141.0,136.0,133.0,138.0,133.0,135.0,129.0,127.0,125.0,126.0,127.0,122.0,114.0,109.0,104.0,97.0
0.0,0.0,0.0,0.0,0.0,0.0,0.0,1.0,2.0,2.0,4.0,6.0,7.0,8.0,9.0,11.0,11.0,11.0,10.0,13.0,18.0,20.0,28.0,29.0,30.0,32.0,29.0,33.0,33.0,34.0,34.0,36.0,37.0,39.0,39.0,38.0,38.0,41.0,42.0,48.0,55.0,56.0,57.0,65.0,72.0,77.0,79.0,85.0,88.0,96.0,108.0,119.0,129.0,140.0,147.0,154.0,164.0,174.0,178.0,187.0,185.0,198.0,197.0,190.0,194.0,197.0,194.0,186.0,176.0,171.0,164.0,159.0,148.0,146.0,139.0,129.0,125.0,126.0,121.0,116.0,112.0,109.0,109.0,99.0,96.0
0.0,0.0,0.0,0.0,2.0,2.0,2.0,3.0,5.0,6.0,7.0,13.0,16.0,17.0,21.0,26.0,30.0,38.0,41.0,48.0,56.0,60.0,67.0,73.0,77.0,87.0,100.0,106.0,107.0,122.0,142.0,155.0,170.0,189.0,206.0,227.0,242.0,269.0,288.0,319.0,337.0,358.0,393.0,421.0,484.0,529.0,583.0,625.0,661.0,723.0,822.0,903.0,967.0,1059.0,1154.0,1253.0,1329.0,1428.0,1523.0,1618.0,1647.0,1701.0,1744.0,1781.0,1783.0,1765.0,1751.0,1722.0,1706.0,1683.0,1641.0,1633.0,1578.0,1537.0,1503.0,1439.0,1383.0,1322.0,1268.0,1206.0,1136.0,1093.0,1052.0,1013.0,972.0
0.0,0.0,0.0,1.0,1.0,1.0,4.0,4.0,4.0,5.0,6.0,6.0,8.0,8.0,11.0,10.0,11.0,11.0,10.0,11.0,14.0,15.0,17.0,16.0,18.0,17.0,20.0,23.0,23.0,27.0,31.0,39.0,43.0,43.0,48.0,51.0,58.0,63.0,65.0,74.0,80.0,84.0,92.0,104.0,113.0,120.0,136.0,148.0,154.0,166.0,172.0,184.0,195.0,203.0,214.0,234.0,249.0,262.0,294.0,309.0,318.0,323.0,322.0,326.0,313.0,319.0,318.0,312.0,301.0,301.0,294.0,285.0,280.0,274.0,261.0,253.0,249.0,235.0,227.0,220.0,211.0,205.0,199.0,188.0,179.0
0.0,0.0,0.0,0.0,0.0,0.0,1.0,1.0,2.0,3.0,4.0,8.0,8.0,9.0,9.0,9.0,11.0,10.0,9.0,11.0,13.0,15.0,21.0,22.0,24.0,28.0,34.0,35.0,44.0,49.0,53.0,60.0,63.0,64.0,59.0,62.0,63.0,69.0,73.0,77.0,86.0,97.0,100.0,110.0,125.0,140.0,154.0,168.0,185.0,193.0,220.0,239.0,279.0,310.0,338.0,358.0,376.0,421.0,461.0,485.0,494.0,516.0,514.0,525.0,512.0,509.0,508.0,509.0,498.0,493.0,489.0,479.0,463.0,457.0,448.0,421.0,398.0,379.0,361.0,346.0,334.0,318.0,299.0,284.0,268.0
0.0,0.0,1.0,1.0,1.0,1.0,1.0,4.0,5.0,5.0,10.0,11.0,14.0,14.0,13.0,13.0,14.0,11.0,11.0,11.0,11.0,11.0,9.0,10.0,10.0,12.0,14.0,14.0,13.0,14.0,15.0,17.0,21.0,24.0,33.0,41.0,43.0,42.0,45.0,47.0,51.0,53.0,58.0,64.0,73.0,76.0,78.0,83.0,94.0,102.0,111.0,124.0,139.0,156.0,161.0,183.0,200.0,214.0,233.0,240.0,245.0,252.0,251.0,261.0,270.0,260.0,257.0,241.0,235.0,235.0,233.0,227.0,229.0,221.0,211.0,202.0,201.0,194.0,191.0,177.0,174.0,171.0,157.0,153.0,146.0
0.0,0.0,0.0,0.0,0.0,1.0,1.0,1.0,3.0,4.0,6.0,7.0,7.0,8.0,9.0,9.0,9.0,9.0,10.0,12.0,15.0,17.0,18.0,18.0,19.0,18.0,18.0,20.0,23.0,25.0,29.0,32.0,35.0,36.0,40.0,45.0,47.0,52.0,56.0,56.0,68.0,73.0,82.0,92.0,101.0,106.0,118.0,130.0,139.0,149.0,162.0,175.0,196.0,215.0,232.0,260.0,264.0,293.0,318.0,345.0,365.0,376.0,397.0,408.0,410.0,417.0,413.0,401.0,400.0,392.0,376.0,367.0,364.0,353.0,343.0,332.0,316.0,302.0,291.0,283.0,281.0,268.0,259.0,252.0,240.0
0.0,0.0,0.0,1.0,2.0,1.0,1.0,1.0,1.0,1.0,4.0,4.0,5.0,7.0,8.0,7.0,8.0,7.0,7.0,7.0,7.0,8.0,8.0,9.0,14.0,13.0,14.0,15.0,16.0,15.0,18.0,22.0,27.0,27.0,28.0,29.0,34.0,36.0,40.0,44.0,46.0,48.0,55.0,62.0,69.0,72.0,79.0,86.0,91.0,93.0,111.0,126.0,136.0,148.0,167.0,175.0,199.0,219.0,245.0,260.0,271.0,280.0,292.0,300.0,300.0,306.0,304.0,310.0,314.0,294.0,293.0,292.0,279.0,272.0,263.0,254.0,243.0,233.0,228.0,214.0,207.0,205.0,188.0,181.0,172.0
0.0,0.0,0.0,0.0,0.0,0.0,0.0,5.0,5.0,5.0,7.0,8.0,7.0,11.0,11.0,11.0,13.0,13.0,15.0,15.0,15.0,18.0,22.0,32.0,38.0,46.0,49.0,47.0,56.0,58.0,56.0,63.0,64.0,71.0,75.0,78.0,80.0,90.0,97.0,102.0,106.0,120.0,131.0,149.0,162.0,174.0,183.0,192.0,214.0,230.0,254.0,274.0,308.0,344.0,379.0,411.0,451.0,468.0,506.0,546.0,566.0,570.0,592.0,586.0,583.0,576.0,586.0,583.0,587.0,569.0,569.0,547.0,532.0,526.0,517.0,494.0,478.0,459.0,446.0,428.0,422.0,411.0,399.0,377.0,372.0
0.0,0.0,0.0,0.0,0.0,1.0,1.0,2.0,3.0,4.0,6.0,7.0,7.0,10.0,10.0,10.0,11.0,12.0,16.0,18.0,18.0,21.0,21.0,23.0,25.0,25.0,28.0,28.0,30.0,29.0,29.0,26.0,28.0,27.0,28.0,26.0,29.0,29.0,34.0,34.0,36.0,37.0,37.0,41.0,43.0,43.0,47.0,52.0,58.0,64.0,71.0,72.0,73.0,77.0,90.0,91.0,97.0,98.0,103.0,103.0,102.0,110.0,113.0,113.0,109.0,107.0,106.0,111.0,110.0,104.0,104.0,103.0,100.0,93.0,88.0,85.0,77.0,76.0,74.0,66.0,64.0,63.0,61.0,61.0,59.0
0.0,0.0,0.0,0.0,0.0,1.0,2.0,2.0,1.0,2.0,2.0,5.0,6.0,5.0,9.0,10.0,10.0,12.0,12.0,15.0,15.0,18.0,21.0,29.0,32.0,33.0,32.0,36.0,39.0,45.0,47.0,53.0,60.0,64.0,69.0,79.0,76.0,89.0,95.0,101.0,122.0,133.0,139.0,145.0,163.0,184.0,203.0,223.0,251.0,279.0,295.0,314.0,330.0,363.0,386.0,412.0,449.0,496.0,534.0,544.0,564.0,573.0,568.0,581.0,584.0,578.0,581.0,574.0,580.0,566.0,549.0,530.0,514.0,494.0,487.0,463.0,450.0,429.0,402.0,387.0,361.0,337.0,321.0,306.0,296.0
0.0,0.0,0.0,0.0,0.0,0.0,1.0,5.0,5.0,5.0,7.0,7.0,7.0,7.0,10.0,11.0,11.0,11.0,12.0,14.0,13.0,14.0,15.0,17.0,18.0,17.0,17.0,21.0,23.0,26.0,29.0,35.0,37.0,39.0,48.0,55.0,57.0,64.0,76.0,83.0,91.0,101.0,112.0,121.0,135.0,155.0,157.0,162.0,175.0,195.0,219.0,229.0,246.0,261.0,278.0,301.0,341.0,365.0,394.0,423.0,440.0,444.0,460.0,463.0,470.0,467.0,458.0,465.0,457.0,471.0,458.0,450.0,434.0,422.0,400.0,391.0,381.0,365.0,352.0,335.0,330.0,316.0,299.0,289.0,279.0
0.0,0.0,0.0,0.0,2.0,2.0,2.0,3.0,3.0,4.0,4.0,4.0,4.0,3.0,3.0,3.0,5.0,5.0,6.0,6.0,7.0,9.0,9.0,10.0,11.0,10.0,10.0,12.0,14.0,14.0,15.0,13.0,16.0,17.0,20.0,20.0,19.0,22.0,25.0,30.0,31.0,37.0,34.0,38.0,42.0,45.0,47.0,51.0,47.0,51.0,56.0,61.0,65.0,68.0,76.0,75.0,75.0,81.0,86.0,97.0,99.0,103.0,103.0,105.0,106.0,106.0,102.0,98.0,97.0,97.0,90.0,89.0,84.0,83.0,81.0,77.0,77.0,76.0,68.0,65.0,63.0,58.0,57.0,55.0,52.0
0.0,0.0,0.0,0.0,1.0,2.0,2.0,2.0,2.0,4.0,5.0,6.0,8.0,9.0,10.0,12.0,13.0,14.0,16.0,16.0,17.0,17.0,20.0,20.0,19.0,21.0,23.0,22.0,22.0,23.0,31.0,30.0,33.0,38.0,44.0,49.0,54.0,54.0,63.0,70.0,82.0,79.0,80.0,81.0,91.0,98.0,106.0,120.0,139.0,146.0,155.0,166.0,188.0,214.0,234.0,249.0,266.0,292.0,303.0,324.0,324.0,332.0,345.0,363.0,358.0,355.0,340.0,336.0,326.0,316.0,307.0,301.0,289.0,279.0,268.0,260.0,251.0,246.0,237.0,217.0,212.0,205.0,198.0,185.0,176.0
0.0,0.0,0.0,0.0,0.0,2.0,3.0,7.0,6.0,6.0,7.0,9.0,12.0,12.0,13.0,15.0,14.0,16.0,16.0,16.0,18.0,21.0,23.0,25.0,28.0,30.0,36.0,38.0,42.0,49.0,53.0,58.0,58.0,65.0,68.0,75.0,80.0,82.0,93.0,101.0,108.0,118.0,129.0,135.0,147.0,141.0,148.0,162.0,175.0,183.0,184.0,210.0,230.0,252.0,280.0,304.0,328.0,355.0,372.0,397.0,425.0,460.0,477.0,482.0,480.0,481.0,485.0,476.0,476.0,463.0,458.0,449.0,431.0,413.0,394.0,377.0,367.0,356.0,346.0,326.0,311.0,301.0,293.0,281.0,269.0
0.0,0.0,0.0,0.0,0.0,0.0,1.0,4.0,4.0,4.0,5.0,6.0,5.0,5.0,8.0,8.0,10.0,13.0,14.0,17.0,16.0,15.0,15.0,15.0,20.0,23.0,27.0,29.0,32.0,35.0,38.0,41.0,43.0,45.0,45.0,50.0,50.0,56.0,56.0,63.0,60.0,64.0,67.0,69.0,70.0,77.0,82.0,85.0,88.0,89.0,97.0,100.0,113.0,124.0,135.0,162.0,172.0,184.0,218.0,229.0,237.0,251.0,249.0,265.0,264.0,258.0,266.0,271.0,264.0,249.0,248.0,246.0,237.0,229.0,228.0,218.0,210.0,198.0,190.0,184.0,173.0,169.0,158.0,157.0,146.0
0.0,0.0,0.0,1.0,1.0,2.0,2.0,1.0,2.0,2.0,5.0,6.0,7.0,9.0,12.0,14.0,17.0,16.0,16.0,18.0,19.0,21.0,22.0,24.0,28.0,32.0,36.0,36.0,40.0,42.0,43.0,46.0,47.0,45.0,49.0,47.0,49.0,49.0,51.0,57.0,63.0,64.0,72.0,76.0,78.0,80.0,87.0,99.0,107.0,115.0,130.0,139.0,147.0,156.0,168.0,190.0,212.0,225.0,235.0,256.0,269.0,276.0,275.0,288.0,289.0,277.0,274.0,274.0,267.0,263.0,256.0,253.0,244.0,228.0,222.0,205.0,197.0,191.0,178.0,176.0,166.0,158.0,156.0,152.0,145.0
0.0,0.0,0.0,0.0,1.0,1.0,1.0,3.0,3.0,4.0,5.0,4.0,7.0,8.0,9.0,11.0,16.0,17.0,17.0,23.0,27.0,31.0,32.0,33.0,36.0,39.0,41.0,44.0,44.0,47.0,53.0,58.0,59.0,63.0,66.0,74.0,87.0,99.0,109.0,125.0,138.0,149.0,159.0,154.0,168.0,182.0,186.0,200.0,207.0,227.0,242.0,267.0,287.0,317.0,343.0,366.0,387.0,387.0,421.0,432.0,438.0,443.0,458.0,460.0,465.0,465.0,473.0,465.0,456.0,446.0,426.0,411.0,400.0,398.0,386.0,377.0,365.0,354.0,347.0,330.0,326.0,310.0,299.0,282.0,278.0
0.0,0.0,1.0,1.0,1.0,1.0,2.0,3.0,3.0,3.0,4.0,5.0,5.0,5.0,6.0,8.0,9.0,9.0,9.0,10.0,8.0,7.0,7.0,8.0,8.0,8.0,9.0,9.0,11.0,11.0,10.0,11.0,11.0,10.0,10.0,11.0,11.0,14.0,14.0,13.0,14.0,13.0,12.0,13.0,13.0,14.0,17.0,15.0,15.0,18.0,18.0,20.0,22.0,28.0,29.0,32.0,41.0,47.0,51.0,54.0,59.0,61.0,59.0,61.0,63.0,66.0,65.0,67.0,63.0,62.0,65.0,68.0,69.0,68.0,65.0,70.0,71.0,67.0,65.0,64.0,59.0,57.0,52.0,52.0,50.0
0.0,0.0,0.0,0.0,1.0,1.0,2.0,3.0,3.0,4.0,4.0,4.0,6.0,6.0,9.0,12.0,12.0,13.0,17.0,19.0,19.0,21.0,19.0,21.0,23.0,26.0,28.0,32.0,32.0,35.0,45.0,47.0,52.0,52.0,62.0,65.0,73.0,82.0,86.0,99.0,113.0,126.0,141.0,160.0,176.0,196.0,209.0,221.0,240.0,261.0,273.0,292.0,323.0,345.0,375.0,419.0,436.0,472.0,484.0,513.0,534.0,543.0,540.0,549.0,539.0,528.0,514.0,503.0,492.0,484.0,473.0,448.0,434.0,412.0,389.0,393.0,385.0,360.0,348.0,330.0,322.0,310.0,296.0,281.0,267.0
0.0,0.0,0.0,0.0,0.0,0.0,0.0,1.0,3.0,4.0,4.0,4.0,6.0,6.0,5.0,5.0,5.0,8.0,8.0,10.0,14.0,12.0,12.0,14.0,17.0,18.0,22.0,21.0,24.0,31.0,39.0,50.0,52.0,54.0,59.0,67.0,71.0,78.0,88.0,99.0,108.0,110.0,118.0,121.0,122.0,130.0,144.0,156.0,176.0,188.0,200.0,230.0,256.0,274.0,290.0,306.0,316.0,348.0,373.0,390.0,407.0,420.0,422.0,421.0,424.0,423.0,406.0,397.0,399.0,398.0,390.0,377.0,368.0,357.0,349.0,339.0,328.0,318.0,312.0,297.0,285.0,270.0,263.0,253.0,246.0
0.0,0.0,0.0,0.0,1.0,1.0,0.0,1.0,1.0,2.0,2.0,3.0,3.0,4.0,4.0,5.0,9.0,9.0,17.0,22.0,22.0,27.0,32.0,39.0,39.0,43.0,52.0,55.0,62.0,62.0,66.0,68.0,69.0,71.0,73.0,76.0,87.0,90.0,95.0,110.0,119.0,131.0,144.0,146.0,160.0,171.0,173.0,193.0,206.0,222.0,232.0,252.0,269.0,295.0,319.0,347.0,369.0,396.0,421.0,443.0,459.0,466.0,475.0,481.0,490.0,484.0,472.0,464.0,462.0,454.0,440.0,429.0,417.0,401.0,381.0,374.0,361.0,346.0,322.0,302.0,287.0,280.0,275.0,263.0,252.0
0.0,0.0,0.0,0.0,2.0,2.0,2.0,4.0,6.0,6.0,7.0,8.0,8.0,10.0,9.0,8.0,8.0,9.0,10.0,12.0,13.0,14.0,16.0,18.0,22.0,23.0,23.0,23.0,22.0,21.0,21.0,21.0,20.0,26.0,23.0,24.0,26.0,28.0,30.0,28.0,34.0,36.0,43.0,46.0,50.0,54.0,55.0,54.0,57.0,61.0,68.0,75.0,81.0,90.0,94.0,101.0,98.0,102.0,108.0,120.0,118.0,122.0,128.0,123.0,135.0,139.0,137.0,140.0,139.0,136.0,136.0,134.0,133.0,131.0,123.0,120.0,110.0,109.0,109.0,103.0,101.0,97.0,93.0,93.0,90.0
0.0,0.0,0.0,1.0,2.0,2.0,2.0,2.0,2.0,2.0,2.0,3.0,4.0,4.0,5.0,5.0,9.0,11.0,12.0,13.0,13.0,14.0,16.0,17.0,18.0,16.0,19.0,19.0,20.0,23.0,25.0,33.0,38.0,43.0,52.0,62.0,65.0,73.0,78.0,84.0,93.0,94.0,107.0,117.0,129.0,146.0,160.0,171.0,178.0,179.0,193.0,205.0,211.0,239.0,258.0,271.0,301.0,314.0,329.0,339.0,361.0,373.0,380.0,392.0,394.0,398.0,399.0,405.0,398.0,394.0,383.0,385.0,377.0,354.0,350.0,338.0,333.0,330.0,316.0,312.0,292.0,281.0,270.0,255.0,242.0
0.0,0.0,0.0,1.0,1.0,2.0,2.0,3.0,3.0,4.0,5.0,8.0,10.0,11.0,14.0,12.0,13.0,12.0,13.0,12.0,11.0,14.0,13.0,14.0,15.0,14.0,19.0,21.0,21.0,21.0,20.0,21.0,21.0,21.0,23.0,24.0,22.0,24.0,26.0,26.0,30.0,33.0,38.0,43.0,47.0,48.0,47.0,53.0,59.0,67.0,67.0,72.0,78.0,85.0,89.0,91.0,104.0,124.0,130.0,148.0,156.0,154.0,169.0,173.0,164.0,164.0,165.0,156.0,154.0,149.0,147.0,136.0,133.0,132.0,130.0,127.0,116.0,114.0,108.0,108.0,104.0,97.0,93.0,87.0,84.0
0.0,0.0,0.0,0.0,0.0,2.0,2.0,2.0,4.0,5.0,5.0,5.0,4.0,5.0,5.0,7.0,7.0,10.0,14.0,20.0,19.0,20.0,24.0,27.0,30.0,33.0,34.0,36.0,40.0,41.0,45.0,46.0,49.0,51.0,62.0,69.0,73.0,82.0,91.0,92.0,104.0,125.0,129.0,147.0,163.0,176.0,186.0,193.0,221.0,253.0,267.0,291.0,321.0,350.0,378.0,423.0,455.0,495.0,523.0,535.0,559.0,574.0,588.0,601.0,618.0,613.0,619.0,616.0,616.0,608.0,601.0,593.0,571.0,559.0,536.0,517.0,501.0,498.0,477.0,458.0,431.0,416.0,398.0,380.0,362.0
0.0,0.0,0.0,0.0,3.0,3.0,2.0,2.0,3.0,3.0,3.0,3.0,4.0,3.0,3.0,3.0,3.0,3.0,3.0,4.0,4.0,4.0,4.0,3.0,3.0,3.0,3.0,2.0,2.0,2.0,2.0,2.0,1.0,1.0,1.0,1.0,1.0,1.0,1.0,1.0,1.0,1.0,1.0,1.0,1.0,1.0,1.0,1.0,1.0,1.0,1.0,1.0,1.0,1.0,1.0,1.0,1.0,1.0,1.0,1.0,1.0,1.0,1.0,1.0,1.0,1.0,1.0,1.0,1.0,1.0,1.0,1.0,1.0,1.0,1.0,1.0,1.0,1.0,1.0,1.0,1.0,1.0,1.0,1.0,1.0
0.0,0.0,0.0,0.0,0.0,1.0,1.0,1.0,1.0,2.0,1.0,2.0,4.0,3.0,5.0,5.0,4.0,4.0,4.0,4.0,4.0,3.0,4.0,5.0,6.0,6.0,7.0,6.0,7.0,8.0,8.0,8.0,8.0,9.0,10.0,10.0,7.0,7.0,8.0,7.0,7.0,7.0,7.0,7.0,6.0,6.0,6.0,6.0,6.0,6.0,6.0,5.0,4.0,4.0,5.0,5.0,5.0,4.0,5.0,5.0,5.0,4.0,4.0,3.0,4.0,3.0,2.0,2.0,2.0,2.0,2.0,2.0,2.0,2.0,2.0,2.0,1.0,1.0,1.0,1.0,1.0,1.0,1.0,1.0,1.0
0.0,0.0,0.0,0.0,0.0,1.0,2.0,3.0,2.0,3.0,4.0,6.0,6.0,9.0,7.0,6.0,5.0,6.0,7.0,9.0,9.0,10.0,11.0,11.0,13.0,14.0,16.0,16.0,17.0,21.0,23.0,22.0,24.0,26.0,28.0,26.0,29.0,33.0,40.0,48.0,55.0,60.0,68.0,64.0,66.0,67.0,69.0,79.0,91.0,96.0,102.0,108.0,116.0,128.0,134.0,137.0,146.0,157.0,157.0,164.0,179.0,190.0,196.0,192.0,196.0,199.0,195.0,198.0,186.0,187.0,184.0,175.0,171.0,162.0,162.0,155.0,152.0,147.0,145.0,144.0,137.0,130.0,125.0,124.0,117.0
0.0,0.0,0.0,0.0,0.0,1.0,1.0,2.0,3.0,3.0,3.0,3.0,5.0,8.0,7.0,10.0,11.0,14.0,17.0,22.0,24.0,27.0,35.0,38.0,40.0,44.0,48.0,52.0,56.0,56.0,63.0,76.0,84.0,86.0,101.0,108.0,122.0,130.0,137.0,146.0,155.0,169.0,179.0,188.0,193.0,214.0,227.0,238.0,254.0,273.0,296.0,325.0,344.0,375.0,408.0,446.0,476.0,509.0,551.0,589.0,614.0,638.0,658.0,666.0,677.0,689.0,690.0,690.0,674.0,649.0,635.0,609.0,588.0,561.0,550.0,540.0,507.0,483.0,466.0,442.0,424.0,409.0,397.0,380.0,362.0
0.0,0.0,0.0,0.0,1.0,1.0,1.0,1.0,2.0,2.0,3.0,3.0,3.0,6.0,6.0,6.0,6.0,5.0,4.0,7.0,7.0,7.0,8.0,11.0,13.0,15.0,17.0,19.0,22.0,26.0,29.0,38.0,42.0,46.0,54.0,56.0,63.0,68.0,82.0,96.0,102.0,115.0,125.0,131.0,147.0,154.0,158.0,163.0,175.0,189.0,211.0,216.0,229.0,238.0,257.0,282.0,299.0,332.0,359.0,369.0,395.0,411.0,429.0,436.0,448.0,449.0,454.0,438.0,429.0,418.0,408.0,395.0,380.0,369.0,354.0,343.0,336.0,322.0,305.0,295.0,283.0,268.0,266.0,257.0,244.0
0.0,0.0,0.0,0.0,0.0,1.0,2.0,2.0,4.0,4.0,5.0,6.0,8.0,8.0,9.0,10.0,10.0,12.0,12.0,13.0,14.0,13.0,12.0,13.0,18.0,22.0,25.0,28.0,35.0,40.0,40.0,45.0,47.0,51.0,57.0,63.0,65.0,65.0,74.0,76.0,82.0,86.0,98.0,103.0,115.0,125.0,148.0,162.0,175.0,193.0,215.0,224.0,233.0,261.0,285.0,299.0,318.0,347.0,381.0,395.0,393.0,411.0,410.0,414.0,402.0,405.0,404.0,401.0,388.0,374.0,368.0,360.0,342.0,327.0,316.0,307.0,298.0,291.0,274.0,260.0,253.0,239.0,230.0,220.0,212.0
0.0,0.0,0.0,1.0,1.0,1.0,2.0,3.0,4.0,4.0,3.0,3.0,5.0,6.0,7.0,8.0,9.0,10.0,8.0,6.0,6.0,6.0,5.0,5.0,8.0,7.0,7.0,6.0,6.0,8.0,10.0,14.0,13.0,15.0,18.0,23.0,23.0,28.0,35.0,41.0,41.0,46.0,54.0,57.0,74.0,81.0,87.0,99.0,115.0,124.0,135.0,145.0,150.0,166.0,183.0,200.0,225.0,243.0,247.0,263.0,276.0,283.0,281.0,275.0,278.0,287.0,278.0,275.0,272.0,279.0,277.0,268.0,255.0,254.0,255.0,242.0,238.0,234.0,221.0,218.0,205.0,197.0,186.0,178.0,171.0
0.0,0.0,0.0,0.0,1.0,2.0,2.0,4.0,3.0,5.0,6.0,7.0,9.0,11.0,14.0,17.0,19.0,18.0,18.0,21.0,28.0,30.0,31.0,34.0,40.0,39.0,39.0,47.0,54.0,62.0,62.0,70.0,72.0,79.0,82.0,88.0,97.0,108.0,121.0,139.0,150.0,159.0,167.0,184.0,208.0,216.0,232.0,254.0,270.0,296.0,333.0,362.0,389.0,418.0,461.0,509.0,541.0,568.0,609.0,641.0,654.0,685.0,699.0,715.0,705.0,687.0,686.0,681.0,672.0,654.0,629.0,609.0,603.0,580.0,556.0,534.0,521.0,499.0,473.0,456.0,436.0,410.0,396.0,387.0,368.0
0.0,0.0,0.0,1.0,1.0,1.0,1.0,0.0,2.0,2.0,5.0,6.0,9.0,14.0,16.0,17.0,16.0,19.0,22.0,23.0,23.0,25.0,26.0,26.0,26.0,28.0,34.0,38.0,40.0,45.0,53.0,56.0,62.0,65.0,71.0,79.0,88.0,94.0,102.0,108.0,117.0,133.0,145.0,161.0,175.0,193.0,212.0,232.0,256.0,273.0,302.0,327.0,362.0,402.0,434.0,485.0,517.0,573.0,605.0,647.0,659.0,676.0,687.0,689.0,690.0,691.0,685.0,680.0,682.0,654.0,642.0,638.0,613.0,608.0,575.0,549.0,536.0,504.0,488.0,469.0,449.0,425.0,411.0,389.0,373.0
0.0,0.0,0.0,0.0,1.0,1.0,1.0,1.0,2.0,2.0,3.0,7.0,8.0,9.0,10.0,9.0,13.0,15.0,18.0,19.0,23.0,24.0,26.0,28.0,27.0,27.0,30.0,36.0,38.0,39.0,42.0,44.0,44.0,46.0,51.0,55.0,59.0,62.0,64.0,70.0,66.0,68.0,68.0,82.0,94.0,107.0,113.0,123.0,142.0,158.0,173.0,201.0,207.0,227.0,252.0,285.0,315.0,347.0,377.0,387.0,402.0,417.0,437.0,441.0,447.0,446.0,442.0,428.0,434.0,415.0,401.0,395.0,380.0,367.0,352.0,354.0,344.0,325.0,317.0,300.0,282.0,272.0,266.0,253.0,242.0
0.0,0.0,0.0,2.0,2.0,2.0,3.0,3.0,4.0,5.0,5.0,7.0,8.0,9.0,9.0,10.0,10.0,12.0,11.0,13.0,14.0,16.0,18.0,20.0,23.0,30.0,32.0,33.0,34.0,36.0,39.0,42.0,45.0,47.0,45.0,50.0,52.0,56.0,57.0,58.0,57.0,67.0,69.0,79.0,82.0,89.0,100.0,105.0,111.0,115.0,125.0,136.0,146.0,155.0,175.0,179.0,186.0,201.0,204.0,215.0,226.0,233.0,231.0,232.0,228.0,232.0,240.0,240.0,244.0,245.0,240.0,235.0,232.0,217.0,211.0,202.0,190.0,177.0,167.0,158.0,152.0,143.0,140.0,133.0,122.0
0.0,0.0,0.0,0.0,0.0,1.0,1.0,2.0,3.0,5.0,7.0,7.0,8.0,9.0,8.0,9.0,8.0,10.0,9.0,12.0,13.0,11.0,16.0,19.0,22.0,30.0,31.0,35.0,32.0,39.0,45.0,44.0,46.0,47.0,56.0,61.0,62.0,65.0,63.0,62.0,64.0,65.0,72.0,72.0,69.0,78.0,83.0,94.0,104.0,105.0,111.0,120.0,132.0,148.0,172.0,191.0,214.0,238.0,258.0,272.0,284.0,296.0,295.0,296.0,297.0,297.0,297.0,290.0,288.0,274.0,267.0,257.0,249.0,243.0,242.0,234.0,224.0,212.0,205.0,198.0,191.0,179.0,174.0,165.0,161.0
0.0,0.0,0.0,0.0,2.0,2.0,2.0,2.0,2.0,3.0,6.0,10.0,11.0,12.0,12.0,13.0,14.0,18.0,18.0,20.0,19.0,23.0,27.0,27.0,29.0,30.0,28.0,26.0,26.0,28.0,31.0,37.0,41.0,41.0,42.0,44.0,47.0,49.0,55.0,63.0,67.0,76.0,84.0,88.0,88.0,99.0,98.0,103.0,100.0,115.0,118.0,126.0,139.0,148.0,163.0,165.0,177.0,183.0,192.0,205.0,220.0,227.0,240.0,237.0,246.0,243.0,239.0,237.0,236.0,237.0,237.0,232.0,231.0,222.0,233.0,225.0,218.0,209.0,202.0,201.0,195.0,183.0,175.0,171.0,167.0
0.0,0.0,0.0,0.0,0.0,1.0,1.0,3.0,4.0,5.0,6.0,6.0,9.0,9.0,9.0,8.0,9.0,8.0,10.0,10.0,11.0,13.0,14.0,13.0,13.0,12.0,13.0,14.0,15.0,14.0,14.0,14.0,13.0,15.0,14.0,14.0,14.0,16.0,15.0,15.0,15.0,18.0,22.0,24.0,29.0,31.0,33.0,33.0,36.0,42.0,45.0,44.0,44.0,50.0,60.0,68.0,75.0,87.0,91.0,110.0,109.0,123.0,131.0,136.0,141.0,143.0,140.0,145.0,145.0,144.0,139.0,136.0,137.0,134.0,134.0,126.0,118.0,115.0,111.0,109.0,108.0,107.0,99.0,98.0,89.0
0.0,0.0,0.0,0.0,1.0,2.0,3.0,3.0,4.0,5.0,6.0,6.0,6.0,6.0,6.0,7.0,7.0,7.0,10.0,10.0,14.0,14.0,17.0,14.0,13.0,14.0,16.0,18.0,21.0,24.0,30.0,34.0,40.0,45.0,43.0,52.0,53.0,69.0,76.0,77.0,87.0,96.0,102.0,116.0,131.0,134.0,130.0,129.0,144.0,146.0,165.0,183.0,193.0,213.0,238.0,265.0,285.0,309.0,329.0,353.0,377.0,394.0,413.0,414.0,425.0,433.0,438.0,427.0,429.0,421.0,410.0,403.0,394.0,382.0,365.0,355.0,339.0,330.0,326.0,311.0,292.0,288.0,277.0,263.0,251.0
0.0,0.0,0.0,0.0,1.0,2.0,2.0,3.0,3.0,4.0,4.0,5.0,8.0,9.0,11.0,13.0,13.0,15.0,15.0,17.0,20.0,20.0,22.0,24.0,27.0,33.0,35.0,37.0,36.0,39.0,39.0,38.0,38.0,44.0,45.0,46.0,54.0,57.0,67.0,67.0,65.0,64.0,70.0,73.0,77.0,89.0,96.0,104.0,107.0,113.0,117.0,123.0,128.0,132.0,141.0,157.0,162.0,178.0,188.0,198.0,203.0,216.0,219.0,222.0,217.0,215.0,206.0,198.0,198.0,196.0,190.0,189.0,183.0,174.0,168.0,159.0,157.0,149.0,144.0,141.0,129.0,126.0,116.0,111.0,106.0
0.0,0.0,0.0,1.0,1.0,1.0,2.0,2.0,2.0,4.0,5.0,5.0,5.0,5.0,5.0,6.0,9.0,9.0,10.0,11.0,8.0,8.0,9.0,11.0,12.0,15.0,12.0,13.0,15.0,16.0,17.0,17.0,16.0,15.0,15.0,14.0,13.0,13.0,15.0,18.0,19.0,18.0,21.0,20.0,22.0,20.0,21.0,22.0,20.0,22.0,24.0,24.0,26.0,27.0,29.0,31.0,32.0,37.0,43.0,46.0,50.0,56.0,59.0,63.0,63.0,61.0,58.0,57.0,59.0,58.0,54.0,50.0,49.0,45.0,43.0,42.0,40.0,38.0,39.0,37.0,36.0,33.0,31.0,30.0,29.0
0.0,0.0,0.0,0.0,0.0,1.0,3.0,5.0,6.0,4.0,6.0,7.0,8.0,8.0,7.0,9.0,8.0,9.0,11.0,13.0,18.0,23.0,24.0,24.0,34.0,35.0,47.0,51.0,55.0,57.0,62.0,66.0,81.0,98.0,116.0,134.0,138.0,147.0,158.0,168.0,182.0,197.0,208.0,230.0,239.0,273.0,301.0,320.0,339.0,365.0,390.0,416.0,459.0,485.0,527.0,570.0,627.0,674.0,712.0,735.0,769.0,799.0,811.0,814.0,816.0,816.0,820.0,816.0,807.0,818.0,797.0,770.0,748.0,729.0,703.0,686.0,676.0,657.0,625.0,611.0,596.0,574.0,544.0,519.0,488.0
0.0,0.0,0.0,0.0,0.0,1.0,3.0,4.0,5.0,5.0,6.0,7.0,9.0,12.0,15.0,17.0,17.0,20.0,23.0,22.0,23.0,27.0,30.0,33.0,33.0,35.0,38.0,40.0,45.0,52.0,55.0,57.0,66.0,66.0,70.0,73.0,74.0,82.0,85.0,93.0,97.0,111.0,127.0,138.0,147.0,164.0,185.0,195.0,209.0,224.0,231.0,258.0,279.0,313.0,343.0,356.0,388.0,430.0,446.0,477.0,495.0,523.0,537.0,555.0,556.0,552.0,556.0,558.0,559.0,549.0,538.0,532.0,524.0,513.0,502.0,473.0,445.0,427.0,419.0,405.0,388.0,370.0,359.0,347.0,331.0
0.0,0.0,0.0,0.0,2.0,3.0,2.0,5.0,6.0,6.0,7.0,6.0,6.0,7.0,10.0,10.0,11.0,10.0,12.0,16.0,16.0,18.0,19.0,22.0,24.0,22.0,20.0,21.0,21.0,20.0,22.0,22.0,25.0,25.0,32.0,33.0,39.0,42.0,46.0,54.0,62.0,62.0,68.0,71.0,69.0,77.0,85.0,91.0,103.0,117.0,131.0,156.0,167.0,186.0,197.0,211.0,226.0,260.0,268.0,289.0,303.0,306.0,318.0,327.0,332.0,322.0,314.0,334.0,331.0,326.0,319.0,305.0,302.0,295.0,283.0,268.0,253.0,248.0,238.0,227.0,221.0,199.0,187.0,181.0,174.0
0.0,0.0,0.0,0.0,0.0,1.0,2.0,2.0,2.0,2.0,1.0,1.0,2.0,3.0,6.0,6.0,6.0,5.0,3.0,5.0,5.0,5.0,5.0,7.0,9.0,11.0,12.0,13.0,17.0,21.0,24.0,37.0,41.0,45.0,48.0,58.0,65.0,70.0,73.0,77.0,80.0,82.0,90.0,91.0,96.0,96.0,108.0,113.0,124.0,137.0,147.0,155.0,176.0,189.0,213.0,226.0,246.0,243.0,260.0,263.0,278.0,296.0,300.0,312.0,311.0,308.0,299.0,299.0,297.0,297.0,283.0,277.0,275.0,269.0,254.0,244.0,236.0,225.0,215.0,205.0,200.0,195.0,186.0,184.0,177.0
0.0,0.0,1.0,1.0,1.0,1.0,1.0,1.0,2.0,3.0,6.0,7.0,9.0,8.0,8.0,8.0,11.0,13.0,16.0,19.0,21.0,24.0,25.0,28.0,30.0,33.0,40.0,41.0,44.0,51.0,64.0,69.0,68.0,85.0,95.0,95.0,97.0,105.0,114.0,119.0,130.0,136.0,154.0,162.0,171.0,183.0,196.0,217.0,230.0,262.0,294.0,325.0,335.0,336.0,367.0,393.0,426.0,457.0,510.0,528.0,557.0,598.0,620.0,618.0,633.0,627.0,625.0,612.0,619.0,597.0,588.0,580.0,570.0,545.0,536.0,515.0,486.0,462.0,453.0,438.0,422.0,394.0,377.0,360.0,345.0
0.0,0.0,0.0,0.0,1.0,3.0,3.0,3.0,3.0,4.0,5.0,5.0,5.0,7.0,7.0,5.0,5.0,5.0,5.0,5.0,5.0,5.0,6.0,7.0,7.0,7.0,7.0,5.0,6.0,6.0,7.0,8.0,10.0,8.0,9.0,9.0,10.0,10.0,8.0,7.0,8.0,7.0,8.0,11.0,12.0,12.0,13.0,15.0,13.0,16.0,20.0,24.0,25.0,28.0,29.0,28.0,29.0,35.0,38.0,44.0,49.0,50.0,52.0,54.0,57.0,53.0,52.0,51.0,48.0,44.0,42.0,38.0,36.0,38.0,32.0,33.0,33.0,32.0,32.0,32.0,30.0,27.0,24.0,24.0,23.0
0.0,0.0,0.0,1.0,1.0,1.0,1.0,2.0,1.0,3.0,4.0,5.0,5.0,4.0,5.0,4.0,5.0,5.0,5.0,5.0,6.0,6.0,5.0,6.0,8.0,9.0,13.0,16.0,17.0,18.0,20.0,21.0,20.0,20.0,22.0,26.0,31.0,30.0,35.0,48.0,50.0,50.0,53.0,63.0,66.0,74.0,81.0,93.0,107.0,114.0,127.0,142.0,155.0,168.0,181.0,203.0,229.0,240.0,260.0,273.0,287.0,303.0,316.0,317.0,313.0,321.0,310.0,309.0,296.0,291.0,297.0,290.0,287.0,278.0,269.0,259.0,250.0,242.0,236.0,227.0,219.0,205.0,193.0,179.0,176.0
0.0,0.0,0.0,0.0,2.0,3.0,3.0,3.0,3.0,3.0,4.0,4.0,4.0,4.0,6.0,6.0,8.0,10.0,11.0,13.0,14.0,14.0,16.0,18.0,17.0,19.0,20.0,22.0,23.0,27.0,29.0,31.0,30.0,34.0,35.0,37.0,40.0,45.0,52.0,54.0,59.0,67.0,70.0,82.0,88.0,97.0,118.0,124.0,137.0,145.0,161.0,175.0,179.0,199.0,210.0,234.0,235.0,246.0,254.0,263.0,277.0,288.0,293.0,297.0,302.0,304.0,302.0,296.0,280.0,261.0,238.0,237.0,229.0,220.0,216.0,206.0,200.0,195.0,183.0,179.0,177.0,168.0,165.0,153.0,141.0
0.0,0.0,0.0,0.0,1.0,1.0,1.0,1.0,0.0,4.0,5.0,8.0,9.0,10.0,11.0,13.0,14.0,15.0,16.0,14.0,14.0,14.0,14.0,12.0,11.0,14.0,14.0,15.0,17.0,21.0,23.0,23.0,24.0,25.0,28.0,28.0,30.0,32.0,35.0,35.0,34.0,35.0,44.0,47.0,49.0,49.0,51.0,53.0,60.0,69.0,70.0,72.0,71.0,72.0,74.0,80.0,81.0,82.0,91.0,99.0,102.0,108.0,97.0,98.0,100.0,100.0,100.0,98.0,94.0,95.0,88.0,83.0,82.0,76.0,76.0,75.0,69.0,71.0,72.0,71.0,68.0,69.0,68.0,66.0,65.0
0.0,0.0,0.0,0.0,0.0,1.0,3.0,3.0,5.0,5.0,5.0,7.0,8.0,7.0,7.0,7.0,6.0,7.0,7.0,5.0,5.0,7.0,6.0,6.0,7.0,8.0,6.0,6.0,6.0,6.0,7.0,9.0,11.0,14.0,15.0,13.0,14.0,20.0,21.0,22.0,26.0,29.0,32.0,33.0,36.0,40.0,43.0,44.0,46.0,52.0,59.0,63.0,61.0,66.0,69.0,75.0,81.0,77.0,77.0,84.0,85.0,87.0,94.0,96.0,92.0,90.0,88.0,88.0,88.0,88.0,90.0,87.0,91.0,90.0,87.0,85.0,79.0,73.0,71.0,67.0,65.0,65.0,67.0,65.0,64.0
0.0,0.0,0.0,0.0,0.0,0.0,0.0,0.0,2.0,4.0,7.0,10.0,12.0,11.0,13.0,14.0,14.0,15.0,15.0,18.0,17.0,16.0,17.0,18.0,18.0,19.0,20.0,22.0,22.0,27.0,31.0,33.0,39.0,41.0,46.0,52.0,59.0,71.0,75.0,81.0,87.0,93.0,105.0,120.0,128.0,133.0,143.0,159.0,176.0,197.0,204.0,213.0,218.0,236.0,246.0,271.0,287.0,309.0,331.0,348.0,364.0,365.0,371.0,370.0,364.0,367.0,348.0,349.0,338.0,336.0,318.0,298.0,291.0,285.0,278.0,268.0,265.0,256.0,241.0,230.0,227.0,220.0,204.0,199.0,193.0
0.0,0.0,0.0,0.0,1.0,1.0,3.0,3.0,4.0,5.0,5.0,5.0,4.0,3.0,3.0,3.0,3.0,3.0,4.0,5.0,5.0,6.0,6.0,7.0,7.0,8.0,9.0,9.0,9.0,8.0,8.0,9.0,10.0,11.0,12.0,11.0,12.0,15.0,19.0,21.0,22.0,28.0,30.0,34.0,36.0,33.0,32.0,28.0,31.0,32.0,32.0,37.0,39.0,37.0,42.0,42.0,51.0,57.0,69.0,79.0,81.0,83.0,85.0,88.0,87.0,85.0,85.0,85.0,82.0,80.0,82.0,75.0,73.0,73.0,66.0,65.0,62.0,60.0,54.0,52.0,48.0,45.0,44.0,44.0,45.0
0.0,0.0,0.0,0.0,1.0,1.0,3.0,3.0,4.0,4.0,4.0,5.0,6.0,6.0,7.0,7.0,6.0,8.0,8.0,10.0,11.0,12.0,13.0,14.0,16.0,17.0,19.0,18.0,20.0,21.0,24.0,23.0,24.0,26.0,26.0,27.0,30.0,32.0,40.0,46.0,47.0,57.0,59.0,62.0,63.0,69.0,75.0,77.0,83.0,84.0,98.0,108.0,115.0,131.0,136.0,145.0,142.0,159.0,166.0,177.0,190.0,198.0,212.0,230.0,239.0,245.0,246.0,238.0,233.0,234.0,241.0,232.0,223.0,213.0,201.0,188.0,180.0,173.0,159.0,151.0,143.0,136.0,126.0,124.0,118.0
0.0,0.0,0.0,1.0,1.0,2.0,2.0,2.0,2.0,4.0,7.0,7.0,7.0,6.0,6.0,7.0,8.0,10.0,10.0,7.0,7.0,8.0,7.0,7.0,6.0,6.0,4.0,6.0,5.0,5.0,6.0,6.0,6.0,8.0,8.0,9.0,10.0,11.0,11.0,13.0,13.0,14.0,16.0,16.0,15.0,15.0,14.0,16.0,16.0,17.0,18.0,19.0,21.0,24.0,26.0,28.0,34.0,39.0,42.0,46.0,49.0,43.0,37.0,36.0,38.0,36.0,36.0,33.0,32.0,30.0,28.0,25.0,26.0,28.0,29.0,29.0,29.0,29.0,27.0,24.0,23.0,23.0,22.0,21.0,18.0
0.0,0.0,0.0,0.0,2.0,2.0,3.0,4.0,4.0,4.0,4.0,4.0,5.0,6.0,7.0,6.0,8.0,8.0,9.0,10.0,10.0,10.0,10.0,12.0,12.0,11.0,10.0,12.0,11.0,12.0,13.0,14.0,12.0,12.0,13.0,11.0,10.0,9.0,10.0,11.0,11.0,13.0,12.0,13.0,16.0,15.0,19.0,22.0,27.0,37.0,40.0,48.0,50.0,52.0,49.0,55.0,58.0,60.0,59.0,65.0,70.0,73.0,74.0,79.0,75.0,75.0,79.0,80.0,84.0,83.0,86.0,83.0,81.0,76.0,75.0,75.0,75.0,70.0,70.0,64.0,62.0,58.0,55.0,55.0,52.0
0.0,0.0,0.0,0.0,2.0,1.0,2.0,2.0,2.0,2.0,2.0,4.0,4.0,6.0,9.0,10.0,14.0,15.0,17.0,14.0,19.0,26.0,27.0,27.0,28.0,31.0,31.0,32.0,31.0,32.0,40.0,39.0,53.0,59.0,66.0,68.0,71.0,76.0,76.0,78.0,89.0,95.0,105.0,109.0,123.0,124.0,134.0,143.0,163.0,176.0,200.0,215.0,231.0,264.0,294.0,334.0,372.0,386.0,411.0,440.0,471.0,478.0,493.0,500.0,491.0,489.0,483.0,474.0,474.0,464.0,449.0,432.0,417.0,415.0,400.0,397.0,385.0,367.0,355.0,343.0,332.0,316.0,305.0,295.0,282.0
0.0,0.0,0.0,0.0,0.0,1.0,1.0,2.0,2.0,2.0,3.0,3.0,2.0,2.0,4.0,4.0,3.0,3.0,4.0,6.0,6.0,8.0,9.0,9.0,9.0,9.0,8.0,10.0,9.0,10.0,11.0,9.0,9.0,9.0,10.0,9.0,13.0,13.0,15.0,17.0,19.0,22.0,23.0,22.0,20.0,20.0,22.0,22.0,27.0,26.0,28.0,29.0,33.0,32.0,34.0,37.0,38.0,39.0,40.0,49.0,49.0,50.0,54.0,53.0,50.0,50.0,51.0,52.0,53.0,51.0,47.0,46.0,46.0,41.0,38.0,38.0,36.0,36.0,35.0,36.0,32.0,29.0,27.0,26.0,24.0
0.0,0.0,0.0,0.0,0.0,1.0,2.0,0.0,0.0,3.0,2.0,2.0,1.0,2.0,2.0,2.0,3.0,4.0,5.0,6.0,6.0,8.0,9.0,10.0,14.0,17.0,16.0,20.0,21.0,22.0,23.0,27.0,27.0,27.0,25.0,24.0,26.0,26.0,26.0,27.0,29.0,32.0,36.0,39.0,49.0,60.0,62.0,70.0,75.0,75.0,89.0,99.0,109.0,117.0,132.0,142.0,145.0,158.0,169.0,182.0,199.0,204.0,210.0,206.0,205.0,203.0,197.0,200.0,193.0,190.0,188.0,181.0,177.0,164.0,152.0,144.0,136.0,129.0,122.0,120.0,117.0,109.0,107.0,106.0,97.0
0.0,0.0,0.0,0.0,0.0,2.0,3.0,3.0,3.0,3.0,3.0,3.0,5.0,6.0,9.0,9.0,10.0,12.0,14.0,13.0,12.0,11.0,13.0,14.0,14.0,16.0,16.0,19.0,20.0,21.0,23.0,24.0,26.0,28.0,32.0,31.0,34.0,36.0,39.0,48.0,48.0,47.0,51.0,53.0,58.0,60.0,58.0,62.0,71.0,79.0,83.0,84.0,84.0,87.0,95.0,110.0,117.0,131.0,132.0,140.0,146.0,154.0,163.0,162.0,163.0,162.0,157.0,154.0,148.0,145.0,144.0,140.0,137.0,132.0,127.0,123.0,121.0,115.0,111.0,109.0,106.0,103.0,97.0,93.0,91.0
0.0,0.0,0.0,0.0,0.0,0.0,0.0,0.0,2.0,4.0,4.0,3.0,4.0,4.0,5.0,8.0,8.0,8.0,8.0,8.0,8.0,10.0,11.0,12.0,13.0,12.0,12.0,13.0,14.0,14.0,15.0,19.0,21.0,20.0,21.0,19.0,20.0,19.0,22.0,24.0,27.0,32.0,36.0,41.0,43.0,53.0,55.0,65.0,70.0,84.0,93.0,98.0,114.0,119.0,130.0,138.0,154.0,168.0,177.0,178.0,182.0,190.0,184.0,185.0,187.0,184.0,185.0,181.0,184.0,184.0,184.0,181.0,176.0,170.0,168.0,163.0,158.0,159.0,150.0,139.0,130.0,121.0,109.0,104.0,103.0
0.0,0.0,0.0,0.0,0.0,1.0,1.0,1.0,2.0,3.0,5.0,6.0,8.0,6.0,7.0,10.0,12.0,15.0,16.0,16.0,16.0,21.0,23.0,26.0,29.0,31.0,36.0,41.0,46.0,54.0,58.0,63.0,68.0,74.0,83.0,87.0,93.0,102.0,98.0,110.0,115.0,118.0,124.0,134.0,140.0,150.0,157.0,175.0,188.0,204.0,225.0,249.0,262.0,277.0,292.0,324.0,349.0,370.0,386.0,398.0,415.0,418.0,409.0,417.0,425.0,434.0,433.0,418.0,427.0,414.0,404.0,390.0,385.0,377.0,368.0,352.0,338.0,320.0,316.0,302.0,295.0,288.0,277.0,261.0,250.0
0.0,0.0,0.0,0.0,0.0,0.0,2.0,3.0,4.0,4.0,5.0,5.0,6.0,7.0,7.0,8.0,10.0,10.0,12.0,14.0,15.0,19.0,21.0,24.0,27.0,32.0,36.0,37.0,42.0,46.0,47.0,54.0,66.0,73.0,77.0,83.0,90.0,102.0,111.0,123.0,132.0,144.0,163.0,174.0,200.0,204.0,214.0,227.0,242.0,252.0,261.0,284.0,297.0,335.0,358.0,391.0,411.0,435.0,442.0,467.0,488.0,490.0,507.0,531.0,539.0,541.0,537.0,537.0,525.0,516.0,503.0,483.0,479.0,470.0,458.0,449.0,428.0,422.0,409.0,402.0,384.0,359.0,347.0,336.0,316.0
0.0,0.0,0.0,0.0,0.0,0.0,1.0,1.0,1.0,1.0,1.0,2.0,2.0,2.0,3.0,3.0,5.0,10.0,11.0,13.0,11.0,13.0,12.0,14.0,17.0,23.0,27.0,30.0,29.0,30.0,33.0,36.0,37.0,36.0,42.0,51.0,59.0,65.0,79.0,88.0,92.0,102.0,105.0,118.0,130.0,130.0,141.0,154.0,165.0,177.0,181.0,189.0,193.0,211.0,226.0,245.0,247.0,262.0,273.0,284.0,294.0,297.0,302.0,306.0,318.0,324.0,330.0,334.0,317.0,306.0,292.0,286.0,278.0,267.0,256.0,246.0,245.0,233.0,222.0,215.0,208.0,196.0,182.0,173.0,169.0
0.0,0.0,0.0,0.0,1.0,2.0,2.0,3.0,3.0,3.0,5.0,2.0,3.0,4.0,4.0,5.0,7.0,9.0,11.0,12.0,17.0,19.0,24.0,21.0,24.0,29.0,38.0,46.0,52.0,55.0,61.0,68.0,68.0,73.0,82.0,92.0,96.0,108.0,119.0,125.0,139.0,141.0,147.0,147.0,149.0,161.0,170.0,178.0,195.0,227.0,246.0,268.0,302.0,318.0,350.0,379.0,410.0,449.0,485.0,522.0,553.0,570.0,576.0,565.0,567.0,573.0,585.0,570.0,555.0,547.0,530.0,515.0,505.0,485.0,474.0,453.0,445.0,436.0,419.0,411.0,396.0,374.0,363.0,348.0,337.0
0.0,0.0,0.0,0.0,0.0,0.0,1.0,1.0,2.0,2.0,4.0,4.0,4.0,5.0,6.0,7.0,7.0,6.0,7.0,7.0,7.0,8.0,12.0,14.0,17.0,16.0,21.0,26.0,33.0,45.0,52.0,57.0,56.0,57.0,61.0,65.0,69.0,74.0,86.0,104.0,114.0,126.0,152.0,167.0,173.0,204.0,233.0,249.0,282.0,294.0,323.0,335.0,378.0,412.0,440.0,473.0,523.0,548.0,595.0,625.0,648.0,664.0,693.0,715.0,724.0,697.0,684.0,669.0,659.0,646.0,633.0,630.0,605.0,591.0,563.0,545.0,528.0,509.0,496.0,473.0,467.0,448.0,422.0,398.0,370.0
0.0,0.0,0.0,0.0,1.0,1.0,2.0,2.0,2.0,2.0,3.0,3.0,2.0,2.0,3.0,4.0,4.0,5.0,5.0,6.0,7.0,7.0,7.0,9.0,9.0,8.0,8.0,12.0,11.0,13.0,14.0,15.0,15.0,15.0,20.0,19.0,19.0,17.0,17.0,19.0,22.0,26.0,34.0,40.0,44.0,46.0,51.0,57.0,63.0,68.0,79.0,83.0,91.0,99.0,101.0,108.0,119.0,135.0,145.0,148.0,153.0,156.0,165.0,172.0,184.0,182.0,178.0,176.0,178.0,176.0,166.0,165.0,161.0,158.0,152.0,150.0,145.0,145.0,143.0,142.0,139.0,137.0,134.0,126.0,120.0
0.0,0.0,0.0,0.0,0.0,0.0,2.0,2.0,2.0,4.0,5.0,8.0,11.0,15.0,14.0,15.0,18.0,20.0,25.0,25.0,26.0,27.0,40.0,49.0,51.0,56.0,65.0,65.0,74.0,78.0,89.0,92.0,102.0,113.0,122.0,133.0,133.0,145.0,160.0,167.0,184.0,190.0,208.0,226.0,246.0,258.0,269.0,288.0,303.0,338.0,350.0,367.0,381.0,418.0,442.0,471.0,521.0,556.0,605.0,617.0,638.0,651.0,661.0,675.0,685.0,678.0,673.0,664.0,659.0,655.0,650.0,638.0,626.0,595.0,571.0,548.0,528.0,513.0,485.0,457.0,434.0,422.0,410.0,403.0,385.0
0.0,0.0,0.0,0.0,2.0,2.0,3.0,3.0,4.0,4.0,5.0,4.0,4.0,5.0,8.0,10.0,10.0,13.0,14.0,15.0,16.0,17.0,21.0,24.0,29.0,33.0,38.0,40.0,42.0,44.0,44.0,45.0,55.0,60.0,65.0,69.0,71.0,71.0,82.0,95.0,95.0,111.0,120.0,132.0,144.0,158.0,170.0,185.0,205.0,230.0,248.0,278.0,293.0,315.0,337.0,358.0,383.0,413.0,433.0,459.0,484.0,496.0,515.0,520.0,528.0,520.0,518.0,521.0,504.0,502.0,485.0,477.0,466.0,445.0,433.0,416.0,393.0,371.0,355.0,342.0,332.0,311.0,298.0,282.0,262.0
0.0,0.0,0.0,0.0,0.0,2.0,3.0,4.0,5.0,6.0,6.0,6.0,7.0,6.0,6.0,6.0,6.0,9.0,10.0,14.0,14.0,16.0,19.0,21.0,22.0,23.0,25.0,26.0,28.0,32.0,34.0,37.0,42.0,44.0,48.0,49.0,52.0,55.0,56.0,64.0,68.0,75.0,77.0,84.0,93.0,100.0,113.0,122.0,141.0,152.0,163.0,165.0,174.0,194.0,211.0,223.0,237.0,250.0,264.0,269.0,276.0,273.0,279.0,288.0,295.0,310.0,305.0,294.0,288.0,291.0,287.0,290.0,283.0,271.0,269.0,262.0,258.0,246.0,239.0,227.0,219.0,208.0,207.0,198.0,191.0
0.0,0.0,0.0,1.0,1.0,2.0,3.0,4.0,4.0,4.0,4.0,5.0,6.0,7.0,7.0,8.0,9.0,10.0,10.0,10.0,9.0,10.0,12.0,13.0,19.0,19.0,18.0,20.0,18.0,22.0,23.0,24.0,24.0,26.0,31.0,32.0,37.0,40.0,43.0,49.0,47.0,53.0,50.0,48.0,51.0,57.0,59.0,59.0,63.0,74.0,76.0,85.0,94.0,108.0,116.0,131.0,140.0,155.0,154.0,154.0,155.0,155.0,156.0,155.0,166.0,167.0,172.0,168.0,168.0,163.0,153.0,153.0,149.0,149.0,140.0,132.0,128.0,121.0,119.0,118.0,110.0,108.0,104.0,98.0,97.0
0.0,0.0,0.0,0.0,0.0,0.0,0.0,1.0,2.0,2.0,2.0,3.0,4.0,5.0,7.0,9.0,9.0,11.0,14.0,19.0,19.0,21.0,23.0,22.0,24.0,23.0,22.0,23.0,23.0,28.0,33.0,33.0,33.0,35.0,37.0,41.0,39.0,44.0,52.0,55.0,62.0,63.0,68.0,67.0,78.0,76.0,77.0,80.0,83.0,93.0,98.0,102.0,113.0,123.0,123.0,140.0,146.0,152.0,143.0,151.0,163.0,172.0,175.0,169.0,171.0,174.0,179.0,175.0,176.0,170.0,169.0,169.0,160.0,162.0,156.0,145.0,141.0,137.0,131.0,130.0,127.0,127.0,122.0,119.0,113.0
0.0,0.0,0.0,1.0,1.0,1.0,1.0,4.0,4.0,4.0,5.0,7.0,7.0,8.0,9.0,9.0,8.0,10.0,13.0,14.0,15.0,15.0,17.0,16.0,15.0,15.0,16.0,18.0,20.0,20.0,22.0,26.0,31.0,37.0,35.0,35.0,41.0,47.0,46.0,46.0,53.0,61.0,69.0,67.0,69.0,71.0,81.0,82.0,86.0,91.0,98.0,103.0,105.0,119.0,130.0,138.0,153.0,167.0,179.0,188.0,195.0,207.0,220.0,227.0,238.0,235.0,238.0,236.0,237.0,233.0,230.0,226.0,212.0,208.0,198.0,187.0,180.0,171.0,168.0,158.0,154.0,149.0,136.0,128.0,124.0
0.0,0.0,1.0,1.0,1.0,1.0,2.0,2.0,3.0,2.0,2.0,2.0,2.0,2.0,3.0,3.0,4.0,4.0,5.0,5.0,5.0,5.0,4.0,4.0,4.0,4.0,3.0,3.0,3.0,3.0,3.0,2.0,2.0,2.0,2.0,2.0,2.0,2.0,2.0,2.0,2.0,2.0,2.0,2.0,2.0,2.0,2.0,2.0,2.0,2.0,2.0,2.0,2.0,2.0,2.0,2.0,2.0,2.0,2.0,2.0,2.0,2.0,2.0,2.0,2.0,2.0,2.0,2.0,2.0,2.0,2.0,2.0,2.0,2.0,2.0,2.0,1.0,1.0,1.0,1.0,1.0,1.0,1.0,1.0,1.0
0.0,0.0,0.0,0.0,1.0,1.0,1.0,2.0,2.0,3.0,4.0,4.0,3.0,5.0,6.0,7.0,7.0,7.0,7.0,8.0,8.0,8.0,8.0,8.0,8.0,7.0,8.0,9.0,10.0,9.0,9.0,9.0,11.0,11.0,10.0,9.0,10.0,12.0,10.0,9.0,11.0,12.0,15.0,18.0,18.0,20.0,19.0,19.0,23.0,28.0,26.0,29.0,31.0,29.0,29.0,28.0,29.0,31.0,30.0,29.0,28.0,25.0,24.0,24.0,24.0,23.0,22.0,18.0,17.0,16.0,16.0,16.0,14.0,14.0,13.0,13.0,13.0,13.0,13.0,14.0,15.0,15.0,15.0,14.0,14.0
0.0,0.0,0.0,1.0,1.0,2.0,0.0,2.0,1.0,2.0,3.0,3.0,2.0,2.0,3.0,3.0,3.0,4.0,6.0,6.0,9.0,13.0,16.0,17.0,17.0,19.0,22.0,26.0,29.0,29.0,35.0,37.0,38.0,43.0,41.0,54.0,53.0,56.0,62.0,62.0,68.0,73.0,77.0,77.0,77.0,80.0,96.0,102.0,120.0,133.0,147.0,146.0,161.0,174.0,196.0,205.0,221.0,231.0,251.0,250.0,254.0,270.0,275.0,274.0,266.0,282.0,281.0,276.0,262.0,253.0,246.0,239.0,236.0,225.0,221.0,212.0,208.0,209.0,200.0,197.0,189.0,183.0,171.0,164.0,158.0
0.0,0.0,0.0,0.0,0.0,0.0,0.0,2.0,3.0,4.0,5.0,5.0,6.0,11.0,14.0,16.0,13.0,13.0,14.0,16.0,22.0,23.0,26.0,29.0,36.0,36.0,39.0,42.0,50.0,57.0,63.0,67.0,73.0,75.0,88.0,100.0,107.0,122.0,125.0,125.0,133.0,133.0,145.0,155.0,165.0,160.0,182.0,200.0,225.0,248.0,265.0,284.0,300.0,334.0,378.0,393.0,437.0,487.0,504.0,516.0,533.0,540.0,551.0,548.0,542.0,537.0,537.0,543.0,537.0,528.0,516.0,492.0,487.0,472.0,463.0,451.0,434.0,421.0,414.0,404.0,398.0,380.0,363.0,355.0,332.0
0.0,0.0,0.0,0.0,0.0,1.0,1.0,1.0,3.0,3.0,3.0,4.0,5.0,5.0,8.0,10.0,12.0,11.0,11.0,13.0,14.0,15.0,22.0,26.0,28.0,27.0,28.0,29.0,33.0,38.0,41.0,44.0,42.0,40.0,43.0,41.0,44.0,51.0,59.0,68.0,70.0,80.0,82.0,87.0,106.0,124.0,136.0,152.0,170.0,185.0,199.0,227.0,253.0,272.0,289.0,322.0,349.0,395.0,414.0,447.0,463.0,480.0,482.0,495.0,498.0,501.0,506.0,502.0,495.0,489.0,470.0,456.0,440.0,430.0,415.0,396.0,383.0,371.0,355.0,330.0,319.0,319.0,306.0,289.0,280.0
0.0,0.0,0.0,1.0,2.0,2.0,3.0,2.0,3.0,3.0,4.0,6.0,7.0,7.0,9.0,11.0,12.0,15.0,19.0,22.0,23.0,28.0,31.0,36.0,40.0,37.0,41.0,45.0,49.0,60.0,67.0,83.0,95.0,97.0,111.0,122.0,141.0,157.0,163.0,181.0,211.0,227.0,239.0,272.0,309.0,341.0,379.0,434.0,476.0,516.0,566.0,623.0,681.0,734.0,784.0,870.0,933.0,1002.0,1062.0,1101.0,1132.0,1171.0,1196.0,1212.0,1224.0,1211.0,1212.0,1199.0,1187.0,1172.0,1141.0,1123.0,1063.0,1022.0,985.0,951.0,921.0,886.0,854.0,816.0,803.0,771.0,735.0,704.0,677.0
0.0,0.0,0.0,0.0,0.0,1.0,1.0,1.0,1.0,1.0,2.0,5.0,5.0,5.0,6.0,6.0,6.0,8.0,7.0,6.0,6.0,6.0,11.0,11.0,10.0,12.0,14.0,15.0,15.0,17.0,18.0,19.0,24.0,25.0,27.0,27.0,29.0,28.0,32.0,31.0,35.0,37.0,39.0,42.0,42.0,51.0,57.0,68.0,75.0,82.0,88.0,94.0,94.0,101.0,107.0,112.0,120.0,126.0,132.0,135.0,136.0,143.0,143.0,153.0,154.0,157.0,155.0,153.0,152.0,147.0,148.0,142.0,138.0,135.0,129.0,120.0,117.0,112.0,108.0,107.0,100.0,94.0,90.0,87.0,83.0
0.0,0.0,0.0,0.0,0.0,1.0,4.0,4.0,7.0,7.0,6.0,10.0,10.0,10.0,13.0,14.0,14.0,13.0,11.0,15.0,15.0,15.0,15.0,15.0,21.0,23.0,24.0,27.0,39.0,46.0,53.0,60.0,64.0,69.0,68.0,72.0,85.0,85.0,95.0,101.0,112.0,122.0,134.0,142.0,157.0,168.0,182.0,199.0,218.0,228.0,260.0,280.0,323.0,338.0,362.0,386.0,398.0,424.0,449.0,479.0,493.0,503.0,506.0,523.0,529.0,521.0,508.0,501.0,489.0,474.0,463.0,452.0,436.0,419.0,399.0,381.0,368.0,353.0,344.0,329.0,313.0,302.0,292.0,280.0,270.0
0.0,0.0,0.0,0.0,0.0,1.0,3.0,3.0,2.0,2.0,4.0,4.0,3.0,3.0,5.0,7.0,7.0,7.0,10.0,12.0,14.0,16.0,19.0,18.0,19.0,22.0,24.0,28.0,33.0,36.0,38.0,39.0,46.0,44.0,46.0,53.0,58.0,62.0,71.0,78.0,80.0,93.0,98.0,111.0,113.0,123.0,142.0,147.0,152.0,167.0,188.0,214.0,229.0,259.0,280.0,314.0,345.0,377.0,398.0,419.0,431.0,454.0,466.0,464.0,465.0,467.0,467.0,473.0,456.0,453.0,430.0,410.0,406.0,400.0,392.0,381.0,366.0,356.0,346.0,337.0,325.0,313.0,300.0,285.0,278.0
0.0,0.0,0.0,1.0,1.0,2.0,2.0,2.0,1.0,1.0,0.0,1.0,2.0,3.0,3.0,4.0,4.0,4.0,4.0,5.0,6.0,6.0,5.0,5.0,7.0,8.0,6.0,5.0,5.0,5.0,5.0,8.0,8.0,9.0,9.0,9.0,9.0,9.0,10.0,15.0,16.0,17.0,16.0,18.0,17.0,19.0,19.0,20.0,19.0,21.0,20.0,25.0,26.0,28.0,30.0,29.0,27.0,27.0,28.0,30.0,34.0,43.0,47.0,45.0,44.0,44.0,42.0,42.0,45.0,44.0,43.0,46.0,45.0,46.0,45.0,45.0,42.0,41.0,41.0,40.0,40.0,37.0,33.0,30.0,30.0
0.0,0.0,0.0,0.0,1.0,2.0,4.0,6.0,7.0,7.0,6.0,6.0,6.0,5.0,5.0,5.0,8.0,9.0,8.0,5.0,7.0,7.0,7.0,10.0,10.0,10.0,10.0,12.0,10.0,13.0,13.0,14.0,16.0,20.0,24.0,25.0,26.0,28.0,29.0,31.0,36.0,39.0,40.0,40.0,52.0,57.0,54.0,58.0,65.0,72.0,88.0,104.0,113.0,119.0,129.0,139.0,156.0,158.0,168.0,174.0,181.0,187.0,191.0,199.0,199.0,206.0,204.0,201.0,201.0,195.0,192.0,184.0,179.0,167.0,162.0,156.0,156.0,143.0,139.0,135.0,127.0,123.0,119.0,115.0,105.0
0.0,0.0,0.0,1.0,1.0,1.0,1.0,1.0,1.0,2.0,2.0,4.0,4.0,3.0,3.0,3.0,5.0,6.0,9.0,12.0,12.0,11.0,11.0,14.0,13.0,14.0,16.0,19.0,21.0,23.0,24.0,24.0,24.0,26.0,30.0,28.0,29.0,27.0,28.0,31.0,36.0,37.0,38.0,42.0,47.0,46.0,48.0,56.0,60.0,60.0,70.0,84.0,90.0,95.0,111.0,127.0,136.0,151.0,160.0,167.0,167.0,176.0,177.0,174.0,178.0,183.0,189.0,187.0,185.0,186.0,178.0,173.0,176.0,171.0,162.0,156.0,153.0,149.0,144.0,137.0,134.0,131.0,128.0,119.0,113.0
