0.0	0.0	0.0	0.0	0.0	0.0	0.0	0.0	0.0	0.0	0.0	0.0	0.0	0.0	0.0	0.0	1.0	1.0	1.0	2.0	2.0	2.0	2.0	2.0	2.0	2.0	2.0	2.0	2.0	2.0	2.0	1.0	1.0	1.0	1.0	3.0	4.0	6.0	9.0	9.0	12.0	16.0	18.0	24.0	29.0	35.0	49.0	64.0	73.0	79.0	89.0	108.0	121.0	139.0	155.0	174.0	200.0	229.0	256.0	295.0	321.0	382.0	442.0	497.0	564.0	654.0	763.0	847.0	953.0	1070.0	1209.0	1386.0	1577.0	1790.0	2007.0	2257.0	2529.0	2772.0	3078.0	3378.0	3710.0	3992.0	4342.0	4676.0	5041.0	5327.0	5709.0	6042.0	6309.0	6604.0	6876.0	7103.0	7336.0	7567.0	7771.0	7911.0	7995.0	8026.0	8086.0	8143.0	8146.0	8119.0	8079.0	7968.0	7864.0	7746.0	7601.0	7444.0
0.0	0.0	0.0	0.0	0.0	0.0	0.0	0.0	0.0	0.0	0.0	0.0	1.0	1.0	1.0	1.0	1.0	1.0	1.0	1.0	2.0	2.0	2.0	3.0	3.0	2.0	2.0	3.0	4.0	6.0	5.0	6.0	5.0	5.0	7.0	8.0	14.0	14.0	18.0	21.0	25.0	24.0	31.0	33.0	37.0	37.0	49.0	53.0	59.0	68.0	78.0	98.0	110.0	125.0	140.0	161.0	178.0	202.0	236.0	276.0	310.0	339.0	382.0	438.0	513.0	586.0	660.0	769.0	882.0	1006.0	1127.0	1269.0	1432.0	1604.0	1805.0	2022.0	2250.0	2518.0	2771.0	3075.0	3360.0	3691.0	4054.0	4420.0	4731.0	5103.0	5442.0	5789.0	6168.0	6541.0	6808.0	7069.0	7360.0	7516.0	7698.0	7880.0	8069.0	8109.0	8222.0	8329.0	8303.0	8284.0	8227.0	8205.0	8101.0	8005.0	7861.0	7716.0
0.0	0.0	0.0	0.0	0.0	0.0	0.0	0.0	0.0	0.0	0.0	0.0	0.0	0.0	1.0	1.0	1.0	0.0	0.0	0.0	2.0	2.0	2.0	3.0	4.0	6.0	5.0	4.0	6.0	8.0	9.0	11.0	14.0	17.0	22.0	25.0	30.0	32.0	38.0	47.0	48.0	63.0	76.0	86.0	103.0	122.0	141.0	168.0	200.0	222.0	264.0	303.0	355.0	397.0	432.0	485.0	537.0	617.0	713.0	815.0	944.0	1104.0	1233.0	1405.0	1603.0	1755.0	1939.0	2169.0	2426.0	2695.0	2994.0	3273.0	3604.0	3880.0	4225.0	4527.0	4906.0	5301.0	5621.0	5961.0	6285.0	6551.0	6827.0	7076.0	7304.0	7528.0	7627.0	7877.0	7986.0	8120.0	8169.0	8201.0	8191.0	8198.0	8114.0	8083.0	7996.0	7874.0	7716.0	7600.0	7474.0	7332.0	7150.0	7006.0	6828.0	6680.0	6506.0	6311.0
0.0	0.0	0.0	0.0	0.0	0.0	0.0	0.0	0.0	1.0	1.0	1.0	1.0	1.0	1.0	1.0	1.0	1.0	0.0	0.0	1.0	1.0	1.0	0.0	1.0	1.0	1.0	1.0	1.0	1.0	1.0	1.0	1.0	1.0	3.0	3.0	3.0	3.0	4.0	4.0	4.0	6.0	8.0	9.0	7.0	12.0	12.0	13.0	15.0	17.0	21.0	30.0	37.0	40.0	47.0	53.0	63.0	64.0	74.0	90.0	112.0	132.0	143.0	162.0	185.0	210.0	256.0	296.0	342.0	386.0	438.0	505.0	568.0	646.0	734.0	859.0	961.0	1117.0	1268.0	1447.0	1637.0	1863.0	2104.0	2346.0	2586.0	2821.0	3104.0	3400.0	3794.0	4169.0	4522.0	4867.0	5238.0	5571.0	5864.0	6212.0	6495.0	6855.0	7117.0	7353.0	7503.0	7642.0	7758.0	7825.0	7969.0	8051.0	8096.0	8138.0
0.0	0.0	0.0	0.0	0.0	0.0	0.0	0.0	0.0	0.0	0.0	1.0	2.0	2.0	2.0	2.0	2.0	2.0	2.0	3.0	3.0	3.0	3.0	3.0	3.0	4.0	7.0	7.0	9.0	9.0	11.0	16.0	18.0	18.0	20.0	21.0	26.0	28.0	30.0	32.0	37.0	42.0	48.0	59.0	80.0	90.0	110.0	130.0	144.0	157.0	179.0	194.0	219.0	247.0	297.0	339.0	391.0	448.0	514.0	581.0	646.0	751.0	857.0	948.0	1094.0	1244.0	1396.0	1583.0	1783.0	1969.0	2206.0	2450.0	2710.0	2999.0	3263.0	3588.0	3880.0	4212.0	4582.0	4962.0	5287.0	5687.0	6028.0	6322.0	6587.0	6885.0	7172.0	7383.0	7599.0	7753.0	7925.0	8085.0	8197.0	8248.0	8308.0	8355.0	8346.0	8342.0	8275.0	8212.0	7991.0	7913.0	7752.0	7622.0	7463.0	7341.0	7131.0	6975.0
0.0	0.0	0.0	0.0	0.0	0.0	0.0	0.0	0.0	0.0	0.0	0.0	0.0	0.0	0.0	0.0	0.0	0.0	0.0	0.0	0.0	0.0	2.0	2.0	3.0	3.0	4.0	6.0	7.0	9.0	11.0	12.0	12.0	17.0	19.0	22.0	23.0	26.0	30.0	29.0	40.0	46.0	54.0	59.0	70.0	72.0	87.0	102.0	112.0	139.0	155.0	186.0	212.0	255.0	299.0	349.0	411.0	470.0	549.0	595.0	667.0	755.0	835.0	944.0	1033.0	1181.0	1372.0	1547.0	1711.0	1932.0	2172.0	2418.0	2665.0	2950.0	3232.0	3485.0	3815.0	4141.0	4475.0	4840.0	5178.0	5518.0	5826.0	6084.0	6423.0	6723.0	6965.0	7179.0	7396.0	7569.0	7753.0	7877.0	7973.0	8063.0	8094.0	8104.0	8100.0	8044.0	7966.0	7931.0	7876.0	7760.0	7619.0	7472.0	7300.0	7183.0	7023.0	6903.0
0.0	0.0	0.0	0.0	0.0	0.0	0.0	0.0	0.0	1.0	1.0	1.0	1.0	2.0	1.0	1.0	2.0	2.0	3.0	3.0	3.0	3.0	4.0	5.0	5.0	6.0	6.0	6.0	8.0	9.0	12.0	13.0	13.0	16.0	19.0	20.0	22.0	26.0	29.0	36.0	41.0	42.0	48.0	52.0	59.0	76.0	93.0	113.0	120.0	145.0	159.0	175.0	187.0	213.0	239.0	274.0	318.0	369.0	410.0	467.0	528.0	600.0	702.0	811.0	931.0	1017.0	1130.0	1269.0	1469.0	1662.0	1833.0	2073.0	2305.0	2559.0	2868.0	3163.0	3470.0	3801.0	4126.0	4458.0	4761.0	5137.0	5523.0	5846.0	6179.0	6497.0	6747.0	7031.0	7214.0	7476.0	7631.0	7763.0	7914.0	8049.0	8111.0	8171.0	8183.0	8193.0	8209.0	8156.0	8053.0	7933.0	7796.0	7609.0	7455.0	7296.0	7151.0	6990.0
0.0	0.0	0.0	0.0	0.0	0.0	1.0	2.0	2.0	2.0	2.0	1.0	1.0	1.0	1.0	1.0	1.0	0.0	0.0	0.0	0.0	0.0	0.0	0.0	1.0	1.0	1.0	0.0	0.0	0.0	2.0	3.0	4.0	6.0	7.0	9.0	12.0	14.0	15.0	19.0	20.0	20.0	26.0	29.0	27.0	30.0	43.0	49.0	61.0	69.0	76.0	78.0	89.0	98.0	111.0	126.0	153.0	168.0	204.0	227.0	263.0	302.0	336.0	366.0	425.0	504.0	572.0	647.0	762.0	849.0	951.0	1050.0	1184.0	1357.0	1567.0	1774.0	2012.0	2253.0	2496.0	2783.0	3050.0	3358.0	3666.0	3989.0	4313.0	4677.0	5059.0	5444.0	5775.0	6102.0	6378.0	6733.0	7023.0	7283.0	7560.0	7693.0	7850.0	7953.0	8055.0	8148.0	8262.0	8312.0	8310.0	8276.0	8218.0	8163.0	8062.0	7908.0
0.0	0.0	0.0	0.0	0.0	0.0	0.0	0.0	0.0	0.0	0.0	0.0	0.0	0.0	0.0	0.0	0.0	1.0	1.0	1.0	1.0	1.0	1.0	1.0	2.0	2.0	2.0	2.0	3.0	4.0	4.0	4.0	4.0	4.0	5.0	6.0	7.0	7.0	9.0	10.0	11.0	12.0	21.0	23.0	25.0	35.0	37.0	38.0	41.0	44.0	50.0	56.0	69.0	74.0	84.0	93.0	101.0	116.0	129.0	150.0	176.0	198.0	226.0	263.0	305.0	357.0	396.0	464.0	524.0	612.0	722.0	838.0	928.0	1065.0	1215.0	1338.0	1522.0	1723.0	1913.0	2146.0	2417.0	2666.0	2995.0	3331.0	3689.0	3995.0	4313.0	4645.0	5001.0	5390.0	5698.0	6039.0	6290.0	6563.0	6860.0	7092.0	7315.0	7574.0	7761.0	7944.0	8090.0	8120.0	8171.0	8191.0	8215.0	8199.0	8151.0	8049.0
0.0	0.0	0.0	0.0	0.0	0.0	0.0	0.0	0.0	0.0	0.0	0.0	0.0	0.0	1.0	1.0	1.0	2.0	1.0	0.0	0.0	0.0	0.0	0.0	2.0	3.0	3.0	4.0	4.0	3.0	4.0	6.0	6.0	9.0	10.0	10.0	10.0	7.0	7.0	11.0	14.0	18.0	22.0	27.0	30.0	37.0	42.0	52.0	63.0	77.0	78.0	87.0	101.0	124.0	155.0	183.0	217.0	242.0	285.0	334.0	384.0	442.0	487.0	548.0	615.0	701.0	788.0	880.0	1006.0	1126.0	1270.0	1442.0	1611.0	1837.0	2067.0	2320.0	2602.0	2840.0	3163.0	3540.0	3849.0	4151.0	4472.0	4850.0	5203.0	5514.0	5821.0	6157.0	6478.0	6718.0	6987.0	7242.0	7488.0	7635.0	7816.0	7922.0	8090.0	8164.0	8253.0	8243.0	8190.0	8123.0	8057.0	7995.0	7899.0	7813.0	7742.0	7588.0
0.0	0.0	0.0	0.0	0.0	0.0	0.0	0.0	0.0	0.0	1.0	0.0	0.0	0.0	0.0	0.0	0.0	0.0	0.0	1.0	0.0	1.0	1.0	1.0	2.0	3.0	4.0	4.0	4.0	3.0	4.0	5.0	6.0	7.0	8.0	8.0	11.0	10.0	13.0	16.0	22.0	23.0	23.0	29.0	32.0	36.0	46.0	49.0	52.0	58.0	81.0	98.0	99.0	112.0	140.0	158.0	173.0	191.0	222.0	248.0	298.0	348.0	386.0	424.0	496.0	566.0	660.0	775.0	880.0	981.0	1105.0	1269.0	1444.0	1647.0	1845.0	2072.0	2324.0	2552.0	2804.0	3077.0	3363.0	3659.0	3998.0	4317.0	4684.0	5037.0	5410.0	5755.0	6078.0	6391.0	6699.0	6955.0	7161.0	7361.0	7579.0	7709.0	7889.0	8018.0	8097.0	8176.0	8209.0	8219.0	8121.0	8025.0	7918.0	7863.0	7748.0	7602.0
0.0	0.0	0.0	0.0	0.0	0.0	0.0	0.0	0.0	0.0	0.0	0.0	0.0	0.0	0.0	0.0	0.0	0.0	0.0	0.0	0.0	0.0	1.0	2.0	2.0	2.0	2.0	2.0	2.0	5.0	6.0	7.0	8.0	11.0	11.0	14.0	21.0	26.0	31.0	37.0	50.0	56.0	65.0	77.0	96.0	110.0	126.0	143.0	165.0	199.0	216.0	255.0	299.0	318.0	357.0	408.0	455.0	525.0	594.0	674.0	758.0	845.0	969.0	1098.0	1231.0	1392.0	1543.0	1761.0	1998.0	2219.0	2438.0	2655.0	2947.0	3260.0	3612.0	3971.0	4297.0	4631.0	4958.0	5304.0	5661.0	6020.0	6285.0	6548.0	6824.0	7117.0	7316.0	7484.0	7660.0	7730.0	7832.0	7951.0	8084.0	8084.0	8136.0	8118.0	8153.0	8074.0	7986.0	7889.0	7815.0	7655.0	7553.0	7434.0	7292.0	7111.0	6942.0	6785.0
0.0	0.0	0.0	0.0	0.0	0.0	0.0	0.0	0.0	0.0	0.0	0.0	0.0	0.0	1.0	1.0	1.0	2.0	2.0	3.0	3.0	3.0	3.0	3.0	3.0	3.0	4.0	5.0	4.0	4.0	5.0	6.0	6.0	9.0	9.0	9.0	10.0	11.0	12.0	16.0	17.0	23.0	25.0	30.0	32.0	36.0	42.0	52.0	60.0	66.0	77.0	96.0	114.0	130.0	145.0	170.0	194.0	225.0	261.0	285.0	328.0	386.0	443.0	503.0	552.0	645.0	733.0	806.0	922.0	1049.0	1218.0	1381.0	1558.0	1792.0	2036.0	2223.0	2501.0	2779.0	3031.0	3306.0	3608.0	3933.0	4310.0	4634.0	4970.0	5329.0	5621.0	5938.0	6261.0	6575.0	6882.0	7148.0	7312.0	7520.0	7725.0	7835.0	7987.0	8060.0	8154.0	8186.0	8165.0	8150.0	8091.0	8016.0	7913.0	7814.0	7673.0	7524.0
0.0	0.0	0.0	0.0	0.0	0.0	0.0	0.0	0.0	0.0	0.0	0.0	0.0	0.0	1.0	1.0	1.0	1.0	1.0	1.0	1.0	2.0	1.0	2.0	1.0	2.0	2.0	4.0	4.0	6.0	5.0	6.0	8.0	11.0	16.0	17.0	17.0	24.0	31.0	37.0	42.0	40.0	46.0	57.0	63.0	74.0	84.0	104.0	124.0	127.0	155.0	171.0	204.0	242.0	279.0	302.0	335.0	371.0	401.0	464.0	547.0	627.0	724.0	822.0	944.0	1059.0	1236.0	1384.0	1562.0	1740.0	1943.0	2181.0	2444.0	2697.0	3050.0	3340.0	3687.0	3985.0	4353.0	4679.0	5029.0	5395.0	5771.0	6145.0	6484.0	6739.0	7010.0	7216.0	7477.0	7672.0	7859.0	8028.0	8120.0	8196.0	8266.0	8258.0	8247.0	8222.0	8163.0	8158.0	8089.0	7951.0	7830.0	7658.0	7505.0	7333.0	7167.0	7036.0
0.0	0.0	0.0	0.0	0.0	0.0	0.0	0.0	0.0	1.0	1.0	1.0	1.0	1.0	1.0	1.0	1.0	2.0	1.0	2.0	2.0	3.0	3.0	4.0	4.0	4.0	4.0	3.0	2.0	3.0	4.0	7.0	6.0	10.0	13.0	13.0	14.0	16.0	22.0	23.0	28.0	33.0	40.0	46.0	49.0	57.0	71.0	78.0	95.0	115.0	136.0	149.0	176.0	204.0	225.0	269.0	315.0	347.0	394.0	441.0	523.0	610.0	684.0	794.0	901.0	1034.0	1190.0	1343.0	1518.0	1718.0	1924.0	2138.0	2384.0	2664.0	2956.0	3270.0	3528.0	3872.0	4179.0	4490.0	4838.0	5156.0	5521.0	5890.0	6206.0	6471.0	6735.0	7017.0	7225.0	7403.0	7601.0	7767.0	7891.0	8026.0	8137.0	8153.0	8154.0	8171.0	8154.0	8129.0	8089.0	8016.0	7919.0	7783.0	7644.0	7458.0	7298.0	7137.0
0.0	0.0	0.0	0.0	0.0	0.0	0.0	0.0	0.0	0.0	2.0	2.0	2.0	2.0	2.0	2.0	2.0	3.0	3.0	3.0	2.0	3.0	3.0	3.0	3.0	3.0	4.0	10.0	11.0	14.0	13.0	13.0	13.0	11.0	12.0	15.0	19.0	23.0	31.0	34.0	40.0	45.0	45.0	48.0	57.0	67.0	82.0	98.0	115.0	152.0	171.0	191.0	218.0	250.0	291.0	315.0	360.0	417.0	470.0	513.0	590.0	674.0	770.0	851.0	968.0	1079.0	1218.0	1369.0	1518.0	1711.0	1918.0	2151.0	2384.0	2644.0	2915.0	3233.0	3516.0	3817.0	4111.0	4448.0	4812.0	5172.0	5443.0	5819.0	6117.0	6445.0	6703.0	6901.0	7076.0	7296.0	7443.0	7632.0	7761.0	7855.0	7972.0	8042.0	8041.0	8029.0	8001.0	7927.0	7827.0	7737.0	7645.0	7489.0	7413.0	7246.0	7115.0	6982.0
0.0	0.0	0.0	0.0	0.0	0.0	0.0	0.0	0.0	0.0	0.0	0.0	0.0	0.0	0.0	0.0	0.0	1.0	1.0	1.0	1.0	1.0	1.0	1.0	1.0	0.0	0.0	0.0	0.0	0.0	0.0	0.0	0.0	2.0	1.0	1.0	1.0	1.0	1.0	2.0	2.0	2.0	2.0	4.0	4.0	3.0	3.0	2.0	3.0	5.0	6.0	10.0	11.0	14.0	14.0	17.0	18.0	21.0	30.0	35.0	40.0	44.0	51.0	65.0	76.0	91.0	108.0	124.0	127.0	141.0	153.0	173.0	203.0	246.0	309.0	344.0	396.0	444.0	524.0	626.0	727.0	839.0	960.0	1074.0	1241.0	1443.0	1623.0	1810.0	2022.0	2265.0	2539.0	2825.0	3119.0	3444.0	3781.0	4108.0	4447.0	4766.0	5105.0	5392.0	5705.0	5980.0	6277.0	6569.0	6793.0	7074.0	7314.0	7508.0
0.0	0.0	0.0	0.0	0.0	0.0	0.0	0.0	0.0	0.0	0.0	0.0	0.0	0.0	0.0	0.0	0.0	0.0	0.0	0.0	0.0	0.0	0.0	1.0	1.0	2.0	1.0	0.0	1.0	2.0	3.0	4.0	4.0	4.0	7.0	8.0	12.0	13.0	16.0	18.0	23.0	26.0	29.0	29.0	30.0	37.0	46.0	58.0	70.0	83.0	97.0	112.0	128.0	147.0	151.0	167.0	197.0	227.0	259.0	296.0	334.0	392.0	446.0	497.0	574.0	648.0	749.0	867.0	987.0	1103.0	1236.0	1388.0	1542.0	1719.0	1915.0	2162.0	2389.0	2633.0	2969.0	3276.0	3611.0	3936.0	4327.0	4662.0	4982.0	5299.0	5666.0	5949.0	6243.0	6590.0	6900.0	7186.0	7385.0	7596.0	7765.0	7921.0	7998.0	8130.0	8141.0	8160.0	8132.0	8150.0	8083.0	8018.0	7962.0	7892.0	7732.0	7619.0
0.0	0.0	0.0	0.0	0.0	0.0	0.0	0.0	0.0	0.0	0.0	0.0	0.0	0.0	1.0	1.0	1.0	1.0	2.0	2.0	2.0	2.0	2.0	4.0	5.0	5.0	4.0	4.0	4.0	4.0	4.0	3.0	4.0	5.0	7.0	9.0	9.0	13.0	17.0	21.0	26.0	33.0	40.0	44.0	49.0	58.0	77.0	88.0	103.0	122.0	145.0	161.0	195.0	224.0	249.0	286.0	327.0	367.0	398.0	454.0	533.0	623.0	708.0	812.0	896.0	1020.0	1133.0	1286.0	1439.0	1646.0	1840.0	2080.0	2329.0	2590.0	2882.0	3196.0	3502.0	3790.0	4165.0	4468.0	4785.0	5124.0	5532.0	5881.0	6191.0	6503.0	6810.0	7015.0	7246.0	7472.0	7695.0	7894.0	7988.0	8126.0	8223.0	8271.0	8310.0	8250.0	8196.0	8112.0	8001.0	7881.0	7763.0	7629.0	7519.0	7361.0	7193.0	7052.0
0.0	0.0	0.0	0.0	0.0	0.0	0.0	0.0	0.0	0.0	0.0	0.0	0.0	0.0	0.0	1.0	1.0	1.0	1.0	1.0	0.0	2.0	3.0	3.0	3.0	4.0	4.0	3.0	3.0	5.0	7.0	9.0	10.0	12.0	12.0	14.0	19.0	18.0	19.0	27.0	32.0	36.0	45.0	46.0	48.0	57.0	61.0	66.0	76.0	92.0	111.0	131.0	160.0	171.0	191.0	209.0	238.0	266.0	300.0	338.0	382.0	442.0	508.0	596.0	673.0	751.0	857.0	993.0	1095.0	1253.0	1396.0	1605.0	1800.0	2039.0	2336.0	2579.0	2839.0	3093.0	3389.0	3743.0	4023.0	4341.0	4686.0	5014.0	5376.0	5746.0	6066.0	6425.0	6697.0	6984.0	7216.0	7436.0	7661.0	7813.0	7990.0	8078.0	8229.0	8301.0	8279.0	8250.0	8231.0	8196.0	8144.0	8046.0	7906.0	7796.0	7625.0	7484.0
0.0	0.0	0.0	0.0	0.0	0.0	0.0	0.0	0.0	0.0	0.0	0.0	0.0	0.0	0.0	0.0	0.0	0.0	0.0	0.0	0.0	1.0	3.0	2.0	2.0	2.0	2.0	3.0	2.0	2.0	2.0	2.0	2.0	5.0	6.0	8.0	9.0	10.0	13.0	16.0	17.0	24.0	28.0	32.0	40.0	55.0	66.0	81.0	86.0	109.0	119.0	131.0	151.0	164.0	190.0	216.0	245.0	291.0	340.0	375.0	414.0	475.0	554.0	636.0	730.0	830.0	935.0	1078.0	1235.0	1394.0	1559.0	1798.0	1992.0	2254.0	2519.0	2790.0	3043.0	3371.0	3674.0	3980.0	4285.0	4683.0	5036.0	5433.0	5771.0	6112.0	6393.0	6695.0	6925.0	7212.0	7426.0	7618.0	7797.0	7885.0	8036.0	8084.0	8102.0	8133.0	8152.0	8115.0	8072.0	8009.0	7969.0	7865.0	7780.0	7658.0	7483.0	7343.0
0.0	0.0	0.0	0.0	0.0	0.0	0.0	0.0	0.0	0.0	0.0	0.0	0.0	1.0	1.0	1.0	2.0	2.0	2.0	1.0	1.0	2.0	2.0	3.0	3.0	5.0	5.0	5.0	4.0	4.0	6.0	9.0	12.0	11.0	14.0	18.0	21.0	25.0	28.0	33.0	37.0	42.0	49.0	61.0	64.0	69.0	85.0	90.0	112.0	145.0	161.0	193.0	214.0	254.0	287.0	319.0	371.0	413.0	476.0	508.0	569.0	648.0	734.0	826.0	927.0	1067.0	1208.0	1385.0	1566.0	1781.0	1996.0	2242.0	2503.0	2770.0	3093.0	3347.0	3626.0	3941.0	4285.0	4622.0	4957.0	5297.0	5637.0	6001.0	6328.0	6641.0	6919.0	7138.0	7450.0	7615.0	7796.0	7900.0	8014.0	8116.0	8147.0	8130.0	8127.0	8138.0	8116.0	8081.0	7967.0	7889.0	7779.0	7655.0	7528.0	7373.0	7185.0	7018.0
0.0	0.0	0.0	0.0	0.0	0.0	0.0	0.0	0.0	0.0	0.0	0.0	0.0	0.0	0.0	0.0	0.0	1.0	1.0	1.0	1.0	1.0	3.0	3.0	3.0	4.0	5.0	10.0	12.0	15.0	18.0	20.0	19.0	20.0	22.0	22.0	26.0	32.0	40.0	44.0	58.0	65.0	78.0	88.0	107.0	118.0	141.0	166.0	182.0	208.0	230.0	262.0	291.0	331.0	382.0	452.0	504.0	568.0	653.0	756.0	848.0	964.0	1098.0	1248.0	1419.0	1598.0	1834.0	2009.0	2230.0	2450.0	2737.0	3016.0	3356.0	3668.0	3994.0	4328.0	4668.0	5006.0	5383.0	5689.0	6044.0	6322.0	6587.0	6872.0	7142.0	7334.0	7568.0	7735.0	7941.0	8042.0	8131.0	8146.0	8191.0	8207.0	8123.0	8054.0	7970.0	7883.0	7805.0	7697.0	7581.0	7485.0	7345.0	7167.0	6998.0	6801.0	6599.0	6414.0
0.0	0.0	0.0	0.0	0.0	0.0	0.0	0.0	0.0	0.0	0.0	0.0	0.0	0.0	1.0	1.0	1.0	1.0	2.0	2.0	2.0	2.0	1.0	2.0	3.0	4.0	4.0	4.0	5.0	7.0	7.0	7.0	11.0	16.0	17.0	18.0	23.0	26.0	31.0	42.0	52.0	60.0	68.0	78.0	90.0	109.0	115.0	137.0	161.0	177.0	195.0	230.0	258.0	293.0	329.0	367.0	403.0	463.0	534.0	593.0	678.0	787.0	918.0	1048.0	1186.0	1318.0	1476.0	1698.0	1902.0	2116.0	2354.0	2588.0	2834.0	3114.0	3400.0	3713.0	4051.0	4364.0	4703.0	5052.0	5451.0	5805.0	6048.0	6336.0	6622.0	6877.0	7102.0	7312.0	7550.0	7749.0	7820.0	7960.0	7990.0	8047.0	8056.0	8018.0	7962.0	7875.0	7793.0	7709.0	7599.0	7541.0	7409.0	7248.0	7133.0	6980.0	6847.0	6652.0
0.0	0.0	0.0	0.0	0.0	0.0	0.0	0.0	0.0	0.0	0.0	0.0	0.0	1.0	1.0	1.0	3.0	4.0	4.0	6.0	8.0	6.0	5.0	6.0	10.0	11.0	11.0	10.0	10.0	11.0	9.0	11.0	17.0	18.0	23.0	31.0	36.0	38.0	43.0	45.0	49.0	57.0	65.0	76.0	88.0	105.0	115.0	132.0	142.0	167.0	187.0	214.0	240.0	278.0	322.0	384.0	458.0	532.0	581.0	669.0	762.0	847.0	947.0	1086.0	1229.0	1408.0	1573.0	1762.0	1968.0	2164.0	2402.0	2647.0	2930.0	3241.0	3572.0	3891.0	4218.0	4589.0	4939.0	5274.0	5610.0	5966.0	6344.0	6611.0	6866.0	7096.0	7339.0	7549.0	7736.0	7850.0	7979.0	8032.0	8068.0	8076.0	8103.0	8127.0	8097.0	8029.0	7988.0	7881.0	7790.0	7683.0	7529.0	7362.0	7242.0	7107.0	6911.0	6734.0
0.0	0.0	0.0	0.0	0.0	0.0	0.0	1.0	1.0	1.0	1.0	1.0	1.0	1.0	1.0	1.0	1.0	0.0	0.0	1.0	2.0	3.0	3.0	3.0	4.0	5.0	6.0	6.0	7.0	12.0	12.0	14.0	21.0	19.0	16.0	23.0	25.0	28.0	30.0	31.0	31.0	36.0	46.0	57.0	73.0	90.0	106.0	120.0	144.0	170.0	204.0	239.0	267.0	286.0	338.0	367.0	398.0	445.0	495.0	571.0	679.0	759.0	878.0	978.0	1106.0	1246.0	1408.0	1607.0	1821.0	2031.0	2251.0	2491.0	2787.0	3047.0	3348.0	3664.0	3988.0	4289.0	4693.0	5065.0	5418.0	5758.0	6110.0	6406.0	6673.0	6967.0	7152.0	7372.0	7568.0	7719.0	7867.0	7964.0	8043.0	8094.0	8032.0	8089.0	8052.0	8007.0	7919.0	7815.0	7695.0	7595.0	7443.0	7334.0	7198.0	7013.0	6867.0	6712.0
0.0	0.0	0.0	0.0	0.0	0.0	0.0	0.0	0.0	0.0	0.0	0.0	0.0	0.0	0.0	0.0	0.0	0.0	0.0	3.0	2.0	2.0	2.0	3.0	3.0	3.0	3.0	4.0	6.0	7.0	8.0	10.0	12.0	16.0	21.0	25.0	27.0	33.0	37.0	41.0	48.0	52.0	59.0	70.0	79.0	84.0	94.0	114.0	133.0	153.0	190.0	213.0	241.0	285.0	319.0	367.0	416.0	476.0	555.0	601.0	677.0	789.0	895.0	1012.0	1142.0	1315.0	1481.0	1660.0	1837.0	2050.0	2304.0	2519.0	2813.0	3115.0	3384.0	3738.0	4052.0	4389.0	4712.0	5035.0	5387.0	5735.0	6077.0	6432.0	6696.0	6953.0	7172.0	7420.0	7594.0	7776.0	7923.0	8021.0	8098.0	8154.0	8219.0	8206.0	8178.0	8147.0	8053.0	7916.0	7834.0	7729.0	7593.0	7455.0	7278.0	7107.0	6931.0	6693.0
0.0	0.0	0.0	0.0	0.0	0.0	0.0	0.0	0.0	0.0	1.0	1.0	1.0	2.0	3.0	3.0	3.0	3.0	2.0	2.0	2.0	2.0	3.0	4.0	5.0	5.0	7.0	7.0	9.0	10.0	11.0	13.0	17.0	19.0	19.0	20.0	25.0	33.0	39.0	40.0	47.0	53.0	61.0	68.0	84.0	96.0	112.0	132.0	152.0	180.0	224.0	253.0	280.0	327.0	358.0	406.0	456.0	522.0	598.0	697.0	779.0	887.0	1030.0	1159.0	1291.0	1427.0	1598.0	1795.0	1957.0	2182.0	2447.0	2728.0	3014.0	3327.0	3663.0	4017.0	4327.0	4664.0	5028.0	5380.0	5727.0	6104.0	6429.0	6745.0	7004.0	7246.0	7521.0	7710.0	7827.0	7929.0	7984.0	8094.0	8119.0	8177.0	8182.0	8160.0	8100.0	8011.0	7910.0	7857.0	7756.0	7604.0	7463.0	7303.0	7163.0	7025.0	6825.0	6633.0
0.0	0.0	0.0	0.0	0.0	0.0	0.0	0.0	0.0	0.0	0.0	0.0	0.0	0.0	0.0	0.0	0.0	0.0	0.0	0.0	1.0	1.0	1.0	2.0	2.0	5.0	5.0	5.0	6.0	9.0	12.0	12.0	13.0	16.0	17.0	22.0	23.0	24.0	25.0	29.0	35.0	44.0	50.0	52.0	59.0	68.0	77.0	96.0	113.0	122.0	149.0	167.0	190.0	223.0	242.0	265.0	300.0	357.0	420.0	463.0	521.0	611.0	685.0	781.0	874.0	1007.0	1150.0	1323.0	1510.0	1701.0	1886.0	2076.0	2349.0	2608.0	2867.0	3188.0	3516.0	3809.0	4130.0	4444.0	4783.0	5114.0	5478.0	5838.0	6149.0	6512.0	6844.0	7111.0	7394.0	7651.0	7800.0	7942.0	8053.0	8144.0	8242.0	8312.0	8299.0	8284.0	8270.0	8152.0	8083.0	7991.0	7906.0	7738.0	7631.0	7492.0	7348.0	7181.0
0.0	0.0	0.0	0.0	0.0	0.0	0.0	0.0	0.0	0.0	0.0	0.0	0.0	0.0	1.0	1.0	1.0	0.0	0.0	0.0	1.0	2.0	3.0	4.0	8.0	8.0	9.0	11.0	12.0	13.0	15.0	14.0	17.0	21.0	26.0	25.0	32.0	39.0	50.0	60.0	69.0	83.0	88.0	101.0	111.0	129.0	155.0	184.0	216.0	245.0	272.0	308.0	351.0	394.0	467.0	521.0	589.0	657.0	732.0	843.0	977.0	1073.0	1228.0	1393.0	1547.0	1721.0	1939.0	2150.0	2397.0	2607.0	2814.0	3103.0	3458.0	3735.0	4055.0	4439.0	4781.0	5144.0	5505.0	5829.0	6160.0	6424.0	6640.0	6910.0	7157.0	7436.0	7612.0	7765.0	7922.0	7999.0	8091.0	8167.0	8189.0	8205.0	8198.0	8172.0	8090.0	8033.0	7953.0	7856.0	7745.0	7559.0	7381.0	7274.0	7138.0	6960.0	6786.0	6611.0
0.0	0.0	0.0	0.0	0.0	0.0	0.0	0.0	0.0	0.0	0.0	0.0	0.0	0.0	0.0	0.0	0.0	0.0	0.0	1.0	1.0	2.0	3.0	3.0	3.0	4.0	7.0	8.0	9.0	8.0	9.0	12.0	11.0	11.0	12.0	17.0	18.0	21.0	24.0	32.0	35.0	41.0	51.0	62.0	81.0	93.0	103.0	115.0	131.0	149.0	169.0	207.0	246.0	282.0	322.0	356.0	403.0	451.0	505.0	570.0	642.0	734.0	842.0	936.0	1072.0	1201.0	1353.0	1533.0	1695.0	1887.0	2110.0	2375.0	2657.0	2969.0	3221.0	3546.0	3889.0	4230.0	4583.0	4880.0	5260.0	5660.0	5974.0	6287.0	6541.0	6822.0	7031.0	7267.0	7454.0	7650.0	7809.0	7935.0	7994.0	8051.0	8072.0	8083.0	8072.0	8044.0	7976.0	7883.0	7797.0	7707.0	7610.0	7465.0	7300.0	7175.0	6985.0	6822.0
0.0	0.0	0.0	0.0	0.0	0.0	0.0	0.0	0.0	0.0	0.0	0.0	0.0	0.0	0.0	0.0	0.0	0.0	2.0	4.0	4.0	4.0	4.0	5.0	5.0	5.0	5.0	5.0	7.0	12.0	16.0	17.0	17.0	20.0	21.0	21.0	24.0	30.0	32.0	37.0	43.0	52.0	58.0	68.0	79.0	89.0	96.0	106.0	119.0	142.0	156.0	186.0	217.0	244.0	273.0	326.0	390.0	443.0	523.0	592.0	684.0	763.0	858.0	959.0	1094.0	1236.0	1398.0	1591.0	1814.0	2043.0	2249.0	2454.0	2730.0	3003.0	3239.0	3522.0	3904.0	4237.0	4554.0	4884.0	5206.0	5588.0	5928.0	6225.0	6492.0	6745.0	6972.0	7231.0	7474.0	7618.0	7746.0	7854.0	7950.0	8016.0	8026.0	8045.0	8008.0	7967.0	7929.0	7814.0	7736.0	7637.0	7525.0	7382.0	7252.0	7043.0	6896.0	6789.0
0.0	0.0	0.0	0.0	0.0	0.0	0.0	0.0	0.0	0.0	0.0	0.0	0.0	0.0	1.0	1.0	1.0	1.0	1.0	1.0	1.0	1.0	1.0	1.0	0.0	1.0	2.0	2.0	2.0	4.0	4.0	3.0	4.0	4.0	4.0	7.0	8.0	7.0	9.0	10.0	10.0	10.0	11.0	10.0	13.0	15.0	18.0	23.0	29.0	34.0	37.0	42.0	49.0	57.0	65.0	69.0	80.0	97.0	102.0	109.0	136.0	155.0	172.0	208.0	235.0	278.0	330.0	376.0	440.0	495.0	569.0	645.0	743.0	858.0	973.0	1076.0	1216.0	1383.0	1577.0	1749.0	1982.0	2240.0	2487.0	2754.0	3047.0	3346.0	3686.0	4078.0	4490.0	4824.0	5217.0	5615.0	5908.0	6271.0	6592.0	6890.0	7179.0	7431.0	7583.0	7802.0	7907.0	8077.0	8167.0	8220.0	8212.0	8243.0	8274.0	8244.0
0.0	0.0	0.0	0.0	0.0	0.0	0.0	0.0	0.0	0.0	0.0	0.0	0.0	0.0	0.0	0.0	0.0	0.0	0.0	0.0	0.0	0.0	0.0	0.0	0.0	0.0	0.0	0.0	0.0	3.0	5.0	5.0	6.0	6.0	7.0	8.0	9.0	9.0	11.0	13.0	15.0	20.0	21.0	30.0	33.0	38.0	41.0	51.0	58.0	67.0	70.0	80.0	98.0	114.0	129.0	139.0	163.0	183.0	219.0	264.0	316.0	359.0	401.0	459.0	529.0	590.0	672.0	769.0	868.0	1006.0	1134.0	1281.0	1453.0	1640.0	1823.0	2049.0	2292.0	2491.0	2768.0	3040.0	3352.0	3698.0	3997.0	4353.0	4676.0	5002.0	5286.0	5655.0	5989.0	6272.0	6512.0	6881.0	7144.0	7370.0	7557.0	7690.0	7850.0	8018.0	8124.0	8100.0	8158.0	8109.0	8086.0	8057.0	8032.0	7948.0	7835.0	7732.0
0.0	0.0	0.0	0.0	0.0	0.0	0.0	0.0	0.0	0.0	0.0	0.0	0.0	0.0	0.0	0.0	0.0	0.0	0.0	1.0	2.0	3.0	4.0	4.0	8.0	10.0	10.0	10.0	12.0	17.0	19.0	20.0	24.0	28.0	33.0	39.0	41.0	47.0	51.0	70.0	76.0	92.0	99.0	108.0	125.0	135.0	154.0	181.0	209.0	243.0	270.0	316.0	359.0	415.0	491.0	544.0	590.0	643.0	716.0	823.0	944.0	1086.0	1227.0	1353.0	1494.0	1683.0	1909.0	2138.0	2392.0	2631.0	2929.0	3179.0	3482.0	3835.0	4145.0	4521.0	4893.0	5236.0	5637.0	5984.0	6345.0	6652.0	6945.0	7255.0	7488.0	7687.0	7832.0	7972.0	8138.0	8178.0	8222.0	8217.0	8239.0	8267.0	8192.0	8166.0	8096.0	8009.0	7867.0	7740.0	7603.0	7443.0	7241.0	7067.0	6938.0	6764.0	6562.0	6384.0
0.0	0.0	0.0	0.0	0.0	0.0	0.0	0.0	0.0	0.0	0.0	0.0	0.0	0.0	0.0	0.0	0.0	0.0	0.0	2.0	2.0	2.0	2.0	4.0	5.0	5.0	5.0	6.0	7.0	8.0	9.0	12.0	11.0	14.0	20.0	25.0	27.0	33.0	34.0	33.0	41.0	45.0	55.0	74.0	81.0	92.0	109.0	121.0	139.0	169.0	194.0	221.0	254.0	288.0	323.0	383.0	434.0	503.0	567.0	625.0	722.0	828.0	943.0	1076.0	1225.0	1387.0	1566.0	1797.0	2017.0	2262.0	2527.0	2801.0	3075.0	3387.0	3682.0	3988.0	4289.0	4660.0	4995.0	5355.0	5735.0	6113.0	6367.0	6645.0	6920.0	7136.0	7352.0	7606.0	7783.0	7931.0	8054.0	8132.0	8178.0	8291.0	8253.0	8257.0	8228.0	8158.0	8090.0	7977.0	7832.0	7766.0	7646.0	7515.0	7327.0	7163.0	7016.0	6853.0
0.0	0.0	0.0	0.0	0.0	0.0	0.0	0.0	0.0	0.0	0.0	0.0	0.0	0.0	0.0	0.0	1.0	1.0	1.0	1.0	1.0	1.0	1.0	1.0	1.0	1.0	1.0	3.0	3.0	3.0	4.0	7.0	7.0	8.0	8.0	9.0	9.0	12.0	12.0	13.0	16.0	22.0	25.0	32.0	31.0	36.0	41.0	47.0	51.0	61.0	68.0	79.0	91.0	103.0	113.0	127.0	142.0	165.0	200.0	230.0	273.0	320.0	356.0	407.0	472.0	536.0	607.0	698.0	788.0	900.0	1017.0	1120.0	1259.0	1425.0	1593.0	1791.0	2035.0	2250.0	2545.0	2830.0	3133.0	3464.0	3797.0	4110.0	4447.0	4782.0	5114.0	5401.0	5735.0	6062.0	6395.0	6664.0	6930.0	7110.0	7367.0	7526.0	7761.0	7962.0	8130.0	8220.0	8265.0	8309.0	8270.0	8249.0	8171.0	8126.0	8012.0	7891.0
0.0	0.0	0.0	0.0	0.0	0.0	0.0	0.0	0.0	0.0	0.0	0.0	0.0	0.0	0.0	0.0	0.0	1.0	1.0	0.0	0.0	1.0	1.0	2.0	3.0	5.0	6.0	7.0	7.0	6.0	7.0	10.0	8.0	11.0	14.0	19.0	27.0	30.0	34.0	37.0	42.0	54.0	58.0	72.0	75.0	89.0	104.0	128.0	141.0	165.0	195.0	223.0	266.0	293.0	330.0	380.0	434.0	496.0	551.0	619.0	733.0	832.0	933.0	1042.0	1204.0	1365.0	1544.0	1742.0	1945.0	2141.0	2395.0	2714.0	2988.0	3288.0	3546.0	3871.0	4214.0	4531.0	4906.0	5236.0	5537.0	5869.0	6222.0	6516.0	6835.0	7075.0	7331.0	7505.0	7659.0	7845.0	7973.0	8033.0	8115.0	8089.0	8145.0	8124.0	8070.0	8053.0	7912.0	7815.0	7715.0	7567.0	7431.0	7299.0	7173.0	7009.0	6843.0	6631.0
0.0	0.0	0.0	0.0	0.0	1.0	1.0	1.0	1.0	1.0	0.0	0.0	0.0	1.0	1.0	1.0	1.0	1.0	1.0	1.0	1.0	4.0	5.0	3.0	4.0	3.0	5.0	4.0	5.0	8.0	11.0	12.0	11.0	14.0	17.0	18.0	19.0	19.0	24.0	31.0	38.0	55.0	64.0	84.0	100.0	119.0	138.0	161.0	179.0	213.0	242.0	271.0	311.0	347.0	394.0	449.0	500.0	576.0	655.0	722.0	817.0	931.0	1057.0	1188.0	1349.0	1515.0	1684.0	1892.0	2090.0	2306.0	2586.0	2812.0	3160.0	3468.0	3811.0	4128.0	4502.0	4898.0	5223.0	5565.0	5846.0	6159.0	6465.0	6741.0	6964.0	7169.0	7378.0	7566.0	7683.0	7795.0	7924.0	8009.0	8057.0	8096.0	8127.0	8047.0	7999.0	7908.0	7828.0	7709.0	7605.0	7458.0	7237.0	7128.0	6968.0	6794.0	6659.0	6516.0
0.0	0.0	0.0	0.0	0.0	0.0	0.0	0.0	0.0	0.0	0.0	0.0	0.0	0.0	0.0	0.0	0.0	0.0	2.0	2.0	3.0	3.0	3.0	2.0	2.0	1.0	1.0	2.0	3.0	3.0	2.0	3.0	3.0	5.0	6.0	7.0	8.0	12.0	15.0	16.0	15.0	20.0	22.0	26.0	34.0	38.0	38.0	43.0	48.0	58.0	69.0	76.0	82.0	94.0	105.0	117.0	132.0	160.0	187.0	199.0	215.0	252.0	281.0	336.0	370.0	427.0	491.0	573.0	656.0	760.0	854.0	962.0	1111.0	1251.0	1406.0	1565.0	1822.0	2025.0	2298.0	2578.0	2897.0	3150.0	3498.0	3822.0	4161.0	4497.0	4874.0	5224.0	5571.0	5875.0	6205.0	6495.0	6771.0	7018.0	7274.0	7534.0	7772.0	7911.0	8063.0	8136.0	8172.0	8169.0	8174.0	8244.0	8221.0	8168.0	8098.0	7964.0
0.0	0.0	0.0	0.0	0.0	0.0	0.0	0.0	0.0	0.0	0.0	0.0	0.0	0.0	0.0	0.0	0.0	0.0	0.0	0.0	0.0	0.0	0.0	0.0	0.0	0.0	0.0	0.0	1.0	2.0	3.0	5.0	6.0	9.0	9.0	12.0	15.0	15.0	17.0	21.0	20.0	23.0	26.0	34.0	35.0	39.0	42.0	48.0	49.0	64.0	75.0	86.0	100.0	123.0	132.0	149.0	167.0	188.0	234.0	276.0	313.0	353.0	380.0	438.0	523.0	593.0	665.0	766.0	884.0	1012.0	1156.0	1312.0	1457.0	1644.0	1860.0	2043.0	2302.0	2543.0	2845.0	3147.0	3485.0	3859.0	4201.0	4529.0	4862.0	5198.0	5543.0	5936.0	6248.0	6552.0	6858.0	7145.0	7381.0	7635.0	7808.0	7954.0	8080.0	8176.0	8310.0	8375.0	8369.0	8334.0	8329.0	8296.0	8229.0	8141.0	8059.0	7938.0
0.0	0.0	0.0	0.0	0.0	0.0	0.0	0.0	0.0	0.0	1.0	1.0	1.0	2.0	2.0	1.0	1.0	1.0	1.0	4.0	4.0	4.0	4.0	4.0	4.0	4.0	5.0	7.0	10.0	9.0	9.0	11.0	15.0	19.0	20.0	23.0	30.0	36.0	45.0	48.0	54.0	58.0	67.0	83.0	92.0	111.0	127.0	149.0	173.0	189.0	217.0	244.0	285.0	315.0	345.0	397.0	457.0	525.0	595.0	696.0	793.0	900.0	1020.0	1163.0	1291.0	1438.0	1636.0	1826.0	2053.0	2296.0	2579.0	2791.0	3123.0	3456.0	3759.0	4086.0	4356.0	4774.0	5098.0	5433.0	5816.0	6119.0	6443.0	6735.0	6984.0	7248.0	7496.0	7667.0	7815.0	7928.0	8059.0	8107.0	8157.0	8174.0	8184.0	8121.0	8045.0	7974.0	7884.0	7747.0	7608.0	7516.0	7340.0	7207.0	7046.0	6880.0	6703.0	6503.0
0.0	0.0	0.0	0.0	0.0	0.0	0.0	0.0	0.0	0.0	0.0	0.0	0.0	0.0	0.0	0.0	0.0	0.0	0.0	1.0	1.0	2.0	4.0	4.0	5.0	7.0	9.0	11.0	13.0	15.0	18.0	17.0	20.0	21.0	23.0	28.0	29.0	38.0	44.0	52.0	58.0	65.0	82.0	105.0	122.0	142.0	166.0	186.0	218.0	250.0	280.0	315.0	364.0	416.0	460.0	551.0	629.0	706.0	789.0	909.0	1024.0	1180.0	1315.0	1448.0	1608.0	1821.0	2023.0	2268.0	2595.0	2861.0	3123.0	3409.0	3694.0	4033.0	4381.0	4689.0	5042.0	5391.0	5696.0	6021.0	6406.0	6728.0	6986.0	7187.0	7460.0	7698.0	7852.0	7979.0	8082.0	8145.0	8192.0	8211.0	8248.0	8170.0	8128.0	8086.0	8008.0	7860.0	7685.0	7538.0	7386.0	7252.0	7078.0	6889.0	6752.0	6565.0	6407.0	6233.0
0.0	0.0	0.0	0.0	0.0	0.0	0.0	0.0	1.0	1.0	1.0	1.0	1.0	1.0	1.0	1.0	1.0	1.0	1.0	1.0	1.0	1.0	1.0	1.0	1.0	1.0	1.0	1.0	1.0	2.0	3.0	2.0	2.0	3.0	4.0	6.0	9.0	11.0	12.0	14.0	16.0	16.0	19.0	17.0	19.0	23.0	31.0	35.0	33.0	41.0	43.0	46.0	51.0	54.0	65.0	73.0	86.0	91.0	105.0	122.0	146.0	184.0	220.0	245.0	271.0	319.0	361.0	428.0	500.0	588.0	646.0	751.0	847.0	945.0	1070.0	1225.0	1386.0	1556.0	1753.0	1981.0	2210.0	2482.0	2787.0	3061.0	3361.0	3661.0	4003.0	4408.0	4796.0	5064.0	5402.0	5737.0	6042.0	6395.0	6654.0	6851.0	7118.0	7383.0	7555.0	7783.0	7869.0	8030.0	8050.0	8115.0	8109.0	8092.0	8053.0	7978.0
0.0	0.0	0.0	0.0	0.0	0.0	0.0	1.0	0.0	0.0	0.0	0.0	0.0	0.0	0.0	0.0	1.0	1.0	1.0	1.0	1.0	2.0	2.0	1.0	1.0	1.0	1.0	1.0	1.0	3.0	5.0	8.0	7.0	8.0	11.0	16.0	18.0	15.0	21.0	25.0	28.0	38.0	45.0	56.0	70.0	84.0	101.0	112.0	122.0	140.0	158.0	203.0	238.0	271.0	307.0	358.0	389.0	436.0	494.0	571.0	657.0	723.0	851.0	968.0	1097.0	1240.0	1381.0	1567.0	1769.0	1992.0	2230.0	2484.0	2723.0	3017.0	3389.0	3728.0	4068.0	4386.0	4774.0	5056.0	5449.0	5759.0	6103.0	6412.0	6721.0	6980.0	7216.0	7373.0	7549.0	7710.0	7857.0	8002.0	8114.0	8169.0	8194.0	8171.0	8117.0	8084.0	7994.0	7985.0	7883.0	7778.0	7668.0	7569.0	7447.0	7298.0	7176.0	7046.0
0.0	0.0	0.0	0.0	0.0	0.0	0.0	0.0	0.0	1.0	1.0	1.0	1.0	1.0	1.0	1.0	1.0	1.0	2.0	3.0	3.0	2.0	2.0	3.0	3.0	3.0	2.0	3.0	4.0	4.0	4.0	6.0	8.0	11.0	11.0	10.0	11.0	16.0	18.0	18.0	21.0	26.0	28.0	33.0	38.0	46.0	54.0	62.0	66.0	78.0	92.0	109.0	118.0	125.0	141.0	156.0	178.0	213.0	250.0	276.0	309.0	376.0	421.0	477.0	535.0	607.0	709.0	790.0	892.0	1016.0	1198.0	1336.0	1478.0	1650.0	1861.0	2086.0	2353.0	2612.0	2912.0	3218.0	3569.0	3920.0	4228.0	4553.0	4914.0	5247.0	5531.0	5859.0	6222.0	6561.0	6829.0	7180.0	7445.0	7657.0	7752.0	7897.0	8027.0	8116.0	8150.0	8157.0	8165.0	8140.0	8055.0	8008.0	7932.0	7848.0	7724.0	7544.0
0.0	0.0	0.0	0.0	0.0	0.0	0.0	0.0	0.0	0.0	0.0	0.0	0.0	1.0	1.0	0.0	0.0	0.0	0.0	0.0	0.0	1.0	1.0	1.0	2.0	2.0	3.0	4.0	3.0	5.0	6.0	10.0	15.0	18.0	18.0	18.0	24.0	27.0	32.0	37.0	43.0	47.0	59.0	72.0	86.0	108.0	116.0	135.0	148.0	178.0	209.0	243.0	283.0	308.0	347.0	392.0	451.0	512.0	584.0	664.0	768.0	844.0	954.0	1078.0	1222.0	1383.0	1587.0	1757.0	1998.0	2247.0	2554.0	2845.0	3093.0	3385.0	3701.0	3993.0	4326.0	4697.0	5039.0	5403.0	5728.0	6067.0	6394.0	6725.0	7013.0	7323.0	7537.0	7773.0	7934.0	8014.0	8172.0	8230.0	8236.0	8277.0	8311.0	8283.0	8186.0	8129.0	8043.0	7929.0	7787.0	7704.0	7523.0	7364.0	7225.0	7020.0	6813.0	6627.0
0.0	0.0	0.0	0.0	0.0	0.0	0.0	0.0	0.0	0.0	0.0	0.0	1.0	1.0	1.0	0.0	2.0	2.0	4.0	3.0	3.0	2.0	3.0	4.0	5.0	5.0	7.0	5.0	5.0	6.0	7.0	7.0	6.0	7.0	10.0	12.0	11.0	13.0	16.0	20.0	24.0	27.0	26.0	27.0	32.0	41.0	48.0	61.0	67.0	85.0	101.0	124.0	147.0	163.0	181.0	209.0	244.0	277.0	310.0	357.0	412.0	466.0	573.0	660.0	750.0	849.0	966.0	1082.0	1220.0	1340.0	1533.0	1738.0	1966.0	2169.0	2438.0	2731.0	3005.0	3300.0	3654.0	3968.0	4347.0	4684.0	5051.0	5417.0	5732.0	6025.0	6360.0	6625.0	6871.0	7128.0	7282.0	7503.0	7664.0	7840.0	7922.0	7979.0	8006.0	8036.0	7985.0	8004.0	8000.0	7870.0	7805.0	7756.0	7639.0	7506.0	7398.0	7239.0
0.0	0.0	0.0	0.0	0.0	0.0	0.0	0.0	0.0	0.0	0.0	0.0	0.0	0.0	1.0	3.0	2.0	3.0	2.0	3.0	3.0	3.0	3.0	4.0	4.0	3.0	5.0	6.0	9.0	11.0	12.0	19.0	20.0	21.0	26.0	27.0	30.0	36.0	37.0	46.0	52.0	60.0	68.0	82.0	96.0	108.0	130.0	147.0	174.0	197.0	214.0	242.0	258.0	281.0	323.0	382.0	430.0	486.0	545.0	620.0	684.0	766.0	859.0	974.0	1117.0	1254.0	1412.0	1575.0	1779.0	2029.0	2274.0	2581.0	2852.0	3110.0	3450.0	3765.0	4075.0	4406.0	4775.0	5073.0	5416.0	5716.0	6021.0	6317.0	6611.0	6803.0	7097.0	7333.0	7498.0	7659.0	7793.0	7893.0	7984.0	8088.0	8113.0	8059.0	8029.0	8000.0	7964.0	7882.0	7758.0	7661.0	7509.0	7349.0	7166.0	7000.0	6800.0	6647.0
0.0	0.0	0.0	0.0	0.0	0.0	0.0	0.0	0.0	0.0	0.0	0.0	0.0	0.0	0.0	0.0	0.0	0.0	1.0	1.0	2.0	3.0	4.0	5.0	5.0	6.0	7.0	6.0	6.0	7.0	9.0	8.0	11.0	17.0	19.0	23.0	30.0	32.0	38.0	44.0	47.0	48.0	47.0	65.0	70.0	84.0	95.0	109.0	128.0	145.0	169.0	193.0	216.0	243.0	285.0	326.0	381.0	436.0	504.0	559.0	648.0	736.0	811.0	924.0	1072.0	1214.0	1401.0	1575.0	1740.0	1943.0	2161.0	2420.0	2660.0	2950.0	3263.0	3638.0	3985.0	4299.0	4662.0	5004.0	5330.0	5671.0	6053.0	6390.0	6646.0	6964.0	7222.0	7408.0	7635.0	7814.0	7910.0	8017.0	8100.0	8142.0	8181.0	8205.0	8254.0	8192.0	8109.0	8030.0	7946.0	7907.0	7779.0	7642.0	7512.0	7368.0	7180.0	6964.0
0.0	0.0	0.0	0.0	0.0	0.0	0.0	0.0	0.0	0.0	0.0	0.0	0.0	0.0	0.0	1.0	1.0	1.0	2.0	2.0	2.0	3.0	3.0	1.0	1.0	1.0	3.0	3.0	4.0	7.0	9.0	12.0	16.0	16.0	16.0	20.0	23.0	26.0	30.0	36.0	47.0	50.0	54.0	59.0	71.0	88.0	108.0	124.0	143.0	169.0	197.0	224.0	254.0	293.0	329.0	393.0	449.0	504.0	551.0	612.0	683.0	778.0	905.0	1029.0	1175.0	1357.0	1516.0	1745.0	1963.0	2187.0	2411.0	2659.0	2952.0	3300.0	3579.0	3899.0	4205.0	4549.0	4934.0	5274.0	5603.0	5958.0	6270.0	6517.0	6822.0	7089.0	7419.0	7555.0	7745.0	7866.0	8055.0	8156.0	8224.0	8241.0	8260.0	8233.0	8184.0	8155.0	8084.0	7957.0	7831.0	7654.0	7542.0	7402.0	7217.0	7083.0	6916.0	6741.0
0.0	0.0	0.0	0.0	0.0	0.0	0.0	0.0	0.0	0.0	0.0	0.0	0.0	0.0	1.0	1.0	1.0	1.0	1.0	1.0	1.0	3.0	3.0	2.0	4.0	4.0	6.0	7.0	7.0	10.0	11.0	11.0	13.0	18.0	26.0	29.0	32.0	38.0	48.0	53.0	62.0	69.0	79.0	96.0	106.0	119.0	137.0	152.0	169.0	183.0	217.0	252.0	287.0	334.0	373.0	426.0	463.0	515.0	587.0	687.0	767.0	862.0	989.0	1121.0	1272.0	1439.0	1639.0	1848.0	2082.0	2315.0	2556.0	2826.0	3121.0	3385.0	3707.0	4021.0	4381.0	4701.0	4995.0	5405.0	5711.0	6044.0	6367.0	6626.0	6939.0	7122.0	7394.0	7582.0	7741.0	7908.0	8012.0	8143.0	8184.0	8209.0	8228.0	8271.0	8222.0	8134.0	8058.0	7925.0	7840.0	7694.0	7538.0	7401.0	7278.0	7104.0	6953.0	6771.0
0.0	0.0	0.0	0.0	0.0	0.0	0.0	0.0	0.0	0.0	0.0	0.0	0.0	0.0	0.0	0.0	0.0	1.0	1.0	1.0	1.0	1.0	2.0	1.0	1.0	1.0	2.0	2.0	3.0	4.0	4.0	4.0	4.0	4.0	3.0	3.0	4.0	6.0	5.0	8.0	10.0	14.0	16.0	16.0	20.0	25.0	29.0	36.0	42.0	57.0	64.0	68.0	85.0	98.0	111.0	135.0	142.0	170.0	183.0	207.0	243.0	274.0	329.0	373.0	434.0	508.0	567.0	657.0	747.0	838.0	927.0	1060.0	1210.0	1382.0	1529.0	1710.0	1939.0	2172.0	2404.0	2645.0	2926.0	3250.0	3556.0	3870.0	4191.0	4541.0	4905.0	5276.0	5650.0	5957.0	6240.0	6575.0	6883.0	7115.0	7388.0	7564.0	7734.0	7918.0	8025.0	8125.0	8170.0	8170.0	8148.0	8102.0	8098.0	8027.0	7930.0	7853.0
0.0	0.0	0.0	0.0	0.0	0.0	0.0	0.0	0.0	0.0	0.0	0.0	0.0	0.0	0.0	0.0	1.0	2.0	2.0	2.0	3.0	2.0	3.0	3.0	3.0	5.0	6.0	7.0	9.0	8.0	9.0	13.0	15.0	21.0	23.0	26.0	29.0	33.0	41.0	47.0	52.0	57.0	61.0	73.0	79.0	91.0	106.0	135.0	156.0	169.0	188.0	228.0	269.0	309.0	346.0	400.0	456.0	521.0	617.0	681.0	762.0	874.0	980.0	1087.0	1236.0	1376.0	1547.0	1766.0	2012.0	2251.0	2531.0	2803.0	3044.0	3349.0	3709.0	4059.0	4380.0	4721.0	5096.0	5536.0	5875.0	6125.0	6466.0	6711.0	6986.0	7217.0	7419.0	7610.0	7774.0	7849.0	8019.0	8071.0	8170.0	8148.0	8143.0	8124.0	8090.0	8009.0	7884.0	7788.0	7667.0	7538.0	7398.0	7275.0	7125.0	6937.0	6777.0	6597.0
0.0	0.0	0.0	0.0	0.0	0.0	0.0	1.0	1.0	1.0	0.0	0.0	0.0	0.0	0.0	0.0	0.0	0.0	0.0	0.0	0.0	0.0	1.0	0.0	0.0	1.0	1.0	1.0	1.0	1.0	1.0	2.0	2.0	2.0	2.0	3.0	6.0	8.0	13.0	19.0	22.0	25.0	31.0	34.0	41.0	48.0	52.0	62.0	75.0	101.0	121.0	138.0	153.0	179.0	197.0	214.0	244.0	279.0	311.0	355.0	406.0	460.0	519.0	586.0	663.0	740.0	841.0	942.0	1068.0	1202.0	1361.0	1537.0	1752.0	1951.0	2182.0	2425.0	2678.0	3018.0	3315.0	3624.0	3930.0	4295.0	4622.0	4986.0	5329.0	5636.0	5910.0	6198.0	6499.0	6767.0	7033.0	7289.0	7502.0	7684.0	7889.0	8009.0	8085.0	8183.0	8152.0	8167.0	8114.0	8051.0	7910.0	7780.0	7687.0	7587.0	7432.0	7325.0
0.0	0.0	0.0	0.0	0.0	0.0	0.0	0.0	0.0	0.0	0.0	1.0	0.0	0.0	0.0	0.0	1.0	1.0	1.0	0.0	0.0	1.0	3.0	1.0	1.0	2.0	2.0	2.0	2.0	2.0	5.0	5.0	8.0	11.0	12.0	12.0	13.0	18.0	19.0	20.0	23.0	24.0	30.0	30.0	37.0	40.0	46.0	62.0	71.0	85.0	98.0	106.0	117.0	136.0	160.0	180.0	201.0	222.0	255.0	296.0	335.0	395.0	440.0	505.0	586.0	672.0	766.0	884.0	1008.0	1124.0	1273.0	1432.0	1615.0	1824.0	2056.0	2324.0	2589.0	2869.0	3126.0	3481.0	3802.0	4087.0	4425.0	4761.0	5103.0	5405.0	5758.0	6122.0	6474.0	6721.0	6945.0	7165.0	7362.0	7516.0	7657.0	7763.0	7882.0	7964.0	8024.0	8061.0	8065.0	8048.0	8010.0	7988.0	7902.0	7816.0	7658.0	7530.0
0.0	0.0	0.0	0.0	0.0	0.0	0.0	0.0	0.0	0.0	0.0	0.0	0.0	0.0	0.0	0.0	0.0	1.0	1.0	0.0	2.0	2.0	2.0	4.0	5.0	3.0	5.0	5.0	8.0	9.0	8.0	8.0	13.0	15.0	18.0	18.0	21.0	21.0	27.0	31.0	41.0	46.0	56.0	60.0	67.0	85.0	92.0	113.0	136.0	156.0	180.0	191.0	215.0	243.0	288.0	330.0	382.0	420.0	478.0	554.0	628.0	728.0	831.0	944.0	1069.0	1230.0	1402.0	1587.0	1747.0	1958.0	2193.0	2449.0	2760.0	3057.0	3352.0	3648.0	3986.0	4269.0	4553.0	4853.0	5212.0	5544.0	5890.0	6193.0	6503.0	6767.0	7011.0	7293.0	7467.0	7719.0	7826.0	7952.0	8047.0	8155.0	8194.0	8209.0	8191.0	8106.0	8046.0	7937.0	7857.0	7761.0	7644.0	7554.0	7421.0	7264.0	7087.0	6880.0
0.0	0.0	0.0	0.0	0.0	0.0	0.0	0.0	0.0	0.0	0.0	0.0	0.0	0.0	0.0	0.0	0.0	0.0	1.0	1.0	1.0	2.0	2.0	2.0	3.0	3.0	3.0	5.0	7.0	7.0	7.0	9.0	10.0	12.0	11.0	13.0	14.0	15.0	16.0	17.0	19.0	18.0	23.0	28.0	29.0	30.0	36.0	41.0	44.0	50.0	61.0	77.0	87.0	100.0	125.0	152.0	162.0	184.0	210.0	234.0	255.0	304.0	378.0	412.0	468.0	534.0	592.0	687.0	788.0	906.0	1020.0	1123.0	1283.0	1471.0	1669.0	1839.0	2058.0	2307.0	2560.0	2838.0	3168.0	3478.0	3747.0	4101.0	4366.0	4665.0	4958.0	5352.0	5741.0	6046.0	6365.0	6681.0	6951.0	7183.0	7476.0	7650.0	7779.0	7865.0	7977.0	8082.0	8043.0	8088.0	8101.0	8030.0	7989.0	7916.0	7879.0	7808.0
0.0	0.0	0.0	0.0	0.0	0.0	0.0	0.0	0.0	0.0	0.0	0.0	1.0	1.0	1.0	1.0	0.0	1.0	1.0	1.0	1.0	1.0	1.0	1.0	1.0	1.0	3.0	2.0	2.0	2.0	2.0	4.0	5.0	6.0	9.0	13.0	18.0	23.0	28.0	25.0	33.0	42.0	47.0	56.0	63.0	76.0	90.0	97.0	111.0	126.0	143.0	161.0	193.0	210.0	243.0	284.0	317.0	380.0	422.0	475.0	535.0	620.0	695.0	820.0	912.0	1050.0	1162.0	1302.0	1500.0	1708.0	1942.0	2186.0	2476.0	2720.0	2993.0	3287.0	3636.0	4010.0	4349.0	4742.0	5040.0	5409.0	5728.0	6109.0	6452.0	6768.0	7003.0	7263.0	7478.0	7717.0	7918.0	8039.0	8163.0	8225.0	8253.0	8280.0	8288.0	8251.0	8219.0	8154.0	8094.0	7979.0	7881.0	7750.0	7641.0	7521.0	7352.0	7220.0
0.0	0.0	0.0	0.0	0.0	0.0	0.0	0.0	0.0	0.0	0.0	0.0	0.0	0.0	0.0	0.0	0.0	0.0	0.0	0.0	1.0	2.0	2.0	3.0	6.0	9.0	8.0	9.0	9.0	10.0	10.0	14.0	17.0	17.0	22.0	23.0	25.0	24.0	35.0	44.0	45.0	54.0	65.0	78.0	86.0	114.0	149.0	166.0	178.0	208.0	257.0	299.0	330.0	369.0	417.0	462.0	543.0	637.0	723.0	833.0	929.0	1084.0	1214.0	1344.0	1530.0	1694.0	1873.0	2106.0	2355.0	2604.0	2858.0	3156.0	3446.0	3752.0	4128.0	4454.0	4811.0	5167.0	5520.0	5862.0	6144.0	6458.0	6721.0	7003.0	7226.0	7484.0	7693.0	7829.0	7949.0	8082.0	8140.0	8142.0	8167.0	8121.0	8071.0	8027.0	7954.0	7825.0	7728.0	7593.0	7474.0	7296.0	7108.0	6972.0	6834.0	6661.0	6445.0	6297.0
0.0	0.0	0.0	0.0	0.0	0.0	0.0	0.0	0.0	0.0	0.0	0.0	0.0	0.0	0.0	0.0	0.0	0.0	1.0	0.0	0.0	0.0	0.0	0.0	0.0	1.0	1.0	4.0	4.0	4.0	3.0	6.0	9.0	10.0	10.0	10.0	12.0	19.0	21.0	20.0	26.0	36.0	42.0	48.0	55.0	65.0	77.0	86.0	96.0	102.0	131.0	153.0	172.0	200.0	235.0	272.0	311.0	368.0	427.0	490.0	565.0	645.0	731.0	837.0	939.0	1058.0	1208.0	1360.0	1542.0	1747.0	1972.0	2205.0	2420.0	2708.0	3015.0	3338.0	3631.0	3917.0	4275.0	4628.0	4970.0	5310.0	5627.0	5959.0	6304.0	6538.0	6823.0	7067.0	7339.0	7483.0	7686.0	7864.0	8037.0	8149.0	8197.0	8253.0	8268.0	8246.0	8183.0	8080.0	7949.0	7875.0	7756.0	7618.0	7490.0	7354.0	7236.0	7077.0
0.0	0.0	0.0	0.0	0.0	0.0	0.0	0.0	0.0	0.0	0.0	0.0	0.0	0.0	0.0	0.0	0.0	0.0	0.0	0.0	0.0	0.0	0.0	1.0	1.0	1.0	1.0	2.0	2.0	1.0	1.0	1.0	2.0	3.0	5.0	6.0	6.0	9.0	15.0	17.0	18.0	20.0	26.0	30.0	32.0	37.0	43.0	55.0	64.0	76.0	87.0	99.0	111.0	130.0	160.0	179.0	218.0	242.0	276.0	321.0	347.0	390.0	454.0	529.0	593.0	681.0	774.0	888.0	1013.0	1143.0	1276.0	1413.0	1598.0	1770.0	2002.0	2262.0	2525.0	2775.0	3095.0	3427.0	3773.0	4105.0	4458.0	4763.0	5104.0	5444.0	5745.0	6064.0	6385.0	6641.0	6904.0	7137.0	7362.0	7539.0	7713.0	7846.0	7990.0	8007.0	8044.0	8106.0	8054.0	8046.0	8012.0	7997.0	7881.0	7789.0	7673.0	7517.0
0.0	0.0	0.0	0.0	0.0	0.0	1.0	1.0	1.0	1.0	1.0	1.0	2.0	2.0	2.0	2.0	2.0	2.0	2.0	2.0	1.0	1.0	1.0	1.0	1.0	1.0	2.0	3.0	3.0	3.0	3.0	3.0	5.0	6.0	8.0	9.0	10.0	13.0	14.0	18.0	20.0	22.0	25.0	30.0	35.0	48.0	55.0	69.0	79.0	89.0	109.0	115.0	135.0	159.0	183.0	210.0	238.0	290.0	329.0	370.0	425.0	493.0	547.0	641.0	730.0	820.0	914.0	1039.0	1167.0	1323.0	1504.0	1709.0	1850.0	2073.0	2317.0	2603.0	2881.0	3191.0	3506.0	3854.0	4237.0	4609.0	4940.0	5286.0	5578.0	5882.0	6168.0	6483.0	6738.0	7007.0	7236.0	7458.0	7656.0	7754.0	7853.0	7957.0	8075.0	8120.0	8141.0	8117.0	8057.0	7950.0	7887.0	7826.0	7713.0	7615.0	7508.0	7355.0
0.0	0.0	0.0	0.0	0.0	0.0	0.0	0.0	0.0	0.0	0.0	0.0	0.0	0.0	0.0	0.0	0.0	0.0	0.0	1.0	1.0	1.0	1.0	0.0	0.0	0.0	3.0	3.0	4.0	6.0	6.0	6.0	6.0	8.0	9.0	11.0	14.0	17.0	19.0	21.0	31.0	37.0	40.0	53.0	58.0	71.0	82.0	96.0	116.0	137.0	157.0	179.0	223.0	257.0	295.0	322.0	347.0	401.0	461.0	504.0	586.0	654.0	729.0	830.0	957.0	1104.0	1285.0	1455.0	1596.0	1762.0	2025.0	2283.0	2513.0	2803.0	3099.0	3337.0	3632.0	3976.0	4327.0	4690.0	4995.0	5370.0	5682.0	5967.0	6232.0	6537.0	6826.0	7018.0	7237.0	7488.0	7716.0	7832.0	7950.0	8083.0	8194.0	8254.0	8261.0	8254.0	8250.0	8175.0	8081.0	7967.0	7775.0	7627.0	7490.0	7335.0	7160.0	7029.0
0.0	0.0	0.0	0.0	0.0	0.0	1.0	1.0	1.0	2.0	2.0	2.0	2.0	1.0	1.0	1.0	1.0	1.0	1.0	1.0	1.0	1.0	0.0	0.0	0.0	0.0	1.0	2.0	4.0	4.0	5.0	6.0	6.0	9.0	8.0	10.0	10.0	14.0	14.0	16.0	20.0	22.0	22.0	37.0	43.0	50.0	53.0	59.0	76.0	79.0	95.0	112.0	126.0	148.0	175.0	193.0	221.0	260.0	296.0	332.0	377.0	418.0	478.0	556.0	624.0	692.0	792.0	883.0	985.0	1106.0	1264.0	1433.0	1624.0	1840.0	2090.0	2355.0	2617.0	2907.0	3183.0	3513.0	3842.0	4192.0	4552.0	4896.0	5230.0	5529.0	5884.0	6174.0	6425.0	6694.0	6944.0	7204.0	7386.0	7622.0	7840.0	7962.0	8033.0	8114.0	8209.0	8203.0	8176.0	8185.0	8128.0	7985.0	7910.0	7776.0	7657.0	7553.0
0.0	0.0	0.0	0.0	0.0	0.0	0.0	0.0	0.0	0.0	0.0	0.0	0.0	0.0	2.0	2.0	2.0	2.0	2.0	2.0	2.0	1.0	1.0	1.0	1.0	2.0	3.0	2.0	2.0	3.0	2.0	3.0	3.0	4.0	4.0	9.0	9.0	11.0	13.0	17.0	18.0	20.0	24.0	30.0	37.0	47.0	59.0	65.0	76.0	87.0	96.0	107.0	115.0	135.0	149.0	177.0	204.0	231.0	249.0	292.0	350.0	398.0	462.0	536.0	614.0	681.0	772.0	896.0	985.0	1106.0	1272.0	1445.0	1615.0	1816.0	2025.0	2265.0	2507.0	2790.0	3092.0	3391.0	3731.0	4052.0	4390.0	4695.0	5069.0	5392.0	5675.0	5986.0	6316.0	6608.0	6899.0	7094.0	7343.0	7475.0	7676.0	7863.0	7909.0	7991.0	8063.0	8069.0	8067.0	8024.0	7966.0	7945.0	7908.0	7745.0	7654.0	7516.0
0.0	0.0	0.0	0.0	0.0	0.0	0.0	1.0	1.0	1.0	1.0	1.0	1.0	1.0	1.0	1.0	1.0	1.0	1.0	1.0	1.0	2.0	2.0	2.0	2.0	3.0	5.0	4.0	5.0	7.0	7.0	7.0	9.0	8.0	11.0	12.0	17.0	19.0	22.0	25.0	28.0	34.0	37.0	40.0	48.0	61.0	78.0	91.0	100.0	106.0	121.0	144.0	160.0	189.0	216.0	250.0	272.0	314.0	360.0	393.0	444.0	511.0	601.0	681.0	760.0	871.0	1002.0	1144.0	1306.0	1466.0	1616.0	1826.0	2044.0	2272.0	2518.0	2778.0	3037.0	3384.0	3745.0	4084.0	4394.0	4738.0	5078.0	5437.0	5778.0	6130.0	6399.0	6709.0	6938.0	7189.0	7404.0	7642.0	7772.0	7899.0	8003.0	8135.0	8196.0	8238.0	8233.0	8218.0	8171.0	8115.0	8011.0	7886.0	7742.0	7621.0	7450.0	7282.0
0.0	0.0	0.0	0.0	0.0	0.0	0.0	0.0	0.0	0.0	0.0	0.0	0.0	0.0	0.0	0.0	0.0	0.0	0.0	0.0	0.0	1.0	1.0	1.0	1.0	1.0	2.0	2.0	2.0	2.0	4.0	7.0	7.0	9.0	11.0	14.0	14.0	19.0	19.0	26.0	27.0	40.0	51.0	59.0	59.0	68.0	82.0	103.0	122.0	136.0	156.0	171.0	189.0	214.0	242.0	291.0	335.0	385.0	441.0	529.0	621.0	671.0	737.0	844.0	950.0	1028.0	1199.0	1377.0	1574.0	1786.0	2017.0	2303.0	2551.0	2853.0	3181.0	3488.0	3825.0	4188.0	4510.0	4858.0	5245.0	5602.0	5911.0	6228.0	6504.0	6781.0	7091.0	7355.0	7608.0	7762.0	7889.0	7970.0	8081.0	8226.0	8269.0	8239.0	8300.0	8274.0	8185.0	8117.0	8026.0	7915.0	7809.0	7688.0	7557.0	7387.0	7215.0	7058.0
0.0	0.0	0.0	0.0	0.0	0.0	0.0	1.0	1.0	1.0	1.0	1.0	1.0	1.0	1.0	1.0	0.0	0.0	0.0	0.0	2.0	2.0	3.0	5.0	7.0	9.0	7.0	7.0	11.0	11.0	13.0	14.0	16.0	24.0	27.0	36.0	39.0	41.0	52.0	64.0	72.0	78.0	96.0	111.0	125.0	146.0	173.0	199.0	230.0	270.0	307.0	361.0	406.0	471.0	560.0	625.0	716.0	808.0	917.0	1019.0	1152.0	1315.0	1484.0	1682.0	1887.0	2091.0	2338.0	2595.0	2878.0	3155.0	3441.0	3747.0	4051.0	4355.0	4702.0	5113.0	5463.0	5814.0	6150.0	6451.0	6728.0	7041.0	7297.0	7525.0	7689.0	7908.0	8002.0	8061.0	8187.0	8184.0	8275.0	8275.0	8236.0	8215.0	8098.0	7982.0	7832.0	7703.0	7534.0	7409.0	7283.0	7109.0	6948.0	6815.0	6599.0	6407.0	6217.0	6072.0
0.0	0.0	0.0	0.0	0.0	0.0	0.0	0.0	0.0	0.0	0.0	0.0	0.0	0.0	0.0	1.0	0.0	0.0	1.0	1.0	1.0	1.0	1.0	1.0	2.0	2.0	2.0	5.0	6.0	7.0	8.0	8.0	8.0	9.0	10.0	13.0	14.0	19.0	25.0	25.0	28.0	34.0	40.0	43.0	44.0	49.0	61.0	72.0	77.0	99.0	122.0	137.0	160.0	194.0	214.0	243.0	286.0	322.0	367.0	432.0	487.0	572.0	646.0	737.0	831.0	919.0	1047.0	1226.0	1376.0	1540.0	1683.0	1922.0	2177.0	2399.0	2697.0	3001.0	3292.0	3601.0	3927.0	4322.0	4688.0	5037.0	5385.0	5712.0	6008.0	6347.0	6579.0	6887.0	7101.0	7315.0	7481.0	7669.0	7864.0	8065.0	8144.0	8207.0	8216.0	8271.0	8251.0	8249.0	8251.0	8170.0	8024.0	7928.0	7863.0	7714.0	7536.0	7392.0
0.0	0.0	0.0	0.0	0.0	0.0	0.0	0.0	0.0	1.0	1.0	1.0	1.0	0.0	0.0	0.0	0.0	0.0	0.0	0.0	0.0	1.0	1.0	1.0	1.0	1.0	3.0	4.0	4.0	6.0	8.0	9.0	10.0	13.0	12.0	13.0	15.0	17.0	16.0	19.0	25.0	33.0	43.0	51.0	60.0	66.0	79.0	93.0	92.0	113.0	123.0	154.0	179.0	186.0	207.0	245.0	288.0	334.0	392.0	449.0	517.0	589.0	668.0	751.0	851.0	975.0	1078.0	1211.0	1395.0	1549.0	1764.0	1985.0	2200.0	2410.0	2694.0	2928.0	3227.0	3542.0	3897.0	4232.0	4561.0	4928.0	5315.0	5615.0	5881.0	6214.0	6490.0	6748.0	7037.0	7281.0	7456.0	7653.0	7814.0	7988.0	8119.0	8186.0	8216.0	8238.0	8172.0	8041.0	7966.0	7910.0	7850.0	7745.0	7608.0	7513.0	7356.0	7208.0
0.0	0.0	0.0	0.0	0.0	0.0	0.0	0.0	0.0	0.0	0.0	0.0	0.0	0.0	0.0	0.0	0.0	0.0	1.0	1.0	1.0	1.0	1.0	1.0	2.0	3.0	3.0	3.0	4.0	4.0	5.0	4.0	5.0	5.0	6.0	7.0	10.0	9.0	7.0	11.0	14.0	16.0	17.0	21.0	20.0	30.0	36.0	43.0	52.0	65.0	75.0	92.0	105.0	124.0	153.0	179.0	200.0	224.0	242.0	268.0	303.0	353.0	395.0	443.0	481.0	567.0	644.0	746.0	833.0	937.0	1071.0	1227.0	1409.0	1534.0	1734.0	1923.0	2164.0	2434.0	2687.0	2974.0	3277.0	3572.0	3924.0	4294.0	4643.0	4943.0	5229.0	5595.0	5903.0	6197.0	6505.0	6919.0	7120.0	7356.0	7605.0	7728.0	7838.0	7874.0	7995.0	8054.0	8102.0	8103.0	8131.0	8205.0	8111.0	8031.0	7976.0	7832.0
0.0	0.0	0.0	0.0	0.0	0.0	0.0	0.0	0.0	1.0	1.0	1.0	1.0	1.0	1.0	1.0	1.0	0.0	0.0	0.0	0.0	1.0	1.0	1.0	1.0	1.0	1.0	1.0	1.0	2.0	2.0	2.0	2.0	2.0	3.0	4.0	4.0	5.0	5.0	7.0	11.0	11.0	12.0	20.0	22.0	28.0	36.0	42.0	55.0	65.0	71.0	75.0	91.0	100.0	114.0	129.0	141.0	162.0	188.0	216.0	239.0	267.0	280.0	334.0	402.0	473.0	530.0	611.0	710.0	819.0	924.0	1075.0	1247.0	1427.0	1616.0	1820.0	2037.0	2300.0	2542.0	2831.0	3169.0	3481.0	3798.0	4190.0	4566.0	4873.0	5123.0	5487.0	5805.0	6106.0	6368.0	6630.0	6890.0	7172.0	7324.0	7513.0	7695.0	7820.0	7825.0	7865.0	7914.0	7958.0	7948.0	7959.0	7938.0	7849.0	7766.0	7680.0
0.0	0.0	0.0	0.0	1.0	1.0	1.0	0.0	0.0	0.0	0.0	0.0	0.0	0.0	0.0	0.0	0.0	0.0	0.0	0.0	0.0	0.0	0.0	0.0	0.0	0.0	0.0	1.0	2.0	3.0	3.0	4.0	4.0	4.0	4.0	6.0	6.0	5.0	9.0	8.0	8.0	9.0	12.0	13.0	18.0	24.0	27.0	34.0	42.0	46.0	52.0	58.0	71.0	84.0	92.0	112.0	129.0	157.0	189.0	218.0	252.0	277.0	319.0	356.0	407.0	492.0	573.0	641.0	755.0	869.0	974.0	1084.0	1211.0	1369.0	1508.0	1671.0	1877.0	2130.0	2385.0	2601.0	2880.0	3175.0	3463.0	3745.0	4051.0	4365.0	4733.0	5054.0	5406.0	5711.0	6066.0	6363.0	6643.0	6888.0	7141.0	7385.0	7536.0	7740.0	7869.0	7926.0	7988.0	8005.0	7999.0	8004.0	7991.0	8000.0	7886.0	7776.0
0.0	0.0	0.0	0.0	0.0	0.0	0.0	0.0	0.0	0.0	0.0	0.0	0.0	0.0	0.0	0.0	0.0	0.0	0.0	0.0	0.0	0.0	1.0	3.0	3.0	6.0	7.0	8.0	8.0	7.0	6.0	7.0	6.0	6.0	7.0	10.0	14.0	17.0	22.0	26.0	25.0	25.0	29.0	37.0	44.0	53.0	63.0	73.0	82.0	89.0	101.0	123.0	155.0	176.0	213.0	249.0	282.0	325.0	355.0	423.0	484.0	553.0	637.0	731.0	817.0	943.0	1072.0	1211.0	1363.0	1520.0	1699.0	1943.0	2129.0	2345.0	2591.0	2891.0	3191.0	3505.0	3853.0	4142.0	4534.0	4904.0	5215.0	5518.0	5831.0	6176.0	6467.0	6764.0	7011.0	7240.0	7432.0	7637.0	7805.0	7917.0	7947.0	8027.0	8057.0	8115.0	8085.0	8035.0	8000.0	7903.0	7872.0	7775.0	7612.0	7468.0	7318.0	7203.0
0.0	0.0	0.0	0.0	0.0	0.0	0.0	0.0	0.0	0.0	0.0	0.0	0.0	0.0	0.0	0.0	0.0	1.0	1.0	2.0	2.0	3.0	5.0	5.0	5.0	5.0	4.0	3.0	4.0	6.0	7.0	9.0	11.0	13.0	15.0	16.0	18.0	20.0	22.0	33.0	38.0	46.0	51.0	58.0	72.0	79.0	84.0	98.0	116.0	135.0	151.0	170.0	205.0	241.0	279.0	316.0	353.0	392.0	447.0	493.0	557.0	640.0	729.0	816.0	937.0	1061.0	1210.0	1366.0	1547.0	1737.0	1991.0	2173.0	2409.0	2701.0	3040.0	3343.0	3630.0	3952.0	4278.0	4647.0	5014.0	5356.0	5732.0	6050.0	6385.0	6676.0	6913.0	7121.0	7338.0	7568.0	7710.0	7872.0	7993.0	8037.0	8133.0	8135.0	8111.0	8124.0	8118.0	8058.0	7947.0	7862.0	7740.0	7613.0	7456.0	7368.0	7190.0	7025.0
0.0	0.0	0.0	0.0	0.0	0.0	0.0	0.0	0.0	0.0	0.0	0.0	0.0	0.0	0.0	0.0	0.0	0.0	0.0	0.0	0.0	1.0	1.0	1.0	1.0	1.0	2.0	2.0	2.0	2.0	2.0	2.0	1.0	1.0	1.0	1.0	1.0	1.0	3.0	5.0	6.0	6.0	6.0	6.0	6.0	9.0	13.0	19.0	24.0	28.0	30.0	29.0	40.0	40.0	48.0	56.0	64.0	76.0	80.0	90.0	102.0	121.0	140.0	162.0	179.0	208.0	258.0	300.0	345.0	388.0	450.0	524.0	609.0	708.0	798.0	930.0	1066.0	1185.0	1370.0	1528.0	1772.0	1975.0	2240.0	2497.0	2791.0	3088.0	3402.0	3712.0	4025.0	4324.0	4623.0	4971.0	5270.0	5549.0	5867.0	6221.0	6516.0	6797.0	7042.0	7285.0	7467.0	7634.0	7867.0	8006.0	8093.0	8118.0	8143.0	8138.0
0.0	0.0	0.0	0.0	0.0	0.0	0.0	0.0	0.0	0.0	0.0	0.0	0.0	0.0	1.0	1.0	1.0	1.0	1.0	2.0	3.0	3.0	3.0	4.0	4.0	4.0	5.0	5.0	4.0	4.0	6.0	6.0	7.0	9.0	9.0	9.0	11.0	14.0	17.0	18.0	17.0	20.0	25.0	27.0	36.0	39.0	45.0	50.0	52.0	59.0	70.0	83.0	98.0	102.0	114.0	138.0	160.0	182.0	212.0	250.0	276.0	326.0	375.0	445.0	498.0	556.0	657.0	744.0	826.0	955.0	1082.0	1239.0	1393.0	1523.0	1698.0	1937.0	2156.0	2434.0	2677.0	2971.0	3249.0	3579.0	3956.0	4281.0	4580.0	4940.0	5261.0	5619.0	5937.0	6269.0	6555.0	6840.0	7088.0	7247.0	7469.0	7690.0	7763.0	7947.0	8074.0	8090.0	8092.0	8159.0	8129.0	8119.0	8041.0	7994.0	7907.0	7843.0
0.0	0.0	0.0	0.0	0.0	0.0	0.0	0.0	0.0	0.0	0.0	0.0	0.0	0.0	0.0	0.0	0.0	0.0	0.0	0.0	0.0	2.0	3.0	3.0	7.0	7.0	6.0	6.0	7.0	7.0	7.0	9.0	10.0	11.0	13.0	17.0	25.0	27.0	32.0	30.0	33.0	42.0	53.0	56.0	55.0	67.0	73.0	88.0	105.0	114.0	132.0	157.0	195.0	220.0	261.0	298.0	325.0	366.0	432.0	479.0	552.0	618.0	694.0	784.0	899.0	1005.0	1139.0	1287.0	1439.0	1634.0	1845.0	2046.0	2234.0	2489.0	2758.0	3107.0	3407.0	3732.0	4042.0	4401.0	4758.0	5100.0	5427.0	5740.0	6111.0	6415.0	6683.0	6947.0	7238.0	7426.0	7622.0	7725.0	7856.0	8005.0	8108.0	8145.0	8186.0	8193.0	8183.0	8083.0	8045.0	7966.0	7891.0	7755.0	7630.0	7462.0	7287.0	7115.0
0.0	0.0	0.0	0.0	0.0	0.0	0.0	0.0	0.0	0.0	0.0	0.0	0.0	0.0	0.0	0.0	0.0	0.0	0.0	0.0	0.0	0.0	0.0	0.0	0.0	0.0	0.0	0.0	0.0	1.0	1.0	1.0	3.0	5.0	5.0	6.0	6.0	8.0	10.0	13.0	14.0	18.0	21.0	22.0	24.0	27.0	35.0	40.0	45.0	50.0	55.0	58.0	71.0	82.0	98.0	109.0	124.0	138.0	154.0	171.0	186.0	222.0	252.0	309.0	359.0	423.0	503.0	575.0	682.0	775.0	850.0	978.0	1100.0	1256.0	1419.0	1631.0	1828.0	2038.0	2313.0	2578.0	2877.0	3191.0	3504.0	3848.0	4164.0	4527.0	4888.0	5259.0	5614.0	5908.0	6253.0	6562.0	6848.0	7102.0	7393.0	7628.0	7815.0	8027.0	8097.0	8179.0	8211.0	8254.0	8312.0	8360.0	8373.0	8244.0	8189.0	8132.0
0.0	0.0	0.0	0.0	0.0	0.0	0.0	0.0	0.0	0.0	0.0	1.0	1.0	1.0	1.0	1.0	1.0	1.0	2.0	2.0	2.0	3.0	3.0	4.0	5.0	6.0	7.0	6.0	8.0	9.0	12.0	16.0	17.0	19.0	19.0	21.0	24.0	28.0	30.0	36.0	41.0	46.0	53.0	72.0	85.0	101.0	116.0	129.0	148.0	178.0	215.0	239.0	283.0	320.0	346.0	399.0	440.0	518.0	593.0	657.0	748.0	843.0	967.0	1086.0	1224.0	1361.0	1544.0	1730.0	1922.0	2172.0	2432.0	2652.0	2915.0	3194.0	3492.0	3837.0	4206.0	4585.0	4949.0	5294.0	5661.0	5976.0	6277.0	6594.0	6908.0	7115.0	7380.0	7605.0	7838.0	7945.0	8027.0	8146.0	8172.0	8195.0	8258.0	8240.0	8208.0	8167.0	8119.0	7968.0	7887.0	7735.0	7607.0	7451.0	7351.0	7157.0	6982.0	6801.0
0.0	0.0	0.0	0.0	0.0	0.0	1.0	1.0	1.0	1.0	0.0	0.0	0.0	0.0	0.0	0.0	0.0	1.0	1.0	2.0	3.0	2.0	3.0	5.0	5.0	7.0	6.0	6.0	8.0	12.0	13.0	14.0	19.0	26.0	29.0	31.0	37.0	37.0	49.0	53.0	63.0	72.0	90.0	105.0	120.0	139.0	140.0	166.0	197.0	219.0	255.0	302.0	339.0	390.0	458.0	540.0	586.0	648.0	747.0	849.0	949.0	1072.0	1189.0	1367.0	1552.0	1725.0	1920.0	2151.0	2416.0	2671.0	2943.0	3219.0	3552.0	3902.0	4209.0	4558.0	4907.0	5262.0	5622.0	5928.0	6212.0	6493.0	6815.0	7048.0	7288.0	7524.0	7748.0	7851.0	7987.0	8080.0	8184.0	8194.0	8197.0	8225.0	8194.0	8126.0	8061.0	7965.0	7786.0	7632.0	7487.0	7362.0	7186.0	6998.0	6852.0	6706.0	6498.0	6346.0
0.0	0.0	0.0	0.0	0.0	0.0	1.0	1.0	0.0	0.0	0.0	0.0	0.0	0.0	0.0	0.0	0.0	0.0	0.0	0.0	0.0	0.0	0.0	0.0	0.0	0.0	0.0	0.0	0.0	0.0	0.0	1.0	1.0	2.0	2.0	2.0	3.0	3.0	3.0	3.0	3.0	3.0	5.0	7.0	12.0	15.0	16.0	14.0	17.0	18.0	22.0	28.0	29.0	31.0	33.0	39.0	41.0	51.0	56.0	65.0	76.0	90.0	96.0	110.0	134.0	153.0	169.0	200.0	237.0	290.0	323.0	392.0	440.0	499.0	559.0	651.0	736.0	842.0	969.0	1100.0	1270.0	1464.0	1640.0	1857.0	2059.0	2285.0	2569.0	2849.0	3127.0	3430.0	3729.0	4034.0	4416.0	4816.0	5149.0	5451.0	5787.0	6087.0	6349.0	6662.0	6963.0	7197.0	7467.0	7598.0	7804.0	7959.0	8081.0	8162.0
0.0	0.0	0.0	0.0	0.0	0.0	0.0	0.0	0.0	0.0	0.0	0.0	0.0	0.0	0.0	0.0	0.0	0.0	0.0	0.0	0.0	0.0	0.0	0.0	0.0	0.0	0.0	0.0	2.0	2.0	2.0	3.0	3.0	3.0	6.0	7.0	6.0	6.0	7.0	11.0	12.0	16.0	19.0	24.0	28.0	26.0	26.0	37.0	38.0	48.0	60.0	70.0	82.0	84.0	99.0	117.0	124.0	141.0	162.0	178.0	192.0	237.0	275.0	321.0	364.0	403.0	473.0	548.0	636.0	733.0	832.0	968.0	1103.0	1251.0	1387.0	1582.0	1795.0	2010.0	2256.0	2495.0	2779.0	3057.0	3387.0	3754.0	4117.0	4466.0	4831.0	5209.0	5501.0	5815.0	6155.0	6477.0	6811.0	7014.0	7242.0	7492.0	7706.0	7822.0	7965.0	8090.0	8213.0	8290.0	8252.0	8234.0	8203.0	8152.0	8075.0	7988.0
0.0	0.0	0.0	0.0	0.0	1.0	1.0	1.0	1.0	1.0	1.0	1.0	1.0	1.0	1.0	1.0	0.0	0.0	0.0	0.0	0.0	0.0	1.0	0.0	2.0	3.0	3.0	5.0	6.0	9.0	12.0	15.0	17.0	17.0	14.0	15.0	18.0	20.0	25.0	29.0	37.0	45.0	52.0	55.0	66.0	70.0	93.0	97.0	115.0	122.0	141.0	167.0	180.0	205.0	228.0	249.0	287.0	321.0	367.0	419.0	495.0	562.0	645.0	724.0	838.0	977.0	1108.0	1235.0	1429.0	1592.0	1779.0	1953.0	2228.0	2477.0	2831.0	3121.0	3418.0	3748.0	4053.0	4377.0	4718.0	5056.0	5338.0	5638.0	5949.0	6266.0	6568.0	6809.0	7119.0	7320.0	7561.0	7685.0	7780.0	7891.0	7901.0	8065.0	8080.0	7961.0	7951.0	7900.0	7852.0	7760.0	7692.0	7595.0	7464.0	7357.0	7232.0	7129.0
0.0	0.0	0.0	0.0	0.0	0.0	0.0	0.0	0.0	0.0	0.0	0.0	0.0	0.0	0.0	0.0	0.0	0.0	0.0	0.0	2.0	2.0	2.0	2.0	2.0	2.0	2.0	2.0	3.0	3.0	5.0	5.0	5.0	4.0	7.0	9.0	9.0	12.0	16.0	18.0	21.0	24.0	27.0	34.0	41.0	47.0	57.0	62.0	74.0	87.0	98.0	110.0	126.0	143.0	150.0	166.0	195.0	219.0	245.0	275.0	317.0	365.0	416.0	473.0	562.0	609.0	709.0	818.0	933.0	1062.0	1192.0	1412.0	1597.0	1800.0	2009.0	2247.0	2513.0	2755.0	3085.0	3415.0	3699.0	3997.0	4258.0	4608.0	4925.0	5282.0	5587.0	5918.0	6271.0	6541.0	6833.0	7066.0	7327.0	7515.0	7624.0	7760.0	7834.0	7961.0	7964.0	8015.0	8010.0	7945.0	7934.0	7879.0	7817.0	7728.0	7690.0	7539.0
0.0	0.0	0.0	0.0	0.0	0.0	0.0	0.0	0.0	0.0	0.0	0.0	0.0	0.0	0.0	0.0	0.0	0.0	0.0	0.0	0.0	0.0	0.0	2.0	2.0	3.0	3.0	3.0	4.0	2.0	3.0	3.0	5.0	4.0	4.0	6.0	8.0	9.0	10.0	14.0	15.0	21.0	23.0	27.0	35.0	42.0	56.0	62.0	74.0	86.0	106.0	126.0	142.0	160.0	164.0	181.0	213.0	240.0	277.0	307.0	351.0	393.0	454.0	523.0	587.0	672.0	748.0	860.0	990.0	1111.0	1293.0	1449.0	1674.0	1842.0	2057.0	2287.0	2552.0	2816.0	3089.0	3405.0	3688.0	4011.0	4332.0	4683.0	5048.0	5371.0	5667.0	5976.0	6207.0	6506.0	6827.0	7063.0	7256.0	7428.0	7626.0	7769.0	7816.0	7898.0	7949.0	7967.0	7992.0	7944.0	7884.0	7815.0	7734.0	7633.0	7506.0	7411.0
0.0	0.0	0.0	0.0	0.0	0.0	0.0	1.0	1.0	1.0	1.0	1.0	1.0	1.0	1.0	3.0	4.0	4.0	4.0	4.0	4.0	4.0	4.0	4.0	4.0	4.0	5.0	7.0	7.0	7.0	8.0	8.0	8.0	8.0	8.0	10.0	12.0	15.0	16.0	16.0	18.0	20.0	20.0	22.0	23.0	25.0	26.0	33.0	36.0	45.0	46.0	56.0	61.0	74.0	81.0	90.0	102.0	109.0	118.0	128.0	149.0	165.0	206.0	242.0	281.0	315.0	376.0	425.0	478.0	569.0	653.0	762.0	848.0	979.0	1100.0	1271.0	1404.0	1581.0	1755.0	1994.0	2226.0	2446.0	2716.0	3007.0	3313.0	3607.0	3924.0	4294.0	4643.0	4967.0	5277.0	5599.0	5964.0	6275.0	6580.0	6870.0	7104.0	7320.0	7523.0	7663.0	7843.0	7916.0	8053.0	8086.0	8156.0	8175.0	8075.0	8050.0
0.0	0.0	0.0	0.0	0.0	0.0	0.0	0.0	0.0	0.0	0.0	0.0	0.0	0.0	0.0	0.0	0.0	0.0	0.0	1.0	2.0	1.0	1.0	1.0	3.0	3.0	3.0	4.0	4.0	4.0	5.0	5.0	7.0	7.0	6.0	6.0	10.0	9.0	12.0	15.0	18.0	17.0	22.0	25.0	32.0	38.0	52.0	54.0	62.0	84.0	89.0	97.0	108.0	114.0	133.0	144.0	157.0	175.0	213.0	256.0	299.0	338.0	393.0	449.0	507.0	588.0	672.0	755.0	839.0	967.0	1129.0	1297.0	1485.0	1648.0	1826.0	2057.0	2275.0	2549.0	2851.0	3137.0	3427.0	3756.0	4092.0	4436.0	4762.0	5108.0	5520.0	5873.0	6197.0	6457.0	6837.0	7117.0	7352.0	7529.0	7690.0	7872.0	7934.0	8059.0	8080.0	8082.0	8100.0	8118.0	8057.0	8018.0	7955.0	7878.0	7764.0	7634.0
0.0	0.0	0.0	0.0	0.0	0.0	0.0	0.0	0.0	1.0	1.0	1.0	1.0	1.0	1.0	1.0	1.0	1.0	1.0	1.0	2.0	2.0	3.0	5.0	6.0	6.0	5.0	6.0	7.0	9.0	13.0	15.0	14.0	17.0	17.0	18.0	21.0	25.0	26.0	29.0	31.0	39.0	44.0	52.0	57.0	58.0	77.0	85.0	93.0	107.0	126.0	149.0	182.0	213.0	245.0	286.0	338.0	381.0	416.0	458.0	530.0	592.0	694.0	779.0	864.0	994.0	1127.0	1276.0	1479.0	1647.0	1830.0	2070.0	2290.0	2542.0	2786.0	3115.0	3438.0	3748.0	4069.0	4413.0	4714.0	5051.0	5417.0	5773.0	6096.0	6390.0	6660.0	6918.0	7154.0	7346.0	7535.0	7719.0	7854.0	7990.0	8103.0	8155.0	8208.0	8217.0	8180.0	8136.0	8051.0	7937.0	7804.0	7700.0	7524.0	7370.0	7217.0	7074.0
0.0	0.0	0.0	0.0	0.0	0.0	0.0	0.0	0.0	0.0	0.0	0.0	0.0	1.0	1.0	2.0	2.0	2.0	3.0	4.0	4.0	3.0	4.0	5.0	5.0	5.0	6.0	6.0	8.0	7.0	7.0	8.0	11.0	14.0	16.0	17.0	19.0	22.0	24.0	28.0	34.0	35.0	39.0	47.0	50.0	61.0	63.0	73.0	80.0	91.0	111.0	135.0	145.0	160.0	191.0	221.0	251.0	286.0	302.0	353.0	409.0	463.0	522.0	598.0	688.0	787.0	877.0	970.0	1127.0	1301.0	1485.0	1676.0	1916.0	2133.0	2386.0	2684.0	2985.0	3236.0	3588.0	3891.0	4180.0	4576.0	4866.0	5214.0	5577.0	5920.0	6249.0	6510.0	6804.0	7117.0	7384.0	7551.0	7746.0	7860.0	7902.0	7970.0	8035.0	8106.0	8120.0	8138.0	8128.0	8027.0	7952.0	7906.0	7809.0	7678.0	7592.0	7429.0
0.0	0.0	0.0	0.0	0.0	0.0	0.0	0.0	0.0	0.0	0.0	0.0	0.0	0.0	0.0	0.0	0.0	0.0	0.0	0.0	0.0	1.0	2.0	2.0	3.0	5.0	8.0	8.0	10.0	11.0	9.0	9.0	10.0	8.0	9.0	11.0	15.0	17.0	21.0	20.0	21.0	22.0	25.0	28.0	33.0	36.0	43.0	52.0	68.0	77.0	91.0	100.0	110.0	136.0	158.0	188.0	215.0	241.0	268.0	305.0	351.0	416.0	464.0	532.0	601.0	687.0	795.0	881.0	1028.0	1179.0	1336.0	1491.0	1699.0	1931.0	2163.0	2413.0	2656.0	2935.0	3225.0	3570.0	3895.0	4270.0	4619.0	5003.0	5421.0	5751.0	6058.0	6356.0	6634.0	6980.0	7235.0	7413.0	7598.0	7749.0	7911.0	8070.0	8157.0	8228.0	8257.0	8288.0	8300.0	8185.0	8115.0	8027.0	7916.0	7825.0	7686.0	7529.0
0.0	0.0	0.0	0.0	0.0	0.0	0.0	0.0	0.0	0.0	0.0	0.0	0.0	0.0	0.0	0.0	1.0	1.0	1.0	1.0	1.0	1.0	2.0	3.0	3.0	3.0	1.0	2.0	2.0	4.0	4.0	6.0	7.0	8.0	13.0	21.0	24.0	26.0	32.0	34.0	33.0	38.0	48.0	55.0	61.0	69.0	79.0	81.0	94.0	110.0	131.0	162.0	195.0	235.0	266.0	293.0	328.0	381.0	454.0	512.0	578.0	644.0	718.0	810.0	945.0	1068.0	1206.0	1376.0	1542.0	1744.0	1953.0	2170.0	2414.0	2725.0	3017.0	3302.0	3650.0	4021.0	4385.0	4683.0	5033.0	5364.0	5741.0	6074.0	6387.0	6690.0	6994.0	7217.0	7463.0	7678.0	7818.0	7993.0	8145.0	8242.0	8214.0	8260.0	8239.0	8203.0	8197.0	8166.0	8091.0	7937.0	7824.0	7727.0	7575.0	7402.0	7213.0	7062.0
0.0	0.0	0.0	0.0	0.0	0.0	0.0	0.0	0.0	0.0	0.0	0.0	0.0	0.0	0.0	0.0	1.0	1.0	1.0	1.0	1.0	1.0	2.0	3.0	3.0	4.0	4.0	5.0	5.0	5.0	4.0	6.0	7.0	7.0	7.0	6.0	7.0	6.0	6.0	7.0	10.0	10.0	14.0	17.0	18.0	16.0	20.0	21.0	24.0	30.0	39.0	51.0	68.0	76.0	90.0	106.0	114.0	126.0	157.0	187.0	208.0	244.0	269.0	320.0	370.0	429.0	469.0	549.0	648.0	744.0	863.0	1002.0	1144.0	1290.0	1464.0	1675.0	1885.0	2109.0	2373.0	2597.0	2891.0	3176.0	3445.0	3785.0	4129.0	4536.0	4891.0	5288.0	5593.0	5916.0	6252.0	6524.0	6843.0	7058.0	7340.0	7565.0	7744.0	7939.0	8088.0	8201.0	8314.0	8345.0	8402.0	8356.0	8337.0	8282.0	8183.0	8125.0
0.0	0.0	0.0	0.0	0.0	0.0	0.0	0.0	0.0	0.0	0.0	0.0	0.0	0.0	0.0	0.0	1.0	0.0	0.0	0.0	0.0	0.0	0.0	1.0	1.0	0.0	0.0	0.0	1.0	1.0	1.0	2.0	2.0	3.0	2.0	3.0	1.0	1.0	1.0	6.0	9.0	10.0	10.0	13.0	15.0	18.0	22.0	31.0	37.0	50.0	56.0	64.0	64.0	76.0	84.0	98.0	108.0	121.0	132.0	148.0	176.0	202.0	231.0	272.0	314.0	369.0	431.0	496.0	551.0	631.0	707.0	820.0	963.0	1107.0	1266.0	1400.0	1588.0	1782.0	1978.0	2209.0	2492.0	2772.0	3051.0	3402.0	3708.0	4048.0	4344.0	4667.0	4981.0	5317.0	5628.0	6008.0	6313.0	6571.0	6852.0	7096.0	7342.0	7516.0	7677.0	7883.0	8006.0	8099.0	8187.0	8221.0	8263.0	8246.0	8165.0	8159.0
0.0	0.0	0.0	0.0	0.0	0.0	0.0	0.0	0.0	0.0	1.0	2.0	2.0	1.0	1.0	1.0	3.0	4.0	5.0	5.0	4.0	5.0	6.0	10.0	7.0	5.0	4.0	5.0	9.0	12.0	15.0	17.0	24.0	25.0	36.0	51.0	57.0	66.0	72.0	87.0	103.0	120.0	140.0	154.0	183.0	203.0	228.0	285.0	318.0	360.0	404.0	457.0	530.0	592.0	673.0	760.0	845.0	971.0	1097.0	1254.0	1408.0	1598.0	1759.0	1973.0	2235.0	2454.0	2703.0	3020.0	3315.0	3612.0	3956.0	4251.0	4617.0	4933.0	5297.0	5630.0	5943.0	6287.0	6585.0	6913.0	7142.0	7379.0	7593.0	7815.0	7952.0	8104.0	8178.0	8253.0	8259.0	8303.0	8340.0	8227.0	8136.0	7997.0	7843.0	7690.0	7541.0	7395.0	7233.0	7106.0	6964.0	6782.0	6600.0	6434.0	6265.0	6115.0	5917.0	5765.0
0.0	0.0	0.0	0.0	0.0	0.0	0.0	0.0	0.0	0.0	0.0	0.0	0.0	0.0	0.0	0.0	0.0	0.0	0.0	0.0	0.0	1.0	2.0	2.0	1.0	2.0	3.0	3.0	3.0	6.0	8.0	12.0	11.0	12.0	12.0	10.0	15.0	23.0	27.0	27.0	39.0	44.0	58.0	61.0	74.0	93.0	113.0	132.0	147.0	174.0	217.0	253.0	289.0	341.0	393.0	431.0	482.0	555.0	670.0	763.0	870.0	989.0	1091.0	1221.0	1347.0	1539.0	1726.0	1917.0	2160.0	2375.0	2643.0	2930.0	3228.0	3533.0	3835.0	4176.0	4501.0	4860.0	5204.0	5541.0	5905.0	6253.0	6540.0	6811.0	7069.0	7321.0	7529.0	7671.0	7813.0	7922.0	8065.0	8105.0	8130.0	8118.0	8110.0	8112.0	8074.0	7958.0	7894.0	7789.0	7658.0	7532.0	7347.0	7147.0	6996.0	6849.0	6686.0	6465.0
0.0	0.0	0.0	0.0	0.0	0.0	0.0	0.0	0.0	0.0	0.0	0.0	0.0	0.0	0.0	0.0	0.0	0.0	1.0	2.0	2.0	2.0	3.0	3.0	4.0	5.0	6.0	9.0	10.0	10.0	11.0	9.0	9.0	10.0	12.0	11.0	15.0	15.0	23.0	33.0	34.0	37.0	44.0	54.0	66.0	82.0	96.0	112.0	132.0	147.0	166.0	207.0	239.0	278.0	314.0	356.0	395.0	465.0	513.0	596.0	644.0	730.0	842.0	962.0	1100.0	1245.0	1393.0	1581.0	1777.0	2021.0	2277.0	2529.0	2790.0	3126.0	3454.0	3752.0	4099.0	4463.0	4780.0	5144.0	5520.0	5849.0	6153.0	6452.0	6715.0	6950.0	7210.0	7428.0	7625.0	7779.0	7929.0	8034.0	8119.0	8141.0	8188.0	8209.0	8142.0	8097.0	7991.0	7869.0	7801.0	7695.0	7585.0	7387.0	7217.0	7051.0	6868.0	6686.0
0.0	0.0	0.0	0.0	0.0	0.0	0.0	0.0	0.0	0.0	0.0	0.0	1.0	1.0	1.0	1.0	1.0	1.0	1.0	1.0	1.0	2.0	3.0	3.0	3.0	4.0	4.0	3.0	3.0	5.0	6.0	4.0	6.0	8.0	10.0	14.0	20.0	22.0	25.0	29.0	38.0	42.0	50.0	59.0	65.0	72.0	85.0	99.0	118.0	147.0	157.0	201.0	240.0	270.0	315.0	375.0	419.0	459.0	516.0	588.0	686.0	778.0	873.0	1007.0	1179.0	1292.0	1476.0	1675.0	1841.0	2048.0	2287.0	2522.0	2807.0	3115.0	3439.0	3802.0	4071.0	4426.0	4777.0	5118.0	5448.0	5793.0	6090.0	6442.0	6745.0	7032.0	7263.0	7462.0	7678.0	7844.0	7980.0	8045.0	8163.0	8298.0	8252.0	8251.0	8169.0	8137.0	8092.0	7973.0	7926.0	7744.0	7567.0	7414.0	7286.0	7113.0	6925.0	6758.0
0.0	0.0	0.0	0.0	0.0	0.0	0.0	0.0	0.0	0.0	0.0	0.0	0.0	0.0	0.0	1.0	1.0	1.0	1.0	2.0	2.0	2.0	1.0	3.0	3.0	3.0	3.0	3.0	5.0	6.0	8.0	7.0	9.0	12.0	18.0	20.0	22.0	30.0	32.0	35.0	40.0	41.0	43.0	58.0	73.0	77.0	86.0	104.0	115.0	149.0	182.0	203.0	235.0	285.0	318.0	344.0	382.0	442.0	483.0	558.0	619.0	717.0	807.0	942.0	1048.0	1199.0	1348.0	1519.0	1716.0	1965.0	2174.0	2457.0	2715.0	2994.0	3292.0	3604.0	3963.0	4315.0	4685.0	5009.0	5397.0	5770.0	6086.0	6365.0	6618.0	6881.0	7109.0	7335.0	7523.0	7776.0	7941.0	8114.0	8223.0	8331.0	8396.0	8421.0	8327.0	8263.0	8228.0	8110.0	8006.0	7950.0	7853.0	7692.0	7543.0	7372.0	7226.0	7051.0
